{"name":"20XX","scoreData":{"2020-10-23":{"id":76561198436272860,"name":"20XX","score":15400,"level":2,"character":6,"platform":18,"runframes":7433,"runend":1021,"unknown1":1882,"unknown2":2688,"rank":3798,"percentile":27.274468492625942}},"tenDayPercentiles":[],"tenDayDecayingPercentileScore":0,"scoresByDay":[],"rankSummary":{"mean":3798,"median":3798,"max":3798,"min":3798},"percentileSummary":{"mean":27.274468492625942,"median":27.274468492625942,"max":27.274468492625942,"min":27.274468492625942}}