{"name":"2915885901","scoreData":{"2020-10-16":{"id":76561199098720640,"name":"2915885901","score":2300,"level":1,"character":3,"platform":18,"runframes":4568,"runend":1022,"unknown1":277,"unknown2":465,"rank":5306,"percentile":5.3861244872480825}},"tenDayPercentiles":[],"tenDayDecayingPercentileScore":0,"scoresByDay":[],"rankSummary":{"mean":5306,"median":5306,"max":5306,"min":5306},"percentileSummary":{"mean":5.3861244872480825,"median":5.3861244872480825,"max":5.3861244872480825,"min":5.3861244872480825}}