{"name":"2rax","scoreData":{"2020-09-29":{"id":6129529279841967000,"name":"2rax","score":12200,"level":2,"character":0,"platform":18,"runframes":6036,"runend":1021,"unknown1":665,"unknown2":1271,"rank":3554,"percentile":36.46280400572246}},"tenDayPercentiles":[],"tenDayDecayingPercentileScore":0,"scoresByDay":[],"rankSummary":{"mean":3554,"median":3554,"max":3554,"min":3554},"percentileSummary":{"mean":36.46280400572246,"median":36.46280400572246,"max":36.46280400572246,"min":36.46280400572246}}