{"name":"2spoopy4you","scoreData":{"2020-10-25":{"id":2882919600192112000,"name":"2spoopy4you","score":17000,"level":4,"character":15,"platform":18,"runframes":6195,"runend":1019,"unknown1":2427,"unknown2":4733,"rank":2668,"percentile":51.94594594594595}},"tenDayPercentiles":[],"tenDayDecayingPercentileScore":0,"scoresByDay":[],"rankSummary":{"mean":2668,"median":2668,"max":2668,"min":2668},"percentileSummary":{"mean":51.94594594594595,"median":51.94594594594595,"max":51.94594594594595,"min":51.94594594594595}}