{"name":"e a e e l i p e e Key-Drop.com","scoreData":{"2020-10-09":{"id":76561198079450910,"name":"e a e e l i p e e Key-Drop.com","score":6500,"level":1,"character":5,"platform":18,"runframes":845,"runend":1022,"unknown1":4294967244,"unknown2":4294964594,"rank":5740,"percentile":8.49808673469387}},"tenDayDecayingPercentileMean":null,"rankSummary":{"mean":5740,"median":5740,"max":5740,"min":5740},"percentileSummary":{"mean":8.49808673469387,"median":8.49808673469387,"max":8.49808673469387,"min":8.49808673469387}}