{"name":"E D E N","scoreData":{"2020-10-05":{"id":76561198332980340,"name":"E D E N","score":7500,"level":2,"character":1,"platform":18,"runframes":5000,"runend":1021,"unknown1":4294967275,"unknown2":4294964833,"rank":4621,"percentile":32.17850851438638}},"tenDayDecayingPercentileMean":null,"rankSummary":{"mean":4621,"median":4621,"max":4621,"min":4621},"percentileSummary":{"mean":32.17850851438638,"median":32.17850851438638,"max":32.17850851438638,"min":32.17850851438638}}