{"name":"E-Hopp","scoreData":{"2020-10-14":{"id":76561198090680530,"name":"E-Hopp","score":19300,"level":3,"character":3,"platform":18,"runframes":9323,"runend":1020,"unknown1":4294966106,"unknown2":661,"rank":2710,"percentile":51.03036876355748}},"tenDayPercentiles":[],"tenDayDecayingPercentileScore":0,"scoresByDay":[],"rankSummary":{"mean":2710,"median":2710,"max":2710,"min":2710},"percentileSummary":{"mean":51.03036876355748,"median":51.03036876355748,"max":51.03036876355748,"min":51.03036876355748}}