{"name":"E-van","scoreData":{"2020-10-01":{"id":5115028711584966000,"name":"E-van","score":2100,"level":1,"character":7,"platform":18,"runframes":870,"runend":1022,"unknown1":3757,"unknown2":2081,"rank":7225,"percentile":6.108656095658958}},"tenDayPercentiles":[],"tenDayDecayingPercentileScore":0,"scoresByDay":[],"rankSummary":{"mean":7225,"median":7225,"max":7225,"min":7225},"percentileSummary":{"mean":6.108656095658958,"median":6.108656095658958,"max":6.108656095658958,"min":6.108656095658958}}