{"name":"e12i119","scoreData":{"2020-10-08":{"id":5478124016343244000,"name":"e12i119","score":3700,"level":3,"character":7,"platform":48,"runframes":5494,"runend":1020,"unknown1":152,"unknown2":4294964051,"rank":4245,"percentile":33.049376873323865}},"tenDayPercentiles":[],"tenDayDecayingPercentileScore":0,"scoresByDay":[],"rankSummary":{"mean":4245,"median":4245,"max":4245,"min":4245},"percentileSummary":{"mean":33.049376873323865,"median":33.049376873323865,"max":33.049376873323865,"min":33.049376873323865}}