{"name":"EŚ Kidawa","scoreData":{"2020-10-02":{"id":76561198109317810,"name":"EŚ Kidawa","score":5000,"level":1,"character":2,"platform":18,"runframes":3862,"runend":1022,"unknown1":4294966312,"unknown2":86,"rank":6414,"percentile":14.069409084818446}},"tenDayPercentiles":[],"tenDayDecayingPercentileScore":0,"scoresByDay":[],"rankSummary":{"mean":6414,"median":6414,"max":6414,"min":6414},"percentileSummary":{"mean":14.069409084818446,"median":14.069409084818446,"max":14.069409084818446,"min":14.069409084818446}}