{"name":"Eaglesfan0226","scoreData":{"2020-09-24":{"id":6836088906213668000,"name":"Eaglesfan0226","score":10300,"level":2,"character":18,"platform":48,"runframes":6675,"runend":1021,"unknown1":292,"unknown2":157,"rank":1391,"percentile":39.722463139635735}},"tenDayPercentiles":[],"tenDayDecayingPercentileScore":0,"scoresByDay":[],"rankSummary":{"mean":1391,"median":1391,"max":1391,"min":1391},"percentileSummary":{"mean":39.722463139635735,"median":39.722463139635735,"max":39.722463139635735,"min":39.722463139635735}}