{"name":"eaglez","scoreData":{"2020-10-07":{"id":3925322322333592600,"name":"eaglez","score":29225,"level":7,"character":0,"platform":18,"runframes":45225,"runend":1016,"unknown1":2968,"unknown2":169,"rank":689,"percentile":89.4543225015328}},"tenDayPercentiles":[],"tenDayDecayingPercentileScore":0,"scoresByDay":[],"rankSummary":{"mean":689,"median":689,"max":689,"min":689},"percentileSummary":{"mean":89.4543225015328,"median":89.4543225015328,"max":89.4543225015328,"min":89.4543225015328}}