{"name":"eaglethorn1","scoreData":{"2020-09-22":{"id":6858192153938344000,"name":"eaglethorn1","score":11400,"level":4,"character":2,"platform":48,"runframes":12901,"runend":1019,"unknown1":4294966866,"unknown2":4294967269,"rank":859,"percentile":65.15028432168968}},"tenDayPercentiles":[],"tenDayDecayingPercentileScore":0,"scoresByDay":[],"rankSummary":{"mean":859,"median":859,"max":859,"min":859},"percentileSummary":{"mean":65.15028432168968,"median":65.15028432168968,"max":65.15028432168968,"min":65.15028432168968}}