{"name":"Ean","scoreData":{"2020-10-03":{"id":76561198014412770,"name":"Ean","score":500,"level":1,"character":9,"platform":18,"runframes":457,"runend":1022,"unknown1":1586,"unknown2":449,"rank":7805,"percentile":1.1901747277791799}},"tenDayPercentiles":[],"tenDayDecayingPercentileScore":0,"scoresByDay":[],"rankSummary":{"mean":7805,"median":7805,"max":7805,"min":7805},"percentileSummary":{"mean":1.1901747277791799,"median":1.1901747277791799,"max":1.1901747277791799,"min":1.1901747277791799}}