{"name":"EarfQuake","scoreData":{"2020-10-21":{"id":76561198080008270,"name":"EarfQuake","score":49975,"level":7,"character":2,"platform":18,"runframes":41870,"runend":1016,"unknown1":2604,"unknown2":314,"rank":1188,"percentile":77.88748137108793}},"tenDayPercentiles":[],"tenDayDecayingPercentileScore":0,"scoresByDay":[],"rankSummary":{"mean":1188,"median":1188,"max":1188,"min":1188},"percentileSummary":{"mean":77.88748137108793,"median":77.88748137108793,"max":77.88748137108793,"min":77.88748137108793}}