{"name":"earth","scoreData":{"2020-09-30":{"id":76561198020102860,"name":"earth","score":8900,"level":3,"character":4,"platform":18,"runframes":21638,"runend":1020,"unknown1":785,"unknown2":108,"rank":3397,"percentile":56.03314344899016}},"tenDayPercentiles":[],"tenDayDecayingPercentileScore":0,"scoresByDay":[],"rankSummary":{"mean":3397,"median":3397,"max":3397,"min":3397},"percentileSummary":{"mean":56.03314344899016,"median":56.03314344899016,"max":56.03314344899016,"min":56.03314344899016}}