{"name":"earth_people","scoreData":{"2020-10-10":{"id":6317348604796236000,"name":"earth_people","score":5600,"level":2,"character":0,"platform":48,"runframes":7514,"runend":1021,"unknown1":4294964656,"unknown2":143,"rank":4257,"percentile":35.47604608853851}},"tenDayPercentiles":[],"tenDayDecayingPercentileScore":0,"scoresByDay":[],"rankSummary":{"mean":4257,"median":4257,"max":4257,"min":4257},"percentileSummary":{"mean":35.47604608853851,"median":35.47604608853851,"max":35.47604608853851,"min":35.47604608853851}}