{"name":"EarthStep","scoreData":{"2020-09-30":{"id":76561198047707840,"name":"EarthStep","score":12600,"level":1,"character":0,"platform":18,"runframes":3743,"runend":1022,"unknown1":829,"unknown2":1195,"rank":5920,"percentile":23.368720870015537}},"tenDayPercentiles":[],"tenDayDecayingPercentileScore":0,"scoresByDay":[],"rankSummary":{"mean":5920,"median":5920,"max":5920,"min":5920},"percentileSummary":{"mean":23.368720870015537,"median":23.368720870015537,"max":23.368720870015537,"min":23.368720870015537}}