{"name":"easypieguy","scoreData":{"2020-11-08":{"id":76561198042209540,"name":"easypieguy","score":3350,"level":3,"character":7,"platform":48,"runframes":12223,"runend":1020,"unknown1":63,"unknown2":180,"rank":2812,"percentile":40.38176033934252}},"tenDayPercentiles":[],"tenDayDecayingPercentileScore":0,"scoresByDay":[],"rankSummary":{"mean":2812,"median":2812,"max":2812,"min":2812},"percentileSummary":{"mean":40.38176033934252,"median":40.38176033934252,"max":40.38176033934252,"min":40.38176033934252}}