{"name":"eat1dog","scoreData":{"2020-09-18":{"id":4490406624212932000,"name":"eat1dog","score":0,"level":2,"character":0,"platform":48,"runframes":2660,"runend":1021,"unknown1":466,"unknown2":391,"rank":2471,"percentile":11.659513590844057}},"tenDayPercentiles":[],"tenDayDecayingPercentileScore":0,"scoresByDay":[],"rankSummary":{"mean":2471,"median":2471,"max":2471,"min":2471},"percentileSummary":{"mean":11.659513590844057,"median":11.659513590844057,"max":11.659513590844057,"min":11.659513590844057}}