{"name":"EatinNbeatin","scoreData":{"2020-10-04":{"id":6875756771943949000,"name":"EatinNbeatin","score":1600,"level":1,"character":4,"platform":18,"runframes":3115,"runend":1022,"unknown1":4294963493,"unknown2":533,"rank":7009,"percentile":6.709265175718855}},"tenDayPercentiles":[],"tenDayDecayingPercentileScore":0,"scoresByDay":[],"rankSummary":{"mean":7009,"median":7009,"max":7009,"min":7009},"percentileSummary":{"mean":6.709265175718855,"median":6.709265175718855,"max":6.709265175718855,"min":6.709265175718855}}