{"name":"EatsTheCheese","scoreData":{"2020-11-02":{"id":7609681055570089000,"name":"EatsTheCheese","score":14300,"level":2,"character":8,"platform":48,"runframes":11451,"runend":1021,"unknown1":540,"unknown2":4294964736,"rank":3442,"percentile":23.071763916834342}},"tenDayPercentiles":[],"tenDayDecayingPercentileScore":0,"scoresByDay":[],"rankSummary":{"mean":3442,"median":3442,"max":3442,"min":3442},"percentileSummary":{"mean":23.071763916834342,"median":23.071763916834342,"max":23.071763916834342,"min":23.071763916834342}}