{"name":"EBIYASHA","scoreData":{"2020-10-01":{"id":76561198427607300,"name":"EBIYASHA","score":4300,"level":1,"character":0,"platform":18,"runframes":1486,"runend":1022,"unknown1":44,"unknown2":4294965760,"rank":6483,"percentile":15.752534442422672}},"tenDayPercentiles":[],"tenDayDecayingPercentileScore":0,"scoresByDay":[],"rankSummary":{"mean":6483,"median":6483,"max":6483,"min":6483},"percentileSummary":{"mean":15.752534442422672,"median":15.752534442422672,"max":15.752534442422672,"min":15.752534442422672}}