{"name":"Ebok22","scoreData":{"2020-09-23":{"id":6178610589269395000,"name":"Ebok22","score":16100,"level":2,"character":3,"platform":48,"runframes":11516,"runend":1021,"unknown1":4294967035,"unknown2":1065,"rank":1746,"percentile":27.47298420615128}},"tenDayPercentiles":[],"tenDayDecayingPercentileScore":0,"scoresByDay":[],"rankSummary":{"mean":1746,"median":1746,"max":1746,"min":1746},"percentileSummary":{"mean":27.47298420615128,"median":27.47298420615128,"max":27.47298420615128,"min":27.47298420615128}}