{"name":"Eclipse","scoreData":{"2020-11-22":{"id":76561198125467780,"name":"Eclipse","score":2900,"level":1,"character":3,"platform":18,"runframes":1864,"runend":1022,"unknown1":4294967276,"unknown2":4294964661,"rank":3748,"percentile":6.301575393848452}},"tenDayPercentiles":[],"tenDayDecayingPercentileScore":0,"scoresByDay":[],"rankSummary":{"mean":3748,"median":3748,"max":3748,"min":3748},"percentileSummary":{"mean":6.301575393848452,"median":6.301575393848452,"max":6.301575393848452,"min":6.301575393848452}}