{"name":"Edgar Allen Pwn","scoreData":{"2020-11-15":{"id":76561197992905890,"name":"Edgar Allen Pwn","score":5000,"level":1,"character":0,"platform":18,"runframes":2251,"runend":1022,"unknown1":2354,"unknown2":669,"rank":3973,"percentile":7.692307692307693}},"tenDayPercentiles":[7.692307692307693],"tenDayDecayingPercentileScore":4.542230769230771,"scoresByDay":[4.542230769230771],"rankSummary":{"mean":3973,"median":3973,"max":3973,"min":3973},"percentileSummary":{"mean":7.692307692307693,"median":7.692307692307693,"max":7.692307692307693,"min":7.692307692307693}}