{"name":"edge","scoreData":{"2020-10-06":{"id":76561198116429010,"name":"edge","score":26100,"level":3,"character":0,"platform":18,"runframes":60123,"runend":1020,"unknown1":4294962596,"unknown2":4294963585,"rank":3024,"percentile":55.51140544518028}},"tenDayPercentiles":[],"tenDayDecayingPercentileScore":0,"scoresByDay":[],"rankSummary":{"mean":3024,"median":3024,"max":3024,"min":3024},"percentileSummary":{"mean":55.51140544518028,"median":55.51140544518028,"max":55.51140544518028,"min":55.51140544518028}}