{"name":"edggy","scoreData":{"2020-09-30":{"id":76561198065995600,"name":"edggy","score":1600,"level":3,"character":0,"platform":18,"runframes":12520,"runend":1020,"unknown1":4294967141,"unknown2":4294967116,"rank":4058,"percentile":47.475401346452614}},"tenDayPercentiles":[],"tenDayDecayingPercentileScore":0,"scoresByDay":[],"rankSummary":{"mean":4058,"median":4058,"max":4058,"min":4058},"percentileSummary":{"mean":47.475401346452614,"median":47.475401346452614,"max":47.475401346452614,"min":47.475401346452614}}