{"name":"edgy_edge_lord","scoreData":{"2020-10-19":{"id":550892472515965100,"name":"edgy_edge_lord","score":800,"level":1,"character":0,"platform":48,"runframes":2114,"runend":1022,"unknown1":4294964435,"unknown2":4294963566,"rank":5207,"percentile":2.6551982049364256}},"tenDayPercentiles":[],"tenDayDecayingPercentileScore":0,"scoresByDay":[],"rankSummary":{"mean":5207,"median":5207,"max":5207,"min":5207},"percentileSummary":{"mean":2.6551982049364256,"median":2.6551982049364256,"max":2.6551982049364256,"min":2.6551982049364256}}