{"name":"edrickk","scoreData":{"2020-10-22":{"id":76561199018167950,"name":"edrickk","score":22100,"level":3,"character":14,"platform":18,"runframes":22749,"runend":1020,"unknown1":2053,"unknown2":2236,"rank":3372,"percentile":36.48012059543998}},"tenDayPercentiles":[],"tenDayDecayingPercentileScore":0,"scoresByDay":[],"rankSummary":{"mean":3372,"median":3372,"max":3372,"min":3372},"percentileSummary":{"mean":36.48012059543998,"median":36.48012059543998,"max":36.48012059543998,"min":36.48012059543998}}