{"name":"Edthewaterwolf15","scoreData":{"2020-11-21":{"id":76561198125399220,"name":"Edthewaterwolf15","score":2200,"level":1,"character":0,"platform":48,"runframes":2976,"runend":1022,"unknown1":1939,"unknown2":4294966667,"rank":3849,"percentile":7.29944591664659}},"tenDayPercentiles":[],"tenDayDecayingPercentileScore":0,"scoresByDay":[],"rankSummary":{"mean":3849,"median":3849,"max":3849,"min":3849},"percentileSummary":{"mean":7.29944591664659,"median":7.29944591664659,"max":7.29944591664659,"min":7.29944591664659}}