{"name":"eduardoveraza","scoreData":{"2020-10-18":{"id":76561197960949570,"name":"eduardoveraza","score":3100,"level":4,"character":0,"platform":18,"runframes":7692,"runend":1019,"unknown1":4294962159,"unknown2":4294967238,"rank":4080,"percentile":31.19095816464238}},"tenDayPercentiles":[],"tenDayDecayingPercentileScore":0,"scoresByDay":[],"rankSummary":{"mean":4080,"median":4080,"max":4080,"min":4080},"percentileSummary":{"mean":31.19095816464238,"median":31.19095816464238,"max":31.19095816464238,"min":31.19095816464238}}