{"name":"eeveeshy","scoreData":{"2020-09-18":{"id":582941870949533400,"name":"eeveeshy","score":7000,"level":4,"character":3,"platform":48,"runframes":9058,"runend":1019,"unknown1":267,"unknown2":1296,"rank":1528,"percentile":45.386266094420606}},"tenDayPercentiles":[],"tenDayDecayingPercentileScore":0,"scoresByDay":[],"rankSummary":{"mean":1528,"median":1528,"max":1528,"min":1528},"percentileSummary":{"mean":45.386266094420606,"median":45.386266094420606,"max":45.386266094420606,"min":45.386266094420606}}