{"name":"Eevyern","scoreData":{"2020-10-02":{"id":1614277828227867100,"name":"Eevyern","score":14800,"level":2,"character":0,"platform":18,"runframes":11947,"runend":1021,"unknown1":5015,"unknown2":1830,"rank":4161,"percentile":44.25834114967171}},"tenDayPercentiles":[],"tenDayDecayingPercentileScore":0,"scoresByDay":[],"rankSummary":{"mean":4161,"median":4161,"max":4161,"min":4161},"percentileSummary":{"mean":44.25834114967171,"median":44.25834114967171,"max":44.25834114967171,"min":44.25834114967171}}