{"name":"efan117","scoreData":{"2020-10-02":{"id":76561198106934500,"name":"efan117","score":0,"level":1,"character":3,"platform":48,"runframes":11691,"runend":1022,"unknown1":4294961110,"unknown2":4294962099,"rank":7364,"percentile":1.3399437223636568}},"tenDayPercentiles":[],"tenDayDecayingPercentileScore":0,"scoresByDay":[],"rankSummary":{"mean":7364,"median":7364,"max":7364,"min":7364},"percentileSummary":{"mean":1.3399437223636568,"median":1.3399437223636568,"max":1.3399437223636568,"min":1.3399437223636568}}