{"name":"EggNewton","scoreData":{"2020-10-01":{"id":76561198091910530,"name":"EggNewton","score":5000,"level":1,"character":0,"platform":48,"runframes":3409,"runend":1022,"unknown1":2464,"unknown2":324,"rank":6103,"percentile":20.691447881466075}},"tenDayPercentiles":[],"tenDayDecayingPercentileScore":0,"scoresByDay":[],"rankSummary":{"mean":6103,"median":6103,"max":6103,"min":6103},"percentileSummary":{"mean":20.691447881466075,"median":20.691447881466075,"max":20.691447881466075,"min":20.691447881466075}}