{"name":"Egloriath","scoreData":{"2020-09-26":{"id":769300550788671000,"name":"Egloriath","score":3800,"level":1,"character":0,"platform":48,"runframes":3569,"runend":1022,"unknown1":4294966984,"unknown2":4294965215,"rank":2516,"percentile":3.082851637764932}},"tenDayPercentiles":[],"tenDayDecayingPercentileScore":0,"scoresByDay":[],"rankSummary":{"mean":2516,"median":2516,"max":2516,"min":2516},"percentileSummary":{"mean":3.082851637764932,"median":3.082851637764932,"max":3.082851637764932,"min":3.082851637764932}}