{"name":"egnaroja","scoreData":{"2020-09-26":{"id":9219535629989860000,"name":"egnaroja","score":54875,"level":11,"character":7,"platform":48,"runframes":48428,"runend":1012,"unknown1":22,"unknown2":608,"rank":93,"percentile":96.45472061657033}},"tenDayPercentiles":[],"tenDayDecayingPercentileScore":0,"scoresByDay":[],"rankSummary":{"mean":93,"median":93,"max":93,"min":93},"percentileSummary":{"mean":96.45472061657033,"median":96.45472061657033,"max":96.45472061657033,"min":96.45472061657033}}