{"name":"EgoBlacky","scoreData":{"2020-09-17":{"id":2378804763543317000,"name":"EgoBlacky","score":2000,"level":1,"character":1,"platform":48,"runframes":2077,"runend":1022,"unknown1":852,"unknown2":18,"rank":2644,"percentile":6.508666430845423}},"tenDayPercentiles":[],"tenDayDecayingPercentileScore":0,"scoresByDay":[],"rankSummary":{"mean":2644,"median":2644,"max":2644,"min":2644},"percentileSummary":{"mean":6.508666430845423,"median":6.508666430845423,"max":6.508666430845423,"min":6.508666430845423}}