{"name":"Egon008","scoreData":{"2020-11-08":{"id":6534673712287856000,"name":"Egon008","score":9500,"level":3,"character":0,"platform":48,"runframes":17652,"runend":1020,"unknown1":4294966892,"unknown2":4294965127,"rank":2442,"percentile":48.229056203605516}},"tenDayPercentiles":[],"tenDayDecayingPercentileScore":0,"scoresByDay":[],"rankSummary":{"mean":2442,"median":2442,"max":2442,"min":2442},"percentileSummary":{"mean":48.229056203605516,"median":48.229056203605516,"max":48.229056203605516,"min":48.229056203605516}}