{"name":"eheymann","scoreData":{"2020-09-27":{"id":6348397099771933000,"name":"eheymann","score":1500,"level":1,"character":0,"platform":48,"runframes":4979,"runend":1022,"unknown1":4294967270,"unknown2":4294967203,"rank":2459,"percentile":1.6800000000000068}},"tenDayPercentiles":[],"tenDayDecayingPercentileScore":0,"scoresByDay":[],"rankSummary":{"mean":2459,"median":2459,"max":2459,"min":2459},"percentileSummary":{"mean":1.6800000000000068,"median":1.6800000000000068,"max":1.6800000000000068,"min":1.6800000000000068}}