{"name":"ehrenmax","scoreData":{"2020-09-20":{"id":2267396509648175900,"name":"ehrenmax","score":13500,"level":3,"character":7,"platform":48,"runframes":9921,"runend":1020,"unknown1":4294967115,"unknown2":682,"rank":1242,"percentile":58.27168796234029}},"tenDayPercentiles":[],"tenDayDecayingPercentileScore":0,"scoresByDay":[],"rankSummary":{"mean":1242,"median":1242,"max":1242,"min":1242},"percentileSummary":{"mean":58.27168796234029,"median":58.27168796234029,"max":58.27168796234029,"min":58.27168796234029}}