{"name":"einsss_heinrich","scoreData":{"2020-09-26":{"id":8148736566430170000,"name":"einsss_heinrich","score":13400,"level":1,"character":0,"platform":48,"runframes":4592,"runend":1022,"unknown1":51,"unknown2":579,"rank":2198,"percentile":15.337186897880542}},"tenDayPercentiles":[],"tenDayDecayingPercentileScore":0,"scoresByDay":[],"rankSummary":{"mean":2198,"median":2198,"max":2198,"min":2198},"percentileSummary":{"mean":15.337186897880542,"median":15.337186897880542,"max":15.337186897880542,"min":15.337186897880542}}