{"name":"Eixo","scoreData":{"2020-10-04":{"id":76561198505488770,"name":"Eixo","score":10500,"level":3,"character":3,"platform":18,"runframes":15844,"runend":1020,"unknown1":4294960344,"unknown2":7,"rank":4377,"percentile":41.74653887113951}},"tenDayPercentiles":[],"tenDayDecayingPercentileScore":0,"scoresByDay":[],"rankSummary":{"mean":4377,"median":4377,"max":4377,"min":4377},"percentileSummary":{"mean":41.74653887113951,"median":41.74653887113951,"max":41.74653887113951,"min":41.74653887113951}}