{"name":"EJB9","scoreData":{"2020-10-04":{"id":76561197968289760,"name":"EJB9","score":0,"level":1,"character":2,"platform":18,"runframes":528,"runend":1022,"unknown1":4294962345,"unknown2":4,"rank":7236,"percentile":3.6874334398296043}},"tenDayPercentiles":[],"tenDayDecayingPercentileScore":0,"scoresByDay":[],"rankSummary":{"mean":7236,"median":7236,"max":7236,"min":7236},"percentileSummary":{"mean":3.6874334398296043,"median":3.6874334398296043,"max":3.6874334398296043,"min":3.6874334398296043}}