{"name":"ejo907","scoreData":{"2020-09-15":{"id":3491301691875199000,"name":"ejo907","score":11200,"level":3,"character":2,"platform":48,"runframes":11378,"runend":1020,"unknown1":4294965959,"unknown2":172,"rank":763,"percentile":58.03964757709251}},"tenDayPercentiles":[],"tenDayDecayingPercentileScore":0,"scoresByDay":[],"rankSummary":{"mean":763,"median":763,"max":763,"min":763},"percentileSummary":{"mean":58.03964757709251,"median":58.03964757709251,"max":58.03964757709251,"min":58.03964757709251}}