{"name":"el_chivato2","scoreData":{"2020-09-17":{"id":486103745067905800,"name":"el_chivato2","score":3600,"level":1,"character":0,"platform":48,"runframes":4512,"runend":1022,"unknown1":4294966041,"unknown2":211,"rank":2421,"percentile":14.39688715953308}},"tenDayPercentiles":[],"tenDayDecayingPercentileScore":0,"scoresByDay":[],"rankSummary":{"mean":2421,"median":2421,"max":2421,"min":2421},"percentileSummary":{"mean":14.39688715953308,"median":14.39688715953308,"max":14.39688715953308,"min":14.39688715953308}}