{"name":"El_maca","scoreData":{"2020-10-29":{"id":76561198043878160,"name":"El_maca","score":13200,"level":2,"character":10,"platform":48,"runframes":10714,"runend":1021,"unknown1":4294966544,"unknown2":571,"rank":3431,"percentile":28.287685553000202}},"tenDayPercentiles":[],"tenDayDecayingPercentileScore":0,"scoresByDay":[],"rankSummary":{"mean":3431,"median":3431,"max":3431,"min":3431},"percentileSummary":{"mean":28.287685553000202,"median":28.287685553000202,"max":28.287685553000202,"min":28.287685553000202}}