{"name":"elarax_","scoreData":{"2020-11-07":{"id":1821152913795569700,"name":"elarax_","score":6900,"level":2,"character":0,"platform":48,"runframes":6048,"runend":1021,"unknown1":4294966404,"unknown2":4294965794,"rank":3845,"percentile":19.514237855946405}},"tenDayPercentiles":[],"tenDayDecayingPercentileScore":0,"scoresByDay":[],"rankSummary":{"mean":3845,"median":3845,"max":3845,"min":3845},"percentileSummary":{"mean":19.514237855946405,"median":19.514237855946405,"max":19.514237855946405,"min":19.514237855946405}}