{"name":"Eldrac","scoreData":{"2020-10-16":{"id":4727292901562455000,"name":"Eldrac","score":5100,"level":3,"character":8,"platform":18,"runframes":12759,"runend":1020,"unknown1":752,"unknown2":119,"rank":2706,"percentile":51.75673265560906}},"tenDayPercentiles":[],"tenDayDecayingPercentileScore":0,"scoresByDay":[],"rankSummary":{"mean":2706,"median":2706,"max":2706,"min":2706},"percentileSummary":{"mean":51.75673265560906,"median":51.75673265560906,"max":51.75673265560906,"min":51.75673265560906}}