{"name":"Electric Daisy","scoreData":{"2020-11-07":{"id":8990472618038751000,"name":"Electric Daisy","score":4500,"level":3,"character":6,"platform":18,"runframes":10539,"runend":1020,"unknown1":4294964023,"unknown2":4294964297,"rank":3334,"percentile":30.213567839195974}},"tenDayPercentiles":[],"tenDayDecayingPercentileScore":0,"scoresByDay":[],"rankSummary":{"mean":3334,"median":3334,"max":3334,"min":3334},"percentileSummary":{"mean":30.213567839195974,"median":30.213567839195974,"max":30.213567839195974,"min":30.213567839195974}}