{"name":"Elementflame","scoreData":{"2020-10-06":{"id":4125055203298608000,"name":"Elementflame","score":13800,"level":2,"character":7,"platform":18,"runframes":8906,"runend":1021,"unknown1":192,"unknown2":458,"rank":4790,"percentile":29.52170713760117}},"tenDayPercentiles":[],"tenDayDecayingPercentileScore":0,"scoresByDay":[],"rankSummary":{"mean":4790,"median":4790,"max":4790,"min":4790},"percentileSummary":{"mean":29.52170713760117,"median":29.52170713760117,"max":29.52170713760117,"min":29.52170713760117}}