{"name":"Elferito","scoreData":{"2020-10-16":{"id":76561198144769870,"name":"Elferito","score":1200,"level":2,"character":2,"platform":18,"runframes":19058,"runend":1021,"unknown1":2657,"unknown2":448,"rank":4581,"percentile":18.31639022650259}},"tenDayPercentiles":[],"tenDayDecayingPercentileScore":0,"scoresByDay":[],"rankSummary":{"mean":4581,"median":4581,"max":4581,"min":4581},"percentileSummary":{"mean":18.31639022650259,"median":18.31639022650259,"max":18.31639022650259,"min":18.31639022650259}}