{"name":"Eli","scoreData":{"2020-10-03":{"id":384661022711969000,"name":"Eli","score":4200,"level":2,"character":7,"platform":18,"runframes":2560,"runend":1021,"unknown1":4294963849,"unknown2":535,"rank":6235,"percentile":21.068624968346413}},"tenDayPercentiles":[],"tenDayDecayingPercentileScore":0,"scoresByDay":[],"rankSummary":{"mean":6235,"median":6235,"max":6235,"min":6235},"percentileSummary":{"mean":21.068624968346413,"median":21.068624968346413,"max":21.068624968346413,"min":21.068624968346413}}