{"name":"elite_dergute","scoreData":{"2020-11-14":{"id":8963909850232876000,"name":"elite_dergute","score":4800,"level":2,"character":7,"platform":48,"runframes":3100,"runend":1021,"unknown1":4294965389,"unknown2":230,"rank":3490,"percentile":19.14252607184241}},"tenDayPercentiles":[19.14252607184241],"tenDayDecayingPercentileScore":11.303470220162227,"scoresByDay":[11.303470220162227],"rankSummary":{"mean":3490,"median":3490,"max":3490,"min":3490},"percentileSummary":{"mean":19.14252607184241,"median":19.14252607184241,"max":19.14252607184241,"min":19.14252607184241}}