{"name":"Elite492","scoreData":{"2020-09-20":{"id":906301587325515400,"name":"Elite492","score":5000,"level":2,"character":5,"platform":48,"runframes":3374,"runend":1021,"unknown1":34,"unknown2":4294967135,"rank":2203,"percentile":25.958305312710152}},"tenDayPercentiles":[],"tenDayDecayingPercentileScore":0,"scoresByDay":[],"rankSummary":{"mean":2203,"median":2203,"max":2203,"min":2203},"percentileSummary":{"mean":25.958305312710152,"median":25.958305312710152,"max":25.958305312710152,"min":25.958305312710152}}