{"name":"EliteZgamer","scoreData":{"2020-10-23":{"id":6723508040958246000,"name":"EliteZgamer","score":7300,"level":2,"character":0,"platform":18,"runframes":2394,"runend":1021,"unknown1":4294965418,"unknown2":4294962419,"rank":4181,"percentile":19.93870905956713}},"tenDayPercentiles":[],"tenDayDecayingPercentileScore":0,"scoresByDay":[],"rankSummary":{"mean":4181,"median":4181,"max":4181,"min":4181},"percentileSummary":{"mean":19.93870905956713,"median":19.93870905956713,"max":19.93870905956713,"min":19.93870905956713}}