{"name":"Ellis_Xero","scoreData":{"2020-09-26":{"id":8726268958642537000,"name":"Ellis_Xero","score":11300,"level":3,"character":3,"platform":48,"runframes":8066,"runend":1020,"unknown1":4294966033,"unknown2":4294965588,"rank":1630,"percentile":37.225433526011564}},"tenDayPercentiles":[],"tenDayDecayingPercentileScore":0,"scoresByDay":[],"rankSummary":{"mean":1630,"median":1630,"max":1630,"min":1630},"percentileSummary":{"mean":37.225433526011564,"median":37.225433526011564,"max":37.225433526011564,"min":37.225433526011564}}