{"name":"elMaracas","scoreData":{"2020-10-03":{"id":76561198173062350,"name":"elMaracas","score":7300,"level":1,"character":2,"platform":18,"runframes":3447,"runend":1022,"unknown1":2424,"unknown2":4294966950,"rank":7288,"percentile":7.736135730564698}},"tenDayPercentiles":[],"tenDayDecayingPercentileScore":0,"scoresByDay":[],"rankSummary":{"mean":7288,"median":7288,"max":7288,"min":7288},"percentileSummary":{"mean":7.736135730564698,"median":7.736135730564698,"max":7.736135730564698,"min":7.736135730564698}}