{"name":"Elnicko","scoreData":{"2020-10-03":{"id":8565518035807983000,"name":"Elnicko","score":16600,"level":2,"character":3,"platform":18,"runframes":6499,"runend":1021,"unknown1":1674,"unknown2":710,"rank":3450,"percentile":56.330716637123324}},"tenDayPercentiles":[],"tenDayDecayingPercentileScore":0,"scoresByDay":[],"rankSummary":{"mean":3450,"median":3450,"max":3450,"min":3450},"percentileSummary":{"mean":56.330716637123324,"median":56.330716637123324,"max":56.330716637123324,"min":56.330716637123324}}