{"name":"Eltee","scoreData":{"2020-10-01":{"id":76561198021693300,"name":"Eltee","score":5100,"level":1,"character":3,"platform":18,"runframes":4531,"runend":1022,"unknown1":1575,"unknown2":1151,"rank":6049,"percentile":21.3932934754354}},"tenDayPercentiles":[],"tenDayDecayingPercentileScore":0,"scoresByDay":[],"rankSummary":{"mean":6049,"median":6049,"max":6049,"min":6049},"percentileSummary":{"mean":21.3932934754354,"median":21.3932934754354,"max":21.3932934754354,"min":21.3932934754354}}