{"name":"Elusive Higgs Boson","scoreData":{"2020-10-14":{"id":73989661681657800,"name":"Elusive Higgs Boson","score":56725,"level":8,"character":0,"platform":18,"runframes":41915,"runend":1015,"unknown1":285,"unknown2":782,"rank":478,"percentile":91.37744034707158}},"tenDayDecayingPercentileMean":null,"rankSummary":{"mean":478,"median":478,"max":478,"min":478},"percentileSummary":{"mean":91.37744034707158,"median":91.37744034707158,"max":91.37744034707158,"min":91.37744034707158}}