{"name":"elv1sjack","scoreData":{"2020-09-23":{"id":8340214691941620000,"name":"elv1sjack","score":6100,"level":2,"character":7,"platform":48,"runframes":4396,"runend":1021,"unknown1":352,"unknown2":915,"rank":2101,"percentile":12.718204488778056}},"tenDayPercentiles":[],"tenDayDecayingPercentileScore":0,"scoresByDay":[],"rankSummary":{"mean":2101,"median":2101,"max":2101,"min":2101},"percentileSummary":{"mean":12.718204488778056,"median":12.718204488778056,"max":12.718204488778056,"min":12.718204488778056}}