{"name":"emacs76","scoreData":{"2020-11-09":{"id":76561198043183660,"name":"emacs76","score":29350,"level":15,"character":0,"platform":48,"runframes":62683,"runend":1008,"unknown1":4294965841,"unknown2":492,"rank":193,"percentile":95.5993582397433}},"tenDayPercentiles":[],"tenDayDecayingPercentileScore":0,"scoresByDay":[],"rankSummary":{"mean":193,"median":193,"max":193,"min":193},"percentileSummary":{"mean":95.5993582397433,"median":95.5993582397433,"max":95.5993582397433,"min":95.5993582397433}}