{"name":"Emanzz132","scoreData":{"2020-09-15":{"id":5093830431513956000,"name":"Emanzz132","score":19100,"level":3,"character":7,"platform":48,"runframes":13626,"runend":1020,"unknown1":4294965972,"unknown2":4294966384,"rank":675,"percentile":62.88546255506608}},"tenDayPercentiles":[],"tenDayDecayingPercentileScore":0,"scoresByDay":[],"rankSummary":{"mean":675,"median":675,"max":675,"min":675},"percentileSummary":{"mean":62.88546255506608,"median":62.88546255506608,"max":62.88546255506608,"min":62.88546255506608}}