{"name":"EmberEye","scoreData":{"2020-09-29":{"id":3442215871060759600,"name":"EmberEye","score":51750,"level":6,"character":3,"platform":18,"runframes":50881,"runend":1017,"unknown1":358,"unknown2":4294965829,"rank":747,"percentile":86.65951359084406}},"tenDayPercentiles":[],"tenDayDecayingPercentileScore":0,"scoresByDay":[],"rankSummary":{"mean":747,"median":747,"max":747,"min":747},"percentileSummary":{"mean":86.65951359084406,"median":86.65951359084406,"max":86.65951359084406,"min":86.65951359084406}}