{"name":"emersonlemossilva06","scoreData":{"2020-11-20":{"id":76561198043141620,"name":"emersonlemossilva06","score":0,"level":1,"character":0,"platform":18,"runframes":369,"runend":1022,"unknown1":4294966396,"unknown2":4294964381,"rank":4040,"percentile":0.02475247524752433}},"tenDayPercentiles":[],"tenDayDecayingPercentileScore":0,"scoresByDay":[],"rankSummary":{"mean":4040,"median":4040,"max":4040,"min":4040},"percentileSummary":{"mean":0.02475247524752433,"median":0.02475247524752433,"max":0.02475247524752433,"min":0.02475247524752433}}