{"name":"emersonwds","scoreData":{"2020-09-27":{"id":5730438547519965000,"name":"emersonwds","score":5300,"level":1,"character":2,"platform":48,"runframes":3968,"runend":1022,"unknown1":4294966551,"unknown2":4294966272,"rank":2021,"percentile":19.19999999999999}},"tenDayPercentiles":[],"tenDayDecayingPercentileScore":0,"scoresByDay":[],"rankSummary":{"mean":2021,"median":2021,"max":2021,"min":2021},"percentileSummary":{"mean":19.19999999999999,"median":19.19999999999999,"max":19.19999999999999,"min":19.19999999999999}}