{"name":"Emerson","scoreData":{"2020-09-29":{"id":76561198823319540,"name":"Emerson","score":34300,"level":3,"character":3,"platform":18,"runframes":14474,"runend":1020,"unknown1":4294966980,"unknown2":4294964270,"rank":2556,"percentile":54.309728183118736}},"tenDayPercentiles":[],"tenDayDecayingPercentileScore":0,"scoresByDay":[],"rankSummary":{"mean":2556,"median":2556,"max":2556,"min":2556},"percentileSummary":{"mean":54.309728183118736,"median":54.309728183118736,"max":54.309728183118736,"min":54.309728183118736}}