{"name":"emmajewel99","scoreData":{"2020-10-04":{"id":76561198080234640,"name":"emmajewel99","score":4100,"level":2,"character":3,"platform":48,"runframes":3899,"runend":1021,"unknown1":3538,"unknown2":13,"rank":5950,"percentile":20.806709265175712}},"tenDayPercentiles":[],"tenDayDecayingPercentileScore":0,"scoresByDay":[],"rankSummary":{"mean":5950,"median":5950,"max":5950,"min":5950},"percentileSummary":{"mean":20.806709265175712,"median":20.806709265175712,"max":20.806709265175712,"min":20.806709265175712}}