{"name":"emmet","scoreData":{"2020-10-12":{"id":76561198037484960,"name":"emmet","score":7000,"level":2,"character":4,"platform":18,"runframes":4561,"runend":1021,"unknown1":4294961856,"unknown2":4294961478,"rank":4374,"percentile":26.921791443850267}},"tenDayPercentiles":[],"tenDayDecayingPercentileScore":0,"scoresByDay":[],"rankSummary":{"mean":4374,"median":4374,"max":4374,"min":4374},"percentileSummary":{"mean":26.921791443850267,"median":26.921791443850267,"max":26.921791443850267,"min":26.921791443850267}}