{"name":"Emperano","scoreData":{"2020-09-19":{"id":4583516413781387300,"name":"Emperano","score":3000,"level":2,"character":3,"platform":48,"runframes":2512,"runend":1021,"unknown1":2589,"unknown2":519,"rank":1993,"percentile":33.51134846461949}},"tenDayPercentiles":[],"tenDayDecayingPercentileScore":0,"scoresByDay":[],"rankSummary":{"mean":1993,"median":1993,"max":1993,"min":1993},"percentileSummary":{"mean":33.51134846461949,"median":33.51134846461949,"max":33.51134846461949,"min":33.51134846461949}}