{"name":"empfeix","scoreData":{"2020-10-01":{"id":76561197960393310,"name":"empfeix","score":4800,"level":1,"character":0,"platform":18,"runframes":2473,"runend":1022,"unknown1":3044,"unknown2":21,"rank":6173,"percentile":19.781648037431765}},"tenDayPercentiles":[],"tenDayDecayingPercentileScore":0,"scoresByDay":[],"rankSummary":{"mean":6173,"median":6173,"max":6173,"min":6173},"percentileSummary":{"mean":19.781648037431765,"median":19.781648037431765,"max":19.781648037431765,"min":19.781648037431765}}