{"name":"Emre","scoreData":{"2020-09-29":{"id":76561198155850820,"name":"Emre","score":4300,"level":1,"character":0,"platform":18,"runframes":2553,"runend":1022,"unknown1":4294962370,"unknown2":76,"rank":5328,"percentile":4.738912732474958}},"tenDayPercentiles":[],"tenDayDecayingPercentileScore":0,"scoresByDay":[],"rankSummary":{"mean":5328,"median":5328,"max":5328,"min":5328},"percentileSummary":{"mean":4.738912732474958,"median":4.738912732474958,"max":4.738912732474958,"min":4.738912732474958}}