{"name":"Endersparks-11","scoreData":{"2020-09-15":{"id":8624702843666009000,"name":"Endersparks-11","score":800,"level":1,"character":3,"platform":48,"runframes":663,"runend":1022,"unknown1":4294966757,"unknown2":43,"rank":1743,"percentile":4.074889867841421}},"tenDayPercentiles":[],"tenDayDecayingPercentileScore":0,"scoresByDay":[],"rankSummary":{"mean":1743,"median":1743,"max":1743,"min":1743},"percentileSummary":{"mean":4.074889867841421,"median":4.074889867841421,"max":4.074889867841421,"min":4.074889867841421}}