{"name":"EnderWiggin02","scoreData":{"2020-10-03":{"id":5722833688568968000,"name":"EnderWiggin02","score":17200,"level":2,"character":18,"platform":48,"runframes":7748,"runend":1021,"unknown1":2940,"unknown2":470,"rank":3319,"percentile":57.98936439604963}},"tenDayPercentiles":[],"tenDayDecayingPercentileScore":0,"scoresByDay":[],"rankSummary":{"mean":3319,"median":3319,"max":3319,"min":3319},"percentileSummary":{"mean":57.98936439604963,"median":57.98936439604963,"max":57.98936439604963,"min":57.98936439604963}}