{"name":"Eneko","scoreData":{"2020-09-29":{"id":5152361406260127000,"name":"Eneko","score":5200,"level":1,"character":2,"platform":18,"runframes":3604,"runend":1022,"unknown1":4294965560,"unknown2":298,"rank":5280,"percentile":5.597281831187402}},"tenDayPercentiles":[],"tenDayDecayingPercentileScore":0,"scoresByDay":[],"rankSummary":{"mean":5280,"median":5280,"max":5280,"min":5280},"percentileSummary":{"mean":5.597281831187402,"median":5.597281831187402,"max":5.597281831187402,"min":5.597281831187402}}