{"name":"EnigmaticEwok","scoreData":{"2020-10-25":{"id":76561198059183460,"name":"EnigmaticEwok","score":31100,"level":4,"character":7,"platform":48,"runframes":23608,"runend":1019,"unknown1":2444,"unknown2":137,"rank":2257,"percentile":59.35135135135135}},"tenDayPercentiles":[],"tenDayDecayingPercentileScore":0,"scoresByDay":[],"rankSummary":{"mean":2257,"median":2257,"max":2257,"min":2257},"percentileSummary":{"mean":59.35135135135135,"median":59.35135135135135,"max":59.35135135135135,"min":59.35135135135135}}