{"name":"ennguard","scoreData":{"2020-09-21":{"id":1253119816814933800,"name":"ennguard","score":45100,"level":4,"character":6,"platform":48,"runframes":28614,"runend":1019,"unknown1":250,"unknown2":4294965963,"rank":671,"percentile":73.16780136163396}},"tenDayPercentiles":[],"tenDayDecayingPercentileScore":0,"scoresByDay":[],"rankSummary":{"mean":671,"median":671,"max":671,"min":671},"percentileSummary":{"mean":73.16780136163396,"median":73.16780136163396,"max":73.16780136163396,"min":73.16780136163396}}