{"name":"Enolarules","scoreData":{"2020-10-28":{"id":76561197972665170,"name":"Enolarules","score":19900,"level":3,"character":0,"platform":18,"runframes":14633,"runend":1020,"unknown1":4294964080,"unknown2":4294963530,"rank":3085,"percentile":37.329811014021544}},"tenDayPercentiles":[],"tenDayDecayingPercentileScore":0,"scoresByDay":[],"rankSummary":{"mean":3085,"median":3085,"max":3085,"min":3085},"percentileSummary":{"mean":37.329811014021544,"median":37.329811014021544,"max":37.329811014021544,"min":37.329811014021544}}