{"name":"Enririgoyque7000","scoreData":{"2020-10-15":{"id":5933822793924984000,"name":"Enririgoyque7000","score":7200,"level":3,"character":2,"platform":48,"runframes":6141,"runend":1020,"unknown1":1822,"unknown2":201,"rank":3540,"percentile":38.52701059579642}},"tenDayPercentiles":[],"tenDayDecayingPercentileScore":0,"scoresByDay":[],"rankSummary":{"mean":3540,"median":3540,"max":3540,"min":3540},"percentileSummary":{"mean":38.52701059579642,"median":38.52701059579642,"max":38.52701059579642,"min":38.52701059579642}}