{"name":"Ent O","scoreData":{"2020-10-14":{"id":8020102039635945000,"name":"Ent O","score":13100,"level":2,"character":0,"platform":18,"runframes":17250,"runend":1021,"unknown1":4294965014,"unknown2":3,"rank":3390,"percentile":38.73825018076646}},"tenDayPercentiles":[],"tenDayDecayingPercentileScore":0,"scoresByDay":[],"rankSummary":{"mean":3390,"median":3390,"max":3390,"min":3390},"percentileSummary":{"mean":38.73825018076646,"median":38.73825018076646,"max":38.73825018076646,"min":38.73825018076646}}