{"name":"Envy456","scoreData":{"2020-10-05":{"id":76561198107064580,"name":"Envy456","score":10600,"level":1,"character":0,"platform":48,"runframes":6671,"runend":1022,"unknown1":1688,"unknown2":814,"rank":5353,"percentile":21.43276570757486}},"tenDayPercentiles":[],"tenDayDecayingPercentileScore":0,"scoresByDay":[],"rankSummary":{"mean":5353,"median":5353,"max":5353,"min":5353},"percentileSummary":{"mean":21.43276570757486,"median":21.43276570757486,"max":21.43276570757486,"min":21.43276570757486}}