{"name":"EoinEarley95","scoreData":{"2020-11-19":{"id":76561198444014380,"name":"EoinEarley95","score":14800,"level":3,"character":0,"platform":48,"runframes":12890,"runend":1020,"unknown1":202,"unknown2":4294965039,"rank":2430,"percentile":37.81362007168458}},"tenDayPercentiles":[37.81362007168458],"tenDayDecayingPercentileScore":30.629032258064512,"scoresByDay":[30.629032258064512],"rankSummary":{"mean":2430,"median":2430,"max":2430,"min":2430},"percentileSummary":{"mean":37.81362007168458,"median":37.81362007168458,"max":37.81362007168458,"min":37.81362007168458}}