{"name":"Epickilly2000","scoreData":{"2020-11-21":{"id":76561198049163730,"name":"Epickilly2000","score":2300,"level":2,"character":0,"platform":48,"runframes":8268,"runend":1021,"unknown1":1694,"unknown2":254,"rank":3613,"percentile":12.984822934232724}},"tenDayPercentiles":[12.984822934232724],"tenDayDecayingPercentileScore":11.686340640809453,"scoresByDay":[11.686340640809453],"rankSummary":{"mean":3613,"median":3613,"max":3613,"min":3613},"percentileSummary":{"mean":12.984822934232724,"median":12.984822934232724,"max":12.984822934232724,"min":12.984822934232724}}