{"name":"epicrocx","scoreData":{"2020-10-11":{"id":76561198033851260,"name":"epicrocx","score":5200,"level":1,"character":3,"platform":18,"runframes":10543,"runend":1022,"unknown1":818,"unknown2":4294964639,"rank":5683,"percentile":10.519685039370074}},"tenDayPercentiles":[],"tenDayDecayingPercentileScore":0,"scoresByDay":[],"rankSummary":{"mean":5683,"median":5683,"max":5683,"min":5683},"percentileSummary":{"mean":10.519685039370074,"median":10.519685039370074,"max":10.519685039370074,"min":10.519685039370074}}