{"name":"Epic chuchu","scoreData":{"2020-11-19":{"id":7873024110590874000,"name":"Epic chuchu","score":8800,"level":3,"character":11,"platform":18,"runframes":24767,"runend":1020,"unknown1":4294967102,"unknown2":235,"rank":2567,"percentile":34.30619559651818}},"tenDayPercentiles":[34.30619559651818],"tenDayDecayingPercentileScore":27.788018433179726,"scoresByDay":[27.788018433179726],"rankSummary":{"mean":2567,"median":2567,"max":2567,"min":2567},"percentileSummary":{"mean":34.30619559651818,"median":34.30619559651818,"max":34.30619559651818,"min":34.30619559651818}}