{"name":"erasure4","scoreData":{"2020-10-25":{"id":8890784972926604000,"name":"erasure4","score":20200,"level":2,"character":8,"platform":48,"runframes":8820,"runend":1021,"unknown1":4294967285,"unknown2":4294965734,"rank":4034,"percentile":27.33333333333333}},"tenDayPercentiles":[],"tenDayDecayingPercentileScore":0,"scoresByDay":[],"rankSummary":{"mean":4034,"median":4034,"max":4034,"min":4034},"percentileSummary":{"mean":27.33333333333333,"median":27.33333333333333,"max":27.33333333333333,"min":27.33333333333333}}