{"name":"Erdna_log","scoreData":{"2020-10-27":{"id":2507868712382017000,"name":"Erdna_log","score":4600,"level":1,"character":0,"platform":18,"runframes":2262,"runend":1022,"unknown1":1138,"unknown2":4294964753,"rank":4701,"percentile":5.565601768133405}},"tenDayPercentiles":[],"tenDayDecayingPercentileScore":0,"scoresByDay":[],"rankSummary":{"mean":4701,"median":4701,"max":4701,"min":4701},"percentileSummary":{"mean":5.565601768133405,"median":5.565601768133405,"max":5.565601768133405,"min":5.565601768133405}}