{"name":"erez.avraham","scoreData":{"2020-10-24":{"id":2477673050046336500,"name":"erez.avraham","score":0,"level":1,"character":2,"platform":18,"runframes":3823,"runend":1022,"unknown1":4294966676,"unknown2":660,"rank":5323,"percentile":0.9307520476545079}},"tenDayPercentiles":[],"tenDayDecayingPercentileScore":0,"scoresByDay":[],"rankSummary":{"mean":5323,"median":5323,"max":5323,"min":5323},"percentileSummary":{"mean":0.9307520476545079,"median":0.9307520476545079,"max":0.9307520476545079,"min":0.9307520476545079}}