{"name":"ericsaywhat","scoreData":{"2020-10-23":{"id":8087004532674810000,"name":"ericsaywhat","score":5100,"level":2,"character":7,"platform":18,"runframes":9696,"runend":1021,"unknown1":4294967255,"unknown2":118,"rank":4313,"percentile":17.41045776671136}},"tenDayPercentiles":[],"tenDayDecayingPercentileScore":0,"scoresByDay":[],"rankSummary":{"mean":4313,"median":4313,"max":4313,"min":4313},"percentileSummary":{"mean":17.41045776671136,"median":17.41045776671136,"max":17.41045776671136,"min":17.41045776671136}}