{"name":"ERIC___POTTER","scoreData":{"2020-11-03":{"id":8564528115188758000,"name":"ERIC___POTTER","score":29300,"level":4,"character":6,"platform":48,"runframes":28397,"runend":1019,"unknown1":4294967261,"unknown2":401,"rank":2566,"percentile":42.97465540240106}},"tenDayPercentiles":[],"tenDayDecayingPercentileScore":0,"scoresByDay":[],"rankSummary":{"mean":2566,"median":2566,"max":2566,"min":2566},"percentileSummary":{"mean":42.97465540240106,"median":42.97465540240106,"max":42.97465540240106,"min":42.97465540240106}}