{"name":"Eriole","scoreData":{"2020-10-25":{"id":76561197997259630,"name":"Eriole","score":197400,"level":18,"character":9,"platform":18,"runframes":164189,"runend":1005,"unknown1":3213,"unknown2":2003,"rank":113,"percentile":97.98198198198199}},"tenDayPercentiles":[],"tenDayDecayingPercentileScore":0,"scoresByDay":[],"rankSummary":{"mean":113,"median":113,"max":113,"min":113},"percentileSummary":{"mean":97.98198198198199,"median":97.98198198198199,"max":97.98198198198199,"min":97.98198198198199}}