{"name":"ErKafu","scoreData":{"2020-09-16":{"id":7485550052658920000,"name":"ErKafu","score":5100,"level":1,"character":0,"platform":48,"runframes":2781,"runend":1022,"unknown1":4294966336,"unknown2":984,"rank":2826,"percentile":8.457550226830847}},"tenDayPercentiles":[],"tenDayDecayingPercentileScore":0,"scoresByDay":[],"rankSummary":{"mean":2826,"median":2826,"max":2826,"min":2826},"percentileSummary":{"mean":8.457550226830847,"median":8.457550226830847,"max":8.457550226830847,"min":8.457550226830847}}