{"name":"ernestas","scoreData":{"2020-11-20":{"id":6593819733690822000,"name":"ernestas","score":12300,"level":1,"character":2,"platform":18,"runframes":6008,"runend":1022,"unknown1":674,"unknown2":4294964872,"rank":3843,"percentile":4.900990099009903}},"tenDayPercentiles":[4.900990099009903],"tenDayDecayingPercentileScore":4.410891089108913,"scoresByDay":[4.410891089108913],"rankSummary":{"mean":3843,"median":3843,"max":3843,"min":3843},"percentileSummary":{"mean":4.900990099009903,"median":4.900990099009903,"max":4.900990099009903,"min":4.900990099009903}}