{"name":"Errenden","scoreData":{"2020-09-29":{"id":37642316353092424,"name":"Errenden","score":13000,"level":3,"character":0,"platform":18,"runframes":13674,"runend":1020,"unknown1":626,"unknown2":46,"rank":3065,"percentile":45.2074391988555}},"tenDayPercentiles":[],"tenDayDecayingPercentileScore":0,"scoresByDay":[],"rankSummary":{"mean":3065,"median":3065,"max":3065,"min":3065},"percentileSummary":{"mean":45.2074391988555,"median":45.2074391988555,"max":45.2074391988555,"min":45.2074391988555}}