{"name":"ersatz087","scoreData":{"2020-11-18":{"id":9095716996866739000,"name":"ersatz087","score":2100,"level":2,"character":7,"platform":48,"runframes":4144,"runend":1021,"unknown1":4294966592,"unknown2":4294964670,"rank":3590,"percentile":10.632470119521912}},"tenDayPercentiles":[10.632470119521912],"tenDayDecayingPercentileScore":6.975963645418328,"scoresByDay":[6.975963645418328],"rankSummary":{"mean":3590,"median":3590,"max":3590,"min":3590},"percentileSummary":{"mean":10.632470119521912,"median":10.632470119521912,"max":10.632470119521912,"min":10.632470119521912}}