{"name":"ERTAsoN","scoreData":{"2020-10-03":{"id":76561198041033120,"name":"ERTAsoN","score":2300,"level":2,"character":3,"platform":18,"runframes":7107,"runend":1021,"unknown1":7036,"unknown2":141,"rank":6518,"percentile":17.485439351734627}},"tenDayPercentiles":[],"tenDayDecayingPercentileScore":0,"scoresByDay":[],"rankSummary":{"mean":6518,"median":6518,"max":6518,"min":6518},"percentileSummary":{"mean":17.485439351734627,"median":17.485439351734627,"max":17.485439351734627,"min":17.485439351734627}}