{"name":"Erutaron19","scoreData":{"2020-10-26":{"id":76561198028206780,"name":"Erutaron19","score":6300,"level":2,"character":2,"platform":18,"runframes":2449,"runend":1021,"unknown1":524,"unknown2":1649,"rank":4260,"percentile":15.830039525691703}},"tenDayPercentiles":[],"tenDayDecayingPercentileScore":0,"scoresByDay":[],"rankSummary":{"mean":4260,"median":4260,"max":4260,"min":4260},"percentileSummary":{"mean":15.830039525691703,"median":15.830039525691703,"max":15.830039525691703,"min":15.830039525691703}}