{"name":"esc4863","scoreData":{"2020-10-04":{"id":76561198142058350,"name":"esc4863","score":42375,"level":9,"character":0,"platform":18,"runframes":54911,"runend":1014,"unknown1":573,"unknown2":499,"rank":363,"percentile":95.18104366347178}},"tenDayPercentiles":[],"tenDayDecayingPercentileScore":0,"scoresByDay":[],"rankSummary":{"mean":363,"median":363,"max":363,"min":363},"percentileSummary":{"mean":95.18104366347178,"median":95.18104366347178,"max":95.18104366347178,"min":95.18104366347178}}