{"name":"Esdese","scoreData":{"2020-10-12":{"id":76561198109198820,"name":"Esdese","score":87750,"level":5,"character":14,"platform":18,"runframes":30423,"runend":1018,"unknown1":1726,"unknown2":76,"rank":1187,"percentile":80.18048128342247}},"tenDayPercentiles":[],"tenDayDecayingPercentileScore":0,"scoresByDay":[],"rankSummary":{"mean":1187,"median":1187,"max":1187,"min":1187},"percentileSummary":{"mean":80.18048128342247,"median":80.18048128342247,"max":80.18048128342247,"min":80.18048128342247}}