{"name":"EternalRage","scoreData":{"2020-11-18":{"id":6656489449706679000,"name":"EternalRage","score":15000,"level":4,"character":3,"platform":18,"runframes":15914,"runend":1019,"unknown1":4294964656,"unknown2":4294965026,"rank":2692,"percentile":32.99302788844621}},"tenDayPercentiles":[32.99302788844621],"tenDayDecayingPercentileScore":26.72435258964143,"scoresByDay":[26.72435258964143],"rankSummary":{"mean":2692,"median":2692,"max":2692,"min":2692},"percentileSummary":{"mean":32.99302788844621,"median":32.99302788844621,"max":32.99302788844621,"min":32.99302788844621}}