{"name":"eternalnir","scoreData":{"2020-10-11":{"id":6723103465658233000,"name":"eternalnir","score":2300,"level":1,"character":7,"platform":18,"runframes":1391,"runend":1022,"unknown1":4294965178,"unknown2":527,"rank":6135,"percentile":3.4015748031496145}},"tenDayPercentiles":[],"tenDayDecayingPercentileScore":0,"scoresByDay":[],"rankSummary":{"mean":6135,"median":6135,"max":6135,"min":6135},"percentileSummary":{"mean":3.4015748031496145,"median":3.4015748031496145,"max":3.4015748031496145,"min":3.4015748031496145}}