{"name":"Eternaguy","scoreData":{"2020-10-15":{"id":76561198020055790,"name":"Eternaguy","score":10100,"level":2,"character":0,"platform":18,"runframes":17141,"runend":1021,"unknown1":514,"unknown2":4294966463,"rank":4616,"percentile":19.83672051415668}},"tenDayPercentiles":[],"tenDayDecayingPercentileScore":0,"scoresByDay":[],"rankSummary":{"mean":4616,"median":4616,"max":4616,"min":4616},"percentileSummary":{"mean":19.83672051415668,"median":19.83672051415668,"max":19.83672051415668,"min":19.83672051415668}}