{"name":"EthanO2133","scoreData":{"2020-10-05":{"id":76561198164928770,"name":"EthanO2133","score":2000,"level":2,"character":7,"platform":18,"runframes":3139,"runend":1021,"unknown1":4294965353,"unknown2":4294964725,"rank":5262,"percentile":22.768643570170283}},"tenDayPercentiles":[],"tenDayDecayingPercentileScore":0,"scoresByDay":[],"rankSummary":{"mean":5262,"median":5262,"max":5262,"min":5262},"percentileSummary":{"mean":22.768643570170283,"median":22.768643570170283,"max":22.768643570170283,"min":22.768643570170283}}