{"name":"Eule","scoreData":{"2020-10-17":{"id":76561197971951520,"name":"Eule","score":7800,"level":1,"character":3,"platform":18,"runframes":6956,"runend":1022,"unknown1":4294966544,"unknown2":129,"rank":5234,"percentile":10.51641586867305}},"tenDayPercentiles":[],"tenDayDecayingPercentileScore":0,"scoresByDay":[],"rankSummary":{"mean":5234,"median":5234,"max":5234,"min":5234},"percentileSummary":{"mean":10.51641586867305,"median":10.51641586867305,"max":10.51641586867305,"min":10.51641586867305}}