{"name":"EV0","scoreData":{"2020-09-30":{"id":76561198251018600,"name":"EV0","score":4800,"level":2,"character":0,"platform":18,"runframes":6736,"runend":1021,"unknown1":4294961592,"unknown2":121,"rank":5577,"percentile":27.809425168306575}},"tenDayPercentiles":[],"tenDayDecayingPercentileScore":0,"scoresByDay":[],"rankSummary":{"mean":5577,"median":5577,"max":5577,"min":5577},"percentileSummary":{"mean":27.809425168306575,"median":27.809425168306575,"max":27.809425168306575,"min":27.809425168306575}}