{"name":"EV07","scoreData":{"2020-09-29":{"id":76561198845348640,"name":"EV07","score":1300,"level":2,"character":0,"platform":18,"runframes":7421,"runend":1021,"unknown1":4294966191,"unknown2":4294965080,"rank":4599,"percentile":17.775393419170243}},"tenDayPercentiles":[],"tenDayDecayingPercentileScore":0,"scoresByDay":[],"rankSummary":{"mean":4599,"median":4599,"max":4599,"min":4599},"percentileSummary":{"mean":17.775393419170243,"median":17.775393419170243,"max":17.775393419170243,"min":17.775393419170243}}