{"name":"Ev42o","scoreData":{"2020-09-30":{"id":76561198031526910,"name":"Ev42o","score":8900,"level":1,"character":0,"platform":18,"runframes":7620,"runend":1022,"unknown1":6457,"unknown2":67,"rank":6304,"percentile":18.397203521491463}},"tenDayPercentiles":[],"tenDayDecayingPercentileScore":0,"scoresByDay":[],"rankSummary":{"mean":6304,"median":6304,"max":6304,"min":6304},"percentileSummary":{"mean":18.397203521491463,"median":18.397203521491463,"max":18.397203521491463,"min":18.397203521491463}}