{"name":"Evangelion fan 12","scoreData":{"2020-10-13":{"id":76561197977784690,"name":"Evangelion fan 12","score":3000,"level":2,"character":4,"platform":18,"runframes":1180,"runend":1021,"unknown1":5588,"unknown2":5514,"rank":5124,"percentile":12.651321398124466}},"tenDayDecayingPercentileMean":null,"rankSummary":{"mean":5124,"median":5124,"max":5124,"min":5124},"percentileSummary":{"mean":12.651321398124466,"median":12.651321398124466,"max":12.651321398124466,"min":12.651321398124466}}