{"name":"Evanoh","scoreData":{"2020-10-09":{"id":76561198057492450,"name":"Evanoh","score":20475,"level":7,"character":7,"platform":18,"runframes":36045,"runend":1016,"unknown1":4294964284,"unknown2":4294966459,"rank":1515,"percentile":75.8609693877551}},"tenDayPercentiles":[],"tenDayDecayingPercentileScore":0,"scoresByDay":[],"rankSummary":{"mean":1515,"median":1515,"max":1515,"min":1515},"percentileSummary":{"mean":75.8609693877551,"median":75.8609693877551,"max":75.8609693877551,"min":75.8609693877551}}