{"name":"evardz","scoreData":{"2020-11-12":{"id":76561198140754830,"name":"evardz","score":4500,"level":1,"character":3,"platform":18,"runframes":1675,"runend":1022,"unknown1":4294965698,"unknown2":50,"rank":4044,"percentile":5.182926829268297}},"tenDayPercentiles":[5.182926829268297],"tenDayDecayingPercentileScore":2.0079720466463433,"scoresByDay":[2.0079720466463433],"rankSummary":{"mean":4044,"median":4044,"max":4044,"min":4044},"percentileSummary":{"mean":5.182926829268297,"median":5.182926829268297,"max":5.182926829268297,"min":5.182926829268297}}