{"name":"Evendir","scoreData":{"2020-09-19":{"id":8888739035209999000,"name":"Evendir","score":2100,"level":2,"character":0,"platform":48,"runframes":2447,"runend":1021,"unknown1":4294965477,"unknown2":215,"rank":2056,"percentile":31.40854472630174}},"tenDayPercentiles":[],"tenDayDecayingPercentileScore":0,"scoresByDay":[],"rankSummary":{"mean":2056,"median":2056,"max":2056,"min":2056},"percentileSummary":{"mean":31.40854472630174,"median":31.40854472630174,"max":31.40854472630174,"min":31.40854472630174}}