{"name":"EveSomething","scoreData":{"2020-11-11":{"id":76561198170589300,"name":"EveSomething","score":5300,"level":4,"character":0,"platform":48,"runframes":10693,"runend":1019,"unknown1":4294966753,"unknown2":4294967050,"rank":3091,"percentile":30.530575539568346}},"tenDayPercentiles":[],"tenDayDecayingPercentileScore":0,"scoresByDay":[],"rankSummary":{"mean":3091,"median":3091,"max":3091,"min":3091},"percentileSummary":{"mean":30.530575539568346,"median":30.530575539568346,"max":30.530575539568346,"min":30.530575539568346}}