{"name":"evident-Quai","scoreData":{"2020-11-18":{"id":2478977949669787000,"name":"evident-Quai","score":1000,"level":1,"character":3,"platform":48,"runframes":896,"runend":1022,"unknown1":536,"unknown2":2052,"rank":3981,"percentile":0.8964143426294839}},"tenDayPercentiles":[0.8964143426294839],"tenDayDecayingPercentileScore":0.5881374501992045,"scoresByDay":[0.5881374501992045],"rankSummary":{"mean":3981,"median":3981,"max":3981,"min":3981},"percentileSummary":{"mean":0.8964143426294839,"median":0.8964143426294839,"max":0.8964143426294839,"min":0.8964143426294839}}