{"name":"Eviltenshi","scoreData":{"2020-09-22":{"id":2140159937059456000,"name":"Eviltenshi","score":30600,"level":4,"character":0,"platform":48,"runframes":28532,"runend":1019,"unknown1":4294967290,"unknown2":4294966152,"rank":690,"percentile":72.01462225832657}},"tenDayPercentiles":[],"tenDayDecayingPercentileScore":0,"scoresByDay":[],"rankSummary":{"mean":690,"median":690,"max":690,"min":690},"percentileSummary":{"mean":72.01462225832657,"median":72.01462225832657,"max":72.01462225832657,"min":72.01462225832657}}