{"name":"evil_midget1","scoreData":{"2020-10-22":{"id":76561198169165760,"name":"evil_midget1","score":6600,"level":3,"character":0,"platform":48,"runframes":14577,"runend":1020,"unknown1":4294966827,"unknown2":4294965023,"rank":3873,"percentile":27.03975880912003}},"tenDayPercentiles":[],"tenDayDecayingPercentileScore":0,"scoresByDay":[],"rankSummary":{"mean":3873,"median":3873,"max":3873,"min":3873},"percentileSummary":{"mean":27.03975880912003,"median":27.03975880912003,"max":27.03975880912003,"min":27.03975880912003}}