{"name":"EvilMask","scoreData":{"2020-10-29":{"id":76561198053912620,"name":"EvilMask","score":18400,"level":3,"character":0,"platform":48,"runframes":8238,"runend":1020,"unknown1":2582,"unknown2":69,"rank":2025,"percentile":57.683462262178544}},"tenDayPercentiles":[],"tenDayDecayingPercentileScore":0,"scoresByDay":[],"rankSummary":{"mean":2025,"median":2025,"max":2025,"min":2025},"percentileSummary":{"mean":57.683462262178544,"median":57.683462262178544,"max":57.683462262178544,"min":57.683462262178544}}