{"name":"EvilestIsland","scoreData":{"2020-11-01":{"id":4819740707047301000,"name":"EvilestIsland","score":21750,"level":8,"character":8,"platform":18,"runframes":37640,"runend":1015,"unknown1":4294964109,"unknown2":42,"rank":795,"percentile":83.12433581296493}},"tenDayPercentiles":[],"tenDayDecayingPercentileScore":0,"scoresByDay":[],"rankSummary":{"mean":795,"median":795,"max":795,"min":795},"percentileSummary":{"mean":83.12433581296493,"median":83.12433581296493,"max":83.12433581296493,"min":83.12433581296493}}