{"name":"EvolutionX","scoreData":{"2020-10-02":{"id":76561198052216910,"name":"EvolutionX","score":4000,"level":2,"character":0,"platform":18,"runframes":8064,"runend":1021,"unknown1":4575,"unknown2":179,"rank":5630,"percentile":24.57456786814953}},"tenDayPercentiles":[],"tenDayDecayingPercentileScore":0,"scoresByDay":[],"rankSummary":{"mean":5630,"median":5630,"max":5630,"min":5630},"percentileSummary":{"mean":24.57456786814953,"median":24.57456786814953,"max":24.57456786814953,"min":24.57456786814953}}