{"name":"Exam","scoreData":{"2020-10-14":{"id":76561198164357970,"name":"Exam","score":26200,"level":4,"character":0,"platform":18,"runframes":25499,"runend":1019,"unknown1":4294966062,"unknown2":4294964918,"rank":2134,"percentile":61.44251626898048}},"tenDayPercentiles":[],"tenDayDecayingPercentileScore":0,"scoresByDay":[],"rankSummary":{"mean":2134,"median":2134,"max":2134,"min":2134},"percentileSummary":{"mean":61.44251626898048,"median":61.44251626898048,"max":61.44251626898048,"min":61.44251626898048}}