{"name":"exile","scoreData":{"2020-10-03":{"id":76561198135330510,"name":"exile","score":5900,"level":1,"character":8,"platform":18,"runframes":3778,"runend":1022,"unknown1":4294965111,"unknown2":485,"rank":7409,"percentile":6.204102304380854}},"tenDayPercentiles":[],"tenDayDecayingPercentileScore":0,"scoresByDay":[],"rankSummary":{"mean":7409,"median":7409,"max":7409,"min":7409},"percentileSummary":{"mean":6.204102304380854,"median":6.204102304380854,"max":6.204102304380854,"min":6.204102304380854}}