{"name":"Extant","scoreData":{"2020-10-02":{"id":76561198112829940,"name":"Extant","score":4300,"level":2,"character":0,"platform":18,"runframes":4661,"runend":1021,"unknown1":4294965548,"unknown2":329,"rank":5594,"percentile":25.05694760820046}},"tenDayPercentiles":[],"tenDayDecayingPercentileScore":0,"scoresByDay":[],"rankSummary":{"mean":5594,"median":5594,"max":5594,"min":5594},"percentileSummary":{"mean":25.05694760820046,"median":25.05694760820046,"max":25.05694760820046,"min":25.05694760820046}}