{"name":"ExtremelyPsycho","scoreData":{"2020-10-28":{"id":76561197984790500,"name":"ExtremelyPsycho","score":32925,"level":5,"character":7,"platform":18,"runframes":27243,"runend":1018,"unknown1":256,"unknown2":1846,"rank":2053,"percentile":58.3011583011583}},"tenDayPercentiles":[],"tenDayDecayingPercentileScore":0,"scoresByDay":[],"rankSummary":{"mean":2053,"median":2053,"max":2053,"min":2053},"percentileSummary":{"mean":58.3011583011583,"median":58.3011583011583,"max":58.3011583011583,"min":58.3011583011583}}