{"name":"Exuperantius","scoreData":{"2020-11-16":{"id":76561198089575090,"name":"Exuperantius","score":67500,"level":10,"character":8,"platform":48,"runframes":53425,"runend":1013,"unknown1":2270,"unknown2":36,"rank":395,"percentile":89.9077868852459}},"tenDayPercentiles":[89.9077868852459],"tenDayDecayingPercentileScore":65.54277663934427,"scoresByDay":[65.54277663934427],"rankSummary":{"mean":395,"median":395,"max":395,"min":395},"percentileSummary":{"mean":89.9077868852459,"median":89.9077868852459,"max":89.9077868852459,"min":89.9077868852459}}