{"name":"ezekelol","scoreData":{"2020-09-25":{"id":5021411647627486000,"name":"ezekelol","score":46000,"level":7,"character":0,"platform":48,"runframes":39379,"runend":1016,"unknown1":860,"unknown2":852,"rank":248,"percentile":89.25152306353351}},"tenDayPercentiles":[],"tenDayDecayingPercentileScore":0,"scoresByDay":[],"rankSummary":{"mean":248,"median":248,"max":248,"min":248},"percentileSummary":{"mean":89.25152306353351,"median":89.25152306353351,"max":89.25152306353351,"min":89.25152306353351}}