{"name":"Ezeto","scoreData":{"2020-09-30":{"id":8873285364170800000,"name":"Ezeto","score":22500,"level":2,"character":0,"platform":18,"runframes":13175,"runend":1021,"unknown1":4005,"unknown2":2264,"rank":4294,"percentile":44.419989642672185}},"tenDayPercentiles":[],"tenDayDecayingPercentileScore":0,"scoresByDay":[],"rankSummary":{"mean":4294,"median":4294,"max":4294,"min":4294},"percentileSummary":{"mean":44.419989642672185,"median":44.419989642672185,"max":44.419989642672185,"min":44.419989642672185}}