{"name":"ezrod63","scoreData":{"2020-09-30":{"id":76561199006543870,"name":"ezrod63","score":38700,"level":4,"character":0,"platform":18,"runframes":27884,"runend":1019,"unknown1":2483,"unknown2":1027,"rank":1332,"percentile":82.76799585706888}},"tenDayPercentiles":[],"tenDayDecayingPercentileScore":0,"scoresByDay":[],"rankSummary":{"mean":1332,"median":1332,"max":1332,"min":1332},"percentileSummary":{"mean":82.76799585706888,"median":82.76799585706888,"max":82.76799585706888,"min":82.76799585706888}}