{"name":"3 Inches of Raw Power","scoreData":{"2020-09-30":{"id":76561198163495380,"name":"3 Inches of Raw Power","score":1150,"level":3,"character":7,"platform":18,"runframes":9618,"runend":1020,"unknown1":1045,"unknown2":29,"rank":4112,"percentile":46.776281719316415}},"tenDayDecayingPercentileMean":null,"rankSummary":{"mean":4112,"median":4112,"max":4112,"min":4112},"percentileSummary":{"mean":46.776281719316415,"median":46.776281719316415,"max":46.776281719316415,"min":46.776281719316415}}