{"name":"Cadogan","scoreData":{"2020-10-03":{"id":1280110849893259000,"name":"Cadogan","score":1200,"level":2,"character":0,"platform":18,"runframes":12024,"runend":1021,"unknown1":4294964288,"unknown2":119,"rank":6664,"percentile":15.636870093694611}},"tenDayPercentiles":[],"tenDayDecayingPercentileScore":0,"scoresByDay":[],"rankSummary":{"mean":6664,"median":6664,"max":6664,"min":6664},"percentileSummary":{"mean":15.636870093694611,"median":15.636870093694611,"max":15.636870093694611,"min":15.636870093694611}}