{"name":"cailou's forbidden act","scoreData":{"2020-10-01":{"id":2029425924130711600,"name":"cailou's forbidden act","score":900,"level":3,"character":7,"platform":18,"runframes":9778,"runend":1020,"unknown1":3963,"unknown2":16,"rank":4636,"percentile":39.758253184299456}},"tenDayDecayingPercentileMean":null,"rankSummary":{"mean":4636,"median":4636,"max":4636,"min":4636},"percentileSummary":{"mean":39.758253184299456,"median":39.758253184299456,"max":39.758253184299456,"min":39.758253184299456}}