{"name":"CaioDSB","scoreData":{"2020-10-26":{"id":76561198040557730,"name":"CaioDSB","score":3800,"level":2,"character":8,"platform":48,"runframes":2745,"runend":1021,"unknown1":3661,"unknown2":839,"rank":4449,"percentile":12.094861660079047}},"tenDayPercentiles":[],"tenDayDecayingPercentileScore":0,"scoresByDay":[],"rankSummary":{"mean":4449,"median":4449,"max":4449,"min":4449},"percentileSummary":{"mean":12.094861660079047,"median":12.094861660079047,"max":12.094861660079047,"min":12.094861660079047}}