{"name":"Calamitý","scoreData":{"2020-10-03":{"id":76561198125841310,"name":"Calamitý","score":5500,"level":6,"character":0,"platform":18,"runframes":10776,"runend":1017,"unknown1":752,"unknown2":277,"rank":1234,"percentile":84.38845277285388}},"tenDayPercentiles":[],"tenDayDecayingPercentileScore":0,"scoresByDay":[],"rankSummary":{"mean":1234,"median":1234,"max":1234,"min":1234},"percentileSummary":{"mean":84.38845277285388,"median":84.38845277285388,"max":84.38845277285388,"min":84.38845277285388}}