{"name":"Calamity","scoreData":{"2020-11-14":{"id":1402005948454673000,"name":"Calamity","score":8700,"level":2,"character":2,"platform":18,"runframes":1971,"runend":1021,"unknown1":1115,"unknown2":1051,"rank":2917,"percentile":32.42178447276942}},"tenDayPercentiles":[32.42178447276942],"tenDayDecayingPercentileScore":19.144739513325614,"scoresByDay":[19.144739513325614],"rankSummary":{"mean":2917,"median":2917,"max":2917,"min":2917},"percentileSummary":{"mean":32.42178447276942,"median":32.42178447276942,"max":32.42178447276942,"min":32.42178447276942}}