{"name":"Callmefaker","scoreData":{"2020-10-14":{"id":232331581187440130,"name":"Callmefaker","score":2400,"level":3,"character":4,"platform":18,"runframes":12061,"runend":1020,"unknown1":4294965393,"unknown2":720,"rank":3008,"percentile":45.64352856109905}},"tenDayPercentiles":[],"tenDayDecayingPercentileScore":0,"scoresByDay":[],"rankSummary":{"mean":3008,"median":3008,"max":3008,"min":3008},"percentileSummary":{"mean":45.64352856109905,"median":45.64352856109905,"max":45.64352856109905,"min":45.64352856109905}}