{"name":"CallumWells95","scoreData":{"2020-10-23":{"id":76561198219200370,"name":"CallumWells95","score":29000,"level":3,"character":3,"platform":48,"runframes":22210,"runend":1020,"unknown1":1269,"unknown2":69,"rank":3018,"percentile":42.214135223137326}},"tenDayPercentiles":[],"tenDayDecayingPercentileScore":0,"scoresByDay":[],"rankSummary":{"mean":3018,"median":3018,"max":3018,"min":3018},"percentileSummary":{"mean":42.214135223137326,"median":42.214135223137326,"max":42.214135223137326,"min":42.214135223137326}}