{"name":"Calmarobo","scoreData":{"2020-10-07":{"id":6212010999065508000,"name":"Calmarobo","score":16800,"level":4,"character":7,"platform":48,"runframes":17825,"runend":1019,"unknown1":4294966519,"unknown2":66,"rank":1534,"percentile":76.50214592274678}},"tenDayPercentiles":[],"tenDayDecayingPercentileScore":0,"scoresByDay":[],"rankSummary":{"mean":1534,"median":1534,"max":1534,"min":1534},"percentileSummary":{"mean":76.50214592274678,"median":76.50214592274678,"max":76.50214592274678,"min":76.50214592274678}}