{"name":"Calpringles","scoreData":{"2020-10-10":{"id":76561198440768600,"name":"Calpringles","score":9100,"level":2,"character":4,"platform":18,"runframes":4995,"runend":1021,"unknown1":4294967155,"unknown2":4294965861,"rank":3807,"percentile":42.29836264402669}},"tenDayPercentiles":[],"tenDayDecayingPercentileScore":0,"scoresByDay":[],"rankSummary":{"mean":3807,"median":3807,"max":3807,"min":3807},"percentileSummary":{"mean":42.29836264402669,"median":42.29836264402669,"max":42.29836264402669,"min":42.29836264402669}}