{"name":"Calum2610","scoreData":{"2020-09-17":{"id":5796936373043869000,"name":"Calum2610","score":15400,"level":4,"character":4,"platform":48,"runframes":16454,"runend":1019,"unknown1":647,"unknown2":287,"rank":509,"percentile":82.03042094092677}},"tenDayPercentiles":[],"tenDayDecayingPercentileScore":0,"scoresByDay":[],"rankSummary":{"mean":509,"median":509,"max":509,"min":509},"percentileSummary":{"mean":82.03042094092677,"median":82.03042094092677,"max":82.03042094092677,"min":82.03042094092677}}