{"name":"camer356","scoreData":{"2020-10-03":{"id":76561198063815940,"name":"camer356","score":1000,"level":1,"character":0,"platform":18,"runframes":1761,"runend":1022,"unknown1":4294967024,"unknown2":4294961930,"rank":7734,"percentile":2.089136490250695}},"tenDayPercentiles":[],"tenDayDecayingPercentileScore":0,"scoresByDay":[],"rankSummary":{"mean":7734,"median":7734,"max":7734,"min":7734},"percentileSummary":{"mean":2.089136490250695,"median":2.089136490250695,"max":2.089136490250695,"min":2.089136490250695}}