{"name":"Camera Filter","scoreData":{"2020-10-25":{"id":76561197979503630,"name":"Camera Filter","score":600,"level":1,"character":3,"platform":18,"runframes":1678,"runend":1022,"unknown1":1773,"unknown2":4294964475,"rank":5394,"percentile":2.828828828828833}},"tenDayDecayingPercentileMean":null,"rankSummary":{"mean":5394,"median":5394,"max":5394,"min":5394},"percentileSummary":{"mean":2.828828828828833,"median":2.828828828828833,"max":2.828828828828833,"min":2.828828828828833}}