{"name":"camelCaseId","scoreData":{"2020-10-11":{"id":76561198141191040,"name":"camelCaseId","score":2100,"level":1,"character":0,"platform":48,"runframes":5628,"runend":1022,"unknown1":4294964133,"unknown2":4294964723,"rank":6204,"percentile":2.3149606299212593}},"tenDayPercentiles":[],"tenDayDecayingPercentileScore":0,"scoresByDay":[],"rankSummary":{"mean":6204,"median":6204,"max":6204,"min":6204},"percentileSummary":{"mean":2.3149606299212593,"median":2.3149606299212593,"max":2.3149606299212593,"min":2.3149606299212593}}