{"name":"CampGreenHerb420","scoreData":{"2020-09-20":{"id":7247895173086551000,"name":"CampGreenHerb420","score":4100,"level":1,"character":2,"platform":48,"runframes":5209,"runend":1022,"unknown1":881,"unknown2":183,"rank":2780,"percentile":6.556825823806321}},"tenDayPercentiles":[],"tenDayDecayingPercentileScore":0,"scoresByDay":[],"rankSummary":{"mean":2780,"median":2780,"max":2780,"min":2780},"percentileSummary":{"mean":6.556825823806321,"median":6.556825823806321,"max":6.556825823806321,"min":6.556825823806321}}