{"name":"Canarticho","scoreData":{"2020-10-31":{"id":76561197962878480,"name":"Canarticho","score":1000,"level":1,"character":0,"platform":18,"runframes":1501,"runend":1022,"unknown1":4294967002,"unknown2":350,"rank":4635,"percentile":2.5036818851251894}},"tenDayPercentiles":[],"tenDayDecayingPercentileScore":0,"scoresByDay":[],"rankSummary":{"mean":4635,"median":4635,"max":4635,"min":4635},"percentileSummary":{"mean":2.5036818851251894,"median":2.5036818851251894,"max":2.5036818851251894,"min":2.5036818851251894}}