{"name":"Candoer","scoreData":{"2020-10-05":{"id":76561198043867060,"name":"Candoer","score":12100,"level":1,"character":4,"platform":18,"runframes":4194,"runend":1022,"unknown1":130,"unknown2":734,"rank":5339,"percentile":21.63828537874339}},"tenDayPercentiles":[],"tenDayDecayingPercentileScore":0,"scoresByDay":[],"rankSummary":{"mean":5339,"median":5339,"max":5339,"min":5339},"percentileSummary":{"mean":21.63828537874339,"median":21.63828537874339,"max":21.63828537874339,"min":21.63828537874339}}