{"name":"CantaPerMe","scoreData":{"2020-10-05":{"id":76561199077093020,"name":"CantaPerMe","score":4200,"level":1,"character":0,"platform":18,"runframes":5197,"runend":1022,"unknown1":4294964340,"unknown2":4294963991,"rank":5734,"percentile":15.839694656488547}},"tenDayPercentiles":[],"tenDayDecayingPercentileScore":0,"scoresByDay":[],"rankSummary":{"mean":5734,"median":5734,"max":5734,"min":5734},"percentileSummary":{"mean":15.839694656488547,"median":15.839694656488547,"max":15.839694656488547,"min":15.839694656488547}}