{"name":"CantStrafeRight","scoreData":{"2020-10-03":{"id":76561198076167280,"name":"CantStrafeRight","score":15900,"level":3,"character":2,"platform":18,"runframes":17394,"runend":1020,"unknown1":4294964315,"unknown2":32,"rank":2363,"percentile":70.09369460622942}},"tenDayPercentiles":[],"tenDayDecayingPercentileScore":0,"scoresByDay":[],"rankSummary":{"mean":2363,"median":2363,"max":2363,"min":2363},"percentileSummary":{"mean":70.09369460622942,"median":70.09369460622942,"max":70.09369460622942,"min":70.09369460622942}}