{"name":"CapnSquiggles/TTV","scoreData":{"2020-10-21":{"id":801017330245992200,"name":"CapnSquiggles/TTV","score":1800,"level":1,"character":7,"platform":18,"runframes":2109,"runend":1022,"unknown1":4294965695,"unknown2":4294966109,"rank":5094,"percentile":5.122950819672127}},"tenDayDecayingPercentileMean":null,"rankSummary":{"mean":5094,"median":5094,"max":5094,"min":5094},"percentileSummary":{"mean":5.122950819672127,"median":5.122950819672127,"max":5.122950819672127,"min":5.122950819672127}}