{"name":"Cappydee14","scoreData":{"2020-11-15":{"id":76561198000166540,"name":"Cappydee14","score":1500,"level":1,"character":15,"platform":48,"runframes":1629,"runend":1022,"unknown1":389,"unknown2":1697,"rank":4238,"percentile":1.533813618405759}},"tenDayPercentiles":[1.533813618405759],"tenDayDecayingPercentileScore":0.7336182988612575,"scoresByDay":[0.7336182988612575],"rankSummary":{"mean":4238,"median":4238,"max":4238,"min":4238},"percentileSummary":{"mean":1.533813618405759,"median":1.533813618405759,"max":1.533813618405759,"min":1.533813618405759}}