{"name":"Captain Tenneal","scoreData":{"2020-10-08":{"id":76561197997094270,"name":"Captain Tenneal","score":6000,"level":2,"character":3,"platform":18,"runframes":6377,"runend":1021,"unknown1":1348,"unknown2":39,"rank":5615,"percentile":11.437135194825686}},"tenDayDecayingPercentileMean":null,"rankSummary":{"mean":5615,"median":5615,"max":5615,"min":5615},"percentileSummary":{"mean":11.437135194825686,"median":11.437135194825686,"max":11.437135194825686,"min":11.437135194825686}}