{"name":"CaptKettch","scoreData":{"2020-10-14":{"id":76561198129069540,"name":"CaptKettch","score":28600,"level":2,"character":8,"platform":48,"runframes":16914,"runend":1021,"unknown1":1481,"unknown2":142,"rank":3046,"percentile":44.95661605206074}},"tenDayPercentiles":[],"tenDayDecayingPercentileScore":0,"scoresByDay":[],"rankSummary":{"mean":3046,"median":3046,"max":3046,"min":3046},"percentileSummary":{"mean":44.95661605206074,"median":44.95661605206074,"max":44.95661605206074,"min":44.95661605206074}}