{"name":"Captain-Chaos0","scoreData":{"2020-11-19":{"id":76561198051442130,"name":"Captain-Chaos0","score":1500,"level":2,"character":3,"platform":48,"runframes":6100,"runend":1021,"unknown1":4294966068,"unknown2":4294967070,"rank":3457,"percentile":11.52073732718894}},"tenDayPercentiles":[],"tenDayDecayingPercentileScore":0,"scoresByDay":[],"rankSummary":{"mean":3457,"median":3457,"max":3457,"min":3457},"percentileSummary":{"mean":11.52073732718894,"median":11.52073732718894,"max":11.52073732718894,"min":11.52073732718894}}