{"name":"captainkirk422","scoreData":{"2020-09-23":{"id":417910782735181900,"name":"captainkirk422","score":3100,"level":2,"character":0,"platform":48,"runframes":2514,"runend":1021,"unknown1":874,"unknown2":78,"rank":2234,"percentile":7.190357439734001}},"tenDayPercentiles":[],"tenDayDecayingPercentileScore":0,"scoresByDay":[],"rankSummary":{"mean":2234,"median":2234,"max":2234,"min":2234},"percentileSummary":{"mean":7.190357439734001,"median":7.190357439734001,"max":7.190357439734001,"min":7.190357439734001}}