{"name":"CaptainKraft","scoreData":{"2020-11-19":{"id":76561197983013390,"name":"CaptainKraft","score":20000,"level":2,"character":2,"platform":48,"runframes":13656,"runend":1021,"unknown1":4294966798,"unknown2":4294966145,"rank":2747,"percentile":29.697900665642592}},"tenDayPercentiles":[29.697900665642592],"tenDayDecayingPercentileScore":21.649769585253452,"scoresByDay":[21.649769585253452],"rankSummary":{"mean":2747,"median":2747,"max":2747,"min":2747},"percentileSummary":{"mean":29.697900665642592,"median":29.697900665642592,"max":29.697900665642592,"min":29.697900665642592}}