{"name":"CaptainKal2","scoreData":{"2020-09-21":{"id":1382068682402621400,"name":"CaptainKal2","score":1700,"level":1,"character":3,"platform":48,"runframes":4579,"runend":1022,"unknown1":4294964864,"unknown2":4294965865,"rank":2269,"percentile":9.1710052062475}},"tenDayPercentiles":[],"tenDayDecayingPercentileScore":0,"scoresByDay":[],"rankSummary":{"mean":2269,"median":2269,"max":2269,"min":2269},"percentileSummary":{"mean":9.1710052062475,"median":9.1710052062475,"max":9.1710052062475,"min":9.1710052062475}}