{"name":"Cardboard_Ballz","scoreData":{"2020-11-12":{"id":76561199020127280,"name":"Cardboard_Ballz","score":2500,"level":2,"character":3,"platform":48,"runframes":2991,"runend":1021,"unknown1":4294966236,"unknown2":81,"rank":3653,"percentile":14.352720450281424}},"tenDayPercentiles":[14.352720450281424],"tenDayDecayingPercentileScore":6.8648616979362105,"scoresByDay":[6.8648616979362105],"rankSummary":{"mean":3653,"median":3653,"max":3653,"min":3653},"percentileSummary":{"mean":14.352720450281424,"median":14.352720450281424,"max":14.352720450281424,"min":14.352720450281424}}