{"name":"CarError","scoreData":{"2020-10-03":{"id":76561198216880540,"name":"CarError","score":3800,"level":2,"character":3,"platform":48,"runframes":8583,"runend":1021,"unknown1":4294963417,"unknown2":484,"rank":6295,"percentile":20.30893897189162}},"tenDayPercentiles":[],"tenDayDecayingPercentileScore":0,"scoresByDay":[],"rankSummary":{"mean":6295,"median":6295,"max":6295,"min":6295},"percentileSummary":{"mean":20.30893897189162,"median":20.30893897189162,"max":20.30893897189162,"min":20.30893897189162}}