{"name":"CarlsonFlexIII","scoreData":{"2020-10-21":{"id":76561198153786500,"name":"CarlsonFlexIII","score":5100,"level":2,"character":7,"platform":18,"runframes":11573,"runend":1021,"unknown1":866,"unknown2":4294966986,"rank":4273,"percentile":20.417287630402384}},"tenDayPercentiles":[],"tenDayDecayingPercentileScore":0,"scoresByDay":[],"rankSummary":{"mean":4273,"median":4273,"max":4273,"min":4273},"percentileSummary":{"mean":20.417287630402384,"median":20.417287630402384,"max":20.417287630402384,"min":20.417287630402384}}