{"name":"CarlosSouls20","scoreData":{"2020-10-04":{"id":76561198000424980,"name":"CarlosSouls20","score":13400,"level":4,"character":0,"platform":48,"runframes":12897,"runend":1019,"unknown1":4294963729,"unknown2":541,"rank":3030,"percentile":59.677848775292865}},"tenDayPercentiles":[],"tenDayDecayingPercentileScore":0,"scoresByDay":[],"rankSummary":{"mean":3030,"median":3030,"max":3030,"min":3030},"percentileSummary":{"mean":59.677848775292865,"median":59.677848775292865,"max":59.677848775292865,"min":59.677848775292865}}