{"name":"Carlos2gm","scoreData":{"2020-09-30":{"id":76561198001128720,"name":"Carlos2gm","score":5350,"level":3,"character":7,"platform":48,"runframes":7718,"runend":1020,"unknown1":4039,"unknown2":129,"rank":3682,"percentile":52.34334541688244}},"tenDayPercentiles":[],"tenDayDecayingPercentileScore":0,"scoresByDay":[],"rankSummary":{"mean":3682,"median":3682,"max":3682,"min":3682},"percentileSummary":{"mean":52.34334541688244,"median":52.34334541688244,"max":52.34334541688244,"min":52.34334541688244}}