{"name":"CARNAGE067","scoreData":{"2020-10-27":{"id":76561198174745780,"name":"CARNAGE067","score":22025,"level":5,"character":18,"platform":48,"runframes":43113,"runend":1018,"unknown1":4294962984,"unknown2":4294966737,"rank":1381,"percentile":72.27245328511151}},"tenDayPercentiles":[],"tenDayDecayingPercentileScore":0,"scoresByDay":[],"rankSummary":{"mean":1381,"median":1381,"max":1381,"min":1381},"percentileSummary":{"mean":72.27245328511151,"median":72.27245328511151,"max":72.27245328511151,"min":72.27245328511151}}