{"name":"Caroline031717","scoreData":{"2020-09-18":{"id":6239772148366894000,"name":"Caroline031717","score":4000,"level":3,"character":0,"platform":48,"runframes":10118,"runend":1020,"unknown1":632,"unknown2":849,"rank":1812,"percentile":35.22889842632331}},"tenDayPercentiles":[],"tenDayDecayingPercentileScore":0,"scoresByDay":[],"rankSummary":{"mean":1812,"median":1812,"max":1812,"min":1812},"percentileSummary":{"mean":35.22889842632331,"median":35.22889842632331,"max":35.22889842632331,"min":35.22889842632331}}