{"name":"Carps","scoreData":{"2020-09-29":{"id":76561198016758020,"name":"Carps","score":119525,"level":16,"character":13,"platform":18,"runframes":140255,"runend":1007,"unknown1":4294965119,"unknown2":4294962676,"rank":60,"percentile":98.94492131616595}},"tenDayPercentiles":[],"tenDayDecayingPercentileScore":0,"scoresByDay":[],"rankSummary":{"mean":60,"median":60,"max":60,"min":60},"percentileSummary":{"mean":98.94492131616595,"median":98.94492131616595,"max":98.94492131616595,"min":98.94492131616595}}