{"name":"cartographer1576","scoreData":{"2020-09-19":{"id":911708345621177000,"name":"cartographer1576","score":6400,"level":2,"character":4,"platform":48,"runframes":3681,"runend":1021,"unknown1":70,"unknown2":195,"rank":1703,"percentile":43.190921228304404}},"tenDayPercentiles":[],"tenDayDecayingPercentileScore":0,"scoresByDay":[],"rankSummary":{"mean":1703,"median":1703,"max":1703,"min":1703},"percentileSummary":{"mean":43.190921228304404,"median":43.190921228304404,"max":43.190921228304404,"min":43.190921228304404}}