{"name":"CaschIsClay","scoreData":{"2020-10-04":{"id":265941689215142300,"name":"CaschIsClay","score":2100,"level":1,"character":0,"platform":18,"runframes":5646,"runend":1022,"unknown1":4681,"unknown2":749,"rank":6933,"percentile":7.720979765708208}},"tenDayPercentiles":[],"tenDayDecayingPercentileScore":0,"scoresByDay":[],"rankSummary":{"mean":6933,"median":6933,"max":6933,"min":6933},"percentileSummary":{"mean":7.720979765708208,"median":7.720979765708208,"max":7.720979765708208,"min":7.720979765708208}}