{"name":"CashLui","scoreData":{"2020-11-06":{"id":76561198006199150,"name":"CashLui","score":800,"level":2,"character":3,"platform":48,"runframes":7546,"runend":1021,"unknown1":4294967219,"unknown2":846,"rank":4272,"percentile":5.821389195148839}},"tenDayPercentiles":[],"tenDayDecayingPercentileScore":0,"scoresByDay":[],"rankSummary":{"mean":4272,"median":4272,"max":4272,"min":4272},"percentileSummary":{"mean":5.821389195148839,"median":5.821389195148839,"max":5.821389195148839,"min":5.821389195148839}}