{"name":"caspar_jones","scoreData":{"2020-09-20":{"id":7632705638680551000,"name":"caspar_jones","score":1500,"level":1,"character":2,"platform":48,"runframes":764,"runend":1022,"unknown1":4294966185,"unknown2":235,"rank":2954,"percentile":0.7061197041022211}},"tenDayPercentiles":[],"tenDayDecayingPercentileScore":0,"scoresByDay":[],"rankSummary":{"mean":2954,"median":2954,"max":2954,"min":2954},"percentileSummary":{"mean":0.7061197041022211,"median":0.7061197041022211,"max":0.7061197041022211,"min":0.7061197041022211}}