{"name":"Catmonkeyninja","scoreData":{"2020-11-02":{"id":76561197993298340,"name":"Catmonkeyninja","score":15700,"level":3,"character":10,"platform":18,"runframes":6770,"runend":1020,"unknown1":2511,"unknown2":924,"rank":2652,"percentile":40.73328862061256}},"tenDayPercentiles":[],"tenDayDecayingPercentileScore":0,"scoresByDay":[],"rankSummary":{"mean":2652,"median":2652,"max":2652,"min":2652},"percentileSummary":{"mean":40.73328862061256,"median":40.73328862061256,"max":40.73328862061256,"min":40.73328862061256}}