{"name":"Cats from Saturn","scoreData":{"2020-10-13":{"id":5952349344117306000,"name":"Cats from Saturn","score":4400,"level":2,"character":18,"platform":18,"runframes":4819,"runend":1021,"unknown1":4294963859,"unknown2":4294963019,"rank":4984,"percentile":15.038363171355499}},"tenDayDecayingPercentileMean":null,"rankSummary":{"mean":4984,"median":4984,"max":4984,"min":4984},"percentileSummary":{"mean":15.038363171355499,"median":15.038363171355499,"max":15.038363171355499,"min":15.038363171355499}}