{"name":"Caxlo_25","scoreData":{"2020-09-29":{"id":76561198079055650,"name":"Caxlo_25","score":8000,"level":1,"character":0,"platform":48,"runframes":1185,"runend":1022,"unknown1":4294966400,"unknown2":655,"rank":4982,"percentile":10.92632331902719}},"tenDayPercentiles":[],"tenDayDecayingPercentileScore":0,"scoresByDay":[],"rankSummary":{"mean":4982,"median":4982,"max":4982,"min":4982},"percentileSummary":{"mean":10.92632331902719,"median":10.92632331902719,"max":10.92632331902719,"min":10.92632331902719}}