{"name":"cb3ssman","scoreData":{"2020-11-21":{"id":2905457827468987000,"name":"cb3ssman","score":1000,"level":2,"character":0,"platform":18,"runframes":3041,"runend":1021,"unknown1":862,"unknown2":11,"rank":3695,"percentile":11.009395326427367}},"tenDayPercentiles":[11.009395326427367],"tenDayDecayingPercentileScore":9.908455793784631,"scoresByDay":[9.908455793784631],"rankSummary":{"mean":3695,"median":3695,"max":3695,"min":3695},"percentileSummary":{"mean":11.009395326427367,"median":11.009395326427367,"max":11.009395326427367,"min":11.009395326427367}}