{"name":"CBK-Tempest","scoreData":{"2020-10-15":{"id":76561198869398450,"name":"CBK-Tempest","score":8500,"level":4,"character":7,"platform":48,"runframes":9059,"runend":1019,"unknown1":4294963736,"unknown2":48,"rank":2955,"percentile":48.6885530658329}},"tenDayPercentiles":[],"tenDayDecayingPercentileScore":0,"scoresByDay":[],"rankSummary":{"mean":2955,"median":2955,"max":2955,"min":2955},"percentileSummary":{"mean":48.6885530658329,"median":48.6885530658329,"max":48.6885530658329,"min":48.6885530658329}}