{"name":"cbs100291","scoreData":{"2020-11-01":{"id":7981253634546656000,"name":"cbs100291","score":3200,"level":2,"character":2,"platform":18,"runframes":3579,"runend":1021,"unknown1":4294967275,"unknown2":54,"rank":3844,"percentile":18.320935175345383}},"tenDayPercentiles":[],"tenDayDecayingPercentileScore":0,"scoresByDay":[],"rankSummary":{"mean":3844,"median":3844,"max":3844,"min":3844},"percentileSummary":{"mean":18.320935175345383,"median":18.320935175345383,"max":18.320935175345383,"min":18.320935175345383}}