{"name":"CD","scoreData":{"2020-10-25":{"id":3873842076099862500,"name":"CD","score":14500,"level":3,"character":0,"platform":18,"runframes":15638,"runend":1020,"unknown1":2785,"unknown2":453,"rank":3491,"percentile":37.11711711711712}},"tenDayPercentiles":[],"tenDayDecayingPercentileScore":0,"scoresByDay":[],"rankSummary":{"mean":3491,"median":3491,"max":3491,"min":3491},"percentileSummary":{"mean":37.11711711711712,"median":37.11711711711712,"max":37.11711711711712,"min":37.11711711711712}}