{"name":"CDUB73","scoreData":{"2020-09-25":{"id":5771461107136664000,"name":"CDUB73","score":22500,"level":4,"character":3,"platform":48,"runframes":17839,"runend":1019,"unknown1":4294967199,"unknown2":22,"rank":703,"percentile":69.45169712793734}},"tenDayPercentiles":[],"tenDayDecayingPercentileScore":0,"scoresByDay":[],"rankSummary":{"mean":703,"median":703,"max":703,"min":703},"percentileSummary":{"mean":69.45169712793734,"median":69.45169712793734,"max":69.45169712793734,"min":69.45169712793734}}