{"name":"Cebby89","scoreData":{"2020-11-09":{"id":76561198095729730,"name":"Cebby89","score":13800,"level":2,"character":15,"platform":48,"runframes":10431,"runend":1021,"unknown1":2718,"unknown2":145,"rank":3026,"percentile":30.666972266788903}},"tenDayPercentiles":[],"tenDayDecayingPercentileScore":0,"scoresByDay":[],"rankSummary":{"mean":3026,"median":3026,"max":3026,"min":3026},"percentileSummary":{"mean":30.666972266788903,"median":30.666972266788903,"max":30.666972266788903,"min":30.666972266788903}}