{"name":"Cecilian","scoreData":{"2020-11-20":{"id":76561197996620750,"name":"Cecilian","score":40925,"level":6,"character":2,"platform":18,"runframes":32148,"runend":1017,"unknown1":4294964057,"unknown2":4294965403,"rank":1484,"percentile":63.29207920792079}},"tenDayPercentiles":[63.29207920792079],"tenDayDecayingPercentileScore":56.96287128712871,"scoresByDay":[56.96287128712871],"rankSummary":{"mean":1484,"median":1484,"max":1484,"min":1484},"percentileSummary":{"mean":63.29207920792079,"median":63.29207920792079,"max":63.29207920792079,"min":63.29207920792079}}