{"name":"ceh101","scoreData":{"2020-09-22":{"id":7416067030187593000,"name":"ceh101","score":0,"level":1,"character":2,"platform":48,"runframes":3073,"runend":1022,"unknown1":4294966798,"unknown2":4294967222,"rank":2319,"percentile":5.848903330625504}},"tenDayPercentiles":[],"tenDayDecayingPercentileScore":0,"scoresByDay":[],"rankSummary":{"mean":2319,"median":2319,"max":2319,"min":2319},"percentileSummary":{"mean":5.848903330625504,"median":5.848903330625504,"max":5.848903330625504,"min":5.848903330625504}}