{"name":"CEO_of_Checkers","scoreData":{"2020-09-23":{"id":5182517705696596000,"name":"CEO_of_Checkers","score":8700,"level":2,"character":2,"platform":48,"runframes":7771,"runend":1021,"unknown1":4294966297,"unknown2":4294965569,"rank":1962,"percentile":18.4954280964256}},"tenDayPercentiles":[],"tenDayDecayingPercentileScore":0,"scoresByDay":[],"rankSummary":{"mean":1962,"median":1962,"max":1962,"min":1962},"percentileSummary":{"mean":18.4954280964256,"median":18.4954280964256,"max":18.4954280964256,"min":18.4954280964256}}