{"name":"certified hood classic","scoreData":{"2020-10-12":{"id":9210212996348632000,"name":"certified hood classic","score":4000,"level":2,"character":7,"platform":18,"runframes":3724,"runend":1021,"unknown1":22,"unknown2":416,"rank":4773,"percentile":20.254010695187162}},"tenDayPercentiles":[],"tenDayDecayingPercentileScore":0,"scoresByDay":[],"rankSummary":{"mean":4773,"median":4773,"max":4773,"min":4773},"percentileSummary":{"mean":20.254010695187162,"median":20.254010695187162,"max":20.254010695187162,"min":20.254010695187162}}