{"name":"Ch-Suess","scoreData":{"2020-11-08":{"id":3462517507127518700,"name":"Ch-Suess","score":4600,"level":3,"character":3,"platform":18,"runframes":15403,"runend":1020,"unknown1":4294965178,"unknown2":640,"rank":2743,"percentile":41.84517497348887}},"tenDayPercentiles":[],"tenDayDecayingPercentileScore":0,"scoresByDay":[],"rankSummary":{"mean":2743,"median":2743,"max":2743,"min":2743},"percentileSummary":{"mean":41.84517497348887,"median":41.84517497348887,"max":41.84517497348887,"min":41.84517497348887}}