{"name":"CH4P-TP","scoreData":{"2020-10-18":{"id":76561198047623200,"name":"CH4P-TP","score":42450,"level":5,"character":4,"platform":18,"runframes":33928,"runend":1018,"unknown1":4294966959,"unknown2":637,"rank":2521,"percentile":57.48987854251012}},"tenDayPercentiles":[],"tenDayDecayingPercentileScore":0,"scoresByDay":[],"rankSummary":{"mean":2521,"median":2521,"max":2521,"min":2521},"percentileSummary":{"mean":57.48987854251012,"median":57.48987854251012,"max":57.48987854251012,"min":57.48987854251012}}