{"name":"CH_indi_jones","scoreData":{"2020-10-11":{"id":76561198038039870,"name":"CH_indi_jones","score":4600,"level":1,"character":3,"platform":48,"runframes":3158,"runend":1022,"unknown1":4294964194,"unknown2":4294966059,"rank":5728,"percentile":9.811023622047244}},"tenDayPercentiles":[],"tenDayDecayingPercentileScore":0,"scoresByDay":[],"rankSummary":{"mean":5728,"median":5728,"max":5728,"min":5728},"percentileSummary":{"mean":9.811023622047244,"median":9.811023622047244,"max":9.811023622047244,"min":9.811023622047244}}