{"name":"Chabz","scoreData":{"2020-10-18":{"id":76561198328287620,"name":"Chabz","score":58425,"level":5,"character":4,"platform":18,"runframes":42278,"runend":1018,"unknown1":374,"unknown2":4294965216,"rank":2250,"percentile":62.06140350877193}},"tenDayPercentiles":[],"tenDayDecayingPercentileScore":0,"scoresByDay":[],"rankSummary":{"mean":2250,"median":2250,"max":2250,"min":2250},"percentileSummary":{"mean":62.06140350877193,"median":62.06140350877193,"max":62.06140350877193,"min":62.06140350877193}}