{"name":"Chaba Gz","scoreData":{"2020-10-05":{"id":76561197995602540,"name":"Chaba Gz","score":4200,"level":1,"character":1,"platform":18,"runframes":5711,"runend":1022,"unknown1":4294964434,"unknown2":1537,"rank":5716,"percentile":16.103934233705232}},"tenDayPercentiles":[],"tenDayDecayingPercentileScore":0,"scoresByDay":[],"rankSummary":{"mean":5716,"median":5716,"max":5716,"min":5716},"percentileSummary":{"mean":16.103934233705232,"median":16.103934233705232,"max":16.103934233705232,"min":16.103934233705232}}