{"name":"chaeheejun","scoreData":{"2020-09-17":{"id":6355653526697703000,"name":"chaeheejun","score":3200,"level":2,"character":7,"platform":48,"runframes":2843,"runend":1021,"unknown1":4294966916,"unknown2":4,"rank":1918,"percentile":32.189600282985495}},"tenDayPercentiles":[],"tenDayDecayingPercentileScore":0,"scoresByDay":[],"rankSummary":{"mean":1918,"median":1918,"max":1918,"min":1918},"percentileSummary":{"mean":32.189600282985495,"median":32.189600282985495,"max":32.189600282985495,"min":32.189600282985495}}