{"name":"Chango","scoreData":{"2020-09-29":{"id":6997197196066428000,"name":"Chango","score":3200,"level":3,"character":2,"platform":18,"runframes":8131,"runend":1020,"unknown1":4294965984,"unknown2":2176,"rank":3344,"percentile":40.21816881258942}},"tenDayPercentiles":[],"tenDayDecayingPercentileScore":0,"scoresByDay":[],"rankSummary":{"mean":3344,"median":3344,"max":3344,"min":3344},"percentileSummary":{"mean":40.21816881258942,"median":40.21816881258942,"max":40.21816881258942,"min":40.21816881258942}}