{"name":"ChanandIer_Bong_","scoreData":{"2020-10-16":{"id":76561198275710850,"name":"ChanandIer_Bong_","score":21575,"level":5,"character":4,"platform":48,"runframes":27688,"runend":1018,"unknown1":2716,"unknown2":704,"rank":986,"percentile":82.4326734439094}},"tenDayPercentiles":[],"tenDayDecayingPercentileScore":0,"scoresByDay":[],"rankSummary":{"mean":986,"median":986,"max":986,"min":986},"percentileSummary":{"mean":82.4326734439094,"median":82.4326734439094,"max":82.4326734439094,"min":82.4326734439094}}