{"name":"Chanime","scoreData":{"2020-11-15":{"id":4434614263256083000,"name":"Chanime","score":5200,"level":1,"character":3,"platform":18,"runframes":2719,"runend":1022,"unknown1":4294965216,"unknown2":4294964124,"rank":3952,"percentile":8.180339298164071}},"tenDayPercentiles":[8.180339298164071],"tenDayDecayingPercentileScore":4.3473676969556125,"scoresByDay":[4.3473676969556125],"rankSummary":{"mean":3952,"median":3952,"max":3952,"min":3952},"percentileSummary":{"mean":8.180339298164071,"median":8.180339298164071,"max":8.180339298164071,"min":8.180339298164071}}