{"name":"ChAoSvsDeAtH","scoreData":{"2020-10-01":{"id":4485992464870021600,"name":"ChAoSvsDeAtH","score":35375,"level":9,"character":2,"platform":48,"runframes":69415,"runend":1014,"unknown1":2167,"unknown2":1514,"rank":484,"percentile":93.72238107616324}},"tenDayPercentiles":[],"tenDayDecayingPercentileScore":0,"scoresByDay":[],"rankSummary":{"mean":484,"median":484,"max":484,"min":484},"percentileSummary":{"mean":93.72238107616324,"median":93.72238107616324,"max":93.72238107616324,"min":93.72238107616324}}