{"name":"chaotic good boy?","scoreData":{"2020-10-18":{"id":1753925855797266000,"name":"chaotic good boy?","score":19550,"level":9,"character":4,"platform":18,"runframes":49637,"runend":1014,"unknown1":4294965634,"unknown2":1627,"rank":1076,"percentile":81.86572199730094}},"tenDayPercentiles":[],"tenDayDecayingPercentileScore":0,"scoresByDay":[],"rankSummary":{"mean":1076,"median":1076,"max":1076,"min":1076},"percentileSummary":{"mean":81.86572199730094,"median":81.86572199730094,"max":81.86572199730094,"min":81.86572199730094}}