{"name":"Charp","scoreData":{"2020-10-09":{"id":777792983719621400,"name":"Charp","score":6500,"level":1,"character":2,"platform":18,"runframes":3211,"runend":1022,"unknown1":740,"unknown2":4294963093,"rank":5785,"percentile":7.780612244897952}},"tenDayPercentiles":[],"tenDayDecayingPercentileScore":0,"scoresByDay":[],"rankSummary":{"mean":5785,"median":5785,"max":5785,"min":5785},"percentileSummary":{"mean":7.780612244897952,"median":7.780612244897952,"max":7.780612244897952,"min":7.780612244897952}}