{"name":"charcharbinks64","scoreData":{"2020-10-11":{"id":76561197972504240,"name":"charcharbinks64","score":0,"level":1,"character":3,"platform":18,"runframes":1353,"runend":1022,"unknown1":4294962835,"unknown2":4294961639,"rank":6321,"percentile":0.47244094488189603}},"tenDayPercentiles":[],"tenDayDecayingPercentileScore":0,"scoresByDay":[],"rankSummary":{"mean":6321,"median":6321,"max":6321,"min":6321},"percentileSummary":{"mean":0.47244094488189603,"median":0.47244094488189603,"max":0.47244094488189603,"min":0.47244094488189603}}