{"name":"Chaser","scoreData":{"2020-11-22":{"id":8093574633403009000,"name":"Chaser","score":135450,"level":9,"character":7,"platform":18,"runframes":107696,"runend":1014,"unknown1":4294965571,"unknown2":4294965102,"rank":216,"percentile":94.6236559139785}},"tenDayPercentiles":[],"tenDayDecayingPercentileScore":0,"scoresByDay":[],"rankSummary":{"mean":216,"median":216,"max":216,"min":216},"percentileSummary":{"mean":94.6236559139785,"median":94.6236559139785,"max":94.6236559139785,"min":94.6236559139785}}