{"name":"Chauden","scoreData":{"2020-10-21":{"id":2670032632383913000,"name":"Chauden","score":1800,"level":2,"character":0,"platform":18,"runframes":5268,"runend":1021,"unknown1":4294965395,"unknown2":562,"rank":4648,"percentile":13.431445603576748}},"tenDayPercentiles":[],"tenDayDecayingPercentileScore":0,"scoresByDay":[],"rankSummary":{"mean":4648,"median":4648,"max":4648,"min":4648},"percentileSummary":{"mean":13.431445603576748,"median":13.431445603576748,"max":13.431445603576748,"min":13.431445603576748}}