{"name":"chavarocks","scoreData":{"2020-09-30":{"id":76561198013866800,"name":"chavarocks","score":6300,"level":4,"character":0,"platform":18,"runframes":76755,"runend":1019,"unknown1":281,"unknown2":20,"rank":2040,"percentile":73.6017607457276}},"tenDayPercentiles":[],"tenDayDecayingPercentileScore":0,"scoresByDay":[],"rankSummary":{"mean":2040,"median":2040,"max":2040,"min":2040},"percentileSummary":{"mean":73.6017607457276,"median":73.6017607457276,"max":73.6017607457276,"min":73.6017607457276}}