{"name":"Chazer8er","scoreData":{"2020-10-02":{"id":1815689895588353300,"name":"Chazer8er","score":7100,"level":3,"character":2,"platform":18,"runframes":12689,"runend":1020,"unknown1":4294966817,"unknown2":4294961284,"rank":3543,"percentile":52.539193353879135}},"tenDayPercentiles":[],"tenDayDecayingPercentileScore":0,"scoresByDay":[],"rankSummary":{"mean":3543,"median":3543,"max":3543,"min":3543},"percentileSummary":{"mean":52.539193353879135,"median":52.539193353879135,"max":52.539193353879135,"min":52.539193353879135}}