{"name":"CheezE_BU","scoreData":{"2020-09-16":{"id":3736158894894624300,"name":"CheezE_BU","score":9700,"level":2,"character":0,"platform":48,"runframes":4147,"runend":1021,"unknown1":4294967091,"unknown2":4294966585,"rank":2279,"percentile":26.182760855476346}},"tenDayPercentiles":[],"tenDayDecayingPercentileScore":0,"scoresByDay":[],"rankSummary":{"mean":2279,"median":2279,"max":2279,"min":2279},"percentileSummary":{"mean":26.182760855476346,"median":26.182760855476346,"max":26.182760855476346,"min":26.182760855476346}}