{"name":"CheeezyMooonky","scoreData":{"2020-09-21":{"id":5425625709392375000,"name":"CheeezyMooonky","score":3800,"level":2,"character":1,"platform":48,"runframes":4503,"runend":1021,"unknown1":192,"unknown2":170,"rank":1894,"percentile":24.189026832198635}},"tenDayPercentiles":[],"tenDayDecayingPercentileScore":0,"scoresByDay":[],"rankSummary":{"mean":1894,"median":1894,"max":1894,"min":1894},"percentileSummary":{"mean":24.189026832198635,"median":24.189026832198635,"max":24.189026832198635,"min":24.189026832198635}}