{"name":"Cheems-san","scoreData":{"2020-10-21":{"id":76561197977073980,"name":"Cheems-san","score":9300,"level":2,"character":5,"platform":18,"runframes":3697,"runend":1021,"unknown1":4294963873,"unknown2":4294964289,"rank":3757,"percentile":30.029806259314455}},"tenDayPercentiles":[],"tenDayDecayingPercentileScore":0,"scoresByDay":[],"rankSummary":{"mean":3757,"median":3757,"max":3757,"min":3757},"percentileSummary":{"mean":30.029806259314455,"median":30.029806259314455,"max":30.029806259314455,"min":30.029806259314455}}