{"name":"Cheff","scoreData":{"2020-10-30":{"id":76561198054805600,"name":"Cheff","score":14800,"level":3,"character":0,"platform":18,"runframes":14890,"runend":1020,"unknown1":764,"unknown2":48,"rank":1640,"percentile":65.48747104653611}},"tenDayPercentiles":[],"tenDayDecayingPercentileScore":0,"scoresByDay":[],"rankSummary":{"mean":1640,"median":1640,"max":1640,"min":1640},"percentileSummary":{"mean":65.48747104653611,"median":65.48747104653611,"max":65.48747104653611,"min":65.48747104653611}}