{"name":"chefe-primario","scoreData":{"2020-11-13":{"id":76561198069633180,"name":"chefe-primario","score":4000,"level":1,"character":0,"platform":48,"runframes":2966,"runend":1022,"unknown1":4294965701,"unknown2":1830,"rank":3986,"percentile":5.11904761904762}},"tenDayPercentiles":[5.11904761904762],"tenDayDecayingPercentileScore":2.4484246071428584,"scoresByDay":[2.4484246071428584],"rankSummary":{"mean":3986,"median":3986,"max":3986,"min":3986},"percentileSummary":{"mean":5.11904761904762,"median":5.11904761904762,"max":5.11904761904762,"min":5.11904761904762}}