{"name":"Cherry_Lemn","scoreData":{"2020-10-25":{"id":76561198111488200,"name":"Cherry_Lemn","score":25400,"level":3,"character":0,"platform":48,"runframes":14310,"runend":1020,"unknown1":2610,"unknown2":224,"rank":3041,"percentile":45.22522522522523}},"tenDayPercentiles":[],"tenDayDecayingPercentileScore":0,"scoresByDay":[],"rankSummary":{"mean":3041,"median":3041,"max":3041,"min":3041},"percentileSummary":{"mean":45.22522522522523,"median":45.22522522522523,"max":45.22522522522523,"min":45.22522522522523}}