{"name":"chesterthecat512","scoreData":{"2020-10-29":{"id":76561198038801220,"name":"chesterthecat512","score":2600,"level":2,"character":2,"platform":48,"runframes":16480,"runend":1021,"unknown1":384,"unknown2":260,"rank":4003,"percentile":16.3286640183985}},"tenDayPercentiles":[],"tenDayDecayingPercentileScore":0,"scoresByDay":[],"rankSummary":{"mean":4003,"median":4003,"max":4003,"min":4003},"percentileSummary":{"mean":16.3286640183985,"median":16.3286640183985,"max":16.3286640183985,"min":16.3286640183985}}