{"name":"ChicoZ","scoreData":{"2020-10-05":{"id":76561198836625500,"name":"ChicoZ","score":40475,"level":6,"character":0,"platform":18,"runframes":43303,"runend":1017,"unknown1":4294962525,"unknown2":95,"rank":1549,"percentile":77.27539635936583}},"tenDayPercentiles":[],"tenDayDecayingPercentileScore":0,"scoresByDay":[],"rankSummary":{"mean":1549,"median":1549,"max":1549,"min":1549},"percentileSummary":{"mean":77.27539635936583,"median":77.27539635936583,"max":77.27539635936583,"min":77.27539635936583}}