{"name":"chick8n","scoreData":{"2020-10-24":{"id":76561198292559920,"name":"chick8n","score":7500,"level":2,"character":0,"platform":48,"runframes":5559,"runend":1021,"unknown1":4294965009,"unknown2":4294966881,"rank":4048,"percentile":24.66492926284438}},"tenDayPercentiles":[],"tenDayDecayingPercentileScore":0,"scoresByDay":[],"rankSummary":{"mean":4048,"median":4048,"max":4048,"min":4048},"percentileSummary":{"mean":24.66492926284438,"median":24.66492926284438,"max":24.66492926284438,"min":24.66492926284438}}