{"name":"chichi","scoreData":{"2020-10-23":{"id":1712404017541535500,"name":"chichi","score":53725,"level":9,"character":5,"platform":18,"runframes":60462,"runend":1014,"unknown1":1674,"unknown2":364,"rank":935,"percentile":82.11070676115686}},"tenDayPercentiles":[],"tenDayDecayingPercentileScore":0,"scoresByDay":[],"rankSummary":{"mean":935,"median":935,"max":935,"min":935},"percentileSummary":{"mean":82.11070676115686,"median":82.11070676115686,"max":82.11070676115686,"min":82.11070676115686}}