{"name":"Chidori","scoreData":{"2020-10-05":{"id":4265718764937814500,"name":"Chidori","score":15725,"level":6,"character":0,"platform":18,"runframes":20585,"runend":1017,"unknown1":4294964569,"unknown2":4294964296,"rank":1878,"percentile":72.44568408690546}},"tenDayPercentiles":[],"tenDayDecayingPercentileScore":0,"scoresByDay":[],"rankSummary":{"mean":1878,"median":1878,"max":1878,"min":1878},"percentileSummary":{"mean":72.44568408690546,"median":72.44568408690546,"max":72.44568408690546,"min":72.44568408690546}}