{"name":"Chief-Beef-Salsa","scoreData":{"2020-10-02":{"id":76561197994728100,"name":"Chief-Beef-Salsa","score":13000,"level":2,"character":7,"platform":18,"runframes":4568,"runend":1021,"unknown1":4294966546,"unknown2":4294966316,"rank":4342,"percentile":41.833043012193485}},"tenDayPercentiles":[],"tenDayDecayingPercentileScore":0,"scoresByDay":[],"rankSummary":{"mean":4342,"median":4342,"max":4342,"min":4342},"percentileSummary":{"mean":41.833043012193485,"median":41.833043012193485,"max":41.833043012193485,"min":41.833043012193485}}