{"name":"Chigbunky","scoreData":{"2020-11-12":{"id":76561198027196450,"name":"Chigbunky","score":17600,"level":2,"character":11,"platform":18,"runframes":6874,"runend":1021,"unknown1":2274,"unknown2":82,"rank":1936,"percentile":54.62007504690432}},"tenDayPercentiles":[54.62007504690432],"tenDayDecayingPercentileScore":23.512151315431527,"scoresByDay":[23.512151315431527],"rankSummary":{"mean":1936,"median":1936,"max":1936,"min":1936},"percentileSummary":{"mean":54.62007504690432,"median":54.62007504690432,"max":54.62007504690432,"min":54.62007504690432}}