{"name":"chilledman","scoreData":{"2020-10-13":{"id":204915148611656060,"name":"chilledman","score":0,"level":1,"character":0,"platform":48,"runframes":1997,"runend":1022,"unknown1":4294964546,"unknown2":4294965955,"rank":5731,"percentile":2.3017902813299145}},"tenDayPercentiles":[],"tenDayDecayingPercentileScore":0,"scoresByDay":[],"rankSummary":{"mean":5731,"median":5731,"max":5731,"min":5731},"percentileSummary":{"mean":2.3017902813299145,"median":2.3017902813299145,"max":2.3017902813299145,"min":2.3017902813299145}}