{"name":"Chilip","scoreData":{"2020-10-01":{"id":5785051724040578000,"name":"Chilip","score":45475,"level":5,"character":3,"platform":18,"runframes":29198,"runend":1018,"unknown1":3064,"unknown2":2479,"rank":1550,"percentile":79.86742916558357}},"tenDayPercentiles":[],"tenDayDecayingPercentileScore":0,"scoresByDay":[],"rankSummary":{"mean":1550,"median":1550,"max":1550,"min":1550},"percentileSummary":{"mean":79.86742916558357,"median":79.86742916558357,"max":79.86742916558357,"min":79.86742916558357}}