{"name":"chimmichannga","scoreData":{"2020-10-12":{"id":76561198037776830,"name":"chimmichannga","score":3100,"level":1,"character":2,"platform":48,"runframes":4033,"runend":1022,"unknown1":5562,"unknown2":4294967181,"rank":5485,"percentile":8.355614973262021}},"tenDayPercentiles":[],"tenDayDecayingPercentileScore":0,"scoresByDay":[],"rankSummary":{"mean":5485,"median":5485,"max":5485,"min":5485},"percentileSummary":{"mean":8.355614973262021,"median":8.355614973262021,"max":8.355614973262021,"min":8.355614973262021}}