{"name":"Chinicster","scoreData":{"2020-10-10":{"id":76561198027907340,"name":"Chinicster","score":5100,"level":1,"character":3,"platform":48,"runframes":5005,"runend":1022,"unknown1":4294965221,"unknown2":13,"rank":5111,"percentile":22.528805336567615}},"tenDayPercentiles":[],"tenDayDecayingPercentileScore":0,"scoresByDay":[],"rankSummary":{"mean":5111,"median":5111,"max":5111,"min":5111},"percentileSummary":{"mean":22.528805336567615,"median":22.528805336567615,"max":22.528805336567615,"min":22.528805336567615}}