{"name":"chingidy","scoreData":{"2020-10-01":{"id":76561198105568060,"name":"chingidy","score":14425,"level":5,"character":18,"platform":18,"runframes":19695,"runend":1018,"unknown1":4294966899,"unknown2":4294961854,"rank":2180,"percentile":71.67923056927476}},"tenDayPercentiles":[],"tenDayDecayingPercentileScore":0,"scoresByDay":[],"rankSummary":{"mean":2180,"median":2180,"max":2180,"min":2180},"percentileSummary":{"mean":71.67923056927476,"median":71.67923056927476,"max":71.67923056927476,"min":71.67923056927476}}