{"name":"chincaca","scoreData":{"2020-10-28":{"id":76561197993920000,"name":"chincaca","score":12000,"level":2,"character":0,"platform":18,"runframes":7807,"runend":1021,"unknown1":4232,"unknown2":2287,"rank":3710,"percentile":24.6291404186141}},"tenDayPercentiles":[],"tenDayDecayingPercentileScore":0,"scoresByDay":[],"rankSummary":{"mean":3710,"median":3710,"max":3710,"min":3710},"percentileSummary":{"mean":24.6291404186141,"median":24.6291404186141,"max":24.6291404186141,"min":24.6291404186141}}