{"name":"chirpyburritttto","scoreData":{"2020-11-16":{"id":76561198363687550,"name":"chirpyburritttto","score":10700,"level":2,"character":2,"platform":48,"runframes":14587,"runend":1021,"unknown1":441,"unknown2":266,"rank":2479,"percentile":36.52663934426229}},"tenDayPercentiles":[36.52663934426229],"tenDayDecayingPercentileScore":23.965128073770494,"scoresByDay":[23.965128073770494],"rankSummary":{"mean":2479,"median":2479,"max":2479,"min":2479},"percentileSummary":{"mean":36.52663934426229,"median":36.52663934426229,"max":36.52663934426229,"min":36.52663934426229}}