{"name":"chl","scoreData":{"2020-10-19":{"id":76561198070801890,"name":"chl","score":11800,"level":4,"character":3,"platform":18,"runframes":6241,"runend":1019,"unknown1":4294964186,"unknown2":868,"rank":2552,"percentile":52.29992520568437}},"tenDayPercentiles":[],"tenDayDecayingPercentileScore":0,"scoresByDay":[],"rankSummary":{"mean":2552,"median":2552,"max":2552,"min":2552},"percentileSummary":{"mean":52.29992520568437,"median":52.29992520568437,"max":52.29992520568437,"min":52.29992520568437}}