{"name":"Chocharras","scoreData":{"2020-10-06":{"id":76561198427607300,"name":"Chocharras","score":5000,"level":2,"character":7,"platform":48,"runframes":2998,"runend":1021,"unknown1":4294963234,"unknown2":2,"rank":5729,"percentile":15.7027225901398}},"tenDayPercentiles":[],"tenDayDecayingPercentileScore":0,"scoresByDay":[],"rankSummary":{"mean":5729,"median":5729,"max":5729,"min":5729},"percentileSummary":{"mean":15.7027225901398,"median":15.7027225901398,"max":15.7027225901398,"min":15.7027225901398}}