{"name":"chol8525","scoreData":{"2020-10-07":{"id":76561199096342620,"name":"chol8525","score":0,"level":1,"character":0,"platform":18,"runframes":1404,"runend":1022,"unknown1":4294967179,"unknown2":824,"rank":6510,"percentile":0.22992029429798322}},"tenDayPercentiles":[],"tenDayDecayingPercentileScore":0,"scoresByDay":[],"rankSummary":{"mean":6510,"median":6510,"max":6510,"min":6510},"percentileSummary":{"mean":0.22992029429798322,"median":0.22992029429798322,"max":0.22992029429798322,"min":0.22992029429798322}}