{"name":"Choose-The-Goose","scoreData":{"2020-11-11":{"id":2828596319535879000,"name":"Choose-The-Goose","score":17500,"level":3,"character":2,"platform":48,"runframes":9158,"runend":1020,"unknown1":4294965689,"unknown2":4294963869,"rank":3252,"percentile":26.91097122302159}},"tenDayPercentiles":[],"tenDayDecayingPercentileScore":0,"scoresByDay":[],"rankSummary":{"mean":3252,"median":3252,"max":3252,"min":3252},"percentileSummary":{"mean":26.91097122302159,"median":26.91097122302159,"max":26.91097122302159,"min":26.91097122302159}}