{"name":"chowderd","scoreData":{"2020-10-24":{"id":76561197999668510,"name":"chowderd","score":6700,"level":2,"character":0,"platform":48,"runframes":7844,"runend":1021,"unknown1":4294962776,"unknown2":4294966891,"rank":4117,"percentile":23.38049143708116}},"tenDayPercentiles":[],"tenDayDecayingPercentileScore":0,"scoresByDay":[],"rankSummary":{"mean":4117,"median":4117,"max":4117,"min":4117},"percentileSummary":{"mean":23.38049143708116,"median":23.38049143708116,"max":23.38049143708116,"min":23.38049143708116}}