{"name":"choyongwoo26","scoreData":{"2020-09-30":{"id":76561198035579040,"name":"choyongwoo26","score":14900,"level":2,"character":0,"platform":18,"runframes":13882,"runend":1021,"unknown1":1479,"unknown2":2423,"rank":4581,"percentile":40.70429829104091}},"tenDayPercentiles":[],"tenDayDecayingPercentileScore":0,"scoresByDay":[],"rankSummary":{"mean":4581,"median":4581,"max":4581,"min":4581},"percentileSummary":{"mean":40.70429829104091,"median":40.70429829104091,"max":40.70429829104091,"min":40.70429829104091}}