{"name":"chriswade","scoreData":{"2020-10-01":{"id":76561198460677260,"name":"chriswade","score":5700,"level":1,"character":3,"platform":18,"runframes":2588,"runend":1022,"unknown1":4294960077,"unknown2":4294960224,"rank":5766,"percentile":25.071484273459845}},"tenDayPercentiles":[],"tenDayDecayingPercentileScore":0,"scoresByDay":[],"rankSummary":{"mean":5766,"median":5766,"max":5766,"min":5766},"percentileSummary":{"mean":25.071484273459845,"median":25.071484273459845,"max":25.071484273459845,"min":25.071484273459845}}