{"name":"Chris62442","scoreData":{"2020-09-18":{"id":1689807727784091400,"name":"Chris62442","score":3200,"level":2,"character":2,"platform":48,"runframes":5225,"runend":1021,"unknown1":4294966159,"unknown2":4294965772,"rank":2277,"percentile":18.59799713876967}},"tenDayPercentiles":[],"tenDayDecayingPercentileScore":0,"scoresByDay":[],"rankSummary":{"mean":2277,"median":2277,"max":2277,"min":2277},"percentileSummary":{"mean":18.59799713876967,"median":18.59799713876967,"max":18.59799713876967,"min":18.59799713876967}}