{"name":"chrisdrackett","scoreData":{"2020-09-17":{"id":8861514641302685000,"name":"chrisdrackett","score":17100,"level":3,"character":0,"platform":48,"runframes":27821,"runend":1020,"unknown1":1380,"unknown2":482,"rank":1073,"percentile":62.079943402900604}},"tenDayPercentiles":[],"tenDayDecayingPercentileScore":0,"scoresByDay":[],"rankSummary":{"mean":1073,"median":1073,"max":1073,"min":1073},"percentileSummary":{"mean":62.079943402900604,"median":62.079943402900604,"max":62.079943402900604,"min":62.079943402900604}}