{"name":"Chrismas_95","scoreData":{"2020-09-15":{"id":4114836211678083600,"name":"Chrismas_95","score":49800,"level":8,"character":2,"platform":48,"runframes":56397,"runend":1015,"unknown1":4294966273,"unknown2":54,"rank":31,"percentile":98.34801762114537}},"tenDayPercentiles":[],"tenDayDecayingPercentileScore":0,"scoresByDay":[],"rankSummary":{"mean":31,"median":31,"max":31,"min":31},"percentileSummary":{"mean":98.34801762114537,"median":98.34801762114537,"max":98.34801762114537,"min":98.34801762114537}}