{"name":"chrisnorth90","scoreData":{"2020-10-11":{"id":76561198038485090,"name":"chrisnorth90","score":2800,"level":1,"character":0,"platform":18,"runframes":2439,"runend":1022,"unknown1":2758,"unknown2":652,"rank":5949,"percentile":6.330708661417333}},"tenDayPercentiles":[],"tenDayDecayingPercentileScore":0,"scoresByDay":[],"rankSummary":{"mean":5949,"median":5949,"max":5949,"min":5949},"percentileSummary":{"mean":6.330708661417333,"median":6.330708661417333,"max":6.330708661417333,"min":6.330708661417333}}