{"name":"chrism","scoreData":{"2020-09-29":{"id":76561198027907340,"name":"chrism","score":5900,"level":2,"character":0,"platform":18,"runframes":2822,"runend":1021,"unknown1":4294965170,"unknown2":4294964381,"rank":4149,"percentile":25.822603719599428}},"tenDayPercentiles":[],"tenDayDecayingPercentileScore":0,"scoresByDay":[],"rankSummary":{"mean":4149,"median":4149,"max":4149,"min":4149},"percentileSummary":{"mean":25.822603719599428,"median":25.822603719599428,"max":25.822603719599428,"min":25.822603719599428}}