{"name":"Chromos_CA","scoreData":{"2020-11-15":{"id":76561197981554980,"name":"Chromos_CA","score":5800,"level":2,"character":3,"platform":48,"runframes":7173,"runend":1021,"unknown1":4294966335,"unknown2":4294967221,"rank":3718,"percentile":13.618405763420867}},"tenDayPercentiles":[13.618405763420867],"tenDayDecayingPercentileScore":8.041532419242388,"scoresByDay":[8.041532419242388],"rankSummary":{"mean":3718,"median":3718,"max":3718,"min":3718},"percentileSummary":{"mean":13.618405763420867,"median":13.618405763420867,"max":13.618405763420867,"min":13.618405763420867}}