{"name":"Chronos_45","scoreData":{"2020-11-19":{"id":76561197970288110,"name":"Chronos_45","score":3000,"level":1,"character":3,"platform":48,"runframes":5637,"runend":1022,"unknown1":4294964811,"unknown2":4294965420,"rank":3719,"percentile":4.813108038914493}},"tenDayPercentiles":[],"tenDayDecayingPercentileScore":0,"scoresByDay":[],"rankSummary":{"mean":3719,"median":3719,"max":3719,"min":3719},"percentileSummary":{"mean":4.813108038914493,"median":4.813108038914493,"max":4.813108038914493,"min":4.813108038914493}}