{"name":"ChromaticGray","scoreData":{"2020-11-21":{"id":76561198006354320,"name":"ChromaticGray","score":16100,"level":4,"character":8,"platform":18,"runframes":13415,"runend":1019,"unknown1":4294964098,"unknown2":4294966996,"rank":2494,"percentile":39.94218260660082}},"tenDayPercentiles":[39.94218260660082],"tenDayDecayingPercentileScore":35.94796434594073,"scoresByDay":[35.94796434594073],"rankSummary":{"mean":2494,"median":2494,"max":2494,"min":2494},"percentileSummary":{"mean":39.94218260660082,"median":39.94218260660082,"max":39.94218260660082,"min":39.94218260660082}}