{"name":"Chubbs","scoreData":{"2020-10-17":{"id":3353141601910738000,"name":"Chubbs","score":23525,"level":6,"character":4,"platform":18,"runframes":37875,"runend":1017,"unknown1":3322,"unknown2":1595,"rank":1736,"percentile":70.33173734610124}},"tenDayPercentiles":[],"tenDayDecayingPercentileScore":0,"scoresByDay":[],"rankSummary":{"mean":1736,"median":1736,"max":1736,"min":1736},"percentileSummary":{"mean":70.33173734610124,"median":70.33173734610124,"max":70.33173734610124,"min":70.33173734610124}}