{"name":"ChubbWant","scoreData":{"2020-09-20":{"id":9032315744066605000,"name":"ChubbWant","score":5600,"level":1,"character":2,"platform":48,"runframes":2636,"runend":1022,"unknown1":4294966538,"unknown2":4294965969,"rank":2651,"percentile":10.894418291862806}},"tenDayPercentiles":[],"tenDayDecayingPercentileScore":0,"scoresByDay":[],"rankSummary":{"mean":2651,"median":2651,"max":2651,"min":2651},"percentileSummary":{"mean":10.894418291862806,"median":10.894418291862806,"max":10.894418291862806,"min":10.894418291862806}}