{"name":"Chuck","scoreData":{"2020-10-01":{"id":76561197961135870,"name":"Chuck","score":0,"level":1,"character":0,"platform":18,"runframes":549,"runend":1022,"unknown1":1228,"unknown2":141,"rank":7592,"percentile":1.3387054847933513}},"tenDayPercentiles":[],"tenDayDecayingPercentileScore":0,"scoresByDay":[],"rankSummary":{"mean":7592,"median":7592,"max":7592,"min":7592},"percentileSummary":{"mean":1.3387054847933513,"median":1.3387054847933513,"max":1.3387054847933513,"min":1.3387054847933513}}