{"name":"Chunk Stuckley","scoreData":{"2020-11-07":{"id":2671634519837469700,"name":"Chunk Stuckley","score":24400,"level":4,"character":10,"platform":18,"runframes":23798,"runend":1019,"unknown1":420,"unknown2":416,"rank":2292,"percentile":52.03098827470687}},"tenDayDecayingPercentileMean":null,"rankSummary":{"mean":2292,"median":2292,"max":2292,"min":2292},"percentileSummary":{"mean":52.03098827470687,"median":52.03098827470687,"max":52.03098827470687,"min":52.03098827470687}}