{"name":"churdtzu","scoreData":{"2020-10-31":{"id":76561198079955330,"name":"churdtzu","score":18300,"level":2,"character":4,"platform":18,"runframes":12694,"runend":1021,"unknown1":2813,"unknown2":1843,"rank":2895,"percentile":39.11213970124132}},"tenDayPercentiles":[],"tenDayDecayingPercentileScore":0,"scoresByDay":[],"rankSummary":{"mean":2895,"median":2895,"max":2895,"min":2895},"percentileSummary":{"mean":39.11213970124132,"median":39.11213970124132,"max":39.11213970124132,"min":39.11213970124132}}