{"name":"ciangeldenhuys_","scoreData":{"2020-10-10":{"id":76561198070783170,"name":"ciangeldenhuys_","score":4100,"level":3,"character":0,"platform":48,"runframes":7939,"runend":1020,"unknown1":4294964975,"unknown2":4294961321,"rank":2775,"percentile":57.944208611279564}},"tenDayPercentiles":[],"tenDayDecayingPercentileScore":0,"scoresByDay":[],"rankSummary":{"mean":2775,"median":2775,"max":2775,"min":2775},"percentileSummary":{"mean":57.944208611279564,"median":57.944208611279564,"max":57.944208611279564,"min":57.944208611279564}}