{"name":"ciccio_grazie","scoreData":{"2020-10-04":{"id":76561198010408060,"name":"ciccio_grazie","score":1500,"level":1,"character":3,"platform":48,"runframes":1680,"runend":1022,"unknown1":141,"unknown2":393,"rank":7036,"percentile":6.349840255591062}},"tenDayPercentiles":[],"tenDayDecayingPercentileScore":0,"scoresByDay":[],"rankSummary":{"mean":7036,"median":7036,"max":7036,"min":7036},"percentileSummary":{"mean":6.349840255591062,"median":6.349840255591062,"max":6.349840255591062,"min":6.349840255591062}}