{"name":"CidErrant","scoreData":{"2020-11-08":{"id":5140773753220389000,"name":"CidErrant","score":10100,"level":3,"character":4,"platform":48,"runframes":10060,"runend":1020,"unknown1":1102,"unknown2":4294964948,"rank":2409,"percentile":48.92895015906681}},"tenDayPercentiles":[],"tenDayDecayingPercentileScore":0,"scoresByDay":[],"rankSummary":{"mean":2409,"median":2409,"max":2409,"min":2409},"percentileSummary":{"mean":48.92895015906681,"median":48.92895015906681,"max":48.92895015906681,"min":48.92895015906681}}