{"name":"Cinas","scoreData":{"2020-11-10":{"id":8430946508539620000,"name":"Cinas","score":1000,"level":1,"character":3,"platform":18,"runframes":846,"runend":1022,"unknown1":733,"unknown2":4294964921,"rank":4357,"percentile":0.4570383912248559}},"tenDayPercentiles":[0.4570383912248559],"tenDayDecayingPercentileScore":0.17706603702010704,"scoresByDay":[0.17706603702010704],"rankSummary":{"mean":4357,"median":4357,"max":4357,"min":4357},"percentileSummary":{"mean":0.4570383912248559,"median":0.4570383912248559,"max":0.4570383912248559,"min":0.4570383912248559}}