{"name":"CinderBlawz","scoreData":{"2020-09-24":{"id":4106645355729934300,"name":"CinderBlawz","score":6700,"level":4,"character":7,"platform":48,"runframes":8143,"runend":1019,"unknown1":4294966377,"unknown2":4294965259,"rank":745,"percentile":67.73633998265394}},"tenDayPercentiles":[],"tenDayDecayingPercentileScore":0,"scoresByDay":[],"rankSummary":{"mean":745,"median":745,"max":745,"min":745},"percentileSummary":{"mean":67.73633998265394,"median":67.73633998265394,"max":67.73633998265394,"min":67.73633998265394}}