{"name":"cintinnatus","scoreData":{"2020-10-28":{"id":2886479092305692000,"name":"cintinnatus","score":0,"level":1,"character":7,"platform":48,"runframes":1236,"runend":1022,"unknown1":4294964409,"unknown2":912,"rank":4825,"percentile":1.971144076407242}},"tenDayPercentiles":[],"tenDayDecayingPercentileScore":0,"scoresByDay":[],"rankSummary":{"mean":4825,"median":4825,"max":4825,"min":4825},"percentileSummary":{"mean":1.971144076407242,"median":1.971144076407242,"max":1.971144076407242,"min":1.971144076407242}}