{"name":"Cirillannon","scoreData":{"2020-10-03":{"id":5027907039968113000,"name":"Cirillannon","score":8800,"level":2,"character":0,"platform":18,"runframes":7971,"runend":1021,"unknown1":2668,"unknown2":2637,"rank":5351,"percentile":32.26133198278045}},"tenDayPercentiles":[],"tenDayDecayingPercentileScore":0,"scoresByDay":[],"rankSummary":{"mean":5351,"median":5351,"max":5351,"min":5351},"percentileSummary":{"mean":32.26133198278045,"median":32.26133198278045,"max":32.26133198278045,"min":32.26133198278045}}