{"name":"Cirrus Minor","scoreData":{"2020-10-01":{"id":76561198027977730,"name":"Cirrus Minor","score":41350,"level":10,"character":0,"platform":18,"runframes":73153,"runend":1013,"unknown1":735,"unknown2":4294966902,"rank":337,"percentile":95.6329607486353}},"tenDayDecayingPercentileMean":null,"rankSummary":{"mean":337,"median":337,"max":337,"min":337},"percentileSummary":{"mean":95.6329607486353,"median":95.6329607486353,"max":95.6329607486353,"min":95.6329607486353}}