{"name":"CivicJosh","scoreData":{"2020-10-04":{"id":76561198041120980,"name":"CivicJosh","score":6700,"level":2,"character":3,"platform":18,"runframes":11593,"runend":1021,"unknown1":2153,"unknown2":177,"rank":5523,"percentile":26.49094781682642}},"tenDayPercentiles":[],"tenDayDecayingPercentileScore":0,"scoresByDay":[],"rankSummary":{"mean":5523,"median":5523,"max":5523,"min":5523},"percentileSummary":{"mean":26.49094781682642,"median":26.49094781682642,"max":26.49094781682642,"min":26.49094781682642}}