{"name":"CivilAnnihilator","scoreData":{"2020-09-29":{"id":3890259096979028500,"name":"CivilAnnihilator","score":2400,"level":2,"character":0,"platform":48,"runframes":17446,"runend":1021,"unknown1":5328,"unknown2":5078,"rank":4529,"percentile":19.027181688125893}},"tenDayPercentiles":[],"tenDayDecayingPercentileScore":0,"scoresByDay":[],"rankSummary":{"mean":4529,"median":4529,"max":4529,"min":4529},"percentileSummary":{"mean":19.027181688125893,"median":19.027181688125893,"max":19.027181688125893,"min":19.027181688125893}}