{"name":"CJ2","scoreData":{"2020-10-27":{"id":2758638964506866700,"name":"CJ2","score":6600,"level":3,"character":3,"platform":18,"runframes":5985,"runend":1020,"unknown1":4294964170,"unknown2":4294965997,"rank":2894,"percentile":41.87261402451276}},"tenDayPercentiles":[],"tenDayDecayingPercentileScore":0,"scoresByDay":[],"rankSummary":{"mean":2894,"median":2894,"max":2894,"min":2894},"percentileSummary":{"mean":41.87261402451276,"median":41.87261402451276,"max":41.87261402451276,"min":41.87261402451276}}