{"name":"ClarkzDream","scoreData":{"2020-11-11":{"id":76561199616035970,"name":"ClarkzDream","score":9500,"level":4,"character":5,"platform":48,"runframes":14852,"runend":1019,"unknown1":4294964563,"unknown2":332,"rank":2937,"percentile":33.99280575539568}},"tenDayPercentiles":[33.99280575539568],"tenDayDecayingPercentileScore":13.169509428237411,"scoresByDay":[13.169509428237411],"rankSummary":{"mean":2937,"median":2937,"max":2937,"min":2937},"percentileSummary":{"mean":33.99280575539568,"median":33.99280575539568,"max":33.99280575539568,"min":33.99280575539568}}