{"name":"Clay00000","scoreData":{"2020-10-03":{"id":7277585156840262000,"name":"Clay00000","score":15900,"level":2,"character":0,"platform":18,"runframes":6444,"runend":1021,"unknown1":4294964859,"unknown2":103,"rank":3598,"percentile":54.456824512534816}},"tenDayPercentiles":[],"tenDayDecayingPercentileScore":0,"scoresByDay":[],"rankSummary":{"mean":3598,"median":3598,"max":3598,"min":3598},"percentileSummary":{"mean":54.456824512534816,"median":54.456824512534816,"max":54.456824512534816,"min":54.456824512534816}}