{"name":"Clémanche","scoreData":{"2020-10-19":{"id":5971179581768191000,"name":"Clémanche","score":1500,"level":2,"character":0,"platform":18,"runframes":3707,"runend":1021,"unknown1":28,"unknown2":104,"rank":4790,"percentile":10.452505609573677}},"tenDayDecayingPercentileMean":null,"rankSummary":{"mean":4790,"median":4790,"max":4790,"min":4790},"percentileSummary":{"mean":10.452505609573677,"median":10.452505609573677,"max":10.452505609573677,"min":10.452505609573677}}