{"name":"clod strif","scoreData":{"2020-10-09":{"id":76561198465413230,"name":"clod strif","score":8500,"level":1,"character":0,"platform":18,"runframes":1946,"runend":1022,"unknown1":642,"unknown2":4719,"rank":5595,"percentile":10.809948979591837}},"tenDayPercentiles":[],"tenDayDecayingPercentileScore":0,"scoresByDay":[],"rankSummary":{"mean":5595,"median":5595,"max":5595,"min":5595},"percentileSummary":{"mean":10.809948979591837,"median":10.809948979591837,"max":10.809948979591837,"min":10.809948979591837}}