{"name":"Closedsleet","scoreData":{"2020-11-20":{"id":8284505338841923000,"name":"Closedsleet","score":118150,"level":18,"character":19,"platform":18,"runframes":59111,"runend":749,"unknown1":2158,"unknown2":1498,"rank":130,"percentile":96.8069306930693}},"tenDayPercentiles":[],"tenDayDecayingPercentileScore":0,"scoresByDay":[],"rankSummary":{"mean":130,"median":130,"max":130,"min":130},"percentileSummary":{"mean":96.8069306930693,"median":96.8069306930693,"max":96.8069306930693,"min":96.8069306930693}}