{"name":"CloudBear99","scoreData":{"2020-09-28":{"id":6068952801200557000,"name":"CloudBear99","score":118725,"level":13,"character":8,"platform":48,"runframes":84627,"runend":1010,"unknown1":1497,"unknown2":510,"rank":80,"percentile":96.33920296570899}},"tenDayPercentiles":[],"tenDayDecayingPercentileScore":0,"scoresByDay":[],"rankSummary":{"mean":80,"median":80,"max":80,"min":80},"percentileSummary":{"mean":96.33920296570899,"median":96.33920296570899,"max":96.33920296570899,"min":96.33920296570899}}