{"name":"CloutLeach","scoreData":{"2020-09-30":{"id":76561198424143180,"name":"CloutLeach","score":3500,"level":1,"character":0,"platform":48,"runframes":2198,"runend":1022,"unknown1":1316,"unknown2":4294962241,"rank":7418,"percentile":3.974624546866906}},"tenDayPercentiles":[],"tenDayDecayingPercentileScore":0,"scoresByDay":[],"rankSummary":{"mean":7418,"median":7418,"max":7418,"min":7418},"percentileSummary":{"mean":3.974624546866906,"median":3.974624546866906,"max":3.974624546866906,"min":3.974624546866906}}