{"name":"cloveraria","scoreData":{"2020-09-30":{"id":76561198042281380,"name":"cloveraria","score":4000,"level":1,"character":0,"platform":18,"runframes":1530,"runend":1022,"unknown1":1335,"unknown2":1293,"rank":7354,"percentile":4.803210771620925}},"tenDayPercentiles":[],"tenDayDecayingPercentileScore":0,"scoresByDay":[],"rankSummary":{"mean":7354,"median":7354,"max":7354,"min":7354},"percentileSummary":{"mean":4.803210771620925,"median":4.803210771620925,"max":4.803210771620925,"min":4.803210771620925}}