{"name":"Cmkysl48","scoreData":{"2020-09-15":{"id":2094829292836788700,"name":"Cmkysl48","score":7200,"level":2,"character":0,"platform":48,"runframes":7767,"runend":1021,"unknown1":170,"unknown2":256,"rank":1057,"percentile":41.85022026431719}},"tenDayPercentiles":[],"tenDayDecayingPercentileScore":0,"scoresByDay":[],"rankSummary":{"mean":1057,"median":1057,"max":1057,"min":1057},"percentileSummary":{"mean":41.85022026431719,"median":41.85022026431719,"max":41.85022026431719,"min":41.85022026431719}}