{"name":"CobalTech","scoreData":{"2020-11-04":{"id":76561197971330690,"name":"CobalTech","score":21300,"level":2,"character":7,"platform":18,"runframes":13980,"runend":1021,"unknown1":2212,"unknown2":294,"rank":3225,"percentile":28.179995544664735}},"tenDayPercentiles":[],"tenDayDecayingPercentileScore":0,"scoresByDay":[],"rankSummary":{"mean":3225,"median":3225,"max":3225,"min":3225},"percentileSummary":{"mean":28.179995544664735,"median":28.179995544664735,"max":28.179995544664735,"min":28.179995544664735}}