{"name":"Coffee56709","scoreData":{"2020-10-03":{"id":76561198079493140,"name":"Coffee56709","score":8800,"level":2,"character":0,"platform":48,"runframes":10412,"runend":1021,"unknown1":4294965466,"unknown2":129,"rank":5352,"percentile":32.248670549506215}},"tenDayPercentiles":[],"tenDayDecayingPercentileScore":0,"scoresByDay":[],"rankSummary":{"mean":5352,"median":5352,"max":5352,"min":5352},"percentileSummary":{"mean":32.248670549506215,"median":32.248670549506215,"max":32.248670549506215,"min":32.248670549506215}}