{"name":"coffeecorrupts","scoreData":{"2020-09-20":{"id":6727049990545380000,"name":"coffeecorrupts","score":4600,"level":2,"character":3,"platform":48,"runframes":6586,"runend":1021,"unknown1":1717,"unknown2":1142,"rank":2230,"percentile":25.050437121721586}},"tenDayPercentiles":[],"tenDayDecayingPercentileScore":0,"scoresByDay":[],"rankSummary":{"mean":2230,"median":2230,"max":2230,"min":2230},"percentileSummary":{"mean":25.050437121721586,"median":25.050437121721586,"max":25.050437121721586,"min":25.050437121721586}}