{"name":"coincidance","scoreData":{"2020-11-11":{"id":76561198014592850,"name":"coincidance","score":13500,"level":4,"character":5,"platform":18,"runframes":10324,"runend":1019,"unknown1":1841,"unknown2":1950,"rank":2763,"percentile":37.90467625899281}},"tenDayPercentiles":[],"tenDayDecayingPercentileScore":0,"scoresByDay":[],"rankSummary":{"mean":2763,"median":2763,"max":2763,"min":2763},"percentileSummary":{"mean":37.90467625899281,"median":37.90467625899281,"max":37.90467625899281,"min":37.90467625899281}}