{"name":"Coldshadowz","scoreData":{"2020-09-18":{"id":4387185107417809400,"name":"Coldshadowz","score":14900,"level":4,"character":0,"platform":48,"runframes":23073,"runend":1019,"unknown1":637,"unknown2":282,"rank":1294,"percentile":53.75536480686695}},"tenDayPercentiles":[],"tenDayDecayingPercentileScore":0,"scoresByDay":[],"rankSummary":{"mean":1294,"median":1294,"max":1294,"min":1294},"percentileSummary":{"mean":53.75536480686695,"median":53.75536480686695,"max":53.75536480686695,"min":53.75536480686695}}