{"name":"Coldbluecrow","scoreData":{"2020-10-07":{"id":76561197962763150,"name":"Coldbluecrow","score":16100,"level":3,"character":0,"platform":18,"runframes":6991,"runend":1020,"unknown1":4294963385,"unknown2":55,"rank":1924,"percentile":70.52421827099938}},"tenDayPercentiles":[],"tenDayDecayingPercentileScore":0,"scoresByDay":[],"rankSummary":{"mean":1924,"median":1924,"max":1924,"min":1924},"percentileSummary":{"mean":70.52421827099938,"median":70.52421827099938,"max":70.52421827099938,"min":70.52421827099938}}