{"name":"ColdRaccoonMilk","scoreData":{"2020-10-07":{"id":5828668710606534000,"name":"ColdRaccoonMilk","score":3500,"level":2,"character":3,"platform":18,"runframes":3349,"runend":1021,"unknown1":4294964062,"unknown2":189,"rank":4688,"percentile":28.15757204169222}},"tenDayPercentiles":[],"tenDayDecayingPercentileScore":0,"scoresByDay":[],"rankSummary":{"mean":4688,"median":4688,"max":4688,"min":4688},"percentileSummary":{"mean":28.15757204169222,"median":28.15757204169222,"max":28.15757204169222,"min":28.15757204169222}}