{"name":"Cold_Macaroon","scoreData":{"2020-11-22":{"id":76561199012756960,"name":"Cold_Macaroon","score":4300,"level":2,"character":0,"platform":18,"runframes":10356,"runend":1021,"unknown1":2374,"unknown2":1346,"rank":3295,"percentile":17.629407351837955}},"tenDayPercentiles":[],"tenDayDecayingPercentileScore":0,"scoresByDay":[],"rankSummary":{"mean":3295,"median":3295,"max":3295,"min":3295},"percentileSummary":{"mean":17.629407351837955,"median":17.629407351837955,"max":17.629407351837955,"min":17.629407351837955}}