{"name":"ColdCoffee","scoreData":{"2020-10-27":{"id":3191729314241171000,"name":"ColdCoffee","score":8000,"level":2,"character":0,"platform":18,"runframes":9266,"runend":1021,"unknown1":2828,"unknown2":1900,"rank":4245,"percentile":14.727747639140048}},"tenDayPercentiles":[],"tenDayDecayingPercentileScore":0,"scoresByDay":[],"rankSummary":{"mean":4245,"median":4245,"max":4245,"min":4245},"percentileSummary":{"mean":14.727747639140048,"median":14.727747639140048,"max":14.727747639140048,"min":14.727747639140048}}