{"name":"Cold Finger","scoreData":{"2020-10-13":{"id":576169156705843840,"name":"Cold Finger","score":32425,"level":6,"character":18,"platform":18,"runframes":21711,"runend":1017,"unknown1":3947,"unknown2":3232,"rank":1219,"percentile":79.23273657289002}},"tenDayPercentiles":[],"tenDayDecayingPercentileScore":0,"scoresByDay":[],"rankSummary":{"mean":1219,"median":1219,"max":1219,"min":1219},"percentileSummary":{"mean":79.23273657289002,"median":79.23273657289002,"max":79.23273657289002,"min":79.23273657289002}}