{"name":"COLESRB","scoreData":{"2020-10-04":{"id":76561198035232100,"name":"COLESRB","score":0,"level":1,"character":0,"platform":48,"runframes":1549,"runend":1022,"unknown1":4294964594,"unknown2":4294964182,"rank":7197,"percentile":4.206602768903096}},"tenDayPercentiles":[],"tenDayDecayingPercentileScore":0,"scoresByDay":[],"rankSummary":{"mean":7197,"median":7197,"max":7197,"min":7197},"percentileSummary":{"mean":4.206602768903096,"median":4.206602768903096,"max":4.206602768903096,"min":4.206602768903096}}