{"name":"coleanna27","scoreData":{"2020-11-18":{"id":76561198028604020,"name":"coleanna27","score":7100,"level":1,"character":0,"platform":48,"runframes":3100,"runend":1022,"unknown1":3557,"unknown2":28,"rank":3714,"percentile":7.544820717131472}},"tenDayPercentiles":[7.544820717131472],"tenDayDecayingPercentileScore":6.790338645418325,"scoresByDay":[6.790338645418325],"rankSummary":{"mean":3714,"median":3714,"max":3714,"min":3714},"percentileSummary":{"mean":7.544820717131472,"median":7.544820717131472,"max":7.544820717131472,"min":7.544820717131472}}