{"name":"Comala93","scoreData":{"2020-09-24":{"id":6533185372092218000,"name":"Comala93","score":14300,"level":2,"character":0,"platform":48,"runframes":15719,"runend":1021,"unknown1":4294965803,"unknown2":4294966035,"rank":1232,"percentile":46.61751951431049}},"tenDayPercentiles":[],"tenDayDecayingPercentileScore":0,"scoresByDay":[],"rankSummary":{"mean":1232,"median":1232,"max":1232,"min":1232},"percentileSummary":{"mean":46.61751951431049,"median":46.61751951431049,"max":46.61751951431049,"min":46.61751951431049}}