{"name":"comatose","scoreData":{"2020-09-29":{"id":76561198072124020,"name":"comatose","score":24800,"level":4,"character":3,"platform":18,"runframes":17929,"runend":1019,"unknown1":1991,"unknown2":1283,"rank":1974,"percentile":64.71745350500716}},"tenDayPercentiles":[],"tenDayDecayingPercentileScore":0,"scoresByDay":[],"rankSummary":{"mean":1974,"median":1974,"max":1974,"min":1974},"percentileSummary":{"mean":64.71745350500716,"median":64.71745350500716,"max":64.71745350500716,"min":64.71745350500716}}