{"name":"ComeOnAndSam","scoreData":{"2020-10-01":{"id":76561198055214960,"name":"ComeOnAndSam","score":2225,"level":6,"character":0,"platform":18,"runframes":20009,"runend":1017,"unknown1":1153,"unknown2":4693,"rank":1523,"percentile":80.21835196256824}},"tenDayPercentiles":[],"tenDayDecayingPercentileScore":0,"scoresByDay":[],"rankSummary":{"mean":1523,"median":1523,"max":1523,"min":1523},"percentileSummary":{"mean":80.21835196256824,"median":80.21835196256824,"max":80.21835196256824,"min":80.21835196256824}}