{"name":"Comfreak2000","scoreData":{"2020-10-01":{"id":3012450282170433000,"name":"Comfreak2000","score":3500,"level":1,"character":2,"platform":18,"runframes":2113,"runend":1022,"unknown1":5115,"unknown2":753,"rank":6944,"percentile":9.760852612425268}},"tenDayPercentiles":[],"tenDayDecayingPercentileScore":0,"scoresByDay":[],"rankSummary":{"mean":6944,"median":6944,"max":6944,"min":6944},"percentileSummary":{"mean":9.760852612425268,"median":9.760852612425268,"max":9.760852612425268,"min":9.760852612425268}}