{"name":"CommodoreMonkey","scoreData":{"2020-10-21":{"id":76561197960553940,"name":"CommodoreMonkey","score":3000,"level":1,"character":0,"platform":18,"runframes":2448,"runend":1022,"unknown1":4294966867,"unknown2":4294963385,"rank":4985,"percentile":7.153502235469446}},"tenDayPercentiles":[],"tenDayDecayingPercentileScore":0,"scoresByDay":[],"rankSummary":{"mean":4985,"median":4985,"max":4985,"min":4985},"percentileSummary":{"mean":7.153502235469446,"median":7.153502235469446,"max":7.153502235469446,"min":7.153502235469446}}