{"name":"CommondandyyTTV","scoreData":{"2020-10-03":{"id":76561197980241600,"name":"CommondandyyTTV","score":18300,"level":4,"character":2,"platform":18,"runframes":32712,"runend":1019,"unknown1":4294963513,"unknown2":4294961126,"rank":1942,"percentile":75.42415801468726}},"tenDayPercentiles":[],"tenDayDecayingPercentileScore":0,"scoresByDay":[],"rankSummary":{"mean":1942,"median":1942,"max":1942,"min":1942},"percentileSummary":{"mean":75.42415801468726,"median":75.42415801468726,"max":75.42415801468726,"min":75.42415801468726}}