{"name":"COMRAID FUBAR","scoreData":{"2020-10-02":{"id":3879595895264084000,"name":"COMRAID FUBAR","score":9800,"level":4,"character":7,"platform":18,"runframes":7986,"runend":1019,"unknown1":4294966320,"unknown2":668,"rank":2685,"percentile":64.03591049175935}},"tenDayDecayingPercentileMean":null,"rankSummary":{"mean":2685,"median":2685,"max":2685,"min":2685},"percentileSummary":{"mean":64.03591049175935,"median":64.03591049175935,"max":64.03591049175935,"min":64.03591049175935}}