{"name":"comrade_BIG_ZEE_","scoreData":{"2020-10-31":{"id":3531009122556121000,"name":"comrade_BIG_ZEE_","score":22300,"level":2,"character":4,"platform":48,"runframes":13476,"runend":1021,"unknown1":1856,"unknown2":554,"rank":2505,"percentile":47.31748369450873}},"tenDayPercentiles":[],"tenDayDecayingPercentileScore":0,"scoresByDay":[],"rankSummary":{"mean":2505,"median":2505,"max":2505,"min":2505},"percentileSummary":{"mean":47.31748369450873,"median":47.31748369450873,"max":47.31748369450873,"min":47.31748369450873}}