{"name":"Comsertel","scoreData":{"2020-10-05":{"id":76561198093025440,"name":"Comsertel","score":30400,"level":5,"character":7,"platform":18,"runframes":23586,"runend":1018,"unknown1":3481,"unknown2":5096,"rank":2262,"percentile":66.80857310628303}},"tenDayPercentiles":[],"tenDayDecayingPercentileScore":0,"scoresByDay":[],"rankSummary":{"mean":2262,"median":2262,"max":2262,"min":2262},"percentileSummary":{"mean":66.80857310628303,"median":66.80857310628303,"max":66.80857310628303,"min":66.80857310628303}}