{"name":"Con D. Oriano","scoreData":{"2020-10-02":{"id":5836640888157436000,"name":"Con D. Oriano","score":3500,"level":3,"character":3,"platform":18,"runframes":10863,"runend":1020,"unknown1":1137,"unknown2":4294965436,"rank":3825,"percentile":48.76055205681361}},"tenDayPercentiles":[],"tenDayDecayingPercentileScore":0,"scoresByDay":[],"rankSummary":{"mean":3825,"median":3825,"max":3825,"min":3825},"percentileSummary":{"mean":48.76055205681361,"median":48.76055205681361,"max":48.76055205681361,"min":48.76055205681361}}