{"name":"Coneman!","scoreData":{"2020-10-02":{"id":76561198375782180,"name":"Coneman!","score":6400,"level":1,"character":3,"platform":18,"runframes":4963,"runend":1022,"unknown1":4294964089,"unknown2":4294966045,"rank":6256,"percentile":16.186520166153016}},"tenDayDecayingPercentileMean":null,"rankSummary":{"mean":6256,"median":6256,"max":6256,"min":6256},"percentileSummary":{"mean":16.186520166153016,"median":16.186520166153016,"max":16.186520166153016,"min":16.186520166153016}}