{"name":"Connor","scoreData":{"2020-11-08":{"id":3603388224972278300,"name":"Connor","score":3700,"level":3,"character":7,"platform":18,"runframes":20116,"runend":1020,"unknown1":4294965998,"unknown2":93,"rank":2796,"percentile":40.72110286320254}},"tenDayPercentiles":[],"tenDayDecayingPercentileScore":0,"scoresByDay":[],"rankSummary":{"mean":2796,"median":2796,"max":2796,"min":2796},"percentileSummary":{"mean":40.72110286320254,"median":40.72110286320254,"max":40.72110286320254,"min":40.72110286320254}}