{"name":"Connington14","scoreData":{"2020-10-26":{"id":6685090275139886000,"name":"Connington14","score":1300,"level":2,"character":6,"platform":48,"runframes":1416,"runend":1021,"unknown1":717,"unknown2":350,"rank":4605,"percentile":9.01185770750989}},"tenDayPercentiles":[],"tenDayDecayingPercentileScore":0,"scoresByDay":[],"rankSummary":{"mean":4605,"median":4605,"max":4605,"min":4605},"percentileSummary":{"mean":9.01185770750989,"median":9.01185770750989,"max":9.01185770750989,"min":9.01185770750989}}