{"name":"Consensius","scoreData":{"2020-10-23":{"id":1251189127134944300,"name":"Consensius","score":111600,"level":8,"character":7,"platform":48,"runframes":57415,"runend":1015,"unknown1":4294966508,"unknown2":332,"rank":1104,"percentile":78.87377896954607}},"tenDayPercentiles":[],"tenDayDecayingPercentileScore":0,"scoresByDay":[],"rankSummary":{"mean":1104,"median":1104,"max":1104,"min":1104},"percentileSummary":{"mean":78.87377896954607,"median":78.87377896954607,"max":78.87377896954607,"min":78.87377896954607}}