{"name":"Cookuh_Cola","scoreData":{"2020-10-22":{"id":76561199060254560,"name":"Cookuh_Cola","score":1500,"level":1,"character":3,"platform":48,"runframes":1065,"runend":1022,"unknown1":4294965322,"unknown2":4294962478,"rank":5264,"percentile":0.8290936498963646}},"tenDayPercentiles":[],"tenDayDecayingPercentileScore":0,"scoresByDay":[],"rankSummary":{"mean":5264,"median":5264,"max":5264,"min":5264},"percentileSummary":{"mean":0.8290936498963646,"median":0.8290936498963646,"max":0.8290936498963646,"min":0.8290936498963646}}