{"name":"Coolkitty2004","scoreData":{"2020-11-07":{"id":3233522887558226000,"name":"Coolkitty2004","score":58800,"level":12,"character":10,"platform":18,"runframes":31783,"runend":1011,"unknown1":4294964351,"unknown2":4294964268,"rank":377,"percentile":92.12730318257957}},"tenDayPercentiles":[],"tenDayDecayingPercentileScore":0,"scoresByDay":[],"rankSummary":{"mean":377,"median":377,"max":377,"min":377},"percentileSummary":{"mean":92.12730318257957,"median":92.12730318257957,"max":92.12730318257957,"min":92.12730318257957}}