{"name":"CoolLuke1990","scoreData":{"2020-09-16":{"id":5717313333277395000,"name":"CoolLuke1990","score":15100,"level":2,"character":0,"platform":48,"runframes":7938,"runend":1021,"unknown1":135,"unknown2":4294966941,"rank":1801,"percentile":41.67206740116656}},"tenDayPercentiles":[],"tenDayDecayingPercentileScore":0,"scoresByDay":[],"rankSummary":{"mean":1801,"median":1801,"max":1801,"min":1801},"percentileSummary":{"mean":41.67206740116656,"median":41.67206740116656,"max":41.67206740116656,"min":41.67206740116656}}