{"name":"Coregan","scoreData":{"2020-10-02":{"id":76561198048613500,"name":"Coregan","score":8300,"level":2,"character":3,"platform":18,"runframes":6632,"runend":1021,"unknown1":4294966029,"unknown2":348,"rank":4935,"percentile":33.88717673857698}},"tenDayPercentiles":[],"tenDayDecayingPercentileScore":0,"scoresByDay":[],"rankSummary":{"mean":4935,"median":4935,"max":4935,"min":4935},"percentileSummary":{"mean":33.88717673857698,"median":33.88717673857698,"max":33.88717673857698,"min":33.88717673857698}}