{"name":"CornFlakes_TBYL","scoreData":{"2020-09-22":{"id":6755370555342159000,"name":"CornFlakes_TBYL","score":2000,"level":2,"character":7,"platform":48,"runframes":3514,"runend":1021,"unknown1":4294966278,"unknown2":64,"rank":1613,"percentile":34.52477660438667}},"tenDayPercentiles":[],"tenDayDecayingPercentileScore":0,"scoresByDay":[],"rankSummary":{"mean":1613,"median":1613,"max":1613,"min":1613},"percentileSummary":{"mean":34.52477660438667,"median":34.52477660438667,"max":34.52477660438667,"min":34.52477660438667}}