{"name":"Corolia","scoreData":{"2020-10-10":{"id":76561198070235980,"name":"Corolia","score":6200,"level":3,"character":0,"platform":18,"runframes":6212,"runend":1020,"unknown1":3439,"unknown2":62,"rank":2716,"percentile":58.83869011522135}},"tenDayPercentiles":[],"tenDayDecayingPercentileScore":0,"scoresByDay":[],"rankSummary":{"mean":2716,"median":2716,"max":2716,"min":2716},"percentileSummary":{"mean":58.83869011522135,"median":58.83869011522135,"max":58.83869011522135,"min":58.83869011522135}}