{"name":"CORONA - 19","scoreData":{"2020-10-09":{"id":5954675015268168000,"name":"CORONA - 19","score":12800,"level":3,"character":2,"platform":18,"runframes":16185,"runend":1020,"unknown1":4294962551,"unknown2":4294964671,"rank":4018,"percentile":35.953443877551024}},"tenDayPercentiles":[],"tenDayDecayingPercentileScore":0,"scoresByDay":[],"rankSummary":{"mean":4018,"median":4018,"max":4018,"min":4018},"percentileSummary":{"mean":35.953443877551024,"median":35.953443877551024,"max":35.953443877551024,"min":35.953443877551024}}