{"name":"corrosivefrost","scoreData":{"2020-11-21":{"id":76561198263924020,"name":"corrosivefrost","score":28300,"level":5,"character":18,"platform":18,"runframes":33839,"runend":1018,"unknown1":4294963829,"unknown2":4294963555,"rank":1576,"percentile":62.05733558178752}},"tenDayPercentiles":[],"tenDayDecayingPercentileScore":0,"scoresByDay":[],"rankSummary":{"mean":1576,"median":1576,"max":1576,"min":1576},"percentileSummary":{"mean":62.05733558178752,"median":62.05733558178752,"max":62.05733558178752,"min":62.05733558178752}}