{"name":"Corty22","scoreData":{"2020-09-19":{"id":7706869390020474000,"name":"Corty22","score":20300,"level":4,"character":7,"platform":48,"runframes":17560,"runend":1019,"unknown1":4294966560,"unknown2":4294965928,"rank":637,"percentile":78.7716955941255}},"tenDayPercentiles":[],"tenDayDecayingPercentileScore":0,"scoresByDay":[],"rankSummary":{"mean":637,"median":637,"max":637,"min":637},"percentileSummary":{"mean":78.7716955941255,"median":78.7716955941255,"max":78.7716955941255,"min":78.7716955941255}}