{"name":"cosmo.marrs","scoreData":{"2020-11-12":{"id":76561198428090130,"name":"cosmo.marrs","score":4300,"level":2,"character":0,"platform":18,"runframes":6796,"runend":1021,"unknown1":1243,"unknown2":467,"rank":3562,"percentile":16.48686679174483}},"tenDayPercentiles":[16.48686679174483],"tenDayDecayingPercentileScore":5.748614995082081,"scoresByDay":[5.748614995082081],"rankSummary":{"mean":3562,"median":3562,"max":3562,"min":3562},"percentileSummary":{"mean":16.48686679174483,"median":16.48686679174483,"max":16.48686679174483,"min":16.48686679174483}}