{"name":"cosmicpanda1004","scoreData":{"2020-10-09":{"id":667596826575733900,"name":"cosmicpanda1004","score":16600,"level":2,"character":1,"platform":48,"runframes":14390,"runend":1021,"unknown1":750,"unknown2":4294962450,"rank":4479,"percentile":28.603316326530617}},"tenDayPercentiles":[],"tenDayDecayingPercentileScore":0,"scoresByDay":[],"rankSummary":{"mean":4479,"median":4479,"max":4479,"min":4479},"percentileSummary":{"mean":28.603316326530617,"median":28.603316326530617,"max":28.603316326530617,"min":28.603316326530617}}