{"name":"Couly2013","scoreData":{"2020-10-04":{"id":76561197960533970,"name":"Couly2013","score":0,"level":1,"character":0,"platform":48,"runframes":1568,"runend":1022,"unknown1":3084,"unknown2":632,"rank":7357,"percentile":2.0766773162939245}},"tenDayPercentiles":[],"tenDayDecayingPercentileScore":0,"scoresByDay":[],"rankSummary":{"mean":7357,"median":7357,"max":7357,"min":7357},"percentileSummary":{"mean":2.0766773162939245,"median":2.0766773162939245,"max":2.0766773162939245,"min":2.0766773162939245}}