{"name":"CousinLoven","scoreData":{"2020-11-22":{"id":76561198104156430,"name":"CousinLoven","score":4900,"level":2,"character":2,"platform":48,"runframes":10899,"runend":1021,"unknown1":4294965587,"unknown2":4294964200,"rank":3261,"percentile":18.479619904976246}},"tenDayPercentiles":[],"tenDayDecayingPercentileScore":0,"scoresByDay":[],"rankSummary":{"mean":3261,"median":3261,"max":3261,"min":3261},"percentileSummary":{"mean":18.479619904976246,"median":18.479619904976246,"max":18.479619904976246,"min":18.479619904976246}}