{"name":"cowboy Flanko","scoreData":{"2020-10-02":{"id":76561198044695200,"name":"cowboy Flanko","score":8800,"level":2,"character":2,"platform":18,"runframes":6543,"runend":1021,"unknown1":4294964873,"unknown2":4294962799,"rank":4825,"percentile":35.36111483317701}},"tenDayDecayingPercentileMean":null,"rankSummary":{"mean":4825,"median":4825,"max":4825,"min":4825},"percentileSummary":{"mean":35.36111483317701,"median":35.36111483317701,"max":35.36111483317701,"min":35.36111483317701}}