{"name":"CPCampbell99","scoreData":{"2020-10-30":{"id":76561198251727100,"name":"CPCampbell99","score":9700,"level":2,"character":1,"platform":48,"runframes":9647,"runend":1021,"unknown1":4294964905,"unknown2":139,"rank":3128,"percentile":34.15455885449569}},"tenDayPercentiles":[],"tenDayDecayingPercentileScore":0,"scoresByDay":[],"rankSummary":{"mean":3128,"median":3128,"max":3128,"min":3128},"percentileSummary":{"mean":34.15455885449569,"median":34.15455885449569,"max":34.15455885449569,"min":34.15455885449569}}