{"name":"Crag","scoreData":{"2020-10-28":{"id":76561198035387800,"name":"Crag","score":15200,"level":3,"character":2,"platform":18,"runframes":13620,"runend":1020,"unknown1":2541,"unknown2":1143,"rank":3144,"percentile":36.13086770981507}},"tenDayPercentiles":[],"tenDayDecayingPercentileScore":0,"scoresByDay":[],"rankSummary":{"mean":3144,"median":3144,"max":3144,"min":3144},"percentileSummary":{"mean":36.13086770981507,"median":36.13086770981507,"max":36.13086770981507,"min":36.13086770981507}}