{"name":"crankshaft-43","scoreData":{"2020-11-14":{"id":76561198118632930,"name":"crankshaft-43","score":0,"level":1,"character":7,"platform":48,"runframes":510,"runend":1022,"unknown1":332,"unknown2":3808,"rank":4215,"percentile":2.3406720741599116}},"tenDayPercentiles":[2.3406720741599116],"tenDayDecayingPercentileScore":1.3821434530706864,"scoresByDay":[1.3821434530706864],"rankSummary":{"mean":4215,"median":4215,"max":4215,"min":4215},"percentileSummary":{"mean":2.3406720741599116,"median":2.3406720741599116,"max":2.3406720741599116,"min":2.3406720741599116}}