{"name":"crashnburn254","scoreData":{"2020-09-30":{"id":4118514556736191500,"name":"crashnburn254","score":8800,"level":1,"character":0,"platform":18,"runframes":2526,"runend":1022,"unknown1":4294964990,"unknown2":783,"rank":6318,"percentile":18.215950284826505}},"tenDayPercentiles":[],"tenDayDecayingPercentileScore":0,"scoresByDay":[],"rankSummary":{"mean":6318,"median":6318,"max":6318,"min":6318},"percentileSummary":{"mean":18.215950284826505,"median":18.215950284826505,"max":18.215950284826505,"min":18.215950284826505}}