{"name":"crashnsmash","scoreData":{"2020-10-17":{"id":8283321812039677000,"name":"crashnsmash","score":24900,"level":4,"character":7,"platform":18,"runframes":13674,"runend":1019,"unknown1":4294966491,"unknown2":4294963180,"rank":2544,"percentile":56.515047879616965}},"tenDayPercentiles":[],"tenDayDecayingPercentileScore":0,"scoresByDay":[],"rankSummary":{"mean":2544,"median":2544,"max":2544,"min":2544},"percentileSummary":{"mean":56.515047879616965,"median":56.515047879616965,"max":56.515047879616965,"min":56.515047879616965}}