{"name":"Crashkid13","scoreData":{"2020-10-01":{"id":76561198001304020,"name":"Crashkid13","score":2400,"level":1,"character":0,"platform":48,"runframes":3314,"runend":1022,"unknown1":4294965280,"unknown2":164,"rank":7201,"percentile":6.4205874707564305}},"tenDayPercentiles":[],"tenDayDecayingPercentileScore":0,"scoresByDay":[],"rankSummary":{"mean":7201,"median":7201,"max":7201,"min":7201},"percentileSummary":{"mean":6.4205874707564305,"median":6.4205874707564305,"max":6.4205874707564305,"min":6.4205874707564305}}