{"name":"Crashkins","scoreData":{"2020-09-30":{"id":76561198500397170,"name":"Crashkins","score":4500,"level":1,"character":4,"platform":18,"runframes":1615,"runend":1022,"unknown1":342,"unknown2":56,"rank":7309,"percentile":5.385810460901084}},"tenDayPercentiles":[],"tenDayDecayingPercentileScore":0,"scoresByDay":[],"rankSummary":{"mean":7309,"median":7309,"max":7309,"min":7309},"percentileSummary":{"mean":5.385810460901084,"median":5.385810460901084,"max":5.385810460901084,"min":5.385810460901084}}