{"name":"crawdad","scoreData":{"2020-10-16":{"id":76561198008454800,"name":"crawdad","score":6900,"level":3,"character":3,"platform":18,"runframes":14126,"runend":1020,"unknown1":4294966958,"unknown2":418,"rank":2525,"percentile":54.9848403780988}},"tenDayPercentiles":[],"tenDayDecayingPercentileScore":0,"scoresByDay":[],"rankSummary":{"mean":2525,"median":2525,"max":2525,"min":2525},"percentileSummary":{"mean":54.9848403780988,"median":54.9848403780988,"max":54.9848403780988,"min":54.9848403780988}}