{"name":"CrayCrayHay","scoreData":{"2020-10-03":{"id":76561198019613740,"name":"CrayCrayHay","score":15900,"level":2,"character":3,"platform":18,"runframes":5808,"runend":1021,"unknown1":4294967098,"unknown2":263,"rank":3602,"percentile":54.40617877943783}},"tenDayPercentiles":[],"tenDayDecayingPercentileScore":0,"scoresByDay":[],"rankSummary":{"mean":3602,"median":3602,"max":3602,"min":3602},"percentileSummary":{"mean":54.40617877943783,"median":54.40617877943783,"max":54.40617877943783,"min":54.40617877943783}}