{"name":"Crayzee_Jamie","scoreData":{"2020-11-02":{"id":76561198013456850,"name":"Crayzee_Jamie","score":36800,"level":2,"character":18,"platform":48,"runframes":6927,"runend":1021,"unknown1":4294964678,"unknown2":1224,"rank":2854,"percentile":36.21730382293763}},"tenDayPercentiles":[],"tenDayDecayingPercentileScore":0,"scoresByDay":[],"rankSummary":{"mean":2854,"median":2854,"max":2854,"min":2854},"percentileSummary":{"mean":36.21730382293763,"median":36.21730382293763,"max":36.21730382293763,"min":36.21730382293763}}