{"name":"CrAzY_gHoSt-KiD","scoreData":{"2020-11-06":{"id":5705371576359211000,"name":"CrAzY_gHoSt-KiD","score":3400,"level":2,"character":10,"platform":48,"runframes":9009,"runend":1021,"unknown1":1171,"unknown2":24,"rank":4115,"percentile":9.283351708930539}},"tenDayPercentiles":[],"tenDayDecayingPercentileScore":0,"scoresByDay":[],"rankSummary":{"mean":4115,"median":4115,"max":4115,"min":4115},"percentileSummary":{"mean":9.283351708930539,"median":9.283351708930539,"max":9.283351708930539,"min":9.283351708930539}}