{"name":"CrazyWakka","scoreData":{"2020-10-25":{"id":76561197981601540,"name":"CrazyWakka","score":18275,"level":5,"character":7,"platform":18,"runframes":18825,"runend":1018,"unknown1":4294964076,"unknown2":588,"rank":1837,"percentile":66.91891891891892}},"tenDayPercentiles":[],"tenDayDecayingPercentileScore":0,"scoresByDay":[],"rankSummary":{"mean":1837,"median":1837,"max":1837,"min":1837},"percentileSummary":{"mean":66.91891891891892,"median":66.91891891891892,"max":66.91891891891892,"min":66.91891891891892}}