{"name":"CrazyCliff_YT","scoreData":{"2020-10-19":{"id":76561197998861890,"name":"CrazyCliff_YT","score":800,"level":1,"character":0,"platform":18,"runframes":1433,"runend":1022,"unknown1":1495,"unknown2":1087,"rank":5137,"percentile":3.964098728496637}},"tenDayPercentiles":[],"tenDayDecayingPercentileScore":0,"scoresByDay":[],"rankSummary":{"mean":5137,"median":5137,"max":5137,"min":5137},"percentileSummary":{"mean":3.964098728496637,"median":3.964098728496637,"max":3.964098728496637,"min":3.964098728496637}}