{"name":"crazy512puppy","scoreData":{"2020-10-07":{"id":76561198046970690,"name":"crazy512puppy","score":1500,"level":1,"character":3,"platform":48,"runframes":1726,"runend":1022,"unknown1":4294961824,"unknown2":454,"rank":6333,"percentile":2.9429797670140943}},"tenDayPercentiles":[],"tenDayDecayingPercentileScore":0,"scoresByDay":[],"rankSummary":{"mean":6333,"median":6333,"max":6333,"min":6333},"percentileSummary":{"mean":2.9429797670140943,"median":2.9429797670140943,"max":2.9429797670140943,"min":2.9429797670140943}}