{"name":"Crazybilly","scoreData":{"2020-11-04":{"id":1347971925685829000,"name":"Crazybilly","score":9300,"level":3,"character":0,"platform":48,"runframes":12930,"runend":1020,"unknown1":4294966285,"unknown2":251,"rank":3068,"percentile":31.677433726887955}},"tenDayPercentiles":[],"tenDayDecayingPercentileScore":0,"scoresByDay":[],"rankSummary":{"mean":3068,"median":3068,"max":3068,"min":3068},"percentileSummary":{"mean":31.677433726887955,"median":31.677433726887955,"max":31.677433726887955,"min":31.677433726887955}}