{"name":"Crazy Nelson","scoreData":{"2020-10-07":{"id":76561198391651790,"name":"Crazy Nelson","score":5500,"level":2,"character":2,"platform":18,"runframes":5376,"runend":1021,"unknown1":4294966295,"unknown2":816,"rank":4346,"percentile":33.39975475168609}},"tenDayDecayingPercentileMean":null,"rankSummary":{"mean":4346,"median":4346,"max":4346,"min":4346},"percentileSummary":{"mean":33.39975475168609,"median":33.39975475168609,"max":33.39975475168609,"min":33.39975475168609}}