{"name":"Crdavis-1996-","scoreData":{"2020-09-18":{"id":6845038080794468000,"name":"Crdavis-1996-","score":12000,"level":2,"character":2,"platform":48,"runframes":13919,"runend":1021,"unknown1":77,"unknown2":4294967176,"rank":1900,"percentile":32.08154506437768}},"tenDayPercentiles":[],"tenDayDecayingPercentileScore":0,"scoresByDay":[],"rankSummary":{"mean":1900,"median":1900,"max":1900,"min":1900},"percentileSummary":{"mean":32.08154506437768,"median":32.08154506437768,"max":32.08154506437768,"min":32.08154506437768}}