{"name":"Crete The Island","scoreData":{"2020-10-09":{"id":7015601534686754000,"name":"Crete The Island","score":7000,"level":5,"character":3,"platform":18,"runframes":21832,"runend":1018,"unknown1":4294963582,"unknown2":1768,"rank":2428,"percentile":61.30420918367347}},"tenDayDecayingPercentileMean":null,"rankSummary":{"mean":2428,"median":2428,"max":2428,"min":2428},"percentileSummary":{"mean":61.30420918367347,"median":61.30420918367347,"max":61.30420918367347,"min":61.30420918367347}}