{"name":"Crin","scoreData":{"2020-10-08":{"id":4602735035731887000,"name":"Crin","score":9700,"level":2,"character":9,"platform":18,"runframes":5750,"runend":1021,"unknown1":2794,"unknown2":2454,"rank":4820,"percentile":23.978545511910397}},"tenDayPercentiles":[],"tenDayDecayingPercentileScore":0,"scoresByDay":[],"rankSummary":{"mean":4820,"median":4820,"max":4820,"min":4820},"percentileSummary":{"mean":23.978545511910397,"median":23.978545511910397,"max":23.978545511910397,"min":23.978545511910397}}