{"name":"Cringeboi1251","scoreData":{"2020-09-29":{"id":76561198029851140,"name":"Cringeboi1251","score":5800,"level":3,"character":3,"platform":18,"runframes":23461,"runend":1020,"unknown1":1231,"unknown2":930,"rank":3296,"percentile":41.076537911301855}},"tenDayPercentiles":[],"tenDayDecayingPercentileScore":0,"scoresByDay":[],"rankSummary":{"mean":3296,"median":3296,"max":3296,"min":3296},"percentileSummary":{"mean":41.076537911301855,"median":41.076537911301855,"max":41.076537911301855,"min":41.076537911301855}}