{"name":"cristian_flow","scoreData":{"2020-09-29":{"id":1966706087597755600,"name":"cristian_flow","score":5500,"level":3,"character":2,"platform":48,"runframes":8688,"runend":1020,"unknown1":2311,"unknown2":552,"rank":3306,"percentile":40.89771101573677}},"tenDayPercentiles":[],"tenDayDecayingPercentileScore":0,"scoresByDay":[],"rankSummary":{"mean":3306,"median":3306,"max":3306,"min":3306},"percentileSummary":{"mean":40.89771101573677,"median":40.89771101573677,"max":40.89771101573677,"min":40.89771101573677}}