{"name":"Crisco","scoreData":{"2020-10-11":{"id":3576586486991556600,"name":"Crisco","score":5700,"level":3,"character":3,"platform":18,"runframes":13269,"runend":1020,"unknown1":4294966272,"unknown2":1676,"rank":4398,"percentile":30.755905511811022}},"tenDayPercentiles":[],"tenDayDecayingPercentileScore":0,"scoresByDay":[],"rankSummary":{"mean":4398,"median":4398,"max":4398,"min":4398},"percentileSummary":{"mean":30.755905511811022,"median":30.755905511811022,"max":30.755905511811022,"min":30.755905511811022}}