{"name":"Criti","scoreData":{"2020-10-10":{"id":76561197962156540,"name":"Criti","score":11100,"level":2,"character":7,"platform":18,"runframes":10757,"runend":1021,"unknown1":3063,"unknown2":3385,"rank":3471,"percentile":47.39235900545785}},"tenDayPercentiles":[],"tenDayDecayingPercentileScore":0,"scoresByDay":[],"rankSummary":{"mean":3471,"median":3471,"max":3471,"min":3471},"percentileSummary":{"mean":47.39235900545785,"median":47.39235900545785,"max":47.39235900545785,"min":47.39235900545785}}