{"name":"crizpiz3","scoreData":{"2020-10-22":{"id":76561198250637970,"name":"crizpiz3","score":8200,"level":2,"character":2,"platform":48,"runframes":13708,"runend":1021,"unknown1":4294966475,"unknown2":1292,"rank":4561,"percentile":14.075749010740537}},"tenDayPercentiles":[],"tenDayDecayingPercentileScore":0,"scoresByDay":[],"rankSummary":{"mean":4561,"median":4561,"max":4561,"min":4561},"percentileSummary":{"mean":14.075749010740537,"median":14.075749010740537,"max":14.075749010740537,"min":14.075749010740537}}