{"name":"CRM11610","scoreData":{"2020-11-13":{"id":76561198041190990,"name":"CRM11610","score":12900,"level":3,"character":14,"platform":48,"runframes":7444,"runend":1020,"unknown1":2507,"unknown2":2613,"rank":2988,"percentile":28.88095238095238}},"tenDayPercentiles":[28.88095238095238],"tenDayDecayingPercentileScore":12.432302993571431,"scoresByDay":[12.432302993571431],"rankSummary":{"mean":2988,"median":2988,"max":2988,"min":2988},"percentileSummary":{"mean":28.88095238095238,"median":28.88095238095238,"max":28.88095238095238,"min":28.88095238095238}}