{"name":"Crogus","scoreData":{"2020-10-16":{"id":76561198064674450,"name":"Crogus","score":25800,"level":3,"character":15,"platform":18,"runframes":30496,"runend":1020,"unknown1":1213,"unknown2":1438,"rank":1989,"percentile":64.54431960049938}},"tenDayPercentiles":[],"tenDayDecayingPercentileScore":0,"scoresByDay":[],"rankSummary":{"mean":1989,"median":1989,"max":1989,"min":1989},"percentileSummary":{"mean":64.54431960049938,"median":64.54431960049938,"max":64.54431960049938,"min":64.54431960049938}}