{"name":"croguy1324","scoreData":{"2020-09-29":{"id":6302052349685478000,"name":"croguy1324","score":24900,"level":4,"character":0,"platform":48,"runframes":15753,"runend":1019,"unknown1":650,"unknown2":918,"rank":1967,"percentile":64.8426323319027}},"tenDayPercentiles":[],"tenDayDecayingPercentileScore":0,"scoresByDay":[],"rankSummary":{"mean":1967,"median":1967,"max":1967,"min":1967},"percentileSummary":{"mean":64.8426323319027,"median":64.8426323319027,"max":64.8426323319027,"min":64.8426323319027}}