{"name":"crolimau","scoreData":{"2020-11-21":{"id":8850638446503060000,"name":"crolimau","score":0,"level":1,"character":10,"platform":48,"runframes":210,"runend":1022,"unknown1":0,"unknown2":0,"rank":4094,"percentile":1.3972536738135375}},"tenDayPercentiles":[],"tenDayDecayingPercentileScore":0,"scoresByDay":[],"rankSummary":{"mean":4094,"median":4094,"max":4094,"min":4094},"percentileSummary":{"mean":1.3972536738135375,"median":1.3972536738135375,"max":1.3972536738135375,"min":1.3972536738135375}}