{"name":"CromKiller69","scoreData":{"2020-09-16":{"id":1355193074046455600,"name":"CromKiller69","score":13300,"level":2,"character":0,"platform":48,"runframes":10805,"runend":1021,"unknown1":1533,"unknown2":1288,"rank":1952,"percentile":36.77900194426442}},"tenDayPercentiles":[],"tenDayDecayingPercentileScore":0,"scoresByDay":[],"rankSummary":{"mean":1952,"median":1952,"max":1952,"min":1952},"percentileSummary":{"mean":36.77900194426442,"median":36.77900194426442,"max":36.77900194426442,"min":36.77900194426442}}