{"name":"Cromatoid","scoreData":{"2020-10-06":{"id":76561198035348820,"name":"Cromatoid","score":4200,"level":1,"character":14,"platform":18,"runframes":2962,"runend":1022,"unknown1":1362,"unknown2":1358,"rank":6367,"percentile":6.313465783664469}},"tenDayPercentiles":[],"tenDayDecayingPercentileScore":0,"scoresByDay":[],"rankSummary":{"mean":6367,"median":6367,"max":6367,"min":6367},"percentileSummary":{"mean":6.313465783664469,"median":6.313465783664469,"max":6.313465783664469,"min":6.313465783664469}}