{"name":"croncho20202020","scoreData":{"2020-10-08":{"id":467095257156023600,"name":"croncho20202020","score":0,"level":2,"character":0,"platform":18,"runframes":2322,"runend":1021,"unknown1":4294966912,"unknown2":840,"rank":6144,"percentile":3.0919703423252827}},"tenDayPercentiles":[],"tenDayDecayingPercentileScore":0,"scoresByDay":[],"rankSummary":{"mean":6144,"median":6144,"max":6144,"min":6144},"percentileSummary":{"mean":3.0919703423252827,"median":3.0919703423252827,"max":3.0919703423252827,"min":3.0919703423252827}}