{"name":"crowseto","scoreData":{"2020-09-25":{"id":1867862779648277200,"name":"crowseto","score":12800,"level":2,"character":0,"platform":48,"runframes":7078,"runend":1021,"unknown1":4294966327,"unknown2":4294967151,"rank":1343,"percentile":41.60139251523064}},"tenDayPercentiles":[],"tenDayDecayingPercentileScore":0,"scoresByDay":[],"rankSummary":{"mean":1343,"median":1343,"max":1343,"min":1343},"percentileSummary":{"mean":41.60139251523064,"median":41.60139251523064,"max":41.60139251523064,"min":41.60139251523064}}