{"name":"CrownlessK","scoreData":{"2020-10-03":{"id":76561199592959540,"name":"CrownlessK","score":183850,"level":4,"character":18,"platform":18,"runframes":6328,"runend":1019,"unknown1":2819,"unknown2":4294965690,"rank":1597,"percentile":79.79235249430235}},"tenDayPercentiles":[],"tenDayDecayingPercentileScore":0,"scoresByDay":[],"rankSummary":{"mean":1597,"median":1597,"max":1597,"min":1597},"percentileSummary":{"mean":79.79235249430235,"median":79.79235249430235,"max":79.79235249430235,"min":79.79235249430235}}