{"name":"crstl","scoreData":{"2020-10-10":{"id":76561198108532540,"name":"crstl","score":9100,"level":1,"character":0,"platform":18,"runframes":5168,"runend":1022,"unknown1":5463,"unknown2":1291,"rank":4939,"percentile":25.136446331109767}},"tenDayPercentiles":[],"tenDayDecayingPercentileScore":0,"scoresByDay":[],"rankSummary":{"mean":4939,"median":4939,"max":4939,"min":4939},"percentileSummary":{"mean":25.136446331109767,"median":25.136446331109767,"max":25.136446331109767,"min":25.136446331109767}}