{"name":"Crunch Wrap Supreme","scoreData":{"2020-10-27":{"id":76561198050476960,"name":"Crunch Wrap Supreme","score":11100,"level":2,"character":0,"platform":18,"runframes":10208,"runend":1021,"unknown1":4294965086,"unknown2":104,"rank":3667,"percentile":26.341169379144063}},"tenDayPercentiles":[],"tenDayDecayingPercentileScore":0,"scoresByDay":[],"rankSummary":{"mean":3667,"median":3667,"max":3667,"min":3667},"percentileSummary":{"mean":26.341169379144063,"median":26.341169379144063,"max":26.341169379144063,"min":26.341169379144063}}