{"name":"cruxx ♡","scoreData":{"2020-10-01":{"id":201372066305664700,"name":"cruxx ♡","score":4300,"level":1,"character":0,"platform":18,"runframes":2612,"runend":1022,"unknown1":4294963832,"unknown2":4294967265,"rank":6476,"percentile":15.843514426826104}},"tenDayPercentiles":[],"tenDayDecayingPercentileScore":0,"scoresByDay":[],"rankSummary":{"mean":6476,"median":6476,"max":6476,"min":6476},"percentileSummary":{"mean":15.843514426826104,"median":15.843514426826104,"max":15.843514426826104,"min":15.843514426826104}}