{"name":"Cry about it","scoreData":{"2020-09-29":{"id":76561198117207820,"name":"Cry about it","score":5000,"level":2,"character":7,"platform":18,"runframes":3380,"runend":1021,"unknown1":1088,"unknown2":176,"rank":4266,"percentile":23.730329041487835}},"tenDayDecayingPercentileMean":null,"rankSummary":{"mean":4266,"median":4266,"max":4266,"min":4266},"percentileSummary":{"mean":23.730329041487835,"median":23.730329041487835,"max":23.730329041487835,"min":23.730329041487835}}