{"name":"cryanc20","scoreData":{"2020-11-21":{"id":76561197986374860,"name":"cryanc20","score":0,"level":1,"character":1,"platform":48,"runframes":2628,"runend":1022,"unknown1":900,"unknown2":78,"rank":4121,"percentile":0.7468079980727538}},"tenDayPercentiles":[],"tenDayDecayingPercentileScore":0,"scoresByDay":[],"rankSummary":{"mean":4121,"median":4121,"max":4121,"min":4121},"percentileSummary":{"mean":0.7468079980727538,"median":0.7468079980727538,"max":0.7468079980727538,"min":0.7468079980727538}}