{"name":"Cryomaniac","scoreData":{"2020-10-21":{"id":76561198074505260,"name":"Cryomaniac","score":4500,"level":1,"character":3,"platform":18,"runframes":2339,"runend":1022,"unknown1":4294967179,"unknown2":593,"rank":4910,"percentile":8.550670640834582}},"tenDayPercentiles":[],"tenDayDecayingPercentileScore":0,"scoresByDay":[],"rankSummary":{"mean":4910,"median":4910,"max":4910,"min":4910},"percentileSummary":{"mean":8.550670640834582,"median":8.550670640834582,"max":8.550670640834582,"min":8.550670640834582}}