{"name":"crzyhrse_03","scoreData":{"2020-10-03":{"id":5523188667561735000,"name":"crzyhrse_03","score":4100,"level":2,"character":7,"platform":48,"runframes":15803,"runend":1021,"unknown1":4294967033,"unknown2":185,"rank":6243,"percentile":20.967333502152442}},"tenDayPercentiles":[],"tenDayDecayingPercentileScore":0,"scoresByDay":[],"rankSummary":{"mean":6243,"median":6243,"max":6243,"min":6243},"percentileSummary":{"mean":20.967333502152442,"median":20.967333502152442,"max":20.967333502152442,"min":20.967333502152442}}