{"name":"CS.MONEY Lil Bert","scoreData":{"2020-11-06":{"id":76561198029796720,"name":"CS.MONEY Lil Bert","score":10900,"level":3,"character":9,"platform":18,"runframes":22289,"runend":1020,"unknown1":1226,"unknown2":73,"rank":3162,"percentile":30.297684674751935}},"tenDayDecayingPercentileMean":null,"rankSummary":{"mean":3162,"median":3162,"max":3162,"min":3162},"percentileSummary":{"mean":30.297684674751935,"median":30.297684674751935,"max":30.297684674751935,"min":30.297684674751935}}