{"name":"CT-1771","scoreData":{"2020-09-20":{"id":3101672286149722000,"name":"CT-1771","score":17800,"level":3,"character":3,"platform":48,"runframes":10367,"runend":1020,"unknown1":4294965727,"unknown2":833,"rank":1170,"percentile":60.69266980497646}},"tenDayPercentiles":[],"tenDayDecayingPercentileScore":0,"scoresByDay":[],"rankSummary":{"mean":1170,"median":1170,"max":1170,"min":1170},"percentileSummary":{"mean":60.69266980497646,"median":60.69266980497646,"max":60.69266980497646,"min":60.69266980497646}}