{"name":"CtfgamingPS","scoreData":{"2020-09-27":{"id":3673194435871083000,"name":"CtfgamingPS","score":3000,"level":1,"character":7,"platform":48,"runframes":2232,"runend":1022,"unknown1":637,"unknown2":381,"rank":2412,"percentile":3.5600000000000023}},"tenDayPercentiles":[],"tenDayDecayingPercentileScore":0,"scoresByDay":[],"rankSummary":{"mean":2412,"median":2412,"max":2412,"min":2412},"percentileSummary":{"mean":3.5600000000000023,"median":3.5600000000000023,"max":3.5600000000000023,"min":3.5600000000000023}}