{"name":"CTU_Kyoto","scoreData":{"2020-09-19":{"id":1543055961296671000,"name":"CTU_Kyoto","score":8700,"level":2,"character":0,"platform":48,"runframes":6866,"runend":1021,"unknown1":4294966135,"unknown2":212,"rank":1517,"percentile":49.39919893190922}},"tenDayPercentiles":[],"tenDayDecayingPercentileScore":0,"scoresByDay":[],"rankSummary":{"mean":1517,"median":1517,"max":1517,"min":1517},"percentileSummary":{"mean":49.39919893190922,"median":49.39919893190922,"max":49.39919893190922,"min":49.39919893190922}}