{"name":"cubalis","scoreData":{"2020-09-17":{"id":3936647359029982700,"name":"cubalis","score":18500,"level":3,"character":5,"platform":48,"runframes":32752,"runend":1020,"unknown1":1430,"unknown2":62,"rank":1030,"percentile":63.600990449239475}},"tenDayPercentiles":[],"tenDayDecayingPercentileScore":0,"scoresByDay":[],"rankSummary":{"mean":1030,"median":1030,"max":1030,"min":1030},"percentileSummary":{"mean":63.600990449239475,"median":63.600990449239475,"max":63.600990449239475,"min":63.600990449239475}}