{"name":"Cube2000","scoreData":{"2020-10-01":{"id":76561199405107250,"name":"Cube2000","score":39050,"level":8,"character":4,"platform":18,"runframes":58556,"runend":1015,"unknown1":4294961443,"unknown2":4294961533,"rank":745,"percentile":90.33012737197816}},"tenDayPercentiles":[],"tenDayDecayingPercentileScore":0,"scoresByDay":[],"rankSummary":{"mean":745,"median":745,"max":745,"min":745},"percentileSummary":{"mean":90.33012737197816,"median":90.33012737197816,"max":90.33012737197816,"min":90.33012737197816}}