{"name":"cubeguyt","scoreData":{"2020-09-30":{"id":3733361607173185000,"name":"cubeguyt","score":0,"level":3,"character":0,"platform":18,"runframes":11167,"runend":1020,"unknown1":6874,"unknown2":562,"rank":4231,"percentile":45.23562920766442}},"tenDayPercentiles":[],"tenDayDecayingPercentileScore":0,"scoresByDay":[],"rankSummary":{"mean":4231,"median":4231,"max":4231,"min":4231},"percentileSummary":{"mean":45.23562920766442,"median":45.23562920766442,"max":45.23562920766442,"min":45.23562920766442}}