{"name":"curryud0n","scoreData":{"2020-10-04":{"id":76561198480859170,"name":"curryud0n","score":11700,"level":4,"character":0,"platform":18,"runframes":21029,"runend":1019,"unknown1":4294964079,"unknown2":99,"rank":3201,"percentile":57.401490947816825}},"tenDayPercentiles":[],"tenDayDecayingPercentileScore":0,"scoresByDay":[],"rankSummary":{"mean":3201,"median":3201,"max":3201,"min":3201},"percentileSummary":{"mean":57.401490947816825,"median":57.401490947816825,"max":57.401490947816825,"min":57.401490947816825}}