{"name":"CVraptor","scoreData":{"2020-10-24":{"id":76561198146024540,"name":"CVraptor","score":5400,"level":2,"character":13,"platform":18,"runframes":6124,"runend":1021,"unknown1":1073,"unknown2":63,"rank":4286,"percentile":20.23454951600894}},"tenDayPercentiles":[],"tenDayDecayingPercentileScore":0,"scoresByDay":[],"rankSummary":{"mean":4286,"median":4286,"max":4286,"min":4286},"percentileSummary":{"mean":20.23454951600894,"median":20.23454951600894,"max":20.23454951600894,"min":20.23454951600894}}