{"name":"Cy","scoreData":{"2020-10-13":{"id":76561198037806750,"name":"Cy","score":64450,"level":6,"character":14,"platform":18,"runframes":47762,"runend":1017,"unknown1":1725,"unknown2":2845,"rank":971,"percentile":83.46121057118499}},"tenDayPercentiles":[],"tenDayDecayingPercentileScore":0,"scoresByDay":[],"rankSummary":{"mean":971,"median":971,"max":971,"min":971},"percentileSummary":{"mean":83.46121057118499,"median":83.46121057118499,"max":83.46121057118499,"min":83.46121057118499}}