{"name":"cyberpizza88","scoreData":{"2020-11-12":{"id":76561198044698750,"name":"cyberpizza88","score":21825,"level":9,"character":9,"platform":18,"runframes":50270,"runend":1014,"unknown1":4294965362,"unknown2":12,"rank":289,"percentile":93.24577861163228}},"tenDayPercentiles":[93.24577861163228],"tenDayDecayingPercentileScore":36.12532514690432,"scoresByDay":[36.12532514690432],"rankSummary":{"mean":289,"median":289,"max":289,"min":289},"percentileSummary":{"mean":93.24577861163228,"median":93.24577861163228,"max":93.24577861163228,"min":93.24577861163228}}