{"name":"CyberGlade64","scoreData":{"2020-09-29":{"id":76561198031696050,"name":"CyberGlade64","score":2100,"level":2,"character":4,"platform":48,"runframes":5058,"runend":1021,"unknown1":736,"unknown2":140,"rank":4548,"percentile":18.687410586552218}},"tenDayPercentiles":[],"tenDayDecayingPercentileScore":0,"scoresByDay":[],"rankSummary":{"mean":4548,"median":4548,"max":4548,"min":4548},"percentileSummary":{"mean":18.687410586552218,"median":18.687410586552218,"max":18.687410586552218,"min":18.687410586552218}}