{"name":"Cybork","scoreData":{"2020-11-08":{"id":6113348973347287000,"name":"Cybork","score":99999999,"level":10,"character":13,"platform":18,"runframes":25770,"runend":1013,"unknown1":301,"unknown2":915,"rank":221,"percentile":95.33404029692471}},"tenDayPercentiles":[],"tenDayDecayingPercentileScore":0,"scoresByDay":[],"rankSummary":{"mean":221,"median":221,"max":221,"min":221},"percentileSummary":{"mean":95.33404029692471,"median":95.33404029692471,"max":95.33404029692471,"min":95.33404029692471}}