{"name":"**&**","scoreData":{"2020-10-07":{"id":2408299676076922000,"name":"**&**","score":4200,"level":2,"character":4,"platform":18,"runframes":11062,"runend":1021,"unknown1":2869,"unknown2":644,"rank":4554,"percentile":30.21152667075414}},"tenDayDecayingPercentileMean":null,"rankSummary":{"mean":4554,"median":4554,"max":4554,"min":4554},"percentileSummary":{"mean":30.21152667075414,"median":30.21152667075414,"max":30.21152667075414,"min":30.21152667075414}}