{"name":"*exists*","scoreData":{"2020-10-26":{"id":76561198008190740,"name":"*exists*","score":1300,"level":1,"character":18,"platform":18,"runframes":929,"runend":1022,"unknown1":539,"unknown2":4294966592,"rank":4925,"percentile":2.6877470355731248}},"tenDayDecayingPercentileMean":null,"rankSummary":{"mean":4925,"median":4925,"max":4925,"min":4925},"percentileSummary":{"mean":2.6877470355731248,"median":2.6877470355731248,"max":2.6877470355731248,"min":2.6877470355731248}}