{"name":"F41thF4n","scoreData":{"2020-10-01":{"id":76561198062077390,"name":"F41thF4n","score":6400,"level":2,"character":4,"platform":18,"runframes":8458,"runend":1021,"unknown1":7131,"unknown2":1191,"rank":5130,"percentile":33.33766571354302}},"tenDayPercentiles":[],"tenDayDecayingPercentileScore":0,"scoresByDay":[],"rankSummary":{"mean":5130,"median":5130,"max":5130,"min":5130},"percentileSummary":{"mean":33.33766571354302,"median":33.33766571354302,"max":33.33766571354302,"min":33.33766571354302}}