{"name":"FA2","scoreData":{"2020-10-29":{"id":76561198244852200,"name":"FA2","score":1600,"level":1,"character":18,"platform":18,"runframes":1685,"runend":1022,"unknown1":4294965657,"unknown2":40,"rank":4564,"percentile":4.599623667154503}},"tenDayPercentiles":[],"tenDayDecayingPercentileScore":0,"scoresByDay":[],"rankSummary":{"mean":4564,"median":4564,"max":4564,"min":4564},"percentileSummary":{"mean":4.599623667154503,"median":4.599623667154503,"max":4.599623667154503,"min":4.599623667154503}}