{"name":"fabianveider1","scoreData":{"2020-10-17":{"id":76561198047326750,"name":"fabianveider1","score":39800,"level":6,"character":4,"platform":18,"runframes":35381,"runend":1017,"unknown1":4294965759,"unknown2":4294962010,"rank":1475,"percentile":74.79480164158687}},"tenDayPercentiles":[],"tenDayDecayingPercentileScore":0,"scoresByDay":[],"rankSummary":{"mean":1475,"median":1475,"max":1475,"min":1475},"percentileSummary":{"mean":74.79480164158687,"median":74.79480164158687,"max":74.79480164158687,"min":74.79480164158687}}