{"name":"Faceroll","scoreData":{"2020-10-07":{"id":9059365018177090000,"name":"Faceroll","score":24825,"level":8,"character":5,"platform":18,"runframes":38440,"runend":1015,"unknown1":4294963856,"unknown2":4294962127,"rank":469,"percentile":92.82648681790313}},"tenDayPercentiles":[],"tenDayDecayingPercentileScore":0,"scoresByDay":[],"rankSummary":{"mean":469,"median":469,"max":469,"min":469},"percentileSummary":{"mean":92.82648681790313,"median":92.82648681790313,"max":92.82648681790313,"min":92.82648681790313}}