{"name":"facetious24","scoreData":{"2020-11-18":{"id":76561197989036960,"name":"facetious24","score":42500,"level":6,"character":6,"platform":48,"runframes":61599,"runend":1017,"unknown1":1060,"unknown2":700,"rank":1325,"percentile":67.03187250996015}},"tenDayPercentiles":[67.03187250996015],"tenDayDecayingPercentileScore":48.86623505976096,"scoresByDay":[48.86623505976096],"rankSummary":{"mean":1325,"median":1325,"max":1325,"min":1325},"percentileSummary":{"mean":67.03187250996015,"median":67.03187250996015,"max":67.03187250996015,"min":67.03187250996015}}