{"name":"fairyqueen1379","scoreData":{"2020-11-05":{"id":76561198106337650,"name":"fairyqueen1379","score":1700,"level":1,"character":3,"platform":48,"runframes":2747,"runend":1022,"unknown1":3767,"unknown2":3863,"rank":4153,"percentile":7.692307692307693}},"tenDayPercentiles":[],"tenDayDecayingPercentileScore":0,"scoresByDay":[],"rankSummary":{"mean":4153,"median":4153,"max":4153,"min":4153},"percentileSummary":{"mean":7.692307692307693,"median":7.692307692307693,"max":7.692307692307693,"min":7.692307692307693}}