{"name":"FallGuy13769","scoreData":{"2020-10-01":{"id":6692498172754214000,"name":"FallGuy13769","score":10875,"level":7,"character":4,"platform":18,"runframes":34104,"runend":1016,"unknown1":4294961618,"unknown2":4294966471,"rank":1093,"percentile":85.80712243306472}},"tenDayPercentiles":[],"tenDayDecayingPercentileScore":0,"scoresByDay":[],"rankSummary":{"mean":1093,"median":1093,"max":1093,"min":1093},"percentileSummary":{"mean":85.80712243306472,"median":85.80712243306472,"max":85.80712243306472,"min":85.80712243306472}}