{"name":"famalala06","scoreData":{"2020-09-29":{"id":76561198064088290,"name":"famalala06","score":6300,"level":2,"character":0,"platform":48,"runframes":3749,"runend":1021,"unknown1":4294965572,"unknown2":485,"rank":4100,"percentile":26.698855507868373}},"tenDayPercentiles":[],"tenDayDecayingPercentileScore":0,"scoresByDay":[],"rankSummary":{"mean":4100,"median":4100,"max":4100,"min":4100},"percentileSummary":{"mean":26.698855507868373,"median":26.698855507868373,"max":26.698855507868373,"min":26.698855507868373}}