{"name":"fana","scoreData":{"2020-09-29":{"id":76561198002672910,"name":"fana","score":5600,"level":1,"character":0,"platform":18,"runframes":5841,"runend":1022,"unknown1":2818,"unknown2":4294966966,"rank":5253,"percentile":6.080114449213156}},"tenDayPercentiles":[],"tenDayDecayingPercentileScore":0,"scoresByDay":[],"rankSummary":{"mean":5253,"median":5253,"max":5253,"min":5253},"percentileSummary":{"mean":6.080114449213156,"median":6.080114449213156,"max":6.080114449213156,"min":6.080114449213156}}