{"name":"farconara.","scoreData":{"2020-10-21":{"id":76561198063445220,"name":"farconara.","score":1600,"level":4,"character":7,"platform":18,"runframes":15621,"runend":1019,"unknown1":2833,"unknown2":1255,"rank":2735,"percentile":49.068554396423245}},"tenDayPercentiles":[],"tenDayDecayingPercentileScore":0,"scoresByDay":[],"rankSummary":{"mean":2735,"median":2735,"max":2735,"min":2735},"percentileSummary":{"mean":49.068554396423245,"median":49.068554396423245,"max":49.068554396423245,"min":49.068554396423245}}