{"name":"Farnese","scoreData":{"2020-09-30":{"id":76561197966879260,"name":"Farnese","score":8600,"level":1,"character":3,"platform":18,"runframes":7204,"runend":1022,"unknown1":6490,"unknown2":804,"rank":6356,"percentile":17.72397721387881}},"tenDayPercentiles":[],"tenDayDecayingPercentileScore":0,"scoresByDay":[],"rankSummary":{"mean":6356,"median":6356,"max":6356,"min":6356},"percentileSummary":{"mean":17.72397721387881,"median":17.72397721387881,"max":17.72397721387881,"min":17.72397721387881}}