{"name":"fasterthanlime","scoreData":{"2020-10-03":{"id":76561198012445920,"name":"fasterthanlime","score":27100,"level":4,"character":0,"platform":18,"runframes":30136,"runend":1019,"unknown1":466,"unknown2":4294962531,"rank":1790,"percentile":77.34869587237276}},"tenDayPercentiles":[],"tenDayDecayingPercentileScore":0,"scoresByDay":[],"rankSummary":{"mean":1790,"median":1790,"max":1790,"min":1790},"percentileSummary":{"mean":77.34869587237276,"median":77.34869587237276,"max":77.34869587237276,"min":77.34869587237276}}