{"name":"Fat Chupa","scoreData":{"2020-10-16":{"id":76561198047347620,"name":"Fat Chupa","score":4400,"level":1,"character":10,"platform":18,"runframes":2849,"runend":1022,"unknown1":2,"unknown2":252,"rank":5139,"percentile":8.364544319600498}},"tenDayDecayingPercentileMean":null,"rankSummary":{"mean":5139,"median":5139,"max":5139,"min":5139},"percentileSummary":{"mean":8.364544319600498,"median":8.364544319600498,"max":8.364544319600498,"min":8.364544319600498}}