{"name":"Fat Albert","scoreData":{"2020-11-03":{"id":4129411957289770000,"name":"Fat Albert","score":500,"level":2,"character":7,"platform":18,"runframes":4514,"runend":1021,"unknown1":2846,"unknown2":2150,"rank":4013,"percentile":10.8048021342819}},"tenDayPercentiles":[],"tenDayDecayingPercentileScore":0,"scoresByDay":[],"rankSummary":{"mean":4013,"median":4013,"max":4013,"min":4013},"percentileSummary":{"mean":10.8048021342819,"median":10.8048021342819,"max":10.8048021342819,"min":10.8048021342819}}