{"name":"fat_chooch","scoreData":{"2020-09-29":{"id":76561198076829700,"name":"fat_chooch","score":20325,"level":6,"character":0,"platform":18,"runframes":23502,"runend":1017,"unknown1":3276,"unknown2":50,"rank":900,"percentile":83.92346208869813}},"tenDayPercentiles":[],"tenDayDecayingPercentileScore":0,"scoresByDay":[],"rankSummary":{"mean":900,"median":900,"max":900,"min":900},"percentileSummary":{"mean":83.92346208869813,"median":83.92346208869813,"max":83.92346208869813,"min":83.92346208869813}}