{"name":"Fatal Cutie","scoreData":{"2020-11-16":{"id":2125330402357539800,"name":"Fatal Cutie","score":9200,"level":1,"character":18,"platform":18,"runframes":3965,"runend":1022,"unknown1":1058,"unknown2":4294966633,"rank":3031,"percentile":22.387295081967224}},"tenDayPercentiles":[22.387295081967224],"tenDayDecayingPercentileScore":16.320338114754108,"scoresByDay":[16.320338114754108],"rankSummary":{"mean":3031,"median":3031,"max":3031,"min":3031},"percentileSummary":{"mean":22.387295081967224,"median":22.387295081967224,"max":22.387295081967224,"min":22.387295081967224}}