{"name":"Fatal Error X","scoreData":{"2020-10-03":{"id":76561198083028480,"name":"Fatal Error X","score":68950,"level":7,"character":7,"platform":18,"runframes":36468,"runend":1016,"unknown1":4294965807,"unknown2":494,"rank":659,"percentile":91.66877690554571}},"tenDayPercentiles":[],"tenDayDecayingPercentileScore":0,"scoresByDay":[],"rankSummary":{"mean":659,"median":659,"max":659,"min":659},"percentileSummary":{"mean":91.66877690554571,"median":91.66877690554571,"max":91.66877690554571,"min":91.66877690554571}}