{"name":"FATBALLS12","scoreData":{"2020-11-12":{"id":76561198089125500,"name":"FATBALLS12","score":4500,"level":2,"character":16,"platform":18,"runframes":7498,"runend":1021,"unknown1":4294965628,"unknown2":69,"rank":3553,"percentile":16.69793621013133}},"tenDayPercentiles":[16.69793621013133],"tenDayDecayingPercentileScore":5.8222103506379,"scoresByDay":[5.8222103506379],"rankSummary":{"mean":3553,"median":3553,"max":3553,"min":3553},"percentileSummary":{"mean":16.69793621013133,"median":16.69793621013133,"max":16.69793621013133,"min":16.69793621013133}}