{"name":"FatDaddyObama","scoreData":{"2020-10-02":{"id":76561198391651790,"name":"FatDaddyObama","score":3400,"level":4,"character":4,"platform":48,"runframes":9242,"runend":1019,"unknown1":2929,"unknown2":196,"rank":2974,"percentile":60.16347313412837}},"tenDayPercentiles":[],"tenDayDecayingPercentileScore":0,"scoresByDay":[],"rankSummary":{"mean":2974,"median":2974,"max":2974,"min":2974},"percentileSummary":{"mean":60.16347313412837,"median":60.16347313412837,"max":60.16347313412837,"min":60.16347313412837}}