{"name":"FaZe_Shahil70","scoreData":{"2020-10-16":{"id":76561198037522060,"name":"FaZe_Shahil70","score":8100,"level":3,"character":3,"platform":48,"runframes":9918,"runend":1020,"unknown1":4294963228,"unknown2":135,"rank":2430,"percentile":56.679151061173535}},"tenDayPercentiles":[],"tenDayDecayingPercentileScore":0,"scoresByDay":[],"rankSummary":{"mean":2430,"median":2430,"max":2430,"min":2430},"percentileSummary":{"mean":56.679151061173535,"median":56.679151061173535,"max":56.679151061173535,"min":56.679151061173535}}