{"name":"Fe-18we","scoreData":{"2020-09-19":{"id":2866580641737908700,"name":"Fe-18we","score":1300,"level":1,"character":0,"platform":48,"runframes":7248,"runend":1022,"unknown1":4294965662,"unknown2":139,"rank":2873,"percentile":4.1388518024032095}},"tenDayPercentiles":[],"tenDayDecayingPercentileScore":0,"scoresByDay":[],"rankSummary":{"mean":2873,"median":2873,"max":2873,"min":2873},"percentileSummary":{"mean":4.1388518024032095,"median":4.1388518024032095,"max":4.1388518024032095,"min":4.1388518024032095}}