{"name":"FedoraFurioso","scoreData":{"2020-09-16":{"id":2416526223470260000,"name":"FedoraFurioso","score":7700,"level":3,"character":0,"platform":48,"runframes":10170,"runend":1020,"unknown1":2054,"unknown2":211,"rank":1118,"percentile":63.804277381723914}},"tenDayPercentiles":[],"tenDayDecayingPercentileScore":0,"scoresByDay":[],"rankSummary":{"mean":1118,"median":1118,"max":1118,"min":1118},"percentileSummary":{"mean":63.804277381723914,"median":63.804277381723914,"max":63.804277381723914,"min":63.804277381723914}}