{"name":"FeebleMortal","scoreData":{"2020-10-28":{"id":76561198087176720,"name":"FeebleMortal","score":0,"level":1,"character":2,"platform":48,"runframes":1378,"runend":1022,"unknown1":417,"unknown2":4294964288,"rank":4889,"percentile":0.6705954074375171}},"tenDayPercentiles":[],"tenDayDecayingPercentileScore":0,"scoresByDay":[],"rankSummary":{"mean":4889,"median":4889,"max":4889,"min":4889},"percentileSummary":{"mean":0.6705954074375171,"median":0.6705954074375171,"max":0.6705954074375171,"min":0.6705954074375171}}