{"name":"feelsweird","scoreData":{"2020-09-30":{"id":76561198428090130,"name":"feelsweird","score":12300,"level":1,"character":0,"platform":18,"runframes":4099,"runend":1022,"unknown1":4294966942,"unknown2":125,"rank":5940,"percentile":23.10978767477991}},"tenDayPercentiles":[],"tenDayDecayingPercentileScore":0,"scoresByDay":[],"rankSummary":{"mean":5940,"median":5940,"max":5940,"min":5940},"percentileSummary":{"mean":23.10978767477991,"median":23.10978767477991,"max":23.10978767477991,"min":23.10978767477991}}