{"name":"feer","scoreData":{"2020-10-02":{"id":76561198019981340,"name":"feer","score":1000,"level":1,"character":3,"platform":18,"runframes":1301,"runend":1022,"unknown1":1893,"unknown2":44,"rank":7100,"percentile":4.877395149403725}},"tenDayPercentiles":[],"tenDayDecayingPercentileScore":0,"scoresByDay":[],"rankSummary":{"mean":7100,"median":7100,"max":7100,"min":7100},"percentileSummary":{"mean":4.877395149403725,"median":4.877395149403725,"max":4.877395149403725,"min":4.877395149403725}}