{"name":"Fei_The_Villain","scoreData":{"2020-10-13":{"id":76561199039903600,"name":"Fei_The_Villain","score":12800,"level":3,"character":5,"platform":48,"runframes":11314,"runend":1020,"unknown1":4294964243,"unknown2":4294965214,"rank":2695,"percentile":54.066496163682864}},"tenDayPercentiles":[],"tenDayDecayingPercentileScore":0,"scoresByDay":[],"rankSummary":{"mean":2695,"median":2695,"max":2695,"min":2695},"percentileSummary":{"mean":54.066496163682864,"median":54.066496163682864,"max":54.066496163682864,"min":54.066496163682864}}