{"name":"FelixNJess","scoreData":{"2020-09-26":{"id":2721949589008533000,"name":"FelixNJess","score":9500,"level":2,"character":3,"platform":48,"runframes":4562,"runend":1021,"unknown1":4294966944,"unknown2":264,"rank":2045,"percentile":21.23314065510597}},"tenDayPercentiles":[],"tenDayDecayingPercentileScore":0,"scoresByDay":[],"rankSummary":{"mean":2045,"median":2045,"max":2045,"min":2045},"percentileSummary":{"mean":21.23314065510597,"median":21.23314065510597,"max":21.23314065510597,"min":21.23314065510597}}