{"name":"Felix","scoreData":{"2020-09-30":{"id":16340510611808910000,"name":"Felix","score":5000,"level":1,"character":0,"platform":18,"runframes":6304,"runend":1022,"unknown1":4294965460,"unknown2":134,"rank":7237,"percentile":6.3179699637493485}},"tenDayPercentiles":[],"tenDayDecayingPercentileScore":0,"scoresByDay":[],"rankSummary":{"mean":7237,"median":7237,"max":7237,"min":7237},"percentileSummary":{"mean":6.3179699637493485,"median":6.3179699637493485,"max":6.3179699637493485,"min":6.3179699637493485}}