{"name":"Fenrir","scoreData":{"2020-10-29":{"id":76561197995140530,"name":"Fenrir","score":2000,"level":1,"character":3,"platform":18,"runframes":1593,"runend":1022,"unknown1":1080,"unknown2":2534,"rank":4527,"percentile":5.373196738448669}},"tenDayPercentiles":[],"tenDayDecayingPercentileScore":0,"scoresByDay":[],"rankSummary":{"mean":4527,"median":4527,"max":4527,"min":4527},"percentileSummary":{"mean":5.373196738448669,"median":5.373196738448669,"max":5.373196738448669,"min":5.373196738448669}}