{"name":"Fermented Funguy","scoreData":{"2020-09-29":{"id":76561198045575950,"name":"Fermented Funguy","score":5900,"level":1,"character":3,"platform":18,"runframes":3916,"runend":1022,"unknown1":4294965714,"unknown2":271,"rank":5242,"percentile":6.276824034334766}},"tenDayPercentiles":[],"tenDayDecayingPercentileScore":0,"scoresByDay":[],"rankSummary":{"mean":5242,"median":5242,"max":5242,"min":5242},"percentileSummary":{"mean":6.276824034334766,"median":6.276824034334766,"max":6.276824034334766,"min":6.276824034334766}}