{"name":"fern","scoreData":{"2020-11-01":{"id":76561197970773070,"name":"fern","score":8000,"level":1,"character":13,"platform":18,"runframes":0,"runend":1022,"unknown1":4294966867,"unknown2":1009,"rank":3942,"percentile":16.23804463336876}},"tenDayPercentiles":[],"tenDayDecayingPercentileScore":0,"scoresByDay":[],"rankSummary":{"mean":3942,"median":3942,"max":3942,"min":3942},"percentileSummary":{"mean":16.23804463336876,"median":16.23804463336876,"max":16.23804463336876,"min":16.23804463336876}}