{"name":"Ferratus","scoreData":{"2020-10-28":{"id":3112471709344111600,"name":"Ferratus","score":53700,"level":6,"character":2,"platform":18,"runframes":52520,"runend":1017,"unknown1":4294964001,"unknown2":4294962797,"rank":1253,"percentile":74.55801666327982}},"tenDayPercentiles":[],"tenDayDecayingPercentileScore":0,"scoresByDay":[],"rankSummary":{"mean":1253,"median":1253,"max":1253,"min":1253},"percentileSummary":{"mean":74.55801666327982,"median":74.55801666327982,"max":74.55801666327982,"min":74.55801666327982}}