{"name":"Festus09","scoreData":{"2020-09-18":{"id":5687263810203066000,"name":"Festus09","score":3900,"level":2,"character":3,"platform":48,"runframes":5828,"runend":1021,"unknown1":4294966143,"unknown2":4294964997,"rank":2228,"percentile":20.35050071530759}},"tenDayPercentiles":[],"tenDayDecayingPercentileScore":0,"scoresByDay":[],"rankSummary":{"mean":2228,"median":2228,"max":2228,"min":2228},"percentileSummary":{"mean":20.35050071530759,"median":20.35050071530759,"max":20.35050071530759,"min":20.35050071530759}}