{"name":"ffffhyytghytyhgg","scoreData":{"2020-10-17":{"id":76561197990399580,"name":"ffffhyytghytyhgg","score":1000,"level":1,"character":1,"platform":48,"runframes":3920,"runend":1022,"unknown1":1137,"unknown2":4294963900,"rank":5519,"percentile":5.642954856361143}},"tenDayPercentiles":[],"tenDayDecayingPercentileScore":0,"scoresByDay":[],"rankSummary":{"mean":5519,"median":5519,"max":5519,"min":5519},"percentileSummary":{"mean":5.642954856361143,"median":5.642954856361143,"max":5.642954856361143,"min":5.642954856361143}}