{"name":"Fiddlestine","scoreData":{"2020-10-03":{"id":76561198089504530,"name":"Fiddlestine","score":17125,"level":5,"character":3,"platform":18,"runframes":18738,"runend":1018,"unknown1":4294965852,"unknown2":732,"rank":1579,"percentile":80.0202582932388}},"tenDayPercentiles":[],"tenDayDecayingPercentileScore":0,"scoresByDay":[],"rankSummary":{"mean":1579,"median":1579,"max":1579,"min":1579},"percentileSummary":{"mean":80.0202582932388,"median":80.0202582932388,"max":80.0202582932388,"min":80.0202582932388}}