{"name":"fieldsk1017","scoreData":{"2020-10-19":{"id":76561197977144160,"name":"fieldsk1017","score":5500,"level":2,"character":1,"platform":18,"runframes":1774,"runend":1021,"unknown1":3569,"unknown2":95,"rank":4478,"percentile":16.286462228870604}},"tenDayPercentiles":[],"tenDayDecayingPercentileScore":0,"scoresByDay":[],"rankSummary":{"mean":4478,"median":4478,"max":4478,"min":4478},"percentileSummary":{"mean":16.286462228870604,"median":16.286462228870604,"max":16.286462228870604,"min":16.286462228870604}}