{"name":"Fierrze","scoreData":{"2020-09-16":{"id":4515608445106976000,"name":"Fierrze","score":5000,"level":1,"character":1,"platform":48,"runframes":4213,"runend":1022,"unknown1":4294967184,"unknown2":4294965230,"rank":2841,"percentile":7.971484121840561}},"tenDayPercentiles":[],"tenDayDecayingPercentileScore":0,"scoresByDay":[],"rankSummary":{"mean":2841,"median":2841,"max":2841,"min":2841},"percentileSummary":{"mean":7.971484121840561,"median":7.971484121840561,"max":7.971484121840561,"min":7.971484121840561}}