{"name":"Fierceblood","scoreData":{"2020-10-04":{"id":76561198314992060,"name":"Fierceblood","score":9000,"level":3,"character":0,"platform":18,"runframes":22375,"runend":1020,"unknown1":1005,"unknown2":339,"rank":4507,"percentile":40.01597444089457}},"tenDayPercentiles":[],"tenDayDecayingPercentileScore":0,"scoresByDay":[],"rankSummary":{"mean":4507,"median":4507,"max":4507,"min":4507},"percentileSummary":{"mean":40.01597444089457,"median":40.01597444089457,"max":40.01597444089457,"min":40.01597444089457}}