{"name":"FiftyToo","scoreData":{"2020-09-24":{"id":8375427950342024000,"name":"FiftyToo","score":4100,"level":3,"character":7,"platform":48,"runframes":13748,"runend":1020,"unknown1":678,"unknown2":80,"rank":1087,"percentile":52.90546400693842}},"tenDayPercentiles":[],"tenDayDecayingPercentileScore":0,"scoresByDay":[],"rankSummary":{"mean":1087,"median":1087,"max":1087,"min":1087},"percentileSummary":{"mean":52.90546400693842,"median":52.90546400693842,"max":52.90546400693842,"min":52.90546400693842}}