{"name":"FiGGz","scoreData":{"2020-11-08":{"id":7149129888126292000,"name":"FiGGz","score":64625,"level":7,"character":6,"platform":18,"runframes":52500,"runend":1016,"unknown1":4294965476,"unknown2":4294964112,"rank":425,"percentile":91.00742311770944}},"tenDayPercentiles":[],"tenDayDecayingPercentileScore":0,"scoresByDay":[],"rankSummary":{"mean":425,"median":425,"max":425,"min":425},"percentileSummary":{"mean":91.00742311770944,"median":91.00742311770944,"max":91.00742311770944,"min":91.00742311770944}}