{"name":"FilthyPasta","scoreData":{"2020-10-02":{"id":76561198036877070,"name":"FilthyPasta","score":5200,"level":3,"character":7,"platform":18,"runframes":18350,"runend":1020,"unknown1":4294965142,"unknown2":47,"rank":3667,"percentile":50.8776631381482}},"tenDayPercentiles":[],"tenDayDecayingPercentileScore":0,"scoresByDay":[],"rankSummary":{"mean":3667,"median":3667,"max":3667,"min":3667},"percentileSummary":{"mean":50.8776631381482,"median":50.8776631381482,"max":50.8776631381482,"min":50.8776631381482}}