{"name":"finalzombiez","scoreData":{"2020-09-24":{"id":4301298799741257000,"name":"finalzombiez","score":5200,"level":2,"character":3,"platform":48,"runframes":8313,"runend":1021,"unknown1":85,"unknown2":360,"rank":1712,"percentile":25.802254986990462}},"tenDayPercentiles":[],"tenDayDecayingPercentileScore":0,"scoresByDay":[],"rankSummary":{"mean":1712,"median":1712,"max":1712,"min":1712},"percentileSummary":{"mean":25.802254986990462,"median":25.802254986990462,"max":25.802254986990462,"min":25.802254986990462}}