{"name":"Finishedit","scoreData":{"2020-10-27":{"id":76561199973502620,"name":"Finishedit","score":3000,"level":1,"character":7,"platform":18,"runframes":1890,"runend":1022,"unknown1":4294965761,"unknown2":503,"rank":4844,"percentile":2.692384970865973}},"tenDayPercentiles":[],"tenDayDecayingPercentileScore":0,"scoresByDay":[],"rankSummary":{"mean":4844,"median":4844,"max":4844,"min":4844},"percentileSummary":{"mean":2.692384970865973,"median":2.692384970865973,"max":2.692384970865973,"min":2.692384970865973}}