{"name":"fintelfaine","scoreData":{"2020-11-15":{"id":76561198356514580,"name":"fintelfaine","score":2100,"level":1,"character":0,"platform":18,"runframes":755,"runend":1022,"unknown1":3047,"unknown2":1137,"rank":4113,"percentile":4.43876365326517}},"tenDayPercentiles":[4.43876365326517],"tenDayDecayingPercentileScore":2.6210455496165506,"scoresByDay":[2.6210455496165506],"rankSummary":{"mean":4113,"median":4113,"max":4113,"min":4113},"percentileSummary":{"mean":4.43876365326517,"median":4.43876365326517,"max":4.43876365326517,"min":4.43876365326517}}