{"name":"FireFlex","scoreData":{"2020-10-29":{"id":6913901726039439000,"name":"FireFlex","score":17300,"level":3,"character":7,"platform":18,"runframes":9342,"runend":1020,"unknown1":601,"unknown2":443,"rank":2076,"percentile":56.61718586661092}},"tenDayPercentiles":[],"tenDayDecayingPercentileScore":0,"scoresByDay":[],"rankSummary":{"mean":2076,"median":2076,"max":2076,"min":2076},"percentileSummary":{"mean":56.61718586661092,"median":56.61718586661092,"max":56.61718586661092,"min":56.61718586661092}}