{"name":"FireBladeTCO","scoreData":{"2020-10-07":{"id":76561198316803070,"name":"FireBladeTCO","score":9300,"level":2,"character":7,"platform":18,"runframes":5858,"runend":1021,"unknown1":283,"unknown2":66,"rank":3538,"percentile":45.78479460453709}},"tenDayPercentiles":[],"tenDayDecayingPercentileScore":0,"scoresByDay":[],"rankSummary":{"mean":3538,"median":3538,"max":3538,"min":3538},"percentileSummary":{"mean":45.78479460453709,"median":45.78479460453709,"max":45.78479460453709,"min":45.78479460453709}}