{"name":"fireNeedle","scoreData":{"2020-09-22":{"id":6702922805435100000,"name":"fireNeedle","score":0,"level":1,"character":0,"platform":48,"runframes":1621,"runend":1022,"unknown1":587,"unknown2":4294967026,"rank":2437,"percentile":1.0560519902518308}},"tenDayPercentiles":[],"tenDayDecayingPercentileScore":0,"scoresByDay":[],"rankSummary":{"mean":2437,"median":2437,"max":2437,"min":2437},"percentileSummary":{"mean":1.0560519902518308,"median":1.0560519902518308,"max":1.0560519902518308,"min":1.0560519902518308}}