{"name":"FireGamer","scoreData":{"2020-10-04":{"id":7137431071451212000,"name":"FireGamer","score":2000,"level":2,"character":2,"platform":18,"runframes":6787,"runend":1021,"unknown1":4294961832,"unknown2":95,"rank":6515,"percentile":13.285410010649628}},"tenDayPercentiles":[],"tenDayDecayingPercentileScore":0,"scoresByDay":[],"rankSummary":{"mean":6515,"median":6515,"max":6515,"min":6515},"percentileSummary":{"mean":13.285410010649628,"median":13.285410010649628,"max":13.285410010649628,"min":13.285410010649628}}