{"name":"fireball569","scoreData":{"2020-11-03":{"id":3893047961045099500,"name":"fireball569","score":21125,"level":5,"character":15,"platform":18,"runframes":32475,"runend":1018,"unknown1":4294963852,"unknown2":4294963179,"rank":2315,"percentile":48.554913294797686}},"tenDayPercentiles":[],"tenDayDecayingPercentileScore":0,"scoresByDay":[],"rankSummary":{"mean":2315,"median":2315,"max":2315,"min":2315},"percentileSummary":{"mean":48.554913294797686,"median":48.554913294797686,"max":48.554913294797686,"min":48.554913294797686}}