{"name":"Firo✨","scoreData":{"2020-11-16":{"id":76561197970027200,"name":"Firo✨","score":9800,"level":2,"character":16,"platform":18,"runframes":3871,"runend":1021,"unknown1":464,"unknown2":1497,"rank":2497,"percentile":36.065573770491795}},"tenDayPercentiles":[36.065573770491795],"tenDayDecayingPercentileScore":23.66262295081967,"scoresByDay":[23.66262295081967],"rankSummary":{"mean":2497,"median":2497,"max":2497,"min":2497},"percentileSummary":{"mean":36.065573770491795,"median":36.065573770491795,"max":36.065573770491795,"min":36.065573770491795}}