{"name":"firstwaswhen","scoreData":{"2020-11-22":{"id":76561198040791360,"name":"firstwaswhen","score":1400,"level":2,"character":0,"platform":18,"runframes":12647,"runend":1021,"unknown1":148,"unknown2":641,"rank":3453,"percentile":13.678419604901222}},"tenDayPercentiles":[],"tenDayDecayingPercentileScore":0,"scoresByDay":[],"rankSummary":{"mean":3453,"median":3453,"max":3453,"min":3453},"percentileSummary":{"mean":13.678419604901222,"median":13.678419604901222,"max":13.678419604901222,"min":13.678419604901222}}