{"name":"Fisch_Angel","scoreData":{"2020-10-12":{"id":76561198260295140,"name":"Fisch_Angel","score":2200,"level":2,"character":3,"platform":48,"runframes":6858,"runend":1021,"unknown1":4294963264,"unknown2":1175,"rank":5100,"percentile":14.789438502673804}},"tenDayPercentiles":[],"tenDayDecayingPercentileScore":0,"scoresByDay":[],"rankSummary":{"mean":5100,"median":5100,"max":5100,"min":5100},"percentileSummary":{"mean":14.789438502673804,"median":14.789438502673804,"max":14.789438502673804,"min":14.789438502673804}}