{"name":"fish","scoreData":{"2020-11-15":{"id":6236514163793842000,"name":"fish","score":5000,"level":1,"character":3,"platform":18,"runframes":1658,"runend":1022,"unknown1":4294964207,"unknown2":4294966581,"rank":3960,"percentile":7.99442249593308}},"tenDayPercentiles":[7.99442249593308],"tenDayDecayingPercentileScore":5.245140599581695,"scoresByDay":[5.245140599581695],"rankSummary":{"mean":3960,"median":3960,"max":3960,"min":3960},"percentileSummary":{"mean":7.99442249593308,"median":7.99442249593308,"max":7.99442249593308,"min":7.99442249593308}}