{"name":"FkRz_AidenGalaxy","scoreData":{"2020-11-01":{"id":76561198060685020,"name":"FkRz_AidenGalaxy","score":1000,"level":1,"character":0,"platform":48,"runframes":1804,"runend":1022,"unknown1":3180,"unknown2":207,"rank":4556,"percentile":3.1880977683315592}},"tenDayPercentiles":[],"tenDayDecayingPercentileScore":0,"scoresByDay":[],"rankSummary":{"mean":4556,"median":4556,"max":4556,"min":4556},"percentileSummary":{"mean":3.1880977683315592,"median":3.1880977683315592,"max":3.1880977683315592,"min":3.1880977683315592}}