{"name":"Flamechamp1","scoreData":{"2020-10-30":{"id":76561198071623520,"name":"Flamechamp1","score":2500,"level":2,"character":7,"platform":48,"runframes":4438,"runend":1021,"unknown1":207,"unknown2":1813,"rank":4152,"percentile":12.592124657822694}},"tenDayPercentiles":[],"tenDayDecayingPercentileScore":0,"scoresByDay":[],"rankSummary":{"mean":4152,"median":4152,"max":4152,"min":4152},"percentileSummary":{"mean":12.592124657822694,"median":12.592124657822694,"max":12.592124657822694,"min":12.592124657822694}}