{"name":"Flame_Kirby","scoreData":{"2020-10-05":{"id":76561198414391550,"name":"Flame_Kirby","score":500,"level":1,"character":0,"platform":18,"runframes":572,"runend":1022,"unknown1":5109,"unknown2":1482,"rank":6611,"percentile":2.9653552554315894}},"tenDayPercentiles":[],"tenDayDecayingPercentileScore":0,"scoresByDay":[],"rankSummary":{"mean":6611,"median":6611,"max":6611,"min":6611},"percentileSummary":{"mean":2.9653552554315894,"median":2.9653552554315894,"max":2.9653552554315894,"min":2.9653552554315894}}