{"name":"Flandul","scoreData":{"2020-11-22":{"id":76561198283349300,"name":"Flandul","score":3500,"level":1,"character":0,"platform":18,"runframes":3492,"runend":1022,"unknown1":336,"unknown2":510,"rank":3701,"percentile":7.476869217304326}},"tenDayPercentiles":[],"tenDayDecayingPercentileScore":0,"scoresByDay":[],"rankSummary":{"mean":3701,"median":3701,"max":3701,"min":3701},"percentileSummary":{"mean":7.476869217304326,"median":7.476869217304326,"max":7.476869217304326,"min":7.476869217304326}}