{"name":"FlappyBurne","scoreData":{"2020-09-24":{"id":6044501651729139000,"name":"FlappyBurne","score":19700,"level":6,"character":14,"platform":48,"runframes":21836,"runend":1017,"unknown1":4294966362,"unknown2":94,"rank":307,"percentile":86.73026886383347}},"tenDayPercentiles":[],"tenDayDecayingPercentileScore":0,"scoresByDay":[],"rankSummary":{"mean":307,"median":307,"max":307,"min":307},"percentileSummary":{"mean":86.73026886383347,"median":86.73026886383347,"max":86.73026886383347,"min":86.73026886383347}}