{"name":"Flash`","scoreData":{"2020-10-19":{"id":3389535180920410000,"name":"Flash`","score":9600,"level":2,"character":7,"platform":18,"runframes":5649,"runend":1021,"unknown1":4294966294,"unknown2":4294965428,"rank":4133,"percentile":22.737471952131642}},"tenDayPercentiles":[],"tenDayDecayingPercentileScore":0,"scoresByDay":[],"rankSummary":{"mean":4133,"median":4133,"max":4133,"min":4133},"percentileSummary":{"mean":22.737471952131642,"median":22.737471952131642,"max":22.737471952131642,"min":22.737471952131642}}