{"name":"flash345","scoreData":{"2020-11-08":{"id":76561197978380000,"name":"flash345","score":24775,"level":5,"character":8,"platform":18,"runframes":25201,"runend":1018,"unknown1":4294966925,"unknown2":7,"rank":998,"percentile":78.85471898197243}},"tenDayPercentiles":[],"tenDayDecayingPercentileScore":0,"scoresByDay":[],"rankSummary":{"mean":998,"median":998,"max":998,"min":998},"percentileSummary":{"mean":78.85471898197243,"median":78.85471898197243,"max":78.85471898197243,"min":78.85471898197243}}