{"name":"flaurencent","scoreData":{"2020-11-16":{"id":2681293585200956400,"name":"flaurencent","score":16100,"level":2,"character":0,"platform":18,"runframes":15099,"runend":1021,"unknown1":4294966226,"unknown2":589,"rank":2378,"percentile":39.11372950819673}},"tenDayPercentiles":[39.11372950819673],"tenDayDecayingPercentileScore":23.09626613729509,"scoresByDay":[23.09626613729509],"rankSummary":{"mean":2378,"median":2378,"max":2378,"min":2378},"percentileSummary":{"mean":39.11372950819673,"median":39.11372950819673,"max":39.11372950819673,"min":39.11372950819673}}