{"name":"FLEX","scoreData":{"2020-10-03":{"id":76561198198858290,"name":"FLEX","score":7500,"level":1,"character":3,"platform":18,"runframes":3188,"runend":1022,"unknown1":777,"unknown2":482,"rank":7268,"percentile":7.989364396049638}},"tenDayPercentiles":[],"tenDayDecayingPercentileScore":0,"scoresByDay":[],"rankSummary":{"mean":7268,"median":7268,"max":7268,"min":7268},"percentileSummary":{"mean":7.989364396049638,"median":7.989364396049638,"max":7.989364396049638,"min":7.989364396049638}}