{"name":"flgrasso","scoreData":{"2020-10-22":{"id":76561198009310020,"name":"flgrasso","score":1500,"level":1,"character":0,"platform":48,"runframes":802,"runend":1022,"unknown1":4294965973,"unknown2":4294965665,"rank":5260,"percentile":0.9044657998869496}},"tenDayPercentiles":[],"tenDayDecayingPercentileScore":0,"scoresByDay":[],"rankSummary":{"mean":5260,"median":5260,"max":5260,"min":5260},"percentileSummary":{"mean":0.9044657998869496,"median":0.9044657998869496,"max":0.9044657998869496,"min":0.9044657998869496}}