{"name":"Flipp","scoreData":{"2020-10-11":{"id":76561198055465380,"name":"Flipp","score":21400,"level":3,"character":3,"platform":18,"runframes":22382,"runend":1020,"unknown1":3586,"unknown2":1118,"rank":3721,"percentile":41.41732283464567}},"tenDayPercentiles":[],"tenDayDecayingPercentileScore":0,"scoresByDay":[],"rankSummary":{"mean":3721,"median":3721,"max":3721,"min":3721},"percentileSummary":{"mean":41.41732283464567,"median":41.41732283464567,"max":41.41732283464567,"min":41.41732283464567}}