{"name":"flodelclem","scoreData":{"2020-11-22":{"id":76561198985821780,"name":"flodelclem","score":0,"level":1,"character":2,"platform":48,"runframes":308,"runend":1022,"unknown1":2049,"unknown2":223,"rank":3902,"percentile":2.45061265316329}},"tenDayPercentiles":[],"tenDayDecayingPercentileScore":0,"scoresByDay":[],"rankSummary":{"mean":3902,"median":3902,"max":3902,"min":3902},"percentileSummary":{"mean":2.45061265316329,"median":2.45061265316329,"max":2.45061265316329,"min":2.45061265316329}}