{"name":"Flryo","scoreData":{"2020-10-12":{"id":2551526147783996400,"name":"Flryo","score":7000,"level":1,"character":3,"platform":48,"runframes":1721,"runend":1022,"unknown1":4294965930,"unknown2":658,"rank":5330,"percentile":10.945855614973269}},"tenDayPercentiles":[],"tenDayDecayingPercentileScore":0,"scoresByDay":[],"rankSummary":{"mean":5330,"median":5330,"max":5330,"min":5330},"percentileSummary":{"mean":10.945855614973269,"median":10.945855614973269,"max":10.945855614973269,"min":10.945855614973269}}