{"name":"FlubbaBoy","scoreData":{"2020-09-25":{"id":4602735035731887000,"name":"FlubbaBoy","score":2800,"level":2,"character":0,"platform":48,"runframes":2188,"runend":1021,"unknown1":4294966288,"unknown2":708,"rank":1558,"percentile":32.24543080939948}},"tenDayPercentiles":[],"tenDayDecayingPercentileScore":0,"scoresByDay":[],"rankSummary":{"mean":1558,"median":1558,"max":1558,"min":1558},"percentileSummary":{"mean":32.24543080939948,"median":32.24543080939948,"max":32.24543080939948,"min":32.24543080939948}}