{"name":"FluffyMittens_","scoreData":{"2020-10-10":{"id":76561198127499860,"name":"FluffyMittens_","score":1700,"level":2,"character":0,"platform":48,"runframes":3074,"runend":1021,"unknown1":4294961276,"unknown2":4294963797,"rank":4751,"percentile":27.986658580958164}},"tenDayPercentiles":[],"tenDayDecayingPercentileScore":0,"scoresByDay":[],"rankSummary":{"mean":4751,"median":4751,"max":4751,"min":4751},"percentileSummary":{"mean":27.986658580958164,"median":27.986658580958164,"max":27.986658580958164,"min":27.986658580958164}}