{"name":"flusky","scoreData":{"2020-10-21":{"id":76561198121917100,"name":"flusky","score":27275,"level":11,"character":7,"platform":18,"runframes":50728,"runend":1012,"unknown1":970,"unknown2":848,"rank":502,"percentile":90.66691505216096}},"tenDayPercentiles":[],"tenDayDecayingPercentileScore":0,"scoresByDay":[],"rankSummary":{"mean":502,"median":502,"max":502,"min":502},"percentileSummary":{"mean":90.66691505216096,"median":90.66691505216096,"max":90.66691505216096,"min":90.66691505216096}}