{"name":"Fluxxations__","scoreData":{"2020-09-24":{"id":2385965596806983000,"name":"Fluxxations__","score":4200,"level":2,"character":0,"platform":48,"runframes":4150,"runend":1021,"unknown1":1004,"unknown2":1159,"rank":1794,"percentile":22.246313963573286}},"tenDayPercentiles":[],"tenDayDecayingPercentileScore":0,"scoresByDay":[],"rankSummary":{"mean":1794,"median":1794,"max":1794,"min":1794},"percentileSummary":{"mean":22.246313963573286,"median":22.246313963573286,"max":22.246313963573286,"min":22.246313963573286}}