{"name":"flyinggrass","scoreData":{"2020-10-23":{"id":76561197971306050,"name":"flyinggrass","score":8000,"level":1,"character":0,"platform":18,"runframes":7374,"runend":1022,"unknown1":4294964998,"unknown2":204,"rank":4864,"percentile":6.856923960927034}},"tenDayPercentiles":[],"tenDayDecayingPercentileScore":0,"scoresByDay":[],"rankSummary":{"mean":4864,"median":4864,"max":4864,"min":4864},"percentileSummary":{"mean":6.856923960927034,"median":6.856923960927034,"max":6.856923960927034,"min":6.856923960927034}}