{"name":"Fnipper","scoreData":{"2020-09-28":{"id":871042802948966700,"name":"Fnipper","score":14200,"level":4,"character":0,"platform":48,"runframes":19881,"runend":1019,"unknown1":4294967273,"unknown2":4294967116,"rank":1242,"percentile":42.493049119555145}},"tenDayPercentiles":[],"tenDayDecayingPercentileScore":0,"scoresByDay":[],"rankSummary":{"mean":1242,"median":1242,"max":1242,"min":1242},"percentileSummary":{"mean":42.493049119555145,"median":42.493049119555145,"max":42.493049119555145,"min":42.493049119555145}}