{"name":"FOAA | PHZ Phy","scoreData":{"2020-10-27":{"id":76561197997092940,"name":"FOAA | PHZ Phy","score":8500,"level":2,"character":7,"platform":18,"runframes":4610,"runend":1021,"unknown1":424,"unknown2":418,"rank":4143,"percentile":16.77717500502311}},"tenDayPercentiles":[],"tenDayDecayingPercentileScore":0,"scoresByDay":[],"rankSummary":{"mean":4143,"median":4143,"max":4143,"min":4143},"percentileSummary":{"mean":16.77717500502311,"median":16.77717500502311,"max":16.77717500502311,"min":16.77717500502311}}