{"name":"foggy745","scoreData":{"2020-10-12":{"id":76561197984369730,"name":"foggy745","score":2600,"level":2,"character":0,"platform":48,"runframes":3449,"runend":1021,"unknown1":4294962944,"unknown2":4294963708,"rank":5036,"percentile":15.858957219251337}},"tenDayPercentiles":[],"tenDayDecayingPercentileScore":0,"scoresByDay":[],"rankSummary":{"mean":5036,"median":5036,"max":5036,"min":5036},"percentileSummary":{"mean":15.858957219251337,"median":15.858957219251337,"max":15.858957219251337,"min":15.858957219251337}}