{"name":"FoggyDays","scoreData":{"2020-10-23":{"id":76561197995085490,"name":"FoggyDays","score":23675,"level":5,"character":0,"platform":18,"runframes":13883,"runend":1018,"unknown1":4294966990,"unknown2":1688,"rank":2268,"percentile":56.5791993870906}},"tenDayPercentiles":[],"tenDayDecayingPercentileScore":0,"scoresByDay":[],"rankSummary":{"mean":2268,"median":2268,"max":2268,"min":2268},"percentileSummary":{"mean":56.5791993870906,"median":56.5791993870906,"max":56.5791993870906,"min":56.5791993870906}}