{"name":"folgurt","scoreData":{"2020-10-11":{"id":2074903001078164700,"name":"folgurt","score":0,"level":1,"character":5,"platform":18,"runframes":736,"runend":1022,"unknown1":4294966169,"unknown2":4294966538,"rank":6330,"percentile":0.3307086614173187}},"tenDayPercentiles":[],"tenDayDecayingPercentileScore":0,"scoresByDay":[],"rankSummary":{"mean":6330,"median":6330,"max":6330,"min":6330},"percentileSummary":{"mean":0.3307086614173187,"median":0.3307086614173187,"max":0.3307086614173187,"min":0.3307086614173187}}