{"name":"Folio","scoreData":{"2020-10-02":{"id":76561198073595410,"name":"Folio","score":10600,"level":4,"character":0,"platform":18,"runframes":15792,"runend":1019,"unknown1":4294965797,"unknown2":1324,"rank":2616,"percentile":64.96047166019028}},"tenDayPercentiles":[],"tenDayDecayingPercentileScore":0,"scoresByDay":[],"rankSummary":{"mean":2616,"median":2616,"max":2616,"min":2616},"percentileSummary":{"mean":64.96047166019028,"median":64.96047166019028,"max":64.96047166019028,"min":64.96047166019028}}