{"name":"Folklore","scoreData":{"2020-10-03":{"id":7820636956957623000,"name":"Folklore","score":0,"level":1,"character":2,"platform":18,"runframes":610,"runend":1022,"unknown1":2283,"unknown2":322,"rank":7884,"percentile":0.18992149911369438}},"tenDayPercentiles":[],"tenDayDecayingPercentileScore":0,"scoresByDay":[],"rankSummary":{"mean":7884,"median":7884,"max":7884,"min":7884},"percentileSummary":{"mean":0.18992149911369438,"median":0.18992149911369438,"max":0.18992149911369438,"min":0.18992149911369438}}