{"name":"followedthewaves","scoreData":{"2020-10-06":{"id":76561198396228640,"name":"followedthewaves","score":15400,"level":2,"character":4,"platform":18,"runframes":6795,"runend":1021,"unknown1":1721,"unknown2":954,"rank":4544,"percentile":33.1420161883738}},"tenDayPercentiles":[],"tenDayDecayingPercentileScore":0,"scoresByDay":[],"rankSummary":{"mean":4544,"median":4544,"max":4544,"min":4544},"percentileSummary":{"mean":33.1420161883738,"median":33.1420161883738,"max":33.1420161883738,"min":33.1420161883738}}