{"name":"fonte_1989","scoreData":{"2020-09-17":{"id":8053496034984294000,"name":"fonte_1989","score":3600,"level":2,"character":2,"platform":48,"runframes":5755,"runend":1021,"unknown1":4294966801,"unknown2":516,"rank":1913,"percentile":32.36646621860629}},"tenDayPercentiles":[],"tenDayDecayingPercentileScore":0,"scoresByDay":[],"rankSummary":{"mean":1913,"median":1913,"max":1913,"min":1913},"percentileSummary":{"mean":32.36646621860629,"median":32.36646621860629,"max":32.36646621860629,"min":32.36646621860629}}