{"name":"Food?","scoreData":{"2020-10-09":{"id":76561198024962290,"name":"Food?","score":7300,"level":2,"character":14,"platform":18,"runframes":7657,"runend":1021,"unknown1":4215,"unknown2":2436,"rank":5110,"percentile":18.542729591836732}},"tenDayDecayingPercentileMean":null,"rankSummary":{"mean":5110,"median":5110,"max":5110,"min":5110},"percentileSummary":{"mean":18.542729591836732,"median":18.542729591836732,"max":18.542729591836732,"min":18.542729591836732}}