{"name":"Foolish","scoreData":{"2020-10-02":{"id":76561198336214050,"name":"Foolish","score":3600,"level":1,"character":0,"platform":18,"runframes":2228,"runend":1022,"unknown1":1938,"unknown2":555,"rank":6605,"percentile":11.51011657510385}},"tenDayPercentiles":[],"tenDayDecayingPercentileScore":0,"scoresByDay":[],"rankSummary":{"mean":6605,"median":6605,"max":6605,"min":6605},"percentileSummary":{"mean":11.51011657510385,"median":11.51011657510385,"max":11.51011657510385,"min":11.51011657510385}}