{"name":"forcerecondot","scoreData":{"2020-10-13":{"id":76561198305739660,"name":"forcerecondot","score":1500,"level":1,"character":0,"platform":48,"runframes":2024,"runend":1022,"unknown1":4294965208,"unknown2":97,"rank":5693,"percentile":2.949701619778338}},"tenDayPercentiles":[],"tenDayDecayingPercentileScore":0,"scoresByDay":[],"rankSummary":{"mean":5693,"median":5693,"max":5693,"min":5693},"percentileSummary":{"mean":2.949701619778338,"median":2.949701619778338,"max":2.949701619778338,"min":2.949701619778338}}