{"name":"ForestDragon","scoreData":{"2020-09-30":{"id":6140638305564723000,"name":"ForestDragon","score":7000,"level":2,"character":0,"platform":18,"runframes":4516,"runend":1021,"unknown1":247,"unknown2":283,"rank":5372,"percentile":30.463490419471768}},"tenDayPercentiles":[],"tenDayDecayingPercentileScore":0,"scoresByDay":[],"rankSummary":{"mean":5372,"median":5372,"max":5372,"min":5372},"percentileSummary":{"mean":30.463490419471768,"median":30.463490419471768,"max":30.463490419471768,"min":30.463490419471768}}