{"name":"fork121","scoreData":{"2020-10-15":{"id":76561198406890350,"name":"fork121","score":9700,"level":5,"character":13,"platform":18,"runframes":24664,"runend":1018,"unknown1":4294964417,"unknown2":658,"rank":2254,"percentile":60.86503387180823}},"tenDayPercentiles":[],"tenDayDecayingPercentileScore":0,"scoresByDay":[],"rankSummary":{"mean":2254,"median":2254,"max":2254,"min":2254},"percentileSummary":{"mean":60.86503387180823,"median":60.86503387180823,"max":60.86503387180823,"min":60.86503387180823}}