{"name":"FormulaBeatle72","scoreData":{"2020-10-21":{"id":76561198009756560,"name":"FormulaBeatle72","score":8800,"level":2,"character":2,"platform":48,"runframes":7024,"runend":1021,"unknown1":1437,"unknown2":738,"rank":3795,"percentile":29.32190760059612}},"tenDayPercentiles":[],"tenDayDecayingPercentileScore":0,"scoresByDay":[],"rankSummary":{"mean":3795,"median":3795,"max":3795,"min":3795},"percentileSummary":{"mean":29.32190760059612,"median":29.32190760059612,"max":29.32190760059612,"min":29.32190760059612}}