{"name":"fortniteboy1001","scoreData":{"2020-11-12":{"id":76561198279723920,"name":"fortniteboy1001","score":7200,"level":3,"character":7,"platform":48,"runframes":12056,"runend":1020,"unknown1":900,"unknown2":4294966149,"rank":1792,"percentile":57.99718574108818}},"tenDayPercentiles":[57.99718574108818],"tenDayDecayingPercentileScore":20.222368254392595,"scoresByDay":[20.222368254392595],"rankSummary":{"mean":1792,"median":1792,"max":1792,"min":1792},"percentileSummary":{"mean":57.99718574108818,"median":57.99718574108818,"max":57.99718574108818,"min":57.99718574108818}}