{"name":"Fortean81","scoreData":{"2020-09-29":{"id":76561198128681390,"name":"Fortean81","score":8300,"level":1,"character":0,"platform":18,"runframes":2483,"runend":1022,"unknown1":1171,"unknown2":1894,"rank":4866,"percentile":13.000715307582254}},"tenDayPercentiles":[],"tenDayDecayingPercentileScore":0,"scoresByDay":[],"rankSummary":{"mean":4866,"median":4866,"max":4866,"min":4866},"percentileSummary":{"mean":13.000715307582254,"median":13.000715307582254,"max":13.000715307582254,"min":13.000715307582254}}