{"name":"fortypoundr","scoreData":{"2020-09-18":{"id":3964551058094691300,"name":"fortypoundr","score":2500,"level":3,"character":4,"platform":48,"runframes":11230,"runend":1020,"unknown1":1559,"unknown2":2149,"rank":1844,"percentile":34.084406294706724}},"tenDayPercentiles":[],"tenDayDecayingPercentileScore":0,"scoresByDay":[],"rankSummary":{"mean":1844,"median":1844,"max":1844,"min":1844},"percentileSummary":{"mean":34.084406294706724,"median":34.084406294706724,"max":34.084406294706724,"min":34.084406294706724}}