{"name":"Fox_Scully","scoreData":{"2020-10-30":{"id":1355193074046455600,"name":"Fox_Scully","score":7800,"level":2,"character":8,"platform":48,"runframes":8666,"runend":1021,"unknown1":3221,"unknown2":255,"rank":3492,"percentile":26.48978732364708}},"tenDayPercentiles":[],"tenDayDecayingPercentileScore":0,"scoresByDay":[],"rankSummary":{"mean":3492,"median":3492,"max":3492,"min":3492},"percentileSummary":{"mean":26.48978732364708,"median":26.48978732364708,"max":26.48978732364708,"min":26.48978732364708}}