{"name":"foxclub49er","scoreData":{"2020-10-05":{"id":6178330521085169000,"name":"foxclub49er","score":65900,"level":7,"character":0,"platform":18,"runframes":56898,"runend":1016,"unknown1":663,"unknown2":140,"rank":803,"percentile":88.22665883734587}},"tenDayPercentiles":[],"tenDayDecayingPercentileScore":0,"scoresByDay":[],"rankSummary":{"mean":803,"median":803,"max":803,"min":803},"percentileSummary":{"mean":88.22665883734587,"median":88.22665883734587,"max":88.22665883734587,"min":88.22665883734587}}