{"name":"FoxFoxFoxFoxFo","scoreData":{"2020-09-24":{"id":6344974937087388000,"name":"FoxFoxFoxFoxFo","score":29500,"level":4,"character":14,"platform":48,"runframes":14516,"runend":1019,"unknown1":193,"unknown2":1553,"rank":527,"percentile":77.1899392888118}},"tenDayPercentiles":[],"tenDayDecayingPercentileScore":0,"scoresByDay":[],"rankSummary":{"mean":527,"median":527,"max":527,"min":527},"percentileSummary":{"mean":77.1899392888118,"median":77.1899392888118,"max":77.1899392888118,"min":77.1899392888118}}