{"name":"Foxpeg","scoreData":{"2020-09-30":{"id":76561198214653380,"name":"Foxpeg","score":17100,"level":4,"character":3,"platform":18,"runframes":28570,"runend":1019,"unknown1":4294966776,"unknown2":4294965561,"rank":1715,"percentile":77.80942516830657}},"tenDayPercentiles":[],"tenDayDecayingPercentileScore":0,"scoresByDay":[],"rankSummary":{"mean":1715,"median":1715,"max":1715,"min":1715},"percentileSummary":{"mean":77.80942516830657,"median":77.80942516830657,"max":77.80942516830657,"min":77.80942516830657}}