{"name":"Fragcells","scoreData":{"2020-11-18":{"id":76561198127176130,"name":"Fragcells","score":1500,"level":1,"character":0,"platform":48,"runframes":1389,"runend":1022,"unknown1":4294965205,"unknown2":4294964583,"rank":3966,"percentile":1.2699203187250987}},"tenDayPercentiles":[1.2699203187250987],"tenDayDecayingPercentileScore":1.142928286852589,"scoresByDay":[1.142928286852589],"rankSummary":{"mean":3966,"median":3966,"max":3966,"min":3966},"percentileSummary":{"mean":1.2699203187250987,"median":1.2699203187250987,"max":1.2699203187250987,"min":1.2699203187250987}}