{"name":"Framedseeker153","scoreData":{"2020-09-17":{"id":1813022400749833500,"name":"Framedseeker153","score":5100,"level":1,"character":2,"platform":48,"runframes":6470,"runend":1022,"unknown1":4294964646,"unknown2":4294964708,"rank":2253,"percentile":20.339582596391935}},"tenDayPercentiles":[],"tenDayDecayingPercentileScore":0,"scoresByDay":[],"rankSummary":{"mean":2253,"median":2253,"max":2253,"min":2253},"percentileSummary":{"mean":20.339582596391935,"median":20.339582596391935,"max":20.339582596391935,"min":20.339582596391935}}