{"name":"FrankPartyBowe","scoreData":{"2020-10-02":{"id":76561198040843660,"name":"FrankPartyBowe","score":8100,"level":2,"character":0,"platform":18,"runframes":5675,"runend":1021,"unknown1":4294965284,"unknown2":3028,"rank":4990,"percentile":33.15020769127696}},"tenDayPercentiles":[],"tenDayDecayingPercentileScore":0,"scoresByDay":[],"rankSummary":{"mean":4990,"median":4990,"max":4990,"min":4990},"percentileSummary":{"mean":33.15020769127696,"median":33.15020769127696,"max":33.15020769127696,"min":33.15020769127696}}