{"name":"franmawa","scoreData":{"2020-09-21":{"id":7977817628394411000,"name":"franmawa","score":3100,"level":2,"character":7,"platform":48,"runframes":8689,"runend":1021,"unknown1":4294966482,"unknown2":542,"rank":1933,"percentile":22.627152583099715}},"tenDayPercentiles":[],"tenDayDecayingPercentileScore":0,"scoresByDay":[],"rankSummary":{"mean":1933,"median":1933,"max":1933,"min":1933},"percentileSummary":{"mean":22.627152583099715,"median":22.627152583099715,"max":22.627152583099715,"min":22.627152583099715}}