{"name":"Frank Wuggles","scoreData":{"2020-10-04":{"id":6370084458225193000,"name":"Frank Wuggles","score":16800,"level":5,"character":0,"platform":18,"runframes":18424,"runend":1018,"unknown1":634,"unknown2":827,"rank":1766,"percentile":76.50425985090521}},"tenDayPercentiles":[],"tenDayDecayingPercentileScore":0,"scoresByDay":[],"rankSummary":{"mean":1766,"median":1766,"max":1766,"min":1766},"percentileSummary":{"mean":76.50425985090521,"median":76.50425985090521,"max":76.50425985090521,"min":76.50425985090521}}