{"name":"Franquito","scoreData":{"2020-11-18":{"id":76561197970648820,"name":"Franquito","score":29600,"level":4,"character":3,"platform":18,"runframes":20104,"runend":1019,"unknown1":1554,"unknown2":2334,"rank":2466,"percentile":38.62051792828686}},"tenDayPercentiles":[38.62051792828686],"tenDayDecayingPercentileScore":34.75846613545817,"scoresByDay":[34.75846613545817],"rankSummary":{"mean":2466,"median":2466,"max":2466,"min":2466},"percentileSummary":{"mean":38.62051792828686,"median":38.62051792828686,"max":38.62051792828686,"min":38.62051792828686}}