{"name":"frapadepet","scoreData":{"2020-09-28":{"id":3962517199560543700,"name":"frapadepet","score":2000,"level":1,"character":2,"platform":48,"runframes":1580,"runend":1022,"unknown1":1114,"unknown2":1276,"rank":2085,"percentile":3.4291010194624647}},"tenDayPercentiles":[],"tenDayDecayingPercentileScore":0,"scoresByDay":[],"rankSummary":{"mean":2085,"median":2085,"max":2085,"min":2085},"percentileSummary":{"mean":3.4291010194624647,"median":3.4291010194624647,"max":3.4291010194624647,"min":3.4291010194624647}}