{"name":"FreakizoidBeserk","scoreData":{"2020-09-19":{"id":1958210056379829000,"name":"FreakizoidBeserk","score":7600,"level":3,"character":3,"platform":48,"runframes":15152,"runend":1020,"unknown1":20,"unknown2":1194,"rank":1023,"percentile":65.88785046728972}},"tenDayPercentiles":[],"tenDayDecayingPercentileScore":0,"scoresByDay":[],"rankSummary":{"mean":1023,"median":1023,"max":1023,"min":1023},"percentileSummary":{"mean":65.88785046728972,"median":65.88785046728972,"max":65.88785046728972,"min":65.88785046728972}}