{"name":"Freak of Chaos","scoreData":{"2020-10-01":{"id":76561198010868740,"name":"Freak of Chaos","score":30075,"level":5,"character":7,"platform":18,"runframes":28950,"runend":1018,"unknown1":4294962195,"unknown2":1569,"rank":1712,"percentile":77.76189238367559}},"tenDayPercentiles":[],"tenDayDecayingPercentileScore":0,"scoresByDay":[],"rankSummary":{"mean":1712,"median":1712,"max":1712,"min":1712},"percentileSummary":{"mean":77.76189238367559,"median":77.76189238367559,"max":77.76189238367559,"min":77.76189238367559}}