{"name":"FreckleyPeckles","scoreData":{"2020-10-19":{"id":76561197999066720,"name":"FreckleyPeckles","score":1300,"level":1,"character":0,"platform":18,"runframes":2969,"runend":1022,"unknown1":2836,"unknown2":2354,"rank":5055,"percentile":5.497382198952877}},"tenDayPercentiles":[],"tenDayDecayingPercentileScore":0,"scoresByDay":[],"rankSummary":{"mean":5055,"median":5055,"max":5055,"min":5055},"percentileSummary":{"mean":5.497382198952877,"median":5.497382198952877,"max":5.497382198952877,"min":5.497382198952877}}