{"name":"FreeSlimJims","scoreData":{"2020-10-14":{"id":76561198068171620,"name":"FreeSlimJims","score":21300,"level":3,"character":3,"platform":18,"runframes":10852,"runend":1020,"unknown1":4294966467,"unknown2":3913,"rank":2683,"percentile":51.51843817787419}},"tenDayPercentiles":[],"tenDayDecayingPercentileScore":0,"scoresByDay":[],"rankSummary":{"mean":2683,"median":2683,"max":2683,"min":2683},"percentileSummary":{"mean":51.51843817787419,"median":51.51843817787419,"max":51.51843817787419,"min":51.51843817787419}}