{"name":"Freezok213","scoreData":{"2020-09-19":{"id":1059100427806816800,"name":"Freezok213","score":6300,"level":1,"character":0,"platform":48,"runframes":4258,"runend":1022,"unknown1":4294966064,"unknown2":26,"rank":2410,"percentile":19.592790387182916}},"tenDayPercentiles":[],"tenDayDecayingPercentileScore":0,"scoresByDay":[],"rankSummary":{"mean":2410,"median":2410,"max":2410,"min":2410},"percentileSummary":{"mean":19.592790387182916,"median":19.592790387182916,"max":19.592790387182916,"min":19.592790387182916}}