{"name":"Freethan","scoreData":{"2020-10-07":{"id":76561198029451860,"name":"Freethan","score":79625,"level":9,"character":15,"platform":18,"runframes":57961,"runend":1014,"unknown1":1607,"unknown2":1040,"rank":311,"percentile":95.24831391784181}},"tenDayPercentiles":[],"tenDayDecayingPercentileScore":0,"scoresByDay":[],"rankSummary":{"mean":311,"median":311,"max":311,"min":311},"percentileSummary":{"mean":95.24831391784181,"median":95.24831391784181,"max":95.24831391784181,"min":95.24831391784181}}