{"name":"freight_dog","scoreData":{"2020-09-23":{"id":7588705441162788000,"name":"freight_dog","score":5400,"level":3,"character":2,"platform":48,"runframes":24135,"runend":1020,"unknown1":4294967041,"unknown2":4294967278,"rank":1428,"percentile":40.68994181213632}},"tenDayPercentiles":[],"tenDayDecayingPercentileScore":0,"scoresByDay":[],"rankSummary":{"mean":1428,"median":1428,"max":1428,"min":1428},"percentileSummary":{"mean":40.68994181213632,"median":40.68994181213632,"max":40.68994181213632,"min":40.68994181213632}}