{"name":"freneticmoth35","scoreData":{"2020-10-05":{"id":76561198996154660,"name":"freneticmoth35","score":2500,"level":2,"character":3,"platform":18,"runframes":3752,"runend":1021,"unknown1":533,"unknown2":1614,"rank":5212,"percentile":23.50264239577217}},"tenDayPercentiles":[],"tenDayDecayingPercentileScore":0,"scoresByDay":[],"rankSummary":{"mean":5212,"median":5212,"max":5212,"min":5212},"percentileSummary":{"mean":23.50264239577217,"median":23.50264239577217,"max":23.50264239577217,"min":23.50264239577217}}