{"name":"FrenchTheToast","scoreData":{"2020-11-05":{"id":5993185780667874000,"name":"FrenchTheToast","score":2400,"level":1,"character":2,"platform":18,"runframes":2858,"runend":1022,"unknown1":4294966560,"unknown2":438,"rank":4075,"percentile":9.42641173855047}},"tenDayPercentiles":[],"tenDayDecayingPercentileScore":0,"scoresByDay":[],"rankSummary":{"mean":4075,"median":4075,"max":4075,"min":4075},"percentileSummary":{"mean":9.42641173855047,"median":9.42641173855047,"max":9.42641173855047,"min":9.42641173855047}}