{"name":"frenchyboy90","scoreData":{"2020-10-10":{"id":76561198010106460,"name":"frenchyboy90","score":1800,"level":2,"character":0,"platform":48,"runframes":5400,"runend":1021,"unknown1":4294965226,"unknown2":72,"rank":4713,"percentile":28.56276531231049}},"tenDayPercentiles":[],"tenDayDecayingPercentileScore":0,"scoresByDay":[],"rankSummary":{"mean":4713,"median":4713,"max":4713,"min":4713},"percentileSummary":{"mean":28.56276531231049,"median":28.56276531231049,"max":28.56276531231049,"min":28.56276531231049}}