{"name":"Fresh Nutrius","scoreData":{"2020-09-29":{"id":76561198062654340,"name":"Fresh Nutrius","score":17900,"level":4,"character":0,"platform":18,"runframes":24914,"runend":1019,"unknown1":389,"unknown2":24,"rank":2218,"percentile":60.35407725321888}},"tenDayDecayingPercentileMean":null,"rankSummary":{"mean":2218,"median":2218,"max":2218,"min":2218},"percentileSummary":{"mean":60.35407725321888,"median":60.35407725321888,"max":60.35407725321888,"min":60.35407725321888}}