{"name":"friedpossum","scoreData":{"2020-10-30":{"id":76561198117574750,"name":"friedpossum","score":33475,"level":6,"character":8,"platform":18,"runframes":38814,"runend":1017,"unknown1":4294967279,"unknown2":144,"rank":877,"percentile":81.5540113708149}},"tenDayPercentiles":[],"tenDayDecayingPercentileScore":0,"scoresByDay":[],"rankSummary":{"mean":877,"median":877,"max":877,"min":877},"percentileSummary":{"mean":81.5540113708149,"median":81.5540113708149,"max":81.5540113708149,"min":81.5540113708149}}