{"name":"fritz_moldanstein","scoreData":{"2020-10-23":{"id":76561197998391730,"name":"fritz_moldanstein","score":33950,"level":6,"character":0,"platform":18,"runframes":28688,"runend":1017,"unknown1":4294966709,"unknown2":634,"rank":1794,"percentile":65.65791993870906}},"tenDayPercentiles":[],"tenDayDecayingPercentileScore":0,"scoresByDay":[],"rankSummary":{"mean":1794,"median":1794,"max":1794,"min":1794},"percentileSummary":{"mean":65.65791993870906,"median":65.65791993870906,"max":65.65791993870906,"min":65.65791993870906}}