{"name":"frombrosis","scoreData":{"2020-10-03":{"id":76561198008326430,"name":"frombrosis","score":6200,"level":2,"character":0,"platform":18,"runframes":4986,"runend":1021,"unknown1":4294966641,"unknown2":103,"rank":5919,"percentile":25.069637883008355}},"tenDayPercentiles":[],"tenDayDecayingPercentileScore":0,"scoresByDay":[],"rankSummary":{"mean":5919,"median":5919,"max":5919,"min":5919},"percentileSummary":{"mean":25.069637883008355,"median":25.069637883008355,"max":25.069637883008355,"min":25.069637883008355}}