{"name":"frossymane","scoreData":{"2020-09-27":{"id":9045786940017221000,"name":"frossymane","score":7000,"level":1,"character":0,"platform":48,"runframes":2268,"runend":1022,"unknown1":4294967104,"unknown2":170,"rank":1898,"percentile":24.11999999999999}},"tenDayPercentiles":[],"tenDayDecayingPercentileScore":0,"scoresByDay":[],"rankSummary":{"mean":1898,"median":1898,"max":1898,"min":1898},"percentileSummary":{"mean":24.11999999999999,"median":24.11999999999999,"max":24.11999999999999,"min":24.11999999999999}}