{"name":"FrostySoftServe","scoreData":{"2020-10-03":{"id":76561198117752100,"name":"FrostySoftServe","score":98025,"level":9,"character":7,"platform":18,"runframes":67848,"runend":1014,"unknown1":796,"unknown2":559,"rank":223,"percentile":97.18916181311724}},"tenDayPercentiles":[],"tenDayDecayingPercentileScore":0,"scoresByDay":[],"rankSummary":{"mean":223,"median":223,"max":223,"min":223},"percentileSummary":{"mean":97.18916181311724,"median":97.18916181311724,"max":97.18916181311724,"min":97.18916181311724}}