{"name":"FrostyMixtape","scoreData":{"2020-10-18":{"id":8469610211649629000,"name":"FrostyMixtape","score":17100,"level":3,"character":2,"platform":48,"runframes":18106,"runend":1020,"unknown1":3748,"unknown2":1296,"rank":4575,"percentile":22.84075573549258}},"tenDayPercentiles":[],"tenDayDecayingPercentileScore":0,"scoresByDay":[],"rankSummary":{"mean":4575,"median":4575,"max":4575,"min":4575},"percentileSummary":{"mean":22.84075573549258,"median":22.84075573549258,"max":22.84075573549258,"min":22.84075573549258}}