{"name":"fudgel","scoreData":{"2020-11-19":{"id":3532883612248325000,"name":"fudgel","score":0,"level":1,"character":0,"platform":18,"runframes":3040,"runend":1022,"unknown1":4294965792,"unknown2":4294965809,"rank":3897,"percentile":0.256016385048639}},"tenDayPercentiles":[],"tenDayDecayingPercentileScore":0,"scoresByDay":[],"rankSummary":{"mean":3897,"median":3897,"max":3897,"min":3897},"percentileSummary":{"mean":0.256016385048639,"median":0.256016385048639,"max":0.256016385048639,"min":0.256016385048639}}