{"name":"Fugle","scoreData":{"2020-10-23":{"id":76561198376638430,"name":"Fugle","score":16600,"level":2,"character":7,"platform":18,"runframes":5605,"runend":1021,"unknown1":4294963786,"unknown2":4294964647,"rank":3762,"percentile":27.9639915724957}},"tenDayPercentiles":[],"tenDayDecayingPercentileScore":0,"scoresByDay":[],"rankSummary":{"mean":3762,"median":3762,"max":3762,"min":3762},"percentileSummary":{"mean":27.9639915724957,"median":27.9639915724957,"max":27.9639915724957,"min":27.9639915724957}}