{"name":"fun haver","scoreData":{"2020-11-22":{"id":76561199040758160,"name":"fun haver","score":8300,"level":3,"character":10,"platform":18,"runframes":6267,"runend":1020,"unknown1":2611,"unknown2":84,"rank":2110,"percentile":47.26181545386346}},"tenDayPercentiles":[],"tenDayDecayingPercentileScore":0,"scoresByDay":[],"rankSummary":{"mean":2110,"median":2110,"max":2110,"min":2110},"percentileSummary":{"mean":47.26181545386346,"median":47.26181545386346,"max":47.26181545386346,"min":47.26181545386346}}