{"name":"FunADOG","scoreData":{"2020-11-21":{"id":3000238593743648300,"name":"FunADOG","score":0,"level":1,"character":3,"platform":48,"runframes":1610,"runend":1022,"unknown1":4294967200,"unknown2":96,"rank":4134,"percentile":0.4336304504938653}},"tenDayPercentiles":[],"tenDayDecayingPercentileScore":0,"scoresByDay":[],"rankSummary":{"mean":4134,"median":4134,"max":4134,"min":4134},"percentileSummary":{"mean":0.4336304504938653,"median":0.4336304504938653,"max":0.4336304504938653,"min":0.4336304504938653}}