{"name":"fungas","scoreData":{"2020-09-29":{"id":76561198207235440,"name":"fungas","score":40200,"level":4,"character":3,"platform":18,"runframes":22628,"runend":1019,"unknown1":4294966915,"unknown2":1519,"rank":1615,"percentile":71.13733905579399}},"tenDayPercentiles":[],"tenDayDecayingPercentileScore":0,"scoresByDay":[],"rankSummary":{"mean":1615,"median":1615,"max":1615,"min":1615},"percentileSummary":{"mean":71.13733905579399,"median":71.13733905579399,"max":71.13733905579399,"min":71.13733905579399}}