{"name":"funkdocta24","scoreData":{"2020-09-18":{"id":4159691665008739000,"name":"funkdocta24","score":3900,"level":2,"character":3,"platform":48,"runframes":5473,"runend":1021,"unknown1":4294966641,"unknown2":1737,"rank":2225,"percentile":20.457796852646638}},"tenDayPercentiles":[],"tenDayDecayingPercentileScore":0,"scoresByDay":[],"rankSummary":{"mean":2225,"median":2225,"max":2225,"min":2225},"percentileSummary":{"mean":20.457796852646638,"median":20.457796852646638,"max":20.457796852646638,"min":20.457796852646638}}