{"name":"FunkyMunkyy","scoreData":{"2020-09-17":{"id":4217746543076872000,"name":"FunkyMunkyy","score":8200,"level":1,"character":0,"platform":48,"runframes":6318,"runend":1022,"unknown1":4294965050,"unknown2":4294964875,"rank":2058,"percentile":27.237354085603116}},"tenDayPercentiles":[],"tenDayDecayingPercentileScore":0,"scoresByDay":[],"rankSummary":{"mean":2058,"median":2058,"max":2058,"min":2058},"percentileSummary":{"mean":27.237354085603116,"median":27.237354085603116,"max":27.237354085603116,"min":27.237354085603116}}