{"name":"funnimonki","scoreData":{"2020-11-21":{"id":2687221291065847300,"name":"funnimonki","score":1700,"level":1,"character":1,"platform":48,"runframes":1462,"runend":1022,"unknown1":4294965179,"unknown2":4294963897,"rank":3898,"percentile":6.119007468079985}},"tenDayPercentiles":[],"tenDayDecayingPercentileScore":0,"scoresByDay":[],"rankSummary":{"mean":3898,"median":3898,"max":3898,"min":3898},"percentileSummary":{"mean":6.119007468079985,"median":6.119007468079985,"max":6.119007468079985,"min":6.119007468079985}}