{"name":"FunPun","scoreData":{"2020-11-05":{"id":1712404017541535500,"name":"FunPun","score":163125,"level":15,"character":14,"platform":18,"runframes":87570,"runend":1008,"unknown1":1145,"unknown2":4294966381,"rank":266,"percentile":94.10849266340595}},"tenDayPercentiles":[],"tenDayDecayingPercentileScore":0,"scoresByDay":[],"rankSummary":{"mean":266,"median":266,"max":266,"min":266},"percentileSummary":{"mean":94.10849266340595,"median":94.10849266340595,"max":94.10849266340595,"min":94.10849266340595}}