{"name":"Funsies","scoreData":{"2020-10-04":{"id":7318371992648920000,"name":"Funsies","score":10800,"level":4,"character":1,"platform":18,"runframes":17024,"runend":1019,"unknown1":3160,"unknown2":3356,"rank":3309,"percentile":55.963791267305645}},"tenDayPercentiles":[],"tenDayDecayingPercentileScore":0,"scoresByDay":[],"rankSummary":{"mean":3309,"median":3309,"max":3309,"min":3309},"percentileSummary":{"mean":55.963791267305645,"median":55.963791267305645,"max":55.963791267305645,"min":55.963791267305645}}