{"name":"FurGot","scoreData":{"2020-11-22":{"id":4979693348185223000,"name":"FurGot","score":0,"level":1,"character":4,"platform":18,"runframes":886,"runend":1022,"unknown1":4294966092,"unknown2":4294963757,"rank":3881,"percentile":2.9757439359839992}},"tenDayPercentiles":[],"tenDayDecayingPercentileScore":0,"scoresByDay":[],"rankSummary":{"mean":3881,"median":3881,"max":3881,"min":3881},"percentileSummary":{"mean":2.9757439359839992,"median":2.9757439359839992,"max":2.9757439359839992,"min":2.9757439359839992}}