{"name":"furglefan","scoreData":{"2020-09-29":{"id":76561198041611920,"name":"furglefan","score":8000,"level":1,"character":1,"platform":18,"runframes":980,"runend":1022,"unknown1":3698,"unknown2":2485,"rank":4967,"percentile":11.194563662374819}},"tenDayPercentiles":[],"tenDayDecayingPercentileScore":0,"scoresByDay":[],"rankSummary":{"mean":4967,"median":4967,"max":4967,"min":4967},"percentileSummary":{"mean":11.194563662374819,"median":11.194563662374819,"max":11.194563662374819,"min":11.194563662374819}}