{"name":"Furieux_Felix","scoreData":{"2020-09-18":{"id":4744338375616415000,"name":"Furieux_Felix","score":70900,"level":7,"character":5,"platform":48,"runframes":57956,"runend":1016,"unknown1":281,"unknown2":4294965154,"rank":229,"percentile":91.84549356223175}},"tenDayPercentiles":[],"tenDayDecayingPercentileScore":0,"scoresByDay":[],"rankSummary":{"mean":229,"median":229,"max":229,"min":229},"percentileSummary":{"mean":91.84549356223175,"median":91.84549356223175,"max":91.84549356223175,"min":91.84549356223175}}