{"name":"Fury-_-Kill","scoreData":{"2020-11-15":{"id":76561198315970240,"name":"Fury-_-Kill","score":0,"level":1,"character":7,"platform":48,"runframes":661,"runend":1022,"unknown1":3520,"unknown2":794,"rank":4303,"percentile":0.02323960027888461}},"tenDayPercentiles":[0.02323960027888461],"tenDayDecayingPercentileScore":0.015247501742976195,"scoresByDay":[0.015247501742976195],"rankSummary":{"mean":4303,"median":4303,"max":4303,"min":4303},"percentileSummary":{"mean":0.02323960027888461,"median":0.02323960027888461,"max":0.02323960027888461,"min":0.02323960027888461}}