{"name":"Future_5242","scoreData":{"2020-10-06":{"id":3546467772608465000,"name":"Future_5242","score":6800,"level":2,"character":3,"platform":48,"runframes":6990,"runend":1021,"unknown1":4294966159,"unknown2":4294961468,"rank":5560,"percentile":18.18984547461369}},"tenDayPercentiles":[],"tenDayDecayingPercentileScore":0,"scoresByDay":[],"rankSummary":{"mean":5560,"median":5560,"max":5560,"min":5560},"percentileSummary":{"mean":18.18984547461369,"median":18.18984547461369,"max":18.18984547461369,"min":18.18984547461369}}