{"name":"1019730397","scoreData":{"2020-11-07":{"id":76561198045989440,"name":"1019730397","score":6500,"level":1,"character":7,"platform":18,"runframes":7728,"runend":1022,"unknown1":1127,"unknown2":1173,"rank":4342,"percentile":9.108040201005025}},"tenDayPercentiles":[],"tenDayDecayingPercentileScore":0,"scoresByDay":[],"rankSummary":{"mean":4342,"median":4342,"max":4342,"min":4342},"percentileSummary":{"mean":9.108040201005025,"median":9.108040201005025,"max":9.108040201005025,"min":9.108040201005025}}