{"name":"1184158010","scoreData":{"2020-10-06":{"id":76561198025036450,"name":"1184158010","score":500,"level":1,"character":3,"platform":18,"runframes":3285,"runend":1022,"unknown1":4294966741,"unknown2":84,"rank":6666,"percentile":1.913171449595282}},"tenDayPercentiles":[],"tenDayDecayingPercentileScore":0,"scoresByDay":[],"rankSummary":{"mean":6666,"median":6666,"max":6666,"min":6666},"percentileSummary":{"mean":1.913171449595282,"median":1.913171449595282,"max":1.913171449595282,"min":1.913171449595282}}