{"name":"1253859945","scoreData":{"2020-10-01":{"id":76561197974857840,"name":"1253859945","score":0,"level":1,"character":0,"platform":18,"runframes":1270,"runend":1022,"unknown1":1229,"unknown2":28,"rank":7569,"percentile":1.637639719261756}},"tenDayPercentiles":[],"tenDayDecayingPercentileScore":0,"scoresByDay":[],"rankSummary":{"mean":7569,"median":7569,"max":7569,"min":7569},"percentileSummary":{"mean":1.637639719261756,"median":1.637639719261756,"max":1.637639719261756,"min":1.637639719261756}}