{"name":"12camd","scoreData":{"2020-10-22":{"id":76561198838238830,"name":"12camd","score":16200,"level":3,"character":3,"platform":18,"runframes":4639,"runend":1020,"unknown1":4294963815,"unknown2":4294966434,"rank":3619,"percentile":31.82589033352177}},"tenDayPercentiles":[],"tenDayDecayingPercentileScore":0,"scoresByDay":[],"rankSummary":{"mean":3619,"median":3619,"max":3619,"min":3619},"percentileSummary":{"mean":31.82589033352177,"median":31.82589033352177,"max":31.82589033352177,"min":31.82589033352177}}