{"name":"1434359834","scoreData":{"2020-10-18":{"id":76561198038983550,"name":"1434359834","score":500,"level":1,"character":0,"platform":18,"runframes":3758,"runend":1022,"unknown1":589,"unknown2":4294967153,"rank":5880,"percentile":0.8265856950067416}},"tenDayPercentiles":[],"tenDayDecayingPercentileScore":0,"scoresByDay":[],"rankSummary":{"mean":5880,"median":5880,"max":5880,"min":5880},"percentileSummary":{"mean":0.8265856950067416,"median":0.8265856950067416,"max":0.8265856950067416,"min":0.8265856950067416}}