{"name":"17ahrendti2","scoreData":{"2020-10-08":{"id":76561198012493890,"name":"17ahrendti2","score":6600,"level":2,"character":1,"platform":18,"runframes":14582,"runend":1021,"unknown1":4294965620,"unknown2":4294962819,"rank":5543,"percentile":12.572961034863539}},"tenDayPercentiles":[],"tenDayDecayingPercentileScore":0,"scoresByDay":[],"rankSummary":{"mean":5543,"median":5543,"max":5543,"min":5543},"percentileSummary":{"mean":12.572961034863539,"median":12.572961034863539,"max":12.572961034863539,"min":12.572961034863539}}