{"name":"1seong1","scoreData":{"2020-10-05":{"id":76561198107084160,"name":"1seong1","score":3700,"level":1,"character":2,"platform":18,"runframes":2597,"runend":1022,"unknown1":63,"unknown2":2343,"rank":5902,"percentile":13.373458602466243}},"tenDayPercentiles":[],"tenDayDecayingPercentileScore":0,"scoresByDay":[],"rankSummary":{"mean":5902,"median":5902,"max":5902,"min":5902},"percentileSummary":{"mean":13.373458602466243,"median":13.373458602466243,"max":13.373458602466243,"min":13.373458602466243}}