{"name":"h1r0_82","scoreData":{"2020-10-08":{"id":76561199081328180,"name":"h1r0_82","score":10400,"level":4,"character":0,"platform":48,"runframes":18101,"runend":1019,"unknown1":4294967080,"unknown2":135,"rank":2750,"percentile":56.633538412998895}},"tenDayPercentiles":[],"tenDayDecayingPercentileScore":0,"scoresByDay":[],"rankSummary":{"mean":2750,"median":2750,"max":2750,"min":2750},"percentileSummary":{"mean":56.633538412998895,"median":56.633538412998895,"max":56.633538412998895,"min":56.633538412998895}}