{"name":"Hadster6_","scoreData":{"2020-10-10":{"id":76561198119971710,"name":"Hadster6_","score":0,"level":1,"character":2,"platform":48,"runframes":2094,"runend":1022,"unknown1":5745,"unknown2":171,"rank":6523,"percentile":1.1218920557913918}},"tenDayPercentiles":[],"tenDayDecayingPercentileScore":0,"scoresByDay":[],"rankSummary":{"mean":6523,"median":6523,"max":6523,"min":6523},"percentileSummary":{"mean":1.1218920557913918,"median":1.1218920557913918,"max":1.1218920557913918,"min":1.1218920557913918}}