{"name":"Haggenator","scoreData":{"2020-11-07":{"id":76561198348213230,"name":"Haggenator","score":22800,"level":4,"character":6,"platform":18,"runframes":25009,"runend":1019,"unknown1":3946,"unknown2":4294966870,"rank":2330,"percentile":51.23534338358459}},"tenDayPercentiles":[],"tenDayDecayingPercentileScore":0,"scoresByDay":[],"rankSummary":{"mean":2330,"median":2330,"max":2330,"min":2330},"percentileSummary":{"mean":51.23534338358459,"median":51.23534338358459,"max":51.23534338358459,"min":51.23534338358459}}