{"name":"hagsholM","scoreData":{"2020-10-06":{"id":76561198123936620,"name":"hagsholM","score":6700,"level":2,"character":0,"platform":48,"runframes":5175,"runend":1021,"unknown1":632,"unknown2":513,"rank":5581,"percentile":17.88079470198676}},"tenDayPercentiles":[],"tenDayDecayingPercentileScore":0,"scoresByDay":[],"rankSummary":{"mean":5581,"median":5581,"max":5581,"min":5581},"percentileSummary":{"mean":17.88079470198676,"median":17.88079470198676,"max":17.88079470198676,"min":17.88079470198676}}