{"name":"haibert1604","scoreData":{"2020-09-21":{"id":6997197196066428000,"name":"haibert1604","score":9500,"level":4,"character":6,"platform":48,"runframes":25884,"runend":1019,"unknown1":4294966133,"unknown2":4294966147,"rank":948,"percentile":62.07448938726472}},"tenDayPercentiles":[],"tenDayDecayingPercentileScore":0,"scoresByDay":[],"rankSummary":{"mean":948,"median":948,"max":948,"min":948},"percentileSummary":{"mean":62.07448938726472,"median":62.07448938726472,"max":62.07448938726472,"min":62.07448938726472}}