{"name":"HalfLife26","scoreData":{"2020-09-18":{"id":7246620484128977000,"name":"HalfLife26","score":5600,"level":2,"character":0,"platform":48,"runframes":12196,"runend":1021,"unknown1":282,"unknown2":671,"rank":2099,"percentile":24.964234620886984}},"tenDayPercentiles":[],"tenDayDecayingPercentileScore":0,"scoresByDay":[],"rankSummary":{"mean":2099,"median":2099,"max":2099,"min":2099},"percentileSummary":{"mean":24.964234620886984,"median":24.964234620886984,"max":24.964234620886984,"min":24.964234620886984}}