{"name":"HalfMunch","scoreData":{"2020-09-18":{"id":4979710806116877000,"name":"HalfMunch","score":28625,"level":9,"character":5,"platform":48,"runframes":41173,"runend":1014,"unknown1":4294966749,"unknown2":1449,"rank":132,"percentile":95.31473533619456}},"tenDayPercentiles":[],"tenDayDecayingPercentileScore":0,"scoresByDay":[],"rankSummary":{"mean":132,"median":132,"max":132,"min":132},"percentileSummary":{"mean":95.31473533619456,"median":95.31473533619456,"max":95.31473533619456,"min":95.31473533619456}}