{"name":"halfabagel","scoreData":{"2020-10-19":{"id":76561198088945890,"name":"halfabagel","score":7300,"level":2,"character":7,"platform":18,"runframes":1901,"runend":1021,"unknown1":704,"unknown2":4294967041,"rank":4356,"percentile":18.567688855646963}},"tenDayPercentiles":[],"tenDayDecayingPercentileScore":0,"scoresByDay":[],"rankSummary":{"mean":4356,"median":4356,"max":4356,"min":4356},"percentileSummary":{"mean":18.567688855646963,"median":18.567688855646963,"max":18.567688855646963,"min":18.567688855646963}}