{"name":"halfirecow","scoreData":{"2020-10-20":{"id":76561198053405040,"name":"halfirecow","score":10000,"level":4,"character":0,"platform":48,"runframes":12963,"runend":1019,"unknown1":4294965910,"unknown2":4294966651,"rank":3566,"percentile":33.98148148148148}},"tenDayPercentiles":[],"tenDayDecayingPercentileScore":0,"scoresByDay":[],"rankSummary":{"mean":3566,"median":3566,"max":3566,"min":3566},"percentileSummary":{"mean":33.98148148148148,"median":33.98148148148148,"max":33.98148148148148,"min":33.98148148148148}}