{"name":"halielman","scoreData":{"2020-10-07":{"id":76561199320705660,"name":"halielman","score":4000,"level":3,"character":3,"platform":18,"runframes":8228,"runend":1020,"unknown1":2699,"unknown2":75,"rank":2752,"percentile":57.83261802575107}},"tenDayPercentiles":[],"tenDayDecayingPercentileScore":0,"scoresByDay":[],"rankSummary":{"mean":2752,"median":2752,"max":2752,"min":2752},"percentileSummary":{"mean":57.83261802575107,"median":57.83261802575107,"max":57.83261802575107,"min":57.83261802575107}}