{"name":"Halla86","scoreData":{"2020-09-18":{"id":1153945617816190000,"name":"Halla86","score":0,"level":1,"character":2,"platform":48,"runframes":335,"runend":1022,"unknown1":4294965423,"unknown2":4294965096,"rank":2786,"percentile":0.39341917024320594}},"tenDayPercentiles":[],"tenDayDecayingPercentileScore":0,"scoresByDay":[],"rankSummary":{"mean":2786,"median":2786,"max":2786,"min":2786},"percentileSummary":{"mean":0.39341917024320594,"median":0.39341917024320594,"max":0.39341917024320594,"min":0.39341917024320594}}