{"name":"Hampus","scoreData":{"2020-10-09":{"id":2311224909250662000,"name":"Hampus","score":34275,"level":8,"character":0,"platform":18,"runframes":35571,"runend":1015,"unknown1":867,"unknown2":281,"rank":900,"percentile":85.66645408163265}},"tenDayPercentiles":[],"tenDayDecayingPercentileScore":0,"scoresByDay":[],"rankSummary":{"mean":900,"median":900,"max":900,"min":900},"percentileSummary":{"mean":85.66645408163265,"median":85.66645408163265,"max":85.66645408163265,"min":85.66645408163265}}