{"name":"Hamsteak Jones","scoreData":{"2020-11-18":{"id":156851684546698400,"name":"Hamsteak Jones","score":11100,"level":3,"character":4,"platform":18,"runframes":11679,"runend":1020,"unknown1":4294964746,"unknown2":4294965562,"rank":2983,"percentile":25.74701195219123}},"tenDayPercentiles":[25.74701195219123],"tenDayDecayingPercentileScore":18.76957171314741,"scoresByDay":[18.76957171314741],"rankSummary":{"mean":2983,"median":2983,"max":2983,"min":2983},"percentileSummary":{"mean":25.74701195219123,"median":25.74701195219123,"max":25.74701195219123,"min":25.74701195219123}}