{"name":"hanalis","scoreData":{"2020-09-29":{"id":76561198084745300,"name":"hanalis","score":68875,"level":6,"character":0,"platform":18,"runframes":38263,"runend":1017,"unknown1":4294967248,"unknown2":4294965225,"rank":654,"percentile":88.32260371959943}},"tenDayPercentiles":[],"tenDayDecayingPercentileScore":0,"scoresByDay":[],"rankSummary":{"mean":654,"median":654,"max":654,"min":654},"percentileSummary":{"mean":88.32260371959943,"median":88.32260371959943,"max":88.32260371959943,"min":88.32260371959943}}