{"name":"HansiMueller","scoreData":{"2020-09-22":{"id":7647504965420427000,"name":"HansiMueller","score":34800,"level":4,"character":0,"platform":48,"runframes":26410,"runend":1019,"unknown1":734,"unknown2":283,"rank":654,"percentile":73.47684809098294}},"tenDayPercentiles":[],"tenDayDecayingPercentileScore":0,"scoresByDay":[],"rankSummary":{"mean":654,"median":654,"max":654,"min":654},"percentileSummary":{"mean":73.47684809098294,"median":73.47684809098294,"max":73.47684809098294,"min":73.47684809098294}}