{"name":"Happee8278","scoreData":{"2020-11-16":{"id":76561198093018080,"name":"Happee8278","score":2000,"level":2,"character":0,"platform":48,"runframes":4144,"runend":1021,"unknown1":1350,"unknown2":2141,"rank":2838,"percentile":27.330942622950815}},"tenDayPercentiles":[27.330942622950815],"tenDayDecayingPercentileScore":14.524783478483606,"scoresByDay":[14.524783478483606],"rankSummary":{"mean":2838,"median":2838,"max":2838,"min":2838},"percentileSummary":{"mean":27.330942622950815,"median":27.330942622950815,"max":27.330942622950815,"min":27.330942622950815}}