{"name":"Happy","scoreData":{"2020-10-01":{"id":76561197982370530,"name":"Happy","score":7300,"level":1,"character":3,"platform":18,"runframes":7137,"runend":1022,"unknown1":396,"unknown2":620,"rank":5376,"percentile":30.14036911879387}},"tenDayPercentiles":[],"tenDayDecayingPercentileScore":0,"scoresByDay":[],"rankSummary":{"mean":5376,"median":5376,"max":5376,"min":5376},"percentileSummary":{"mean":30.14036911879387,"median":30.14036911879387,"max":30.14036911879387,"min":30.14036911879387}}