{"name":"HappyHappines9","scoreData":{"2020-10-19":{"id":5923063311763469000,"name":"HappyHappines9","score":15400,"level":3,"character":3,"platform":48,"runframes":13119,"runend":1020,"unknown1":4301,"unknown2":3823,"rank":3242,"percentile":39.3979057591623}},"tenDayPercentiles":[],"tenDayDecayingPercentileScore":0,"scoresByDay":[],"rankSummary":{"mean":3242,"median":3242,"max":3242,"min":3242},"percentileSummary":{"mean":39.3979057591623,"median":39.3979057591623,"max":39.3979057591623,"min":39.3979057591623}}