{"name":"happybottom123","scoreData":{"2020-10-11":{"id":76561198039408060,"name":"happybottom123","score":5200,"level":1,"character":0,"platform":18,"runframes":2210,"runend":1022,"unknown1":4294966948,"unknown2":1341,"rank":5679,"percentile":10.582677165354326}},"tenDayPercentiles":[],"tenDayDecayingPercentileScore":0,"scoresByDay":[],"rankSummary":{"mean":5679,"median":5679,"max":5679,"min":5679},"percentileSummary":{"mean":10.582677165354326,"median":10.582677165354326,"max":10.582677165354326,"min":10.582677165354326}}