{"name":"hardhatshoe","scoreData":{"2020-10-09":{"id":4226011939859089000,"name":"hardhatshoe","score":10100,"level":1,"character":4,"platform":18,"runframes":2222,"runend":1022,"unknown1":4294964678,"unknown2":4294964196,"rank":5554,"percentile":11.463647959183675}},"tenDayPercentiles":[],"tenDayDecayingPercentileScore":0,"scoresByDay":[],"rankSummary":{"mean":5554,"median":5554,"max":5554,"min":5554},"percentileSummary":{"mean":11.463647959183675,"median":11.463647959183675,"max":11.463647959183675,"min":11.463647959183675}}