{"name":"Harlic","scoreData":{"2020-10-25":{"id":76561199094547040,"name":"Harlic","score":2500,"level":3,"character":3,"platform":18,"runframes":17034,"runend":1020,"unknown1":402,"unknown2":141,"rank":3951,"percentile":28.828828828828833}},"tenDayPercentiles":[],"tenDayDecayingPercentileScore":0,"scoresByDay":[],"rankSummary":{"mean":3951,"median":3951,"max":3951,"min":3951},"percentileSummary":{"mean":28.828828828828833,"median":28.828828828828833,"max":28.828828828828833,"min":28.828828828828833}}