{"name":"Harmonium","scoreData":{"2020-09-30":{"id":76561198354130560,"name":"Harmonium","score":22300,"level":3,"character":0,"platform":18,"runframes":7827,"runend":1020,"unknown1":4294965415,"unknown2":68,"rank":2512,"percentile":67.49093733816676}},"tenDayPercentiles":[],"tenDayDecayingPercentileScore":0,"scoresByDay":[],"rankSummary":{"mean":2512,"median":2512,"max":2512,"min":2512},"percentileSummary":{"mean":67.49093733816676,"median":67.49093733816676,"max":67.49093733816676,"min":67.49093733816676}}