{"name":"harryguy11","scoreData":{"2020-10-16":{"id":76561198001000380,"name":"harryguy11","score":5300,"level":2,"character":0,"platform":18,"runframes":4426,"runend":1021,"unknown1":1453,"unknown2":4294965666,"rank":4273,"percentile":23.80952380952381}},"tenDayPercentiles":[],"tenDayDecayingPercentileScore":0,"scoresByDay":[],"rankSummary":{"mean":4273,"median":4273,"max":4273,"min":4273},"percentileSummary":{"mean":23.80952380952381,"median":23.80952380952381,"max":23.80952380952381,"min":23.80952380952381}}