{"name":"Harrgerth","scoreData":{"2020-09-30":{"id":76561198101569550,"name":"Harrgerth","score":47325,"level":7,"character":0,"platform":18,"runframes":45615,"runend":1016,"unknown1":4294966642,"unknown2":4294964559,"rank":492,"percentile":93.64319005696531}},"tenDayPercentiles":[],"tenDayDecayingPercentileScore":0,"scoresByDay":[],"rankSummary":{"mean":492,"median":492,"max":492,"min":492},"percentileSummary":{"mean":93.64319005696531,"median":93.64319005696531,"max":93.64319005696531,"min":93.64319005696531}}