{"name":"Harry_JR07","scoreData":{"2020-09-29":{"id":76561197961099040,"name":"Harry_JR07","score":8900,"level":1,"character":3,"platform":48,"runframes":2150,"runend":1022,"unknown1":653,"unknown2":4294965484,"rank":4772,"percentile":14.681688125894127}},"tenDayPercentiles":[],"tenDayDecayingPercentileScore":0,"scoresByDay":[],"rankSummary":{"mean":4772,"median":4772,"max":4772,"min":4772},"percentileSummary":{"mean":14.681688125894127,"median":14.681688125894127,"max":14.681688125894127,"min":14.681688125894127}}