{"name":"Haru","scoreData":{"2020-09-30":{"id":76561198037841920,"name":"Haru","score":11600,"level":1,"character":7,"platform":18,"runframes":3672,"runend":1022,"unknown1":4294965715,"unknown2":4294962712,"rank":6014,"percentile":22.151734852408083}},"tenDayPercentiles":[],"tenDayDecayingPercentileScore":0,"scoresByDay":[],"rankSummary":{"mean":6014,"median":6014,"max":6014,"min":6014},"percentileSummary":{"mean":22.151734852408083,"median":22.151734852408083,"max":22.151734852408083,"min":22.151734852408083}}