{"name":"Harumda","scoreData":{"2020-09-15":{"id":1355193074046455600,"name":"Harumda","score":22300,"level":2,"character":0,"platform":48,"runframes":8870,"runend":1021,"unknown1":101,"unknown2":1253,"rank":792,"percentile":56.442731277533035}},"tenDayPercentiles":[],"tenDayDecayingPercentileScore":0,"scoresByDay":[],"rankSummary":{"mean":792,"median":792,"max":792,"min":792},"percentileSummary":{"mean":56.442731277533035,"median":56.442731277533035,"max":56.442731277533035,"min":56.442731277533035}}