{"name":"harveydent2084","scoreData":{"2020-09-16":{"id":4064894318281950700,"name":"harveydent2084","score":10200,"level":2,"character":0,"platform":48,"runframes":6670,"runend":1021,"unknown1":734,"unknown2":4294966210,"rank":2231,"percentile":27.738172391445232}},"tenDayPercentiles":[],"tenDayDecayingPercentileScore":0,"scoresByDay":[],"rankSummary":{"mean":2231,"median":2231,"max":2231,"min":2231},"percentileSummary":{"mean":27.738172391445232,"median":27.738172391445232,"max":27.738172391445232,"min":27.738172391445232}}