{"name":"HashiramaImhotep","scoreData":{"2020-09-17":{"id":6190124898223975000,"name":"HashiramaImhotep","score":3600,"level":1,"character":2,"platform":48,"runframes":3534,"runend":1022,"unknown1":4294966795,"unknown2":101,"rank":2418,"percentile":14.50300672090556}},"tenDayPercentiles":[],"tenDayDecayingPercentileScore":0,"scoresByDay":[],"rankSummary":{"mean":2418,"median":2418,"max":2418,"min":2418},"percentileSummary":{"mean":14.50300672090556,"median":14.50300672090556,"max":14.50300672090556,"min":14.50300672090556}}