{"name":"hash2o5767","scoreData":{"2020-09-24":{"id":739584647016100100,"name":"hash2o5767","score":100,"level":1,"character":0,"platform":48,"runframes":7536,"runend":1022,"unknown1":4294966886,"unknown2":4,"rank":2293,"percentile":0.6071118820468229}},"tenDayPercentiles":[],"tenDayDecayingPercentileScore":0,"scoresByDay":[],"rankSummary":{"mean":2293,"median":2293,"max":2293,"min":2293},"percentileSummary":{"mean":0.6071118820468229,"median":0.6071118820468229,"max":0.6071118820468229,"min":0.6071118820468229}}