{"name":"Hatdag","scoreData":{"2020-10-16":{"id":6953396590984643000,"name":"Hatdag","score":10375,"level":5,"character":8,"platform":18,"runframes":11091,"runend":1018,"unknown1":1075,"unknown2":123,"rank":1270,"percentile":77.36757624398074}},"tenDayPercentiles":[],"tenDayDecayingPercentileScore":0,"scoresByDay":[],"rankSummary":{"mean":1270,"median":1270,"max":1270,"min":1270},"percentileSummary":{"mean":77.36757624398074,"median":77.36757624398074,"max":77.36757624398074,"min":77.36757624398074}}