{"name":"haventPlaydSince2017.flac","scoreData":{"2020-10-04":{"id":4905914715636998000,"name":"haventPlaydSince2017.flac","score":2500,"level":1,"character":4,"platform":18,"runframes":5483,"runend":1022,"unknown1":1177,"unknown2":4294964187,"rank":6913,"percentile":7.9872204472843435}},"tenDayDecayingPercentileMean":null,"rankSummary":{"mean":6913,"median":6913,"max":6913,"min":6913},"percentileSummary":{"mean":7.9872204472843435,"median":7.9872204472843435,"max":7.9872204472843435,"min":7.9872204472843435}}