{"name":"Hawkseye","scoreData":{"2020-10-03":{"id":76561197983633330,"name":"Hawkseye","score":16800,"level":2,"character":0,"platform":18,"runframes":7546,"runend":1021,"unknown1":4294965691,"unknown2":563,"rank":3411,"percentile":56.82451253481894}},"tenDayPercentiles":[],"tenDayDecayingPercentileScore":0,"scoresByDay":[],"rankSummary":{"mean":3411,"median":3411,"max":3411,"min":3411},"percentileSummary":{"mean":56.82451253481894,"median":56.82451253481894,"max":56.82451253481894,"min":56.82451253481894}}