{"name":"Hazy","scoreData":{"2020-10-02":{"id":5641250772359699000,"name":"Hazy","score":0,"level":1,"character":4,"platform":18,"runframes":404,"runend":1022,"unknown1":1197,"unknown2":828,"rank":7337,"percentile":1.7017285274018406}},"tenDayPercentiles":[],"tenDayDecayingPercentileScore":0,"scoresByDay":[],"rankSummary":{"mean":7337,"median":7337,"max":7337,"min":7337},"percentileSummary":{"mean":1.7017285274018406,"median":1.7017285274018406,"max":1.7017285274018406,"min":1.7017285274018406}}