{"name":"hazza","scoreData":{"2020-10-03":{"id":76561197977816050,"name":"hazza","score":20900,"level":2,"character":0,"platform":18,"runframes":10638,"runend":1021,"unknown1":4294964252,"unknown2":64,"rank":2845,"percentile":63.99088376804254}},"tenDayPercentiles":[],"tenDayDecayingPercentileScore":0,"scoresByDay":[],"rankSummary":{"mean":2845,"median":2845,"max":2845,"min":2845},"percentileSummary":{"mean":63.99088376804254,"median":63.99088376804254,"max":63.99088376804254,"min":63.99088376804254}}