{"name":"HDFlygenring","scoreData":{"2020-10-12":{"id":76561198976814930,"name":"HDFlygenring","score":3300,"level":2,"character":7,"platform":48,"runframes":8245,"runend":1021,"unknown1":309,"unknown2":1915,"rank":4927,"percentile":17.680481283422452}},"tenDayPercentiles":[],"tenDayDecayingPercentileScore":0,"scoresByDay":[],"rankSummary":{"mean":4927,"median":4927,"max":4927,"min":4927},"percentileSummary":{"mean":17.680481283422452,"median":17.680481283422452,"max":17.680481283422452,"min":17.680481283422452}}