{"name":"HeadCzech","scoreData":{"2020-10-18":{"id":76561198043888100,"name":"HeadCzech","score":1000,"level":1,"character":0,"platform":18,"runframes":921,"runend":1022,"unknown1":4294965279,"unknown2":366,"rank":5787,"percentile":2.395411605937923}},"tenDayPercentiles":[],"tenDayDecayingPercentileScore":0,"scoresByDay":[],"rankSummary":{"mean":5787,"median":5787,"max":5787,"min":5787},"percentileSummary":{"mean":2.395411605937923,"median":2.395411605937923,"max":2.395411605937923,"min":2.395411605937923}}