{"name":"headbanger1186","scoreData":{"2020-09-30":{"id":76561197998336880,"name":"headbanger1186","score":33350,"level":3,"character":8,"platform":18,"runframes":17107,"runend":1020,"unknown1":4294965216,"unknown2":4294964489,"rank":2182,"percentile":71.76333505955463}},"tenDayPercentiles":[],"tenDayDecayingPercentileScore":0,"scoresByDay":[],"rankSummary":{"mean":2182,"median":2182,"max":2182,"min":2182},"percentileSummary":{"mean":71.76333505955463,"median":71.76333505955463,"max":71.76333505955463,"min":71.76333505955463}}