{"name":"Heez_805","scoreData":{"2020-09-16":{"id":5097389334361757000,"name":"Heez_805","score":3900,"level":1,"character":7,"platform":48,"runframes":1424,"runend":1022,"unknown1":4294964626,"unknown2":4294964751,"rank":2908,"percentile":5.800388852883998}},"tenDayPercentiles":[],"tenDayDecayingPercentileScore":0,"scoresByDay":[],"rankSummary":{"mean":2908,"median":2908,"max":2908,"min":2908},"percentileSummary":{"mean":5.800388852883998,"median":5.800388852883998,"max":5.800388852883998,"min":5.800388852883998}}