{"name":"Heibanet","scoreData":{"2020-10-04":{"id":76561198053049300,"name":"Heibanet","score":21075,"level":6,"character":0,"platform":18,"runframes":19723,"runend":1017,"unknown1":2456,"unknown2":473,"rank":1040,"percentile":86.16879659211928}},"tenDayPercentiles":[],"tenDayDecayingPercentileScore":0,"scoresByDay":[],"rankSummary":{"mean":1040,"median":1040,"max":1040,"min":1040},"percentileSummary":{"mean":86.16879659211928,"median":86.16879659211928,"max":86.16879659211928,"min":86.16879659211928}}