{"name":"Heikob","scoreData":{"2020-10-01":{"id":76561198271071500,"name":"Heikob","score":1000,"level":1,"character":3,"platform":18,"runframes":2086,"runend":1022,"unknown1":990,"unknown2":98,"rank":7376,"percentile":4.1460878606706615}},"tenDayPercentiles":[],"tenDayDecayingPercentileScore":0,"scoresByDay":[],"rankSummary":{"mean":7376,"median":7376,"max":7376,"min":7376},"percentileSummary":{"mean":4.1460878606706615,"median":4.1460878606706615,"max":4.1460878606706615,"min":4.1460878606706615}}