{"name":"Heir To The Throne","scoreData":{"2020-11-08":{"id":76561197985246560,"name":"Heir To The Throne","score":9300,"level":3,"character":7,"platform":18,"runframes":6552,"runend":1020,"unknown1":1864,"unknown2":32,"rank":2453,"percentile":47.99575821845175}},"tenDayPercentiles":[],"tenDayDecayingPercentileScore":0,"scoresByDay":[],"rankSummary":{"mean":2453,"median":2453,"max":2453,"min":2453},"percentileSummary":{"mean":47.99575821845175,"median":47.99575821845175,"max":47.99575821845175,"min":47.99575821845175}}