{"name":"hello man","scoreData":{"2020-10-09":{"id":76561197998861890,"name":"hello man","score":44900,"level":15,"character":2,"platform":18,"runframes":42735,"runend":1008,"unknown1":154,"unknown2":4294966251,"rank":227,"percentile":96.39668367346938}},"tenDayPercentiles":[],"tenDayDecayingPercentileScore":0,"scoresByDay":[],"rankSummary":{"mean":227,"median":227,"max":227,"min":227},"percentileSummary":{"mean":96.39668367346938,"median":96.39668367346938,"max":96.39668367346938,"min":96.39668367346938}}