{"name":"helper","scoreData":{"2020-10-03":{"id":5094909113190004000,"name":"helper","score":7900,"level":1,"character":3,"platform":18,"runframes":3116,"runend":1022,"unknown1":3449,"unknown2":984,"rank":7221,"percentile":8.584451759939228}},"tenDayPercentiles":[],"tenDayDecayingPercentileScore":0,"scoresByDay":[],"rankSummary":{"mean":7221,"median":7221,"max":7221,"min":7221},"percentileSummary":{"mean":8.584451759939228,"median":8.584451759939228,"max":8.584451759939228,"min":8.584451759939228}}