{"name":"Help me help you","scoreData":{"2020-10-17":{"id":76561198047987250,"name":"Help me help you","score":16600,"level":3,"character":7,"platform":18,"runframes":16510,"runend":1020,"unknown1":4294967024,"unknown2":436,"rank":3176,"percentile":45.70793433652531}},"tenDayDecayingPercentileMean":null,"rankSummary":{"mean":3176,"median":3176,"max":3176,"min":3176},"percentileSummary":{"mean":45.70793433652531,"median":45.70793433652531,"max":45.70793433652531,"min":45.70793433652531}}