{"name":"HentaiLover69","scoreData":{"2020-09-30":{"id":76561198929640860,"name":"HentaiLover69","score":12100,"level":1,"character":0,"platform":18,"runframes":7478,"runend":1022,"unknown1":6708,"unknown2":924,"rank":5967,"percentile":22.760227861211817}},"tenDayPercentiles":[],"tenDayDecayingPercentileScore":0,"scoresByDay":[],"rankSummary":{"mean":5967,"median":5967,"max":5967,"min":5967},"percentileSummary":{"mean":22.760227861211817,"median":22.760227861211817,"max":22.760227861211817,"min":22.760227861211817}}