{"name":"hental-queen246","scoreData":{"2020-11-02":{"id":76561198006662420,"name":"hental-queen246","score":41200,"level":4,"character":12,"platform":48,"runframes":19147,"runend":1019,"unknown1":4294966222,"unknown2":4294963154,"rank":2076,"percentile":53.610552202101495}},"tenDayPercentiles":[],"tenDayDecayingPercentileScore":0,"scoresByDay":[],"rankSummary":{"mean":2076,"median":2076,"max":2076,"min":2076},"percentileSummary":{"mean":53.610552202101495,"median":53.610552202101495,"max":53.610552202101495,"min":53.610552202101495}}