{"name":"heretic","scoreData":{"2020-11-18":{"id":76561198013129300,"name":"heretic","score":45150,"level":5,"character":5,"platform":18,"runframes":25562,"runend":1018,"unknown1":1776,"unknown2":8,"rank":1836,"percentile":54.30776892430279}},"tenDayPercentiles":[54.30776892430279],"tenDayDecayingPercentileScore":43.989292828685265,"scoresByDay":[43.989292828685265],"rankSummary":{"mean":1836,"median":1836,"max":1836,"min":1836},"percentileSummary":{"mean":54.30776892430279,"median":54.30776892430279,"max":54.30776892430279,"min":54.30776892430279}}