{"name":"Herman-jonathanh","scoreData":{"2020-10-25":{"id":76561198871324560,"name":"Herman-jonathanh","score":500,"level":2,"character":3,"platform":48,"runframes":2537,"runend":1021,"unknown1":4294966085,"unknown2":106,"rank":4658,"percentile":16.090090090090087}},"tenDayPercentiles":[],"tenDayDecayingPercentileScore":0,"scoresByDay":[],"rankSummary":{"mean":4658,"median":4658,"max":4658,"min":4658},"percentileSummary":{"mean":16.090090090090087,"median":16.090090090090087,"max":16.090090090090087,"min":16.090090090090087}}