{"name":"Herrn Rippe","scoreData":{"2020-10-07":{"id":76561198043984220,"name":"Herrn Rippe","score":6500,"level":2,"character":4,"platform":18,"runframes":10017,"runend":1021,"unknown1":4294963482,"unknown2":177,"rank":4084,"percentile":37.41569589209074}},"tenDayDecayingPercentileMean":null,"rankSummary":{"mean":4084,"median":4084,"max":4084,"min":4084},"percentileSummary":{"mean":37.41569589209074,"median":37.41569589209074,"max":37.41569589209074,"min":37.41569589209074}}