{"name":"Hesitation is Defeat","scoreData":{"2020-10-25":{"id":7434489937883322000,"name":"Hesitation is Defeat","score":5000,"level":3,"character":18,"platform":18,"runframes":9291,"runend":1020,"unknown1":4294967007,"unknown2":791,"rank":3879,"percentile":30.126126126126124}},"tenDayPercentiles":[],"tenDayDecayingPercentileScore":0,"scoresByDay":[],"rankSummary":{"mean":3879,"median":3879,"max":3879,"min":3879},"percentileSummary":{"mean":30.126126126126124,"median":30.126126126126124,"max":30.126126126126124,"min":30.126126126126124}}