{"name":"Heski","scoreData":{"2020-10-12":{"id":76561198044642340,"name":"Heski","score":2800,"level":1,"character":3,"platform":18,"runframes":2964,"runend":1022,"unknown1":4294965616,"unknown2":239,"rank":5510,"percentile":7.93783422459893}},"tenDayPercentiles":[],"tenDayDecayingPercentileScore":0,"scoresByDay":[],"rankSummary":{"mean":5510,"median":5510,"max":5510,"min":5510},"percentileSummary":{"mean":7.93783422459893,"median":7.93783422459893,"max":7.93783422459893,"min":7.93783422459893}}