{"name":"Heuming","scoreData":{"2020-10-07":{"id":76561198005090960,"name":"Heuming","score":20100,"level":3,"character":0,"platform":18,"runframes":8728,"runend":1020,"unknown1":4294966836,"unknown2":308,"rank":1802,"percentile":72.39423666462292}},"tenDayPercentiles":[],"tenDayDecayingPercentileScore":0,"scoresByDay":[],"rankSummary":{"mean":1802,"median":1802,"max":1802,"min":1802},"percentileSummary":{"mean":72.39423666462292,"median":72.39423666462292,"max":72.39423666462292,"min":72.39423666462292}}