{"name":"Hewitt_1000","scoreData":{"2020-09-26":{"id":898614730653574500,"name":"Hewitt_1000","score":12900,"level":2,"character":1,"platform":48,"runframes":10530,"runend":1021,"unknown1":4294966940,"unknown2":4294965612,"rank":1986,"percentile":23.50674373795762}},"tenDayPercentiles":[],"tenDayDecayingPercentileScore":0,"scoresByDay":[],"rankSummary":{"mean":1986,"median":1986,"max":1986,"min":1986},"percentileSummary":{"mean":23.50674373795762,"median":23.50674373795762,"max":23.50674373795762,"min":23.50674373795762}}