{"name":"HeyManNiceShot83","scoreData":{"2020-09-17":{"id":604854950888246100,"name":"HeyManNiceShot83","score":500,"level":1,"character":2,"platform":48,"runframes":2282,"runend":1022,"unknown1":4294965487,"unknown2":20,"rank":2793,"percentile":1.2380615493455878}},"tenDayPercentiles":[],"tenDayDecayingPercentileScore":0,"scoresByDay":[],"rankSummary":{"mean":2793,"median":2793,"max":2793,"min":2793},"percentileSummary":{"mean":1.2380615493455878,"median":1.2380615493455878,"max":1.2380615493455878,"min":1.2380615493455878}}