{"name":"heynow","scoreData":{"2020-11-02":{"id":76561198045150820,"name":"heynow","score":18700,"level":2,"character":0,"platform":18,"runframes":6716,"runend":1021,"unknown1":4294967114,"unknown2":1728,"rank":3056,"percentile":31.70131902526269}},"tenDayPercentiles":[],"tenDayDecayingPercentileScore":0,"scoresByDay":[],"rankSummary":{"mean":3056,"median":3056,"max":3056,"min":3056},"percentileSummary":{"mean":31.70131902526269,"median":31.70131902526269,"max":31.70131902526269,"min":31.70131902526269}}