{"name":"hez2002","scoreData":{"2020-10-10":{"id":76561198027529950,"name":"hez2002","score":39475,"level":5,"character":3,"platform":48,"runframes":10922,"runend":1018,"unknown1":4294962447,"unknown2":4294961069,"rank":706,"percentile":89.31170406306853}},"tenDayPercentiles":[],"tenDayDecayingPercentileScore":0,"scoresByDay":[],"rankSummary":{"mean":706,"median":706,"max":706,"min":706},"percentileSummary":{"mean":89.31170406306853,"median":89.31170406306853,"max":89.31170406306853,"min":89.31170406306853}}