{"name":"HIDE","scoreData":{"2020-11-04":{"id":76561198312843660,"name":"HIDE","score":18200,"level":4,"character":7,"platform":18,"runframes":18704,"runend":1019,"unknown1":932,"unknown2":4294965546,"rank":2238,"percentile":50.1670750723992}},"tenDayPercentiles":[],"tenDayDecayingPercentileScore":0,"scoresByDay":[],"rankSummary":{"mean":2238,"median":2238,"max":2238,"min":2238},"percentileSummary":{"mean":50.1670750723992,"median":50.1670750723992,"max":50.1670750723992,"min":50.1670750723992}}