{"name":"Hidojii","scoreData":{"2020-11-11":{"id":76561198057493140,"name":"Hidojii","score":15400,"level":2,"character":3,"platform":48,"runframes":8695,"runend":1021,"unknown1":4294965253,"unknown2":4294966662,"rank":3765,"percentile":15.37769784172663}},"tenDayPercentiles":[15.37769784172663],"tenDayDecayingPercentileScore":5.957635217535977,"scoresByDay":[5.957635217535977],"rankSummary":{"mean":3765,"median":3765,"max":3765,"min":3765},"percentileSummary":{"mean":15.37769784172663,"median":15.37769784172663,"max":15.37769784172663,"min":15.37769784172663}}