{"name":"HieronymousFlask","scoreData":{"2020-09-27":{"id":76561198096292300,"name":"HieronymousFlask","score":2800,"level":1,"character":3,"platform":48,"runframes":7081,"runend":1022,"unknown1":1217,"unknown2":56,"rank":2417,"percentile":3.3599999999999994}},"tenDayPercentiles":[],"tenDayDecayingPercentileScore":0,"scoresByDay":[],"rankSummary":{"mean":2417,"median":2417,"max":2417,"min":2417},"percentileSummary":{"mean":3.3599999999999994,"median":3.3599999999999994,"max":3.3599999999999994,"min":3.3599999999999994}}