{"name":"hiimkevin","scoreData":{"2020-11-03":{"id":76561197993439360,"name":"hiimkevin","score":75350,"level":8,"character":18,"platform":18,"runframes":60477,"runend":1015,"unknown1":4294965932,"unknown2":1997,"rank":899,"percentile":80.03557136505114}},"tenDayPercentiles":[],"tenDayDecayingPercentileScore":0,"scoresByDay":[],"rankSummary":{"mean":899,"median":899,"max":899,"min":899},"percentileSummary":{"mean":80.03557136505114,"median":80.03557136505114,"max":80.03557136505114,"min":80.03557136505114}}