{"name":"hildifons_took","scoreData":{"2020-09-30":{"id":76561197989500000,"name":"hildifons_took","score":6900,"level":2,"character":3,"platform":18,"runframes":8520,"runend":1021,"unknown1":4294966641,"unknown2":4294960030,"rank":5378,"percentile":30.385810460901084}},"tenDayPercentiles":[],"tenDayDecayingPercentileScore":0,"scoresByDay":[],"rankSummary":{"mean":5378,"median":5378,"max":5378,"min":5378},"percentileSummary":{"mean":30.385810460901084,"median":30.385810460901084,"max":30.385810460901084,"min":30.385810460901084}}