{"name":"Himynamesrik","scoreData":{"2020-09-16":{"id":1421934125374305800,"name":"Himynamesrik","score":11800,"level":3,"character":2,"platform":48,"runframes":26072,"runend":1020,"unknown1":4294965205,"unknown2":133,"rank":1033,"percentile":66.55865197666883}},"tenDayPercentiles":[],"tenDayDecayingPercentileScore":0,"scoresByDay":[],"rankSummary":{"mean":1033,"median":1033,"max":1033,"min":1033},"percentileSummary":{"mean":66.55865197666883,"median":66.55865197666883,"max":66.55865197666883,"min":66.55865197666883}}