{"name":"hinchman2015","scoreData":{"2020-09-26":{"id":5197784307283252000,"name":"hinchman2015","score":20100,"level":3,"character":0,"platform":48,"runframes":8934,"runend":1020,"unknown1":4294967149,"unknown2":66,"rank":1334,"percentile":48.63198458574182}},"tenDayPercentiles":[],"tenDayDecayingPercentileScore":0,"scoresByDay":[],"rankSummary":{"mean":1334,"median":1334,"max":1334,"min":1334},"percentileSummary":{"mean":48.63198458574182,"median":48.63198458574182,"max":48.63198458574182,"min":48.63198458574182}}