{"name":"HippoPride","scoreData":{"2020-10-04":{"id":76561198064230000,"name":"HippoPride","score":20700,"level":2,"character":3,"platform":18,"runframes":21164,"runend":1021,"unknown1":4294965999,"unknown2":4294962271,"rank":5204,"percentile":30.737486687965927}},"tenDayPercentiles":[],"tenDayDecayingPercentileScore":0,"scoresByDay":[],"rankSummary":{"mean":5204,"median":5204,"max":5204,"min":5204},"percentileSummary":{"mean":30.737486687965927,"median":30.737486687965927,"max":30.737486687965927,"min":30.737486687965927}}