{"name":"hipsterdoofus","scoreData":{"2020-11-05":{"id":7658013271169106000,"name":"hipsterdoofus","score":21100,"level":3,"character":4,"platform":18,"runframes":16476,"runend":1020,"unknown1":4294965899,"unknown2":158,"rank":2302,"percentile":48.84393063583815}},"tenDayPercentiles":[],"tenDayDecayingPercentileScore":0,"scoresByDay":[],"rankSummary":{"mean":2302,"median":2302,"max":2302,"min":2302},"percentileSummary":{"mean":48.84393063583815,"median":48.84393063583815,"max":48.84393063583815,"min":48.84393063583815}}