{"name":"His2202","scoreData":{"2020-10-02":{"id":8553697846307621000,"name":"His2202","score":2800,"level":3,"character":0,"platform":48,"runframes":7669,"runend":1020,"unknown1":4294962509,"unknown2":1650,"rank":3884,"percentile":47.969985260619055}},"tenDayPercentiles":[],"tenDayDecayingPercentileScore":0,"scoresByDay":[],"rankSummary":{"mean":3884,"median":3884,"max":3884,"min":3884},"percentileSummary":{"mean":47.969985260619055,"median":47.969985260619055,"max":47.969985260619055,"min":47.969985260619055}}