{"name":"Histud27","scoreData":{"2020-10-17":{"id":76561198047681680,"name":"Histud27","score":25175,"level":8,"character":7,"platform":48,"runframes":16710,"runend":1015,"unknown1":3072,"unknown2":985,"rank":537,"percentile":90.8344733242134}},"tenDayPercentiles":[],"tenDayDecayingPercentileScore":0,"scoresByDay":[],"rankSummary":{"mean":537,"median":537,"max":537,"min":537},"percentileSummary":{"mean":90.8344733242134,"median":90.8344733242134,"max":90.8344733242134,"min":90.8344733242134}}