{"name":"Historically Significant Goose","scoreData":{"2020-10-03":{"id":76561198674751330,"name":"Historically Significant Goose","score":56175,"level":14,"character":8,"platform":18,"runframes":110513,"runend":1009,"unknown1":1993,"unknown2":147,"rank":79,"percentile":99.01240820460876}},"tenDayDecayingPercentileMean":null,"rankSummary":{"mean":79,"median":79,"max":79,"min":79},"percentileSummary":{"mean":99.01240820460876,"median":99.01240820460876,"max":99.01240820460876,"min":99.01240820460876}}