{"name":"Hjbp","scoreData":{"2020-11-07":{"id":2017215872918244900,"name":"Hjbp","score":13300,"level":4,"character":3,"platform":18,"runframes":20902,"runend":1019,"unknown1":4294966331,"unknown2":4294965701,"rank":2690,"percentile":43.69765494137353}},"tenDayPercentiles":[],"tenDayDecayingPercentileScore":0,"scoresByDay":[],"rankSummary":{"mean":2690,"median":2690,"max":2690,"min":2690},"percentileSummary":{"mean":43.69765494137353,"median":43.69765494137353,"max":43.69765494137353,"min":43.69765494137353}}