{"name":"hmpflabul","scoreData":{"2020-10-03":{"id":2094829292836788700,"name":"hmpflabul","score":12000,"level":4,"character":0,"platform":18,"runframes":17771,"runend":1019,"unknown1":4294965935,"unknown2":775,"rank":2101,"percentile":73.41099012408205}},"tenDayPercentiles":[],"tenDayDecayingPercentileScore":0,"scoresByDay":[],"rankSummary":{"mean":2101,"median":2101,"max":2101,"min":2101},"percentileSummary":{"mean":73.41099012408205,"median":73.41099012408205,"max":73.41099012408205,"min":73.41099012408205}}