{"name":"HNorbert","scoreData":{"2020-09-29":{"id":76561197970501740,"name":"HNorbert","score":4400,"level":2,"character":0,"platform":18,"runframes":7556,"runend":1021,"unknown1":4294964802,"unknown2":58,"rank":4351,"percentile":22.210300429184542}},"tenDayPercentiles":[],"tenDayDecayingPercentileScore":0,"scoresByDay":[],"rankSummary":{"mean":4351,"median":4351,"max":4351,"min":4351},"percentileSummary":{"mean":22.210300429184542,"median":22.210300429184542,"max":22.210300429184542,"min":22.210300429184542}}