{"name":"Hoaxdream","scoreData":{"2020-11-21":{"id":76561197993227120,"name":"Hoaxdream","score":24500,"level":5,"character":7,"platform":18,"runframes":16164,"runend":1018,"unknown1":4294964284,"unknown2":4294966071,"rank":1642,"percentile":60.46735726331004}},"tenDayPercentiles":[60.46735726331004],"tenDayDecayingPercentileScore":54.42062153697904,"scoresByDay":[54.42062153697904],"rankSummary":{"mean":1642,"median":1642,"max":1642,"min":1642},"percentileSummary":{"mean":60.46735726331004,"median":60.46735726331004,"max":60.46735726331004,"min":60.46735726331004}}