{"name":"hockeyNINJA42","scoreData":{"2020-10-23":{"id":76561197960324900,"name":"hockeyNINJA42","score":8500,"level":2,"character":3,"platform":48,"runframes":9003,"runend":1021,"unknown1":4294964722,"unknown2":4294964915,"rank":4094,"percentile":21.60505650258571}},"tenDayPercentiles":[],"tenDayDecayingPercentileScore":0,"scoresByDay":[],"rankSummary":{"mean":4094,"median":4094,"max":4094,"min":4094},"percentileSummary":{"mean":21.60505650258571,"median":21.60505650258571,"max":21.60505650258571,"min":21.60505650258571}}