{"name":"Hoingy","scoreData":{"2020-10-10":{"id":76561198345340220,"name":"Hoingy","score":13000,"level":2,"character":6,"platform":18,"runframes":19598,"runend":1021,"unknown1":52,"unknown2":396,"rank":3197,"percentile":51.54639175257732}},"tenDayPercentiles":[],"tenDayDecayingPercentileScore":0,"scoresByDay":[],"rankSummary":{"mean":3197,"median":3197,"max":3197,"min":3197},"percentileSummary":{"mean":51.54639175257732,"median":51.54639175257732,"max":51.54639175257732,"min":51.54639175257732}}