{"name":"Holgarr","scoreData":{"2020-10-30":{"id":76561198035694700,"name":"Holgarr","score":8300,"level":2,"character":6,"platform":48,"runframes":8242,"runend":1021,"unknown1":2331,"unknown2":567,"rank":3410,"percentile":28.216466624552538}},"tenDayPercentiles":[],"tenDayDecayingPercentileScore":0,"scoresByDay":[],"rankSummary":{"mean":3410,"median":3410,"max":3410,"min":3410},"percentileSummary":{"mean":28.216466624552538,"median":28.216466624552538,"max":28.216466624552538,"min":28.216466624552538}}