{"name":"HollowKing","scoreData":{"2020-10-29":{"id":76561198069738940,"name":"HollowKing","score":100,"level":1,"character":3,"platform":18,"runframes":2517,"runend":1022,"unknown1":1317,"unknown2":339,"rank":4759,"percentile":0.5226845076311974}},"tenDayPercentiles":[],"tenDayDecayingPercentileScore":0,"scoresByDay":[],"rankSummary":{"mean":4759,"median":4759,"max":4759,"min":4759},"percentileSummary":{"mean":0.5226845076311974,"median":0.5226845076311974,"max":0.5226845076311974,"min":0.5226845076311974}}