{"name":"Holober","scoreData":{"2020-10-20":{"id":76561198067884080,"name":"Holober","score":283000,"level":12,"character":5,"platform":18,"runframes":101123,"runend":1011,"unknown1":2074,"unknown2":312,"rank":226,"percentile":95.83333333333333}},"tenDayPercentiles":[],"tenDayDecayingPercentileScore":0,"scoresByDay":[],"rankSummary":{"mean":226,"median":226,"max":226,"min":226},"percentileSummary":{"mean":95.83333333333333,"median":95.83333333333333,"max":95.83333333333333,"min":95.83333333333333}}