{"name":"Homusurikku","scoreData":{"2020-11-05":{"id":76561199096715150,"name":"Homusurikku","score":19875,"level":6,"character":0,"platform":18,"runframes":15239,"runend":1017,"unknown1":1684,"unknown2":481,"rank":1511,"percentile":66.42952423299243}},"tenDayPercentiles":[],"tenDayDecayingPercentileScore":0,"scoresByDay":[],"rankSummary":{"mean":1511,"median":1511,"max":1511,"min":1511},"percentileSummary":{"mean":66.42952423299243,"median":66.42952423299243,"max":66.42952423299243,"min":66.42952423299243}}