{"name":"HorrifyTArGet-_-","scoreData":{"2020-09-21":{"id":2619685188345724400,"name":"HorrifyTArGet-_-","score":2100,"level":1,"character":3,"platform":48,"runframes":5803,"runend":1022,"unknown1":4294966145,"unknown2":633,"rank":2223,"percentile":11.013215859030836}},"tenDayPercentiles":[],"tenDayDecayingPercentileScore":0,"scoresByDay":[],"rankSummary":{"mean":2223,"median":2223,"max":2223,"min":2223},"percentileSummary":{"mean":11.013215859030836,"median":11.013215859030836,"max":11.013215859030836,"min":11.013215859030836}}