{"name":"Horrible Crowe","scoreData":{"2020-10-10":{"id":76561198079165390,"name":"Horrible Crowe","score":500,"level":2,"character":0,"platform":18,"runframes":3762,"runend":1021,"unknown1":4294965219,"unknown2":4294965858,"rank":4880,"percentile":26.030927835051543}},"tenDayDecayingPercentileMean":null,"rankSummary":{"mean":4880,"median":4880,"max":4880,"min":4880},"percentileSummary":{"mean":26.030927835051543,"median":26.030927835051543,"max":26.030927835051543,"min":26.030927835051543}}