{"name":"Horseson Welles","scoreData":{"2020-10-01":{"id":76561198057094370,"name":"Horseson Welles","score":5700,"level":1,"character":0,"platform":18,"runframes":3601,"runend":1022,"unknown1":4294960700,"unknown2":21,"rank":5735,"percentile":25.47439563296075}},"tenDayDecayingPercentileMean":null,"rankSummary":{"mean":5735,"median":5735,"max":5735,"min":5735},"percentileSummary":{"mean":25.47439563296075,"median":25.47439563296075,"max":25.47439563296075,"min":25.47439563296075}}