{"name":"Hostis","scoreData":{"2020-10-04":{"id":958609494593737300,"name":"Hostis","score":92525,"level":13,"character":6,"platform":18,"runframes":92268,"runend":1010,"unknown1":4294964794,"unknown2":4294964224,"rank":100,"percentile":98.68210862619809}},"tenDayPercentiles":[],"tenDayDecayingPercentileScore":0,"scoresByDay":[],"rankSummary":{"mean":100,"median":100,"max":100,"min":100},"percentileSummary":{"mean":98.68210862619809,"median":98.68210862619809,"max":98.68210862619809,"min":98.68210862619809}}