{"name":"hot boi","scoreData":{"2020-10-02":{"id":76561198043896620,"name":"hot boi","score":8400,"level":2,"character":4,"platform":18,"runframes":8540,"runend":1021,"unknown1":3352,"unknown2":578,"rank":4929,"percentile":33.967573361918795}},"tenDayDecayingPercentileMean":null,"rankSummary":{"mean":4929,"median":4929,"max":4929,"min":4929},"percentileSummary":{"mean":33.967573361918795,"median":33.967573361918795,"max":33.967573361918795,"min":33.967573361918795}}