{"name":"HotJuicyDump","scoreData":{"2020-09-29":{"id":76561197986303180,"name":"HotJuicyDump","score":10900,"level":2,"character":3,"platform":18,"runframes":10383,"runend":1021,"unknown1":489,"unknown2":795,"rank":3652,"percentile":34.71030042918454}},"tenDayPercentiles":[],"tenDayDecayingPercentileScore":0,"scoresByDay":[],"rankSummary":{"mean":3652,"median":3652,"max":3652,"min":3652},"percentileSummary":{"mean":34.71030042918454,"median":34.71030042918454,"max":34.71030042918454,"min":34.71030042918454}}