{"name":"hotsauselife","scoreData":{"2020-09-29":{"id":76561198081116020,"name":"hotsauselife","score":10000,"level":3,"character":1,"platform":18,"runframes":14612,"runend":1020,"unknown1":4294966140,"unknown2":361,"rank":3191,"percentile":42.95422031473534}},"tenDayPercentiles":[],"tenDayDecayingPercentileScore":0,"scoresByDay":[],"rankSummary":{"mean":3191,"median":3191,"max":3191,"min":3191},"percentileSummary":{"mean":42.95422031473534,"median":42.95422031473534,"max":42.95422031473534,"min":42.95422031473534}}