{"name":"Houseofgamers","scoreData":{"2020-10-31":{"id":76561199024854930,"name":"Houseofgamers","score":13500,"level":2,"character":7,"platform":48,"runframes":5720,"runend":1021,"unknown1":1447,"unknown2":225,"rank":3336,"percentile":29.833789185777405}},"tenDayPercentiles":[],"tenDayDecayingPercentileScore":0,"scoresByDay":[],"rankSummary":{"mean":3336,"median":3336,"max":3336,"min":3336},"percentileSummary":{"mean":29.833789185777405,"median":29.833789185777405,"max":29.833789185777405,"min":29.833789185777405}}