{"name":"Hoverboots","scoreData":{"2020-10-25":{"id":76561198135361550,"name":"Hoverboots","score":30500,"level":5,"character":0,"platform":18,"runframes":19185,"runend":1018,"unknown1":4294966715,"unknown2":4294962858,"rank":1671,"percentile":69.90990990990991}},"tenDayPercentiles":[],"tenDayDecayingPercentileScore":0,"scoresByDay":[],"rankSummary":{"mean":1671,"median":1671,"max":1671,"min":1671},"percentileSummary":{"mean":69.90990990990991,"median":69.90990990990991,"max":69.90990990990991,"min":69.90990990990991}}