{"name":"howiethehappyturkey","scoreData":{"2020-10-20":{"id":1069896327925163600,"name":"howiethehappyturkey","score":34000,"level":6,"character":1,"platform":18,"runframes":43458,"runend":1017,"unknown1":4294966827,"unknown2":2360,"rank":1842,"percentile":65.90740740740742}},"tenDayPercentiles":[],"tenDayDecayingPercentileScore":0,"scoresByDay":[],"rankSummary":{"mean":1842,"median":1842,"max":1842,"min":1842},"percentileSummary":{"mean":65.90740740740742,"median":65.90740740740742,"max":65.90740740740742,"min":65.90740740740742}}