{"name":"hrgj04810","scoreData":{"2020-10-11":{"id":3830789876869107700,"name":"hrgj04810","score":20700,"level":2,"character":3,"platform":48,"runframes":8494,"runend":1021,"unknown1":2264,"unknown2":1612,"rank":4612,"percentile":27.38582677165354}},"tenDayPercentiles":[],"tenDayDecayingPercentileScore":0,"scoresByDay":[],"rankSummary":{"mean":4612,"median":4612,"max":4612,"min":4612},"percentileSummary":{"mean":27.38582677165354,"median":27.38582677165354,"max":27.38582677165354,"min":27.38582677165354}}