{"name":"hsm59358","scoreData":{"2020-10-24":{"id":76561198064826080,"name":"hsm59358","score":8100,"level":2,"character":3,"platform":18,"runframes":6873,"runend":1021,"unknown1":4294966400,"unknown2":153,"rank":3970,"percentile":26.116902457185404}},"tenDayPercentiles":[],"tenDayDecayingPercentileScore":0,"scoresByDay":[],"rankSummary":{"mean":3970,"median":3970,"max":3970,"min":3970},"percentileSummary":{"mean":26.116902457185404,"median":26.116902457185404,"max":26.116902457185404,"min":26.116902457185404}}