{"name":"htown572010","scoreData":{"2020-11-17":{"id":8787111133206535000,"name":"htown572010","score":4800,"level":2,"character":0,"platform":18,"runframes":9249,"runend":1021,"unknown1":464,"unknown2":209,"rank":3337,"percentile":14.854517611026026}},"tenDayPercentiles":[14.854517611026026],"tenDayDecayingPercentileScore":9.746049004594177,"scoresByDay":[9.746049004594177],"rankSummary":{"mean":3337,"median":3337,"max":3337,"min":3337},"percentileSummary":{"mean":14.854517611026026,"median":14.854517611026026,"max":14.854517611026026,"min":14.854517611026026}}