{"name":"https-505","scoreData":{"2020-09-20":{"id":2008432758492576300,"name":"https-505","score":8400,"level":1,"character":1,"platform":48,"runframes":3955,"runend":1022,"unknown1":4294967057,"unknown2":539,"rank":2479,"percentile":16.677874915938133}},"tenDayPercentiles":[],"tenDayDecayingPercentileScore":0,"scoresByDay":[],"rankSummary":{"mean":2479,"median":2479,"max":2479,"min":2479},"percentileSummary":{"mean":16.677874915938133,"median":16.677874915938133,"max":16.677874915938133,"min":16.677874915938133}}