{"name":"hturan","scoreData":{"2020-10-06":{"id":76561197968360960,"name":"hturan","score":61875,"level":6,"character":0,"platform":18,"runframes":41916,"runend":1017,"unknown1":4294967021,"unknown2":1603,"rank":998,"percentile":85.32744665194997}},"tenDayPercentiles":[],"tenDayDecayingPercentileScore":0,"scoresByDay":[],"rankSummary":{"mean":998,"median":998,"max":998,"min":998},"percentileSummary":{"mean":85.32744665194997,"median":85.32744665194997,"max":85.32744665194997,"min":85.32744665194997}}