{"name":"HUBByG","scoreData":{"2020-09-29":{"id":7853026185845818000,"name":"HUBByG","score":14300,"level":4,"character":3,"platform":18,"runframes":15208,"runend":1019,"unknown1":4294962878,"unknown2":4294964016,"rank":2346,"percentile":58.06509298998569}},"tenDayPercentiles":[],"tenDayDecayingPercentileScore":0,"scoresByDay":[],"rankSummary":{"mean":2346,"median":2346,"max":2346,"min":2346},"percentileSummary":{"mean":58.06509298998569,"median":58.06509298998569,"max":58.06509298998569,"min":58.06509298998569}}