{"name":"HulkOfTheYard","scoreData":{"2020-09-23":{"id":1709765553978061600,"name":"HulkOfTheYard","score":11000,"level":2,"character":7,"platform":48,"runframes":10678,"runend":1021,"unknown1":4294967255,"unknown2":106,"rank":1856,"percentile":22.901080631753942}},"tenDayPercentiles":[],"tenDayDecayingPercentileScore":0,"scoresByDay":[],"rankSummary":{"mean":1856,"median":1856,"max":1856,"min":1856},"percentileSummary":{"mean":22.901080631753942,"median":22.901080631753942,"max":22.901080631753942,"min":22.901080631753942}}