{"name":"HUNKINATION","scoreData":{"2020-09-25":{"id":1982001040873909800,"name":"HUNKINATION","score":19050,"level":5,"character":7,"platform":48,"runframes":24692,"runend":1018,"unknown1":4294965758,"unknown2":4294965475,"rank":552,"percentile":76.02262837249782}},"tenDayPercentiles":[],"tenDayDecayingPercentileScore":0,"scoresByDay":[],"rankSummary":{"mean":552,"median":552,"max":552,"min":552},"percentileSummary":{"mean":76.02262837249782,"median":76.02262837249782,"max":76.02262837249782,"min":76.02262837249782}}