{"name":"HuNNedMooNz","scoreData":{"2020-10-18":{"id":355330968874116740,"name":"HuNNedMooNz","score":27600,"level":4,"character":7,"platform":48,"runframes":20816,"runend":1019,"unknown1":2360,"unknown2":85,"rank":3687,"percentile":37.82051282051282}},"tenDayPercentiles":[],"tenDayDecayingPercentileScore":0,"scoresByDay":[],"rankSummary":{"mean":3687,"median":3687,"max":3687,"min":3687},"percentileSummary":{"mean":37.82051282051282,"median":37.82051282051282,"max":37.82051282051282,"min":37.82051282051282}}