{"name":"Hunter","scoreData":{"2020-10-08":{"id":76561198156949650,"name":"Hunter","score":10400,"level":3,"character":1,"platform":18,"runframes":10265,"runend":1020,"unknown1":3246,"unknown2":4691,"rank":4005,"percentile":36.83546300678341}},"tenDayPercentiles":[],"tenDayDecayingPercentileScore":0,"scoresByDay":[],"rankSummary":{"mean":4005,"median":4005,"max":4005,"min":4005},"percentileSummary":{"mean":36.83546300678341,"median":36.83546300678341,"max":36.83546300678341,"min":36.83546300678341}}