{"name":"HunterPudding","scoreData":{"2020-09-20":{"id":4725413872347452000,"name":"HunterPudding","score":7500,"level":1,"character":6,"platform":48,"runframes":4079,"runend":1022,"unknown1":4294964471,"unknown2":4294965376,"rank":2512,"percentile":15.568258238063208}},"tenDayPercentiles":[],"tenDayDecayingPercentileScore":0,"scoresByDay":[],"rankSummary":{"mean":2512,"median":2512,"max":2512,"min":2512},"percentileSummary":{"mean":15.568258238063208,"median":15.568258238063208,"max":15.568258238063208,"min":15.568258238063208}}