{"name":"husky_puddle29","scoreData":{"2020-09-19":{"id":7817401422738113000,"name":"husky_puddle29","score":1500,"level":2,"character":3,"platform":48,"runframes":4473,"runend":1021,"unknown1":1309,"unknown2":245,"rank":2106,"percentile":29.739652870493998}},"tenDayPercentiles":[],"tenDayDecayingPercentileScore":0,"scoresByDay":[],"rankSummary":{"mean":2106,"median":2106,"max":2106,"min":2106},"percentileSummary":{"mean":29.739652870493998,"median":29.739652870493998,"max":29.739652870493998,"min":29.739652870493998}}