{"name":"Husky-Nanouk","scoreData":{"2020-10-23":{"id":76561199603590530,"name":"Husky-Nanouk","score":2900,"level":1,"character":8,"platform":48,"runframes":1429,"runend":1022,"unknown1":4294966525,"unknown2":376,"rank":5112,"percentile":2.106876077379809}},"tenDayPercentiles":[],"tenDayDecayingPercentileScore":0,"scoresByDay":[],"rankSummary":{"mean":5112,"median":5112,"max":5112,"min":5112},"percentileSummary":{"mean":2.106876077379809,"median":2.106876077379809,"max":2.106876077379809,"min":2.106876077379809}}