{"name":"Huzza","scoreData":{"2020-10-22":{"id":76561197988837150,"name":"Huzza","score":11700,"level":1,"character":0,"platform":18,"runframes":3374,"runend":1022,"unknown1":2915,"unknown2":4294966509,"rank":4979,"percentile":6.199359336725081}},"tenDayPercentiles":[],"tenDayDecayingPercentileScore":0,"scoresByDay":[],"rankSummary":{"mean":4979,"median":4979,"max":4979,"min":4979},"percentileSummary":{"mean":6.199359336725081,"median":6.199359336725081,"max":6.199359336725081,"min":6.199359336725081}}