{"name":"HWB","scoreData":{"2020-10-11":{"id":76561198029780860,"name":"HWB","score":2800,"level":1,"character":0,"platform":18,"runframes":1545,"runend":1022,"unknown1":4294966626,"unknown2":3463,"rank":5937,"percentile":6.5196850393700885}},"tenDayPercentiles":[],"tenDayDecayingPercentileScore":0,"scoresByDay":[],"rankSummary":{"mean":5937,"median":5937,"max":5937,"min":5937},"percentileSummary":{"mean":6.5196850393700885,"median":6.5196850393700885,"max":6.5196850393700885,"min":6.5196850393700885}}