{"name":"Hydro719","scoreData":{"2020-10-18":{"id":4324615938726425000,"name":"Hydro719","score":7000,"level":2,"character":7,"platform":18,"runframes":6502,"runend":1021,"unknown1":4294966254,"unknown2":4294963249,"rank":5449,"percentile":8.097165991902827}},"tenDayPercentiles":[],"tenDayDecayingPercentileScore":0,"scoresByDay":[],"rankSummary":{"mean":5449,"median":5449,"max":5449,"min":5449},"percentileSummary":{"mean":8.097165991902827,"median":8.097165991902827,"max":8.097165991902827,"min":8.097165991902827}}