{"name":"Hyenabr","scoreData":{"2020-09-25":{"id":6769123848317914000,"name":"Hyenabr","score":1000,"level":1,"character":2,"platform":48,"runframes":1206,"runend":1022,"unknown1":1944,"unknown2":528,"rank":2265,"percentile":1.4795474325500493}},"tenDayPercentiles":[],"tenDayDecayingPercentileScore":0,"scoresByDay":[],"rankSummary":{"mean":2265,"median":2265,"max":2265,"min":2265},"percentileSummary":{"mean":1.4795474325500493,"median":1.4795474325500493,"max":1.4795474325500493,"min":1.4795474325500493}}