{"name":"Hymyviiksi","scoreData":{"2020-11-01":{"id":6915650427440899000,"name":"Hymyviiksi","score":41900,"level":5,"character":1,"platform":18,"runframes":42576,"runend":1018,"unknown1":4294964576,"unknown2":56,"rank":1371,"percentile":70.88204038257173}},"tenDayPercentiles":[],"tenDayDecayingPercentileScore":0,"scoresByDay":[],"rankSummary":{"mean":1371,"median":1371,"max":1371,"min":1371},"percentileSummary":{"mean":70.88204038257173,"median":70.88204038257173,"max":70.88204038257173,"min":70.88204038257173}}