{"name":"Hyper-Vigilance","scoreData":{"2020-10-02":{"id":3812412073620314000,"name":"Hyper-Vigilance","score":2500,"level":1,"character":0,"platform":18,"runframes":1920,"runend":1022,"unknown1":4294965727,"unknown2":4294962663,"rank":6862,"percentile":8.066461208629235}},"tenDayPercentiles":[],"tenDayDecayingPercentileScore":0,"scoresByDay":[],"rankSummary":{"mean":6862,"median":6862,"max":6862,"min":6862},"percentileSummary":{"mean":8.066461208629235,"median":8.066461208629235,"max":8.066461208629235,"min":8.066461208629235}}