{"name":"Hyplast","scoreData":{"2020-10-01":{"id":76561198043110200,"name":"Hyplast","score":9000,"level":3,"character":4,"platform":18,"runframes":9953,"runend":1020,"unknown1":4294961072,"unknown2":4294961847,"rank":4170,"percentile":45.81492071744216}},"tenDayPercentiles":[],"tenDayDecayingPercentileScore":0,"scoresByDay":[],"rankSummary":{"mean":4170,"median":4170,"max":4170,"min":4170},"percentileSummary":{"mean":45.81492071744216,"median":45.81492071744216,"max":45.81492071744216,"min":45.81492071744216}}