{"name":"hysterical428ray","scoreData":{"2020-11-15":{"id":841582663386938800,"name":"hysterical428ray","score":8400,"level":2,"character":4,"platform":48,"runframes":4495,"runend":1021,"unknown1":4294964311,"unknown2":4294963827,"rank":3467,"percentile":19.451545433418545}},"tenDayPercentiles":[19.451545433418545],"tenDayDecayingPercentileScore":11.485943062979318,"scoresByDay":[11.485943062979318],"rankSummary":{"mean":3467,"median":3467,"max":3467,"min":3467},"percentileSummary":{"mean":19.451545433418545,"median":19.451545433418545,"max":19.451545433418545,"min":19.451545433418545}}