{"name":"Xacto","scoreData":{"2020-10-01":{"id":76561198153243580,"name":"Xacto","score":11700,"level":2,"character":0,"platform":18,"runframes":10757,"runend":1021,"unknown1":2048,"unknown2":1177,"rank":4875,"percentile":36.651936573953726}},"tenDayPercentiles":[],"tenDayDecayingPercentileScore":0,"scoresByDay":[],"rankSummary":{"mean":4875,"median":4875,"max":4875,"min":4875},"percentileSummary":{"mean":36.651936573953726,"median":36.651936573953726,"max":36.651936573953726,"min":36.651936573953726}}