{"name":"Xardas","scoreData":{"2020-09-30":{"id":5440263463324959000,"name":"Xardas","score":3500,"level":1,"character":0,"platform":18,"runframes":1249,"runend":1022,"unknown1":4294960574,"unknown2":460,"rank":7436,"percentile":3.7415846711548397}},"tenDayPercentiles":[],"tenDayDecayingPercentileScore":0,"scoresByDay":[],"rankSummary":{"mean":7436,"median":7436,"max":7436,"min":7436},"percentileSummary":{"mean":3.7415846711548397,"median":3.7415846711548397,"max":3.7415846711548397,"min":3.7415846711548397}}