{"name":"xavboy4","scoreData":{"2020-10-01":{"id":76561197972859520,"name":"xavboy4","score":4900,"level":1,"character":2,"platform":48,"runframes":2489,"runend":1022,"unknown1":1387,"unknown2":525,"rank":6127,"percentile":20.379516506368603}},"tenDayPercentiles":[],"tenDayDecayingPercentileScore":0,"scoresByDay":[],"rankSummary":{"mean":6127,"median":6127,"max":6127,"min":6127},"percentileSummary":{"mean":20.379516506368603,"median":20.379516506368603,"max":20.379516506368603,"min":20.379516506368603}}