{"name":"xavierpagan1234","scoreData":{"2020-10-27":{"id":9141414763035984000,"name":"xavierpagan1234","score":9500,"level":2,"character":14,"platform":48,"runframes":6645,"runend":1021,"unknown1":4294965686,"unknown2":142,"rank":3952,"percentile":20.614828209764923}},"tenDayPercentiles":[],"tenDayDecayingPercentileScore":0,"scoresByDay":[],"rankSummary":{"mean":3952,"median":3952,"max":3952,"min":3952},"percentileSummary":{"mean":20.614828209764923,"median":20.614828209764923,"max":20.614828209764923,"min":20.614828209764923}}