{"name":"xd_mattyeast","scoreData":{"2020-10-31":{"id":1747838554232770300,"name":"xd_mattyeast","score":2000,"level":2,"character":14,"platform":48,"runframes":1875,"runend":1021,"unknown1":4294965597,"unknown2":4294964344,"rank":3860,"percentile":18.8091731537976}},"tenDayPercentiles":[],"tenDayDecayingPercentileScore":0,"scoresByDay":[],"rankSummary":{"mean":3860,"median":3860,"max":3860,"min":3860},"percentileSummary":{"mean":18.8091731537976,"median":18.8091731537976,"max":18.8091731537976,"min":18.8091731537976}}