{"name":"XDpoopercrapperXD","scoreData":{"2020-10-30":{"id":76561198029512560,"name":"XDpoopercrapperXD","score":10300,"level":3,"character":8,"platform":18,"runframes":8024,"runend":1020,"unknown1":3941,"unknown2":3941,"rank":1927,"percentile":59.44409349336702}},"tenDayPercentiles":[],"tenDayDecayingPercentileScore":0,"scoresByDay":[],"rankSummary":{"mean":1927,"median":1927,"max":1927,"min":1927},"percentileSummary":{"mean":59.44409349336702,"median":59.44409349336702,"max":59.44409349336702,"min":59.44409349336702}}