{"name":"Xerzy","scoreData":{"2020-10-04":{"id":8809911222034758000,"name":"Xerzy","score":20700,"level":4,"character":0,"platform":18,"runframes":11898,"runend":1019,"unknown1":4294964938,"unknown2":4294966401,"rank":2357,"percentile":68.63684771033014}},"tenDayPercentiles":[],"tenDayDecayingPercentileScore":0,"scoresByDay":[],"rankSummary":{"mean":2357,"median":2357,"max":2357,"min":2357},"percentileSummary":{"mean":68.63684771033014,"median":68.63684771033014,"max":68.63684771033014,"min":68.63684771033014}}