{"name":"Xfire3342","scoreData":{"2020-11-09":{"id":2757707842024652000,"name":"Xfire3342","score":7100,"level":1,"character":3,"platform":18,"runframes":3464,"runend":1022,"unknown1":28,"unknown2":112,"rank":3951,"percentile":9.465963786385515}},"tenDayPercentiles":[],"tenDayDecayingPercentileScore":0,"scoresByDay":[],"rankSummary":{"mean":3951,"median":3951,"max":3951,"min":3951},"percentileSummary":{"mean":9.465963786385515,"median":9.465963786385515,"max":9.465963786385515,"min":9.465963786385515}}