{"name":"xGoBx-AK","scoreData":{"2020-09-26":{"id":170415173046986020,"name":"xGoBx-AK","score":2300,"level":1,"character":0,"platform":48,"runframes":2807,"runend":1022,"unknown1":43,"unknown2":105,"rank":2547,"percentile":1.8882466281310144}},"tenDayPercentiles":[],"tenDayDecayingPercentileScore":0,"scoresByDay":[],"rankSummary":{"mean":2547,"median":2547,"max":2547,"min":2547},"percentileSummary":{"mean":1.8882466281310144,"median":1.8882466281310144,"max":1.8882466281310144,"min":1.8882466281310144}}