{"name":"Xiuan","scoreData":{"2020-10-02":{"id":76561197971572510,"name":"Xiuan","score":1600,"level":3,"character":3,"platform":18,"runframes":11122,"runend":1020,"unknown1":4294965541,"unknown2":3601,"rank":3990,"percentile":46.54964491491357}},"tenDayPercentiles":[],"tenDayDecayingPercentileScore":0,"scoresByDay":[],"rankSummary":{"mean":3990,"median":3990,"max":3990,"min":3990},"percentileSummary":{"mean":46.54964491491357,"median":46.54964491491357,"max":46.54964491491357,"min":46.54964491491357}}