{"name":"xKiritoLord","scoreData":{"2020-10-06":{"id":76561198717577470,"name":"xKiritoLord","score":2500,"level":1,"character":0,"platform":18,"runframes":3064,"runend":1022,"unknown1":4294964594,"unknown2":4294964345,"rank":6430,"percentile":5.386313465783672}},"tenDayPercentiles":[],"tenDayDecayingPercentileScore":0,"scoresByDay":[],"rankSummary":{"mean":6430,"median":6430,"max":6430,"min":6430},"percentileSummary":{"mean":5.386313465783672,"median":5.386313465783672,"max":5.386313465783672,"min":5.386313465783672}}