{"name":"Xldy_Sage","scoreData":{"2020-11-18":{"id":76561198157843970,"name":"Xldy_Sage","score":13600,"level":1,"character":0,"platform":48,"runframes":7795,"runend":1022,"unknown1":4294966090,"unknown2":961,"rank":3650,"percentile":9.138446215139439}},"tenDayPercentiles":[9.138446215139439],"tenDayDecayingPercentileScore":7.402141434262946,"scoresByDay":[7.402141434262946],"rankSummary":{"mean":3650,"median":3650,"max":3650,"min":3650},"percentileSummary":{"mean":9.138446215139439,"median":9.138446215139439,"max":9.138446215139439,"min":9.138446215139439}}