{"name":"xMatchu25x","scoreData":{"2020-10-04":{"id":76561198133981660,"name":"xMatchu25x","score":3000,"level":4,"character":0,"platform":48,"runframes":5605,"runend":1019,"unknown1":1059,"unknown2":257,"rank":3650,"percentile":51.42438764643237}},"tenDayPercentiles":[],"tenDayDecayingPercentileScore":0,"scoresByDay":[],"rankSummary":{"mean":3650,"median":3650,"max":3650,"min":3650},"percentileSummary":{"mean":51.42438764643237,"median":51.42438764643237,"max":51.42438764643237,"min":51.42438764643237}}