{"name":"xneweyesx","scoreData":{"2020-10-18":{"id":76561198396228640,"name":"xneweyesx","score":10700,"level":3,"character":0,"platform":18,"runframes":14458,"runend":1020,"unknown1":4294965663,"unknown2":4294966477,"rank":4811,"percentile":18.859649122807014}},"tenDayPercentiles":[],"tenDayDecayingPercentileScore":0,"scoresByDay":[],"rankSummary":{"mean":4811,"median":4811,"max":4811,"min":4811},"percentileSummary":{"mean":18.859649122807014,"median":18.859649122807014,"max":18.859649122807014,"min":18.859649122807014}}