{"name":"Xoughe","scoreData":{"2020-10-04":{"id":76561198071926270,"name":"Xoughe","score":7300,"level":2,"character":2,"platform":18,"runframes":12759,"runend":1021,"unknown1":4294965304,"unknown2":253,"rank":5469,"percentile":27.209797657082007}},"tenDayPercentiles":[],"tenDayDecayingPercentileScore":0,"scoresByDay":[],"rankSummary":{"mean":5469,"median":5469,"max":5469,"min":5469},"percentileSummary":{"mean":27.209797657082007,"median":27.209797657082007,"max":27.209797657082007,"min":27.209797657082007}}