{"name":"XPmaster","scoreData":{"2020-10-02":{"id":7618058004465458000,"name":"XPmaster","score":2500,"level":2,"character":0,"platform":18,"runframes":5449,"runend":1021,"unknown1":4294961460,"unknown2":290,"rank":5765,"percentile":22.765643842958596}},"tenDayPercentiles":[],"tenDayDecayingPercentileScore":0,"scoresByDay":[],"rankSummary":{"mean":5765,"median":5765,"max":5765,"min":5765},"percentileSummary":{"mean":22.765643842958596,"median":22.765643842958596,"max":22.765643842958596,"min":22.765643842958596}}