{"name":"Xpose_JorDan","scoreData":{"2020-10-15":{"id":224703079944028160,"name":"Xpose_JorDan","score":0,"level":1,"character":10,"platform":48,"runframes":451,"runend":1022,"unknown1":33,"unknown2":556,"rank":5740,"percentile":0.31266284523189825}},"tenDayPercentiles":[],"tenDayDecayingPercentileScore":0,"scoresByDay":[],"rankSummary":{"mean":5740,"median":5740,"max":5740,"min":5740},"percentileSummary":{"mean":0.31266284523189825,"median":0.31266284523189825,"max":0.31266284523189825,"min":0.31266284523189825}}