{"name":"xpureryox","scoreData":{"2020-10-20":{"id":76561198142585040,"name":"xpureryox","score":24200,"level":4,"character":0,"platform":18,"runframes":22235,"runend":1019,"unknown1":4294965055,"unknown2":4294965455,"rank":3110,"percentile":42.425925925925924}},"tenDayPercentiles":[],"tenDayDecayingPercentileScore":0,"scoresByDay":[],"rankSummary":{"mean":3110,"median":3110,"max":3110,"min":3110},"percentileSummary":{"mean":42.425925925925924,"median":42.425925925925924,"max":42.425925925925924,"min":42.425925925925924}}