{"name":"XShadow_of_TimeX","scoreData":{"2020-09-29":{"id":2378308416436422000,"name":"XShadow_of_TimeX","score":6900,"level":1,"character":7,"platform":48,"runframes":8953,"runend":1022,"unknown1":1440,"unknown2":294,"rank":5119,"percentile":8.476394849785407}},"tenDayPercentiles":[],"tenDayDecayingPercentileScore":0,"scoresByDay":[],"rankSummary":{"mean":5119,"median":5119,"max":5119,"min":5119},"percentileSummary":{"mean":8.476394849785407,"median":8.476394849785407,"max":8.476394849785407,"min":8.476394849785407}}