{"name":"XSim_cawlisse","scoreData":{"2020-11-13":{"id":264675462903309700,"name":"XSim_cawlisse","score":35400,"level":7,"character":8,"platform":48,"runframes":24171,"runend":1016,"unknown1":118,"unknown2":4294965545,"rank":993,"percentile":76.38095238095238}},"tenDayPercentiles":[76.38095238095238],"tenDayDecayingPercentileScore":40.59196971428572,"scoresByDay":[40.59196971428572],"rankSummary":{"mean":993,"median":993,"max":993,"min":993},"percentileSummary":{"mean":76.38095238095238,"median":76.38095238095238,"max":76.38095238095238,"min":76.38095238095238}}