{"name":"xSopra","scoreData":{"2020-10-01":{"id":76561198117082420,"name":"xSopra","score":6200,"level":4,"character":1,"platform":18,"runframes":13589,"runend":1019,"unknown1":4294966326,"unknown2":362,"rank":3448,"percentile":55.19885625162465}},"tenDayPercentiles":[],"tenDayDecayingPercentileScore":0,"scoresByDay":[],"rankSummary":{"mean":3448,"median":3448,"max":3448,"min":3448},"percentileSummary":{"mean":55.19885625162465,"median":55.19885625162465,"max":55.19885625162465,"min":55.19885625162465}}