{"name":"Xtommygunn2209X","scoreData":{"2020-09-19":{"id":6200787572798313000,"name":"Xtommygunn2209X","score":6600,"level":1,"character":2,"platform":48,"runframes":4355,"runend":1022,"unknown1":4294967064,"unknown2":456,"rank":2395,"percentile":20.09345794392523}},"tenDayPercentiles":[],"tenDayDecayingPercentileScore":0,"scoresByDay":[],"rankSummary":{"mean":2395,"median":2395,"max":2395,"min":2395},"percentileSummary":{"mean":20.09345794392523,"median":20.09345794392523,"max":20.09345794392523,"min":20.09345794392523}}