{"name":"xTORCHICx","scoreData":{"2020-09-26":{"id":7098858705996822000,"name":"xTORCHICx","score":8800,"level":2,"character":3,"platform":48,"runframes":3643,"runend":1021,"unknown1":4294965228,"unknown2":4294966266,"rank":2052,"percentile":20.963391136801548}},"tenDayPercentiles":[],"tenDayDecayingPercentileScore":0,"scoresByDay":[],"rankSummary":{"mean":2052,"median":2052,"max":2052,"min":2052},"percentileSummary":{"mean":20.963391136801548,"median":20.963391136801548,"max":20.963391136801548,"min":20.963391136801548}}