{"name":"xtutu911x","scoreData":{"2020-09-17":{"id":8398228090699509000,"name":"xtutu911x","score":2000,"level":1,"character":0,"platform":48,"runframes":2135,"runend":1022,"unknown1":1272,"unknown2":1298,"rank":2642,"percentile":6.579412805093739}},"tenDayPercentiles":[],"tenDayDecayingPercentileScore":0,"scoresByDay":[],"rankSummary":{"mean":2642,"median":2642,"max":2642,"min":2642},"percentileSummary":{"mean":6.579412805093739,"median":6.579412805093739,"max":6.579412805093739,"min":6.579412805093739}}