{"name":"XUltrabot3000X","scoreData":{"2020-09-18":{"id":2856494851420555300,"name":"XUltrabot3000X","score":0,"level":1,"character":1,"platform":48,"runframes":615,"runend":1022,"unknown1":4294966727,"unknown2":242,"rank":2758,"percentile":1.3948497854077289}},"tenDayPercentiles":[],"tenDayDecayingPercentileScore":0,"scoresByDay":[],"rankSummary":{"mean":2758,"median":2758,"max":2758,"min":2758},"percentileSummary":{"mean":1.3948497854077289,"median":1.3948497854077289,"max":1.3948497854077289,"min":1.3948497854077289}}