{"name":"xx1up1downxx","scoreData":{"2020-09-22":{"id":8783449126741882000,"name":"xx1up1downxx","score":0,"level":1,"character":0,"platform":48,"runframes":1002,"runend":1022,"unknown1":4294965964,"unknown2":4294965744,"rank":2361,"percentile":4.142973192526398}},"tenDayPercentiles":[],"tenDayDecayingPercentileScore":0,"scoresByDay":[],"rankSummary":{"mean":2361,"median":2361,"max":2361,"min":2361},"percentileSummary":{"mean":4.142973192526398,"median":4.142973192526398,"max":4.142973192526398,"min":4.142973192526398}}