{"name":"XX_STOKELEY_XX","scoreData":{"2020-10-04":{"id":3195406490644069000,"name":"XX_STOKELEY_XX","score":4700,"level":2,"character":1,"platform":48,"runframes":4074,"runend":1021,"unknown1":1965,"unknown2":2549,"rank":5819,"percentile":22.550585729499474}},"tenDayPercentiles":[],"tenDayDecayingPercentileScore":0,"scoresByDay":[],"rankSummary":{"mean":5819,"median":5819,"max":5819,"min":5819},"percentileSummary":{"mean":22.550585729499474,"median":22.550585729499474,"max":22.550585729499474,"min":22.550585729499474}}