{"name":"xx_Syn","scoreData":{"2020-09-20":{"id":1850045585779903000,"name":"xx_Syn","score":13300,"level":1,"character":3,"platform":48,"runframes":5710,"runend":1022,"unknown1":4294967267,"unknown2":1047,"rank":2417,"percentile":18.762609280430397}},"tenDayPercentiles":[],"tenDayDecayingPercentileScore":0,"scoresByDay":[],"rankSummary":{"mean":2417,"median":2417,"max":2417,"min":2417},"percentileSummary":{"mean":18.762609280430397,"median":18.762609280430397,"max":18.762609280430397,"min":18.762609280430397}}