{"name":"XxABUSED187xX","scoreData":{"2020-10-11":{"id":76561198081042500,"name":"XxABUSED187xX","score":2400,"level":1,"character":2,"platform":48,"runframes":5139,"runend":1022,"unknown1":4294961883,"unknown2":249,"rank":6024,"percentile":5.149606299212593}},"tenDayPercentiles":[],"tenDayDecayingPercentileScore":0,"scoresByDay":[],"rankSummary":{"mean":6024,"median":6024,"max":6024,"min":6024},"percentileSummary":{"mean":5.149606299212593,"median":5.149606299212593,"max":5.149606299212593,"min":5.149606299212593}}