{"name":"xXARNFAN12Xx","scoreData":{"2020-09-20":{"id":776239523947145100,"name":"xXARNFAN12Xx","score":16900,"level":3,"character":0,"platform":48,"runframes":11898,"runend":1020,"unknown1":43,"unknown2":650,"rank":1191,"percentile":59.98655010087424}},"tenDayPercentiles":[],"tenDayDecayingPercentileScore":0,"scoresByDay":[],"rankSummary":{"mean":1191,"median":1191,"max":1191,"min":1191},"percentileSummary":{"mean":59.98655010087424,"median":59.98655010087424,"max":59.98655010087424,"min":59.98655010087424}}