{"name":"xXBrianzillaXx","scoreData":{"2020-10-17":{"id":76561198390872850,"name":"xXBrianzillaXx","score":3500,"level":2,"character":3,"platform":48,"runframes":7972,"runend":1021,"unknown1":1612,"unknown2":2784,"rank":4458,"percentile":23.7859097127223}},"tenDayPercentiles":[],"tenDayDecayingPercentileScore":0,"scoresByDay":[],"rankSummary":{"mean":4458,"median":4458,"max":4458,"min":4458},"percentileSummary":{"mean":23.7859097127223,"median":23.7859097127223,"max":23.7859097127223,"min":23.7859097127223}}