{"name":"XxEXMOGAMExX","scoreData":{"2020-10-25":{"id":76561198191282800,"name":"XxEXMOGAMExX","score":3100,"level":1,"character":5,"platform":48,"runframes":2597,"runend":1022,"unknown1":4294966705,"unknown2":301,"rank":5191,"percentile":6.486486486486484}},"tenDayPercentiles":[],"tenDayDecayingPercentileScore":0,"scoresByDay":[],"rankSummary":{"mean":5191,"median":5191,"max":5191,"min":5191},"percentileSummary":{"mean":6.486486486486484,"median":6.486486486486484,"max":6.486486486486484,"min":6.486486486486484}}