{"name":"xxjstudxx","scoreData":{"2020-09-16":{"id":6205365919842583000,"name":"xxjstudxx","score":3900,"level":2,"character":0,"platform":48,"runframes":4240,"runend":1021,"unknown1":1813,"unknown2":25,"rank":2504,"percentile":18.891769280622157}},"tenDayPercentiles":[],"tenDayDecayingPercentileScore":0,"scoresByDay":[],"rankSummary":{"mean":2504,"median":2504,"max":2504,"min":2504},"percentileSummary":{"mean":18.891769280622157,"median":18.891769280622157,"max":18.891769280622157,"min":18.891769280622157}}