{"name":"XxPlayerGirlQCxX","scoreData":{"2020-09-16":{"id":4322962333028957000,"name":"XxPlayerGirlQCxX","score":5000,"level":1,"character":3,"platform":48,"runframes":4051,"runend":1022,"unknown1":4294965190,"unknown2":4294965735,"rank":2842,"percentile":7.939079714841213}},"tenDayPercentiles":[],"tenDayDecayingPercentileScore":0,"scoresByDay":[],"rankSummary":{"mean":2842,"median":2842,"max":2842,"min":2842},"percentileSummary":{"mean":7.939079714841213,"median":7.939079714841213,"max":7.939079714841213,"min":7.939079714841213}}