{"name":"Xxredcast2256xX","scoreData":{"2020-09-29":{"id":76561198182469600,"name":"Xxredcast2256xX","score":13400,"level":3,"character":3,"platform":48,"runframes":5316,"runend":1020,"unknown1":4294965724,"unknown2":69,"rank":3044,"percentile":45.5829756795422}},"tenDayPercentiles":[],"tenDayDecayingPercentileScore":0,"scoresByDay":[],"rankSummary":{"mean":3044,"median":3044,"max":3044,"min":3044},"percentileSummary":{"mean":45.5829756795422,"median":45.5829756795422,"max":45.5829756795422,"min":45.5829756795422}}