{"name":"XxReTaRdFaGoTxX","scoreData":{"2020-11-17":{"id":76561198075704670,"name":"XxReTaRdFaGoTxX","score":12600,"level":3,"character":9,"platform":18,"runframes":8199,"runend":1020,"unknown1":447,"unknown2":451,"rank":2288,"percentile":41.62838182746299}},"tenDayPercentiles":[41.62838182746299],"tenDayDecayingPercentileScore":30.347090352220523,"scoresByDay":[30.347090352220523],"rankSummary":{"mean":2288,"median":2288,"max":2288,"min":2288},"percentileSummary":{"mean":41.62838182746299,"median":41.62838182746299,"max":41.62838182746299,"min":41.62838182746299}}