{"name":"XxZen_o_force_Xx","scoreData":{"2020-11-01":{"id":76561197995757400,"name":"XxZen_o_force_Xx","score":2800,"level":2,"character":7,"platform":48,"runframes":3948,"runend":1021,"unknown1":4294966874,"unknown2":14,"rank":3852,"percentile":18.150903294367694}},"tenDayPercentiles":[],"tenDayDecayingPercentileScore":0,"scoresByDay":[],"rankSummary":{"mean":3852,"median":3852,"max":3852,"min":3852},"percentileSummary":{"mean":18.150903294367694,"median":18.150903294367694,"max":18.150903294367694,"min":18.150903294367694}}