{"name":"Xylophon13","scoreData":{"2020-10-03":{"id":76561198050428220,"name":"Xylophon13","score":10000,"level":2,"character":0,"platform":18,"runframes":13296,"runend":1021,"unknown1":4294966929,"unknown2":38,"rank":5110,"percentile":35.31273740187389}},"tenDayPercentiles":[],"tenDayDecayingPercentileScore":0,"scoresByDay":[],"rankSummary":{"mean":5110,"median":5110,"max":5110,"min":5110},"percentileSummary":{"mean":35.31273740187389,"median":35.31273740187389,"max":35.31273740187389,"min":35.31273740187389}}