{"name":"Xzui21 *Lights Blunt*","scoreData":{"2020-10-19":{"id":76561199024614000,"name":"Xzui21 *Lights Blunt*","score":12075,"level":6,"character":7,"platform":18,"runframes":20606,"runend":1017,"unknown1":2799,"unknown2":944,"rank":1253,"percentile":76.58937920718026}},"tenDayDecayingPercentileMean":null,"rankSummary":{"mean":1253,"median":1253,"max":1253,"min":1253},"percentileSummary":{"mean":76.58937920718026,"median":76.58937920718026,"max":76.58937920718026,"min":76.58937920718026}}