{"name":"a moth","scoreData":{"2020-10-04":{"id":3525643875097591300,"name":"a moth","score":8200,"level":2,"character":7,"platform":18,"runframes":8602,"runend":1021,"unknown1":4294966507,"unknown2":166,"rank":5381,"percentile":28.381256656017044}},"tenDayDecayingPercentileMean":null,"rankSummary":{"mean":5381,"median":5381,"max":5381,"min":5381},"percentileSummary":{"mean":28.381256656017044,"median":28.381256656017044,"max":28.381256656017044,"min":28.381256656017044}}