{"name":"a0511070507","scoreData":{"2020-09-19":{"id":8511513805627711000,"name":"a0511070507","score":16425,"level":6,"character":7,"platform":48,"runframes":27230,"runend":1017,"unknown1":424,"unknown2":1412,"rank":370,"percentile":87.68357810413885}},"tenDayPercentiles":[],"tenDayDecayingPercentileScore":0,"scoresByDay":[],"rankSummary":{"mean":370,"median":370,"max":370,"min":370},"percentileSummary":{"mean":87.68357810413885,"median":87.68357810413885,"max":87.68357810413885,"min":87.68357810413885}}