{"name":"A7meda17_","scoreData":{"2020-09-18":{"id":4031955069620329000,"name":"A7meda17_","score":16525,"level":5,"character":4,"platform":48,"runframes":18137,"runend":1018,"unknown1":4294966940,"unknown2":4294965354,"rank":976,"percentile":65.12875536480686}},"tenDayPercentiles":[],"tenDayDecayingPercentileScore":0,"scoresByDay":[],"rankSummary":{"mean":976,"median":976,"max":976,"min":976},"percentileSummary":{"mean":65.12875536480686,"median":65.12875536480686,"max":65.12875536480686,"min":65.12875536480686}}