{"name":"a !","scoreData":{"2020-10-24":{"id":76561198124227840,"name":"a !","score":11400,"level":2,"character":7,"platform":18,"runframes":6835,"runend":1021,"unknown1":1615,"unknown2":4294965387,"rank":3674,"percentile":31.626954579300076}},"tenDayPercentiles":[],"tenDayDecayingPercentileScore":0,"scoresByDay":[],"rankSummary":{"mean":3674,"median":3674,"max":3674,"min":3674},"percentileSummary":{"mean":31.626954579300076,"median":31.626954579300076,"max":31.626954579300076,"min":31.626954579300076}}