{"name":"Aðal_gaurinn","scoreData":{"2020-09-29":{"id":76561198241611280,"name":"Aðal_gaurinn","score":6500,"level":1,"character":0,"platform":18,"runframes":1202,"runend":1022,"unknown1":4294967119,"unknown2":30,"rank":5195,"percentile":7.117310443490695}},"tenDayPercentiles":[],"tenDayDecayingPercentileScore":0,"scoresByDay":[],"rankSummary":{"mean":5195,"median":5195,"max":5195,"min":5195},"percentileSummary":{"mean":7.117310443490695,"median":7.117310443490695,"max":7.117310443490695,"min":7.117310443490695}}