{"name":"A_GOOOBER","scoreData":{"2020-09-22":{"id":2968223070999698400,"name":"A_GOOOBER","score":44300,"level":7,"character":0,"platform":48,"runframes":29551,"runend":1016,"unknown1":808,"unknown2":20,"rank":235,"percentile":90.49553208773355}},"tenDayPercentiles":[],"tenDayDecayingPercentileScore":0,"scoresByDay":[],"rankSummary":{"mean":235,"median":235,"max":235,"min":235},"percentileSummary":{"mean":90.49553208773355,"median":90.49553208773355,"max":90.49553208773355,"min":90.49553208773355}}