{"name":"A_s*ity_pikachu","scoreData":{"2020-10-13":{"id":76561198030141020,"name":"A_s*ity_pikachu","score":17700,"level":3,"character":3,"platform":18,"runframes":13893,"runend":1020,"unknown1":1597,"unknown2":408,"rank":2495,"percentile":57.4765558397272}},"tenDayPercentiles":[],"tenDayDecayingPercentileScore":0,"scoresByDay":[],"rankSummary":{"mean":2495,"median":2495,"max":2495,"min":2495},"percentileSummary":{"mean":57.4765558397272,"median":57.4765558397272,"max":57.4765558397272,"min":57.4765558397272}}