{"name":"aaaah it's laser (scary)","scoreData":{"2020-10-09":{"id":76561198069621550,"name":"aaaah it's laser (scary)","score":74450,"level":15,"character":14,"platform":18,"runframes":91787,"runend":1008,"unknown1":3397,"unknown2":4294966168,"rank":212,"percentile":96.6358418367347}},"tenDayDecayingPercentileMean":null,"rankSummary":{"mean":212,"median":212,"max":212,"min":212},"percentileSummary":{"mean":96.6358418367347,"median":96.6358418367347,"max":96.6358418367347,"min":96.6358418367347}}