{"name":"aaasmitz","scoreData":{"2020-09-16":{"id":7356196509854222000,"name":"aaasmitz","score":7000,"level":2,"character":0,"platform":48,"runframes":3532,"runend":1021,"unknown1":705,"unknown2":1189,"rank":2438,"percentile":21.030460142579386}},"tenDayPercentiles":[],"tenDayDecayingPercentileScore":0,"scoresByDay":[],"rankSummary":{"mean":2438,"median":2438,"max":2438,"min":2438},"percentileSummary":{"mean":21.030460142579386,"median":21.030460142579386,"max":21.030460142579386,"min":21.030460142579386}}