{"name":"Aarneus","scoreData":{"2020-10-03":{"id":76561198292222780,"name":"Aarneus","score":23900,"level":6,"character":0,"platform":18,"runframes":28203,"runend":1017,"unknown1":612,"unknown2":154,"rank":1176,"percentile":85.1228159027602}},"tenDayPercentiles":[],"tenDayDecayingPercentileScore":0,"scoresByDay":[],"rankSummary":{"mean":1176,"median":1176,"max":1176,"min":1176},"percentileSummary":{"mean":85.1228159027602,"median":85.1228159027602,"max":85.1228159027602,"min":85.1228159027602}}