{"name":"aaronpetrache","scoreData":{"2020-10-21":{"id":5873613007546613000,"name":"aaronpetrache","score":8400,"level":3,"character":4,"platform":18,"runframes":20979,"runend":1020,"unknown1":949,"unknown2":444,"rank":3170,"percentile":40.96497764530551}},"tenDayPercentiles":[],"tenDayDecayingPercentileScore":0,"scoresByDay":[],"rankSummary":{"mean":3170,"median":3170,"max":3170,"min":3170},"percentileSummary":{"mean":40.96497764530551,"median":40.96497764530551,"max":40.96497764530551,"min":40.96497764530551}}