{"name":"aaronbane4","scoreData":{"2020-09-30":{"id":76561198000924240,"name":"aaronbane4","score":13400,"level":2,"character":0,"platform":18,"runframes":7635,"runend":1021,"unknown1":4294966302,"unknown2":627,"rank":4721,"percentile":38.89176592439151}},"tenDayPercentiles":[],"tenDayDecayingPercentileScore":0,"scoresByDay":[],"rankSummary":{"mean":4721,"median":4721,"max":4721,"min":4721},"percentileSummary":{"mean":38.89176592439151,"median":38.89176592439151,"max":38.89176592439151,"min":38.89176592439151}}