{"name":"Aaron0Brian","scoreData":{"2020-11-12":{"id":4001647216903802400,"name":"Aaron0Brian","score":13000,"level":2,"character":14,"platform":18,"runframes":8819,"runend":1021,"unknown1":754,"unknown2":259,"rank":2195,"percentile":48.54596622889306}},"tenDayPercentiles":[48.54596622889306],"tenDayDecayingPercentileScore":20.89744663930582,"scoresByDay":[20.89744663930582],"rankSummary":{"mean":2195,"median":2195,"max":2195,"min":2195},"percentileSummary":{"mean":48.54596622889306,"median":48.54596622889306,"max":48.54596622889306,"min":48.54596622889306}}