{"name":"Abba26","scoreData":{"2020-11-20":{"id":76561198399334670,"name":"Abba26","score":22700,"level":3,"character":3,"platform":48,"runframes":20147,"runend":1020,"unknown1":4294966871,"unknown2":4294966633,"rank":2754,"percentile":31.856435643564353}},"tenDayPercentiles":[],"tenDayDecayingPercentileScore":0,"scoresByDay":[],"rankSummary":{"mean":2754,"median":2754,"max":2754,"min":2754},"percentileSummary":{"mean":31.856435643564353,"median":31.856435643564353,"max":31.856435643564353,"min":31.856435643564353}}