{"name":"abc Smurfi Swap Commend","scoreData":{"2020-10-25":{"id":76561198038220340,"name":"abc Smurfi Swap Commend","score":10000,"level":2,"character":7,"platform":18,"runframes":7580,"runend":1021,"unknown1":1787,"unknown2":4294966289,"rank":4402,"percentile":20.70270270270271}},"tenDayPercentiles":[],"tenDayDecayingPercentileScore":0,"scoresByDay":[],"rankSummary":{"mean":4402,"median":4402,"max":4402,"min":4402},"percentileSummary":{"mean":20.70270270270271,"median":20.70270270270271,"max":20.70270270270271,"min":20.70270270270271}}