{"name":"abc Smurfi","scoreData":{"2020-10-16":{"id":9108243269873497000,"name":"abc Smurfi","score":15525,"level":5,"character":7,"platform":18,"runframes":25461,"runend":1018,"unknown1":4294962575,"unknown2":19,"rank":1115,"percentile":80.13197788478688}},"tenDayPercentiles":[],"tenDayDecayingPercentileScore":0,"scoresByDay":[],"rankSummary":{"mean":1115,"median":1115,"max":1115,"min":1115},"percentileSummary":{"mean":80.13197788478688,"median":80.13197788478688,"max":80.13197788478688,"min":80.13197788478688}}