{"name":"Aboo471","scoreData":{"2020-09-16":{"id":621700254274715900,"name":"Aboo471","score":4800,"level":1,"character":3,"platform":48,"runframes":5896,"runend":1022,"unknown1":939,"unknown2":252,"rank":2879,"percentile":6.740116655865208}},"tenDayPercentiles":[],"tenDayDecayingPercentileScore":0,"scoresByDay":[],"rankSummary":{"mean":2879,"median":2879,"max":2879,"min":2879},"percentileSummary":{"mean":6.740116655865208,"median":6.740116655865208,"max":6.740116655865208,"min":6.740116655865208}}