{"name":"aboomer275","scoreData":{"2020-09-18":{"id":7856461935876736000,"name":"aboomer275","score":0,"level":1,"character":3,"platform":48,"runframes":1731,"runend":1022,"unknown1":4294966339,"unknown2":12,"rank":2770,"percentile":0.9656652360515068}},"tenDayPercentiles":[],"tenDayDecayingPercentileScore":0,"scoresByDay":[],"rankSummary":{"mean":2770,"median":2770,"max":2770,"min":2770},"percentileSummary":{"mean":0.9656652360515068,"median":0.9656652360515068,"max":0.9656652360515068,"min":0.9656652360515068}}