{"name":"abraoibraim","scoreData":{"2020-10-18":{"id":76561198073013680,"name":"abraoibraim","score":12075,"level":6,"character":0,"platform":18,"runframes":27342,"runend":1017,"unknown1":4294962666,"unknown2":4294966324,"rank":2153,"percentile":63.69770580296896}},"tenDayPercentiles":[],"tenDayDecayingPercentileScore":0,"scoresByDay":[],"rankSummary":{"mean":2153,"median":2153,"max":2153,"min":2153},"percentileSummary":{"mean":63.69770580296896,"median":63.69770580296896,"max":63.69770580296896,"min":63.69770580296896}}