{"name":"Abraham Linken Sphere","scoreData":{"2020-11-22":{"id":76561197988845010,"name":"Abraham Linken Sphere","score":20600,"level":3,"character":18,"platform":18,"runframes":14995,"runend":1020,"unknown1":4294966823,"unknown2":4294965938,"rank":1691,"percentile":57.73943485871468}},"tenDayPercentiles":[],"tenDayDecayingPercentileScore":0,"scoresByDay":[],"rankSummary":{"mean":1691,"median":1691,"max":1691,"min":1691},"percentileSummary":{"mean":57.73943485871468,"median":57.73943485871468,"max":57.73943485871468,"min":57.73943485871468}}