{"name":"AbsoluteMadLaD","scoreData":{"2020-10-06":{"id":76561198053767680,"name":"AbsoluteMadLaD","score":500,"level":1,"character":3,"platform":18,"runframes":2317,"runend":1022,"unknown1":4294966380,"unknown2":4294965853,"rank":6651,"percentile":2.1339220014716602}},"tenDayPercentiles":[],"tenDayDecayingPercentileScore":0,"scoresByDay":[],"rankSummary":{"mean":6651,"median":6651,"max":6651,"min":6651},"percentileSummary":{"mean":2.1339220014716602,"median":2.1339220014716602,"max":2.1339220014716602,"min":2.1339220014716602}}