{"name":"AbuHafsaa","scoreData":{"2020-10-18":{"id":76561198030141020,"name":"AbuHafsaa","score":40500,"level":4,"character":0,"platform":48,"runframes":29613,"runend":1019,"unknown1":4294965518,"unknown2":4294965518,"rank":3254,"percentile":45.12483130904184}},"tenDayPercentiles":[],"tenDayDecayingPercentileScore":0,"scoresByDay":[],"rankSummary":{"mean":3254,"median":3254,"max":3254,"min":3254},"percentileSummary":{"mean":45.12483130904184,"median":45.12483130904184,"max":45.12483130904184,"min":45.12483130904184}}