{"name":"AcaMex","scoreData":{"2020-10-23":{"id":6076586559796359000,"name":"AcaMex","score":17600,"level":2,"character":0,"platform":48,"runframes":7039,"runend":1021,"unknown1":3949,"unknown2":957,"rank":3737,"percentile":28.442827044627464}},"tenDayPercentiles":[],"tenDayDecayingPercentileScore":0,"scoresByDay":[],"rankSummary":{"mean":3737,"median":3737,"max":3737,"min":3737},"percentileSummary":{"mean":28.442827044627464,"median":28.442827044627464,"max":28.442827044627464,"min":28.442827044627464}}