{"name":"Accr89","scoreData":{"2020-09-23":{"id":5699431584869502000,"name":"Accr89","score":12800,"level":3,"character":0,"platform":48,"runframes":13203,"runend":1020,"unknown1":4294966772,"unknown2":150,"rank":1228,"percentile":49.00249376558603}},"tenDayPercentiles":[],"tenDayDecayingPercentileScore":0,"scoresByDay":[],"rankSummary":{"mean":1228,"median":1228,"max":1228,"min":1228},"percentileSummary":{"mean":49.00249376558603,"median":49.00249376558603,"max":49.00249376558603,"min":49.00249376558603}}