{"name":"Ace1709","scoreData":{"2020-11-20":{"id":76561198045153150,"name":"Ace1709","score":3000,"level":2,"character":4,"platform":18,"runframes":2405,"runend":1021,"unknown1":4294966484,"unknown2":4294965770,"rank":3798,"percentile":6.014851485148526}},"tenDayPercentiles":[],"tenDayDecayingPercentileScore":0,"scoresByDay":[],"rankSummary":{"mean":3798,"median":3798,"max":3798,"min":3798},"percentileSummary":{"mean":6.014851485148526,"median":6.014851485148526,"max":6.014851485148526,"min":6.014851485148526}}