{"name":"acemann44","scoreData":{"2020-11-11":{"id":76561198322416350,"name":"acemann44","score":8700,"level":2,"character":0,"platform":48,"runframes":5378,"runend":1021,"unknown1":239,"unknown2":560,"rank":3919,"percentile":11.915467625899282}},"tenDayPercentiles":[],"tenDayDecayingPercentileScore":0,"scoresByDay":[],"rankSummary":{"mean":3919,"median":3919,"max":3919,"min":3919},"percentileSummary":{"mean":11.915467625899282,"median":11.915467625899282,"max":11.915467625899282,"min":11.915467625899282}}