{"name":"Achievement Unlocker","scoreData":{"2020-11-08":{"id":76561198095006180,"name":"Achievement Unlocker","score":3100,"level":1,"character":7,"platform":18,"runframes":2222,"runend":1022,"unknown1":4294964192,"unknown2":4294964120,"rank":3884,"percentile":17.645811240721102}},"tenDayPercentiles":[],"tenDayDecayingPercentileScore":0,"scoresByDay":[],"rankSummary":{"mean":3884,"median":3884,"max":3884,"min":3884},"percentileSummary":{"mean":17.645811240721102,"median":17.645811240721102,"max":17.645811240721102,"min":17.645811240721102}}