{"name":"Achilles186545","scoreData":{"2020-10-22":{"id":2905457827468987000,"name":"Achilles186545","score":3200,"level":2,"character":3,"platform":48,"runframes":1805,"runend":1021,"unknown1":4294967077,"unknown2":2589,"rank":4750,"percentile":10.514414923685706}},"tenDayPercentiles":[],"tenDayDecayingPercentileScore":0,"scoresByDay":[],"rankSummary":{"mean":4750,"median":4750,"max":4750,"min":4750},"percentileSummary":{"mean":10.514414923685706,"median":10.514414923685706,"max":10.514414923685706,"min":10.514414923685706}}