{"name":"Action_Trash","scoreData":{"2020-09-16":{"id":9013345321674855000,"name":"Action_Trash","score":2800,"level":4,"character":0,"platform":48,"runframes":16249,"runend":1019,"unknown1":1734,"unknown2":374,"rank":811,"percentile":73.75243033052496}},"tenDayPercentiles":[],"tenDayDecayingPercentileScore":0,"scoresByDay":[],"rankSummary":{"mean":811,"median":811,"max":811,"min":811},"percentileSummary":{"mean":73.75243033052496,"median":73.75243033052496,"max":73.75243033052496,"min":73.75243033052496}}