{"name":"actually_scoop","scoreData":{"2020-11-09":{"id":7741528859695403000,"name":"actually_scoop","score":1000,"level":1,"character":0,"platform":48,"runframes":558,"runend":1022,"unknown1":1961,"unknown2":23,"rank":4272,"percentile":2.108640843456328}},"tenDayPercentiles":[2.108640843456328],"tenDayDecayingPercentileScore":0.735237600027501,"scoresByDay":[0.735237600027501],"rankSummary":{"mean":4272,"median":4272,"max":4272,"min":4272},"percentileSummary":{"mean":2.108640843456328,"median":2.108640843456328,"max":2.108640843456328,"min":2.108640843456328}}