{"name":"adamabv","scoreData":{"2020-10-08":{"id":76561198069134020,"name":"adamabv","score":11800,"level":3,"character":7,"platform":18,"runframes":9279,"runend":1020,"unknown1":4294966647,"unknown2":4294964941,"rank":3931,"percentile":38.0028395646001}},"tenDayPercentiles":[],"tenDayDecayingPercentileScore":0,"scoresByDay":[],"rankSummary":{"mean":3931,"median":3931,"max":3931,"min":3931},"percentileSummary":{"mean":38.0028395646001,"median":38.0028395646001,"max":38.0028395646001,"min":38.0028395646001}}