{"name":"adam9229","scoreData":{"2020-10-07":{"id":76561198396228640,"name":"adam9229","score":3000,"level":1,"character":0,"platform":48,"runframes":1944,"runend":1022,"unknown1":4294965702,"unknown2":178,"rank":6200,"percentile":4.981606376456156}},"tenDayPercentiles":[],"tenDayDecayingPercentileScore":0,"scoresByDay":[],"rankSummary":{"mean":6200,"median":6200,"max":6200,"min":6200},"percentileSummary":{"mean":4.981606376456156,"median":4.981606376456156,"max":4.981606376456156,"min":4.981606376456156}}