{"name":"Adam-One","scoreData":{"2020-10-07":{"id":76561197964307620,"name":"Adam-One","score":3100,"level":1,"character":5,"platform":18,"runframes":2513,"runend":1022,"unknown1":4294966453,"unknown2":114,"rank":6041,"percentile":7.41876149601471}},"tenDayPercentiles":[],"tenDayDecayingPercentileScore":0,"scoresByDay":[],"rankSummary":{"mean":6041,"median":6041,"max":6041,"min":6041},"percentileSummary":{"mean":7.41876149601471,"median":7.41876149601471,"max":7.41876149601471,"min":7.41876149601471}}