{"name":"Adamz0r","scoreData":{"2020-10-17":{"id":76561198042536220,"name":"Adamz0r","score":7400,"level":1,"character":2,"platform":18,"runframes":7036,"runend":1022,"unknown1":1920,"unknown2":13,"rank":5250,"percentile":10.242818057455537}},"tenDayPercentiles":[],"tenDayDecayingPercentileScore":0,"scoresByDay":[],"rankSummary":{"mean":5250,"median":5250,"max":5250,"min":5250},"percentileSummary":{"mean":10.242818057455537,"median":10.242818057455537,"max":10.242818057455537,"min":10.242818057455537}}