{"name":"AdamNashFM","scoreData":{"2020-10-01":{"id":76561198071143120,"name":"AdamNashFM","score":13775,"level":5,"character":5,"platform":48,"runframes":19645,"runend":1018,"unknown1":378,"unknown2":4294966981,"rank":2197,"percentile":71.45827917858071}},"tenDayPercentiles":[],"tenDayDecayingPercentileScore":0,"scoresByDay":[],"rankSummary":{"mean":2197,"median":2197,"max":2197,"min":2197},"percentileSummary":{"mean":71.45827917858071,"median":71.45827917858071,"max":71.45827917858071,"min":71.45827917858071}}