{"name":"Adampalooza85","scoreData":{"2020-09-18":{"id":6509367748028819000,"name":"Adampalooza85","score":3300,"level":2,"character":4,"platform":48,"runframes":9312,"runend":1021,"unknown1":1511,"unknown2":262,"rank":2267,"percentile":18.95565092989986}},"tenDayPercentiles":[],"tenDayDecayingPercentileScore":0,"scoresByDay":[],"rankSummary":{"mean":2267,"median":2267,"max":2267,"min":2267},"percentileSummary":{"mean":18.95565092989986,"median":18.95565092989986,"max":18.95565092989986,"min":18.95565092989986}}