{"name":"adamhamoud8","scoreData":{"2020-09-26":{"id":7381467218702753000,"name":"adamhamoud8","score":4300,"level":2,"character":3,"platform":48,"runframes":6389,"runend":1021,"unknown1":2182,"unknown2":1747,"rank":2139,"percentile":17.61078998073218}},"tenDayPercentiles":[],"tenDayDecayingPercentileScore":0,"scoresByDay":[],"rankSummary":{"mean":2139,"median":2139,"max":2139,"min":2139},"percentileSummary":{"mean":17.61078998073218,"median":17.61078998073218,"max":17.61078998073218,"min":17.61078998073218}}