{"name":"adancto","scoreData":{"2020-10-07":{"id":76561198010535300,"name":"adancto","score":5900,"level":1,"character":7,"platform":48,"runframes":2576,"runend":1022,"unknown1":2331,"unknown2":1332,"rank":5609,"percentile":14.04046597179645}},"tenDayPercentiles":[],"tenDayDecayingPercentileScore":0,"scoresByDay":[],"rankSummary":{"mean":5609,"median":5609,"max":5609,"min":5609},"percentileSummary":{"mean":14.04046597179645,"median":14.04046597179645,"max":14.04046597179645,"min":14.04046597179645}}