{"name":"aditya.aman777","scoreData":{"2020-11-13":{"id":76561197994780820,"name":"aditya.aman777","score":6600,"level":3,"character":0,"platform":18,"runframes":8569,"runend":1020,"unknown1":2028,"unknown2":4294966258,"rank":3240,"percentile":22.88095238095238}},"tenDayPercentiles":[22.88095238095238],"tenDayDecayingPercentileScore":10.943888592857144,"scoresByDay":[10.943888592857144],"rankSummary":{"mean":3240,"median":3240,"max":3240,"min":3240},"percentileSummary":{"mean":22.88095238095238,"median":22.88095238095238,"max":22.88095238095238,"min":22.88095238095238}}