{"name":"adog_8a","scoreData":{"2020-10-20":{"id":4479116771001206000,"name":"adog_8a","score":15900,"level":2,"character":0,"platform":48,"runframes":12806,"runend":1021,"unknown1":4294963739,"unknown2":4294962300,"rank":4678,"percentile":13.388888888888886}},"tenDayPercentiles":[],"tenDayDecayingPercentileScore":0,"scoresByDay":[],"rankSummary":{"mean":4678,"median":4678,"max":4678,"min":4678},"percentileSummary":{"mean":13.388888888888886,"median":13.388888888888886,"max":13.388888888888886,"min":13.388888888888886}}