{"name":"A$AP Dank","scoreData":{"2020-11-04":{"id":76561198035575780,"name":"A$AP Dank","score":11200,"level":3,"character":2,"platform":18,"runframes":13018,"runend":1020,"unknown1":4294966942,"unknown2":2248,"rank":3000,"percentile":33.19224771664068}},"tenDayDecayingPercentileMean":null,"rankSummary":{"mean":3000,"median":3000,"max":3000,"min":3000},"percentileSummary":{"mean":33.19224771664068,"median":33.19224771664068,"max":33.19224771664068,"min":33.19224771664068}}