{"name":"Adonis_Phyrious","scoreData":{"2020-10-04":{"id":76561198390802320,"name":"Adonis_Phyrious","score":12500,"level":3,"character":0,"platform":48,"runframes":10094,"runend":1020,"unknown1":4294966824,"unknown2":4294966220,"rank":4185,"percentile":44.3024494142705}},"tenDayPercentiles":[],"tenDayDecayingPercentileScore":0,"scoresByDay":[],"rankSummary":{"mean":4185,"median":4185,"max":4185,"min":4185},"percentileSummary":{"mean":44.3024494142705,"median":44.3024494142705,"max":44.3024494142705,"min":44.3024494142705}}