{"name":"adriel-batman","scoreData":{"2020-09-22":{"id":8469610211649629000,"name":"adriel-batman","score":700,"level":1,"character":0,"platform":48,"runframes":2988,"runend":1022,"unknown1":135,"unknown2":9,"rank":1951,"percentile":20.796100731112915}},"tenDayPercentiles":[],"tenDayDecayingPercentileScore":0,"scoresByDay":[],"rankSummary":{"mean":1951,"median":1951,"max":1951,"min":1951},"percentileSummary":{"mean":20.796100731112915,"median":20.796100731112915,"max":20.796100731112915,"min":20.796100731112915}}