{"name":"AdyShaman","scoreData":{"2020-09-29":{"id":4826506867813851000,"name":"AdyShaman","score":3000,"level":1,"character":2,"platform":18,"runframes":942,"runend":1022,"unknown1":4294964945,"unknown2":143,"rank":5450,"percentile":2.5572246065808315}},"tenDayPercentiles":[],"tenDayDecayingPercentileScore":0,"scoresByDay":[],"rankSummary":{"mean":5450,"median":5450,"max":5450,"min":5450},"percentileSummary":{"mean":2.5572246065808315,"median":2.5572246065808315,"max":2.5572246065808315,"min":2.5572246065808315}}