{"name":"Aeka","scoreData":{"2020-11-03":{"id":76561197975521760,"name":"Aeka","score":33625,"level":8,"character":5,"platform":18,"runframes":30235,"runend":1015,"unknown1":4294965794,"unknown2":4294966711,"rank":1119,"percentile":75.14450867052022}},"tenDayPercentiles":[],"tenDayDecayingPercentileScore":0,"scoresByDay":[],"rankSummary":{"mean":1119,"median":1119,"max":1119,"min":1119},"percentileSummary":{"mean":75.14450867052022,"median":75.14450867052022,"max":75.14450867052022,"min":75.14450867052022}}