{"name":"AeroTipz","scoreData":{"2020-09-22":{"id":4873597608171877000,"name":"AeroTipz","score":99000,"level":12,"character":13,"platform":48,"runframes":73938,"runend":1011,"unknown1":1465,"unknown2":4294966447,"rank":37,"percentile":98.53777416734363}},"tenDayPercentiles":[],"tenDayDecayingPercentileScore":0,"scoresByDay":[],"rankSummary":{"mean":37,"median":37,"max":37,"min":37},"percentileSummary":{"mean":98.53777416734363,"median":98.53777416734363,"max":98.53777416734363,"min":98.53777416734363}}