{"name":"Aerumvorax","scoreData":{"2020-10-14":{"id":2687101702744243000,"name":"Aerumvorax","score":52125,"level":7,"character":9,"platform":18,"runframes":46080,"runend":1016,"unknown1":2954,"unknown2":4294965243,"rank":634,"percentile":88.55748373101952}},"tenDayPercentiles":[],"tenDayDecayingPercentileScore":0,"scoresByDay":[],"rankSummary":{"mean":634,"median":634,"max":634,"min":634},"percentileSummary":{"mean":88.55748373101952,"median":88.55748373101952,"max":88.55748373101952,"min":88.55748373101952}}