{"name":"Aestheticus","scoreData":{"2020-09-30":{"id":76561198452101420,"name":"Aestheticus","score":8400,"level":1,"character":0,"platform":18,"runframes":4367,"runend":1022,"unknown1":4294967114,"unknown2":1373,"rank":6381,"percentile":17.40031071983428}},"tenDayPercentiles":[],"tenDayDecayingPercentileScore":0,"scoresByDay":[],"rankSummary":{"mean":6381,"median":6381,"max":6381,"min":6381},"percentileSummary":{"mean":17.40031071983428,"median":17.40031071983428,"max":17.40031071983428,"min":17.40031071983428}}