{"name":"aexpert","scoreData":{"2020-09-26":{"id":6749346211683926000,"name":"aexpert","score":5400,"level":3,"character":7,"platform":48,"runframes":9368,"runend":1020,"unknown1":4294967053,"unknown2":728,"rank":1782,"percentile":31.36801541425818}},"tenDayPercentiles":[],"tenDayDecayingPercentileScore":0,"scoresByDay":[],"rankSummary":{"mean":1782,"median":1782,"max":1782,"min":1782},"percentileSummary":{"mean":31.36801541425818,"median":31.36801541425818,"max":31.36801541425818,"min":31.36801541425818}}