{"name":"Afam1006","scoreData":{"2020-11-14":{"id":76561198028167200,"name":"Afam1006","score":0,"level":1,"character":5,"platform":48,"runframes":747,"runend":1022,"unknown1":1328,"unknown2":77,"rank":4244,"percentile":1.668597914252615}},"tenDayPercentiles":[1.668597914252615],"tenDayDecayingPercentileScore":0.7980852097334917,"scoresByDay":[0.7980852097334917],"rankSummary":{"mean":4244,"median":4244,"max":4244,"min":4244},"percentileSummary":{"mean":1.668597914252615,"median":1.668597914252615,"max":1.668597914252615,"min":1.668597914252615}}