{"name":"Afrostypolarbear394","scoreData":{"2020-10-03":{"id":76561197993281800,"name":"Afrostypolarbear394","score":33300,"level":5,"character":2,"platform":18,"runframes":23922,"runend":1018,"unknown1":6907,"unknown2":1569,"rank":1415,"percentile":82.09673335021525}},"tenDayPercentiles":[],"tenDayDecayingPercentileScore":0,"scoresByDay":[],"rankSummary":{"mean":1415,"median":1415,"max":1415,"min":1415},"percentileSummary":{"mean":82.09673335021525,"median":82.09673335021525,"max":82.09673335021525,"min":82.09673335021525}}