{"name":"agave","scoreData":{"2020-10-27":{"id":76561198413569120,"name":"agave","score":246725,"level":18,"character":14,"platform":18,"runframes":135062,"runend":749,"unknown1":175,"unknown2":4294967293,"rank":57,"percentile":98.87482419127988}},"tenDayPercentiles":[],"tenDayDecayingPercentileScore":0,"scoresByDay":[],"rankSummary":{"mean":57,"median":57,"max":57,"min":57},"percentileSummary":{"mean":98.87482419127988,"median":98.87482419127988,"max":98.87482419127988,"min":98.87482419127988}}