{"name":"agentteddybear2","scoreData":{"2020-10-27":{"id":7730718717041893000,"name":"agentteddybear2","score":3600,"level":2,"character":3,"platform":18,"runframes":2750,"runend":1021,"unknown1":451,"unknown2":160,"rank":4525,"percentile":9.101868595539486}},"tenDayPercentiles":[],"tenDayDecayingPercentileScore":0,"scoresByDay":[],"rankSummary":{"mean":4525,"median":4525,"max":4525,"min":4525},"percentileSummary":{"mean":9.101868595539486,"median":9.101868595539486,"max":9.101868595539486,"min":9.101868595539486}}