{"name":"Agent Cooper","scoreData":{"2020-10-07":{"id":76561198084382640,"name":"Agent Cooper","score":4200,"level":2,"character":7,"platform":18,"runframes":4451,"runend":1021,"unknown1":3697,"unknown2":536,"rank":4559,"percentile":30.13488657265482}},"tenDayPercentiles":[],"tenDayDecayingPercentileScore":0,"scoresByDay":[],"rankSummary":{"mean":4559,"median":4559,"max":4559,"min":4559},"percentileSummary":{"mean":30.13488657265482,"median":30.13488657265482,"max":30.13488657265482,"min":30.13488657265482}}