{"name":"Agent Banan","scoreData":{"2020-11-14":{"id":76561198064649250,"name":"Agent Banan","score":7700,"level":2,"character":0,"platform":18,"runframes":8761,"runend":1021,"unknown1":4294967220,"unknown2":122,"rank":3041,"percentile":29.548088064889924}},"tenDayDecayingPercentileMean":null,"rankSummary":{"mean":3041,"median":3041,"max":3041,"min":3041},"percentileSummary":{"mean":29.548088064889924,"median":29.548088064889924,"max":29.548088064889924,"min":29.548088064889924}}