{"name":"ager","scoreData":{"2020-10-03":{"id":76561197962497460,"name":"ager","score":8200,"level":2,"character":0,"platform":18,"runframes":12184,"runend":1021,"unknown1":3115,"unknown2":584,"rank":5514,"percentile":30.197518359078245}},"tenDayPercentiles":[],"tenDayDecayingPercentileScore":0,"scoresByDay":[],"rankSummary":{"mean":5514,"median":5514,"max":5514,"min":5514},"percentileSummary":{"mean":30.197518359078245,"median":30.197518359078245,"max":30.197518359078245,"min":30.197518359078245}}