{"name":"AGGA[#TentaCult]","scoreData":{"2020-10-22":{"id":76561198305923980,"name":"AGGA[#TentaCult]","score":15000,"level":3,"character":0,"platform":18,"runframes":4793,"runend":1020,"unknown1":2313,"unknown2":3921,"rank":3655,"percentile":31.14754098360656}},"tenDayPercentiles":[],"tenDayDecayingPercentileScore":0,"scoresByDay":[],"rankSummary":{"mean":3655,"median":3655,"max":3655,"min":3655},"percentileSummary":{"mean":31.14754098360656,"median":31.14754098360656,"max":31.14754098360656,"min":31.14754098360656}}