{"name":"Agurken bob","scoreData":{"2020-09-29":{"id":76561198148854080,"name":"Agurken bob","score":3000,"level":1,"character":3,"platform":18,"runframes":1574,"runend":1022,"unknown1":2401,"unknown2":3597,"rank":5483,"percentile":1.9670958512160297}},"tenDayPercentiles":[],"tenDayDecayingPercentileScore":0,"scoresByDay":[],"rankSummary":{"mean":5483,"median":5483,"max":5483,"min":5483},"percentileSummary":{"mean":1.9670958512160297,"median":1.9670958512160297,"max":1.9670958512160297,"min":1.9670958512160297}}