{"name":"aidan8204","scoreData":{"2020-10-06":{"id":76561198035417140,"name":"aidan8204","score":500,"level":2,"character":19,"platform":18,"runframes":2060,"runend":1021,"unknown1":1827,"unknown2":682,"rank":6065,"percentile":10.757910228108898}},"tenDayPercentiles":[],"tenDayDecayingPercentileScore":0,"scoresByDay":[],"rankSummary":{"mean":6065,"median":6065,"max":6065,"min":6065},"percentileSummary":{"mean":10.757910228108898,"median":10.757910228108898,"max":10.757910228108898,"min":10.757910228108898}}