{"name":"Aidan xD :D :3","scoreData":{"2020-09-29":{"id":76561198092700180,"name":"Aidan xD :D :3","score":31275,"level":5,"character":3,"platform":18,"runframes":18195,"runend":1018,"unknown1":4294967097,"unknown2":4294965074,"rank":1294,"percentile":76.87768240343348}},"tenDayDecayingPercentileMean":null,"rankSummary":{"mean":1294,"median":1294,"max":1294,"min":1294},"percentileSummary":{"mean":76.87768240343348,"median":76.87768240343348,"max":76.87768240343348,"min":76.87768240343348}}