{"name":"Aidanoom","scoreData":{"2020-11-05":{"id":76561198118979090,"name":"Aidanoom","score":66975,"level":6,"character":18,"platform":18,"runframes":51480,"runend":1017,"unknown1":415,"unknown2":11,"rank":1167,"percentile":74.07736771898621}},"tenDayPercentiles":[],"tenDayDecayingPercentileScore":0,"scoresByDay":[],"rankSummary":{"mean":1167,"median":1167,"max":1167,"min":1167},"percentileSummary":{"mean":74.07736771898621,"median":74.07736771898621,"max":74.07736771898621,"min":74.07736771898621}}