{"name":"AidBun","scoreData":{"2020-10-14":{"id":76561197962054180,"name":"AidBun","score":0,"level":1,"character":7,"platform":18,"runframes":1131,"runend":1022,"unknown1":149,"unknown2":4,"rank":5521,"percentile":0.2169197396963085}},"tenDayPercentiles":[],"tenDayDecayingPercentileScore":0,"scoresByDay":[],"rankSummary":{"mean":5521,"median":5521,"max":5521,"min":5521},"percentileSummary":{"mean":0.2169197396963085,"median":0.2169197396963085,"max":0.2169197396963085,"min":0.2169197396963085}}