{"name":"aiden49441","scoreData":{"2020-09-19":{"id":1689550507042388200,"name":"aiden49441","score":9000,"level":2,"character":7,"platform":48,"runframes":4841,"runend":1021,"unknown1":4294966183,"unknown2":4294967193,"rank":1497,"percentile":50.06675567423231}},"tenDayPercentiles":[],"tenDayDecayingPercentileScore":0,"scoresByDay":[],"rankSummary":{"mean":1497,"median":1497,"max":1497,"min":1497},"percentileSummary":{"mean":50.06675567423231,"median":50.06675567423231,"max":50.06675567423231,"min":50.06675567423231}}