{"name":"Aidikei","scoreData":{"2020-09-26":{"id":2133114678743375000,"name":"Aidikei","score":22800,"level":3,"character":2,"platform":48,"runframes":18371,"runend":1020,"unknown1":1635,"unknown2":464,"rank":1254,"percentile":51.714836223506744}},"tenDayPercentiles":[],"tenDayDecayingPercentileScore":0,"scoresByDay":[],"rankSummary":{"mean":1254,"median":1254,"max":1254,"min":1254},"percentileSummary":{"mean":51.714836223506744,"median":51.714836223506744,"max":51.714836223506744,"min":51.714836223506744}}