{"name":"aiko_tsunakawa","scoreData":{"2020-09-30":{"id":76561198105457100,"name":"aiko_tsunakawa","score":3000,"level":3,"character":7,"platform":48,"runframes":6263,"runend":1020,"unknown1":4294965855,"unknown2":4294960855,"rank":3910,"percentile":49.39150699119628}},"tenDayPercentiles":[],"tenDayDecayingPercentileScore":0,"scoresByDay":[],"rankSummary":{"mean":3910,"median":3910,"max":3910,"min":3910},"percentileSummary":{"mean":49.39150699119628,"median":49.39150699119628,"max":49.39150699119628,"min":49.39150699119628}}