{"name":"aime","scoreData":{"2020-09-30":{"id":76561198081552690,"name":"aime","score":5300,"level":3,"character":2,"platform":18,"runframes":15620,"runend":1020,"unknown1":4294966719,"unknown2":4294963655,"rank":3688,"percentile":52.26566545831176}},"tenDayPercentiles":[],"tenDayDecayingPercentileScore":0,"scoresByDay":[],"rankSummary":{"mean":3688,"median":3688,"max":3688,"min":3688},"percentileSummary":{"mean":52.26566545831176,"median":52.26566545831176,"max":52.26566545831176,"min":52.26566545831176}}