{"name":"aircolm","scoreData":{"2020-10-02":{"id":76561198040913020,"name":"aircolm","score":7600,"level":2,"character":10,"platform":18,"runframes":6568,"runend":1021,"unknown1":4294964779,"unknown2":22,"rank":5150,"percentile":31.00629773549511}},"tenDayPercentiles":[],"tenDayDecayingPercentileScore":0,"scoresByDay":[],"rankSummary":{"mean":5150,"median":5150,"max":5150,"min":5150},"percentileSummary":{"mean":31.00629773549511,"median":31.00629773549511,"max":31.00629773549511,"min":31.00629773549511}}