{"name":"Ak-47money","scoreData":{"2020-10-14":{"id":76561198056284800,"name":"Ak-47money","score":9000,"level":2,"character":0,"platform":48,"runframes":8137,"runend":1021,"unknown1":2909,"unknown2":106,"rank":3573,"percentile":35.43022415039768}},"tenDayPercentiles":[],"tenDayDecayingPercentileScore":0,"scoresByDay":[],"rankSummary":{"mean":3573,"median":3573,"max":3573,"min":3573},"percentileSummary":{"mean":35.43022415039768,"median":35.43022415039768,"max":35.43022415039768,"min":35.43022415039768}}