{"name":"AKidOnHisCoUcH","scoreData":{"2020-10-02":{"id":76561197993405820,"name":"AKidOnHisCoUcH","score":26800,"level":5,"character":4,"platform":48,"runframes":18380,"runend":1018,"unknown1":4294964961,"unknown2":109,"rank":1126,"percentile":84.92563312340882}},"tenDayPercentiles":[],"tenDayDecayingPercentileScore":0,"scoresByDay":[],"rankSummary":{"mean":1126,"median":1126,"max":1126,"min":1126},"percentileSummary":{"mean":84.92563312340882,"median":84.92563312340882,"max":84.92563312340882,"min":84.92563312340882}}