{"name":"Aksi_00","scoreData":{"2020-09-15":{"id":580252933233638800,"name":"Aksi_00","score":0,"level":1,"character":0,"platform":48,"runframes":1257,"runend":1022,"unknown1":1373,"unknown2":415,"rank":1780,"percentile":2.0374449339207104}},"tenDayPercentiles":[],"tenDayDecayingPercentileScore":0,"scoresByDay":[],"rankSummary":{"mean":1780,"median":1780,"max":1780,"min":1780},"percentileSummary":{"mean":2.0374449339207104,"median":2.0374449339207104,"max":2.0374449339207104,"min":2.0374449339207104}}