{"name":"Al_an","scoreData":{"2020-10-04":{"id":76561198067884080,"name":"Al_an","score":500,"level":2,"character":2,"platform":18,"runframes":2166,"runend":1021,"unknown1":2915,"unknown2":1228,"rank":6702,"percentile":10.796059637912663}},"tenDayPercentiles":[],"tenDayDecayingPercentileScore":0,"scoresByDay":[],"rankSummary":{"mean":6702,"median":6702,"max":6702,"min":6702},"percentileSummary":{"mean":10.796059637912663,"median":10.796059637912663,"max":10.796059637912663,"min":10.796059637912663}}