{"name":"Alawiak","scoreData":{"2020-09-26":{"id":2425516033841731000,"name":"Alawiak","score":14700,"level":3,"character":2,"platform":48,"runframes":16285,"runend":1020,"unknown1":4294965454,"unknown2":4294966772,"rank":1529,"percentile":41.11753371868979}},"tenDayPercentiles":[],"tenDayDecayingPercentileScore":0,"scoresByDay":[],"rankSummary":{"mean":1529,"median":1529,"max":1529,"min":1529},"percentileSummary":{"mean":41.11753371868979,"median":41.11753371868979,"max":41.11753371868979,"min":41.11753371868979}}