{"name":"albörte","scoreData":{"2020-09-29":{"id":76561198089927360,"name":"albörte","score":8000,"level":1,"character":3,"platform":18,"runframes":2158,"runend":1022,"unknown1":4294964564,"unknown2":122,"rank":5005,"percentile":10.51502145922747}},"tenDayPercentiles":[],"tenDayDecayingPercentileScore":0,"scoresByDay":[],"rankSummary":{"mean":5005,"median":5005,"max":5005,"min":5005},"percentileSummary":{"mean":10.51502145922747,"median":10.51502145922747,"max":10.51502145922747,"min":10.51502145922747}}