{"name":"Albizard","scoreData":{"2020-11-12":{"id":115829660638116850,"name":"Albizard","score":139250,"level":18,"character":11,"platform":18,"runframes":158517,"runend":1005,"unknown1":4294966034,"unknown2":4294964640,"rank":52,"percentile":98.80393996247655}},"tenDayPercentiles":[98.80393996247655],"tenDayDecayingPercentileScore":38.27867073538931,"scoresByDay":[38.27867073538931],"rankSummary":{"mean":52,"median":52,"max":52,"min":52},"percentileSummary":{"mean":98.80393996247655,"median":98.80393996247655,"max":98.80393996247655,"min":98.80393996247655}}