{"name":"Albino","scoreData":{"2020-10-02":{"id":76561198045314020,"name":"Albino","score":58250,"level":14,"character":7,"platform":18,"runframes":30724,"runend":1009,"unknown1":4294965512,"unknown2":711,"rank":67,"percentile":99.11563714323998}},"tenDayPercentiles":[],"tenDayDecayingPercentileScore":0,"scoresByDay":[],"rankSummary":{"mean":67,"median":67,"max":67,"min":67},"percentileSummary":{"mean":99.11563714323998,"median":99.11563714323998,"max":99.11563714323998,"min":99.11563714323998}}