{"name":"alcyst","scoreData":{"2020-10-15":{"id":76561198045443620,"name":"alcyst","score":27050,"level":6,"character":15,"platform":48,"runframes":30898,"runend":1017,"unknown1":1370,"unknown2":4294964533,"rank":1421,"percentile":75.33437554281744}},"tenDayPercentiles":[],"tenDayDecayingPercentileScore":0,"scoresByDay":[],"rankSummary":{"mean":1421,"median":1421,"max":1421,"min":1421},"percentileSummary":{"mean":75.33437554281744,"median":75.33437554281744,"max":75.33437554281744,"min":75.33437554281744}}