{"name":"Aldak","scoreData":{"2020-11-13":{"id":76561199045847000,"name":"Aldak","score":4000,"level":1,"character":2,"platform":18,"runframes":3017,"runend":1022,"unknown1":869,"unknown2":1929,"rank":3990,"percentile":5.023809523809518}},"tenDayPercentiles":[5.023809523809518],"tenDayDecayingPercentileScore":1.9463267423571413,"scoresByDay":[1.9463267423571413],"rankSummary":{"mean":3990,"median":3990,"max":3990,"min":3990},"percentileSummary":{"mean":5.023809523809518,"median":5.023809523809518,"max":5.023809523809518,"min":5.023809523809518}}