{"name":"Aleq","scoreData":{"2020-09-29":{"id":76561198161061090,"name":"Aleq","score":7100,"level":3,"character":0,"platform":18,"runframes":4307,"runend":1020,"unknown1":4294963988,"unknown2":4294965793,"rank":3269,"percentile":41.55937052932761}},"tenDayPercentiles":[],"tenDayDecayingPercentileScore":0,"scoresByDay":[],"rankSummary":{"mean":3269,"median":3269,"max":3269,"min":3269},"percentileSummary":{"mean":41.55937052932761,"median":41.55937052932761,"max":41.55937052932761,"min":41.55937052932761}}