{"name":"aleto","scoreData":{"2020-11-15":{"id":3435579170686172000,"name":"aleto","score":19000,"level":3,"character":9,"platform":18,"runframes":9945,"runend":1020,"unknown1":466,"unknown2":4294963548,"rank":1792,"percentile":58.37787590053451}},"tenDayPercentiles":[58.37787590053451],"tenDayDecayingPercentileScore":31.024396746455963,"scoresByDay":[31.024396746455963],"rankSummary":{"mean":1792,"median":1792,"max":1792,"min":1792},"percentileSummary":{"mean":58.37787590053451,"median":58.37787590053451,"max":58.37787590053451,"min":58.37787590053451}}