{"name":"AlexParkJi13","scoreData":{"2020-09-15":{"id":8495154761117338000,"name":"AlexParkJi13","score":36950,"level":6,"character":0,"platform":48,"runframes":39982,"runend":1017,"unknown1":390,"unknown2":4294967031,"rank":114,"percentile":93.77753303964758}},"tenDayPercentiles":[],"tenDayDecayingPercentileScore":0,"scoresByDay":[],"rankSummary":{"mean":114,"median":114,"max":114,"min":114},"percentileSummary":{"mean":93.77753303964758,"median":93.77753303964758,"max":93.77753303964758,"min":93.77753303964758}}