{"name":"alexnou789010101","scoreData":{"2020-09-19":{"id":2482781182297165000,"name":"alexnou789010101","score":2300,"level":1,"character":3,"platform":48,"runframes":1195,"runend":1022,"unknown1":4294966301,"unknown2":206,"rank":2788,"percentile":6.975967957276367}},"tenDayPercentiles":[],"tenDayDecayingPercentileScore":0,"scoresByDay":[],"rankSummary":{"mean":2788,"median":2788,"max":2788,"min":2788},"percentileSummary":{"mean":6.975967957276367,"median":6.975967957276367,"max":6.975967957276367,"min":6.975967957276367}}