{"name":"AlexeiMelnikov","scoreData":{"2020-09-26":{"id":9128797076856676000,"name":"AlexeiMelnikov","score":8100,"level":2,"character":0,"platform":48,"runframes":3427,"runend":1021,"unknown1":4294966495,"unknown2":4294965536,"rank":2066,"percentile":20.423892100192674}},"tenDayPercentiles":[],"tenDayDecayingPercentileScore":0,"scoresByDay":[],"rankSummary":{"mean":2066,"median":2066,"max":2066,"min":2066},"percentileSummary":{"mean":20.423892100192674,"median":20.423892100192674,"max":20.423892100192674,"min":20.423892100192674}}