{"name":"AlexIncorp","scoreData":{"2020-09-20":{"id":6584832937615985000,"name":"AlexIncorp","score":4100,"level":1,"character":3,"platform":48,"runframes":1640,"runend":1022,"unknown1":716,"unknown2":750,"rank":2774,"percentile":6.758574310692666}},"tenDayPercentiles":[],"tenDayDecayingPercentileScore":0,"scoresByDay":[],"rankSummary":{"mean":2774,"median":2774,"max":2774,"min":2774},"percentileSummary":{"mean":6.758574310692666,"median":6.758574310692666,"max":6.758574310692666,"min":6.758574310692666}}