{"name":"AlexsWorldTour","scoreData":{"2020-09-30":{"id":76561198138548220,"name":"AlexsWorldTour","score":1200,"level":2,"character":0,"platform":18,"runframes":2287,"runend":1021,"unknown1":4294966046,"unknown2":4400,"rank":5820,"percentile":24.663386846193674}},"tenDayPercentiles":[],"tenDayDecayingPercentileScore":0,"scoresByDay":[],"rankSummary":{"mean":5820,"median":5820,"max":5820,"min":5820},"percentileSummary":{"mean":24.663386846193674,"median":24.663386846193674,"max":24.663386846193674,"min":24.663386846193674}}