{"name":"AlfaFuentes","scoreData":{"2020-11-21":{"id":7849134515794899000,"name":"AlfaFuentes","score":1500,"level":2,"character":15,"platform":18,"runframes":2348,"runend":1021,"unknown1":260,"unknown2":1471,"rank":3657,"percentile":11.924837388581068}},"tenDayPercentiles":[],"tenDayDecayingPercentileScore":0,"scoresByDay":[],"rankSummary":{"mean":3657,"median":3657,"max":3657,"min":3657},"percentileSummary":{"mean":11.924837388581068,"median":11.924837388581068,"max":11.924837388581068,"min":11.924837388581068}}