{"name":"alfiesmith2007","scoreData":{"2020-10-24":{"id":76561197960272850,"name":"alfiesmith2007","score":2000,"level":2,"character":0,"platform":48,"runframes":3892,"runend":1021,"unknown1":4294965965,"unknown2":4294966328,"rank":4670,"percentile":13.08637379002235}},"tenDayPercentiles":[],"tenDayDecayingPercentileScore":0,"scoresByDay":[],"rankSummary":{"mean":4670,"median":4670,"max":4670,"min":4670},"percentileSummary":{"mean":13.08637379002235,"median":13.08637379002235,"max":13.08637379002235,"min":13.08637379002235}}