{"name":"Aljore","scoreData":{"2020-10-16":{"id":76561198813516160,"name":"Aljore","score":22850,"level":10,"character":2,"platform":18,"runframes":45818,"runend":1013,"unknown1":221,"unknown2":1125,"rank":196,"percentile":96.52220438737292}},"tenDayPercentiles":[],"tenDayDecayingPercentileScore":0,"scoresByDay":[],"rankSummary":{"mean":196,"median":196,"max":196,"min":196},"percentileSummary":{"mean":96.52220438737292,"median":96.52220438737292,"max":96.52220438737292,"min":96.52220438737292}}