{"name":"all_the_pretty","scoreData":{"2020-09-20":{"id":8318819390305956000,"name":"all_the_pretty","score":1500,"level":1,"character":3,"platform":48,"runframes":881,"runend":1022,"unknown1":700,"unknown2":604,"rank":2962,"percentile":0.43712172158708995}},"tenDayPercentiles":[],"tenDayDecayingPercentileScore":0,"scoresByDay":[],"rankSummary":{"mean":2962,"median":2962,"max":2962,"min":2962},"percentileSummary":{"mean":0.43712172158708995,"median":0.43712172158708995,"max":0.43712172158708995,"min":0.43712172158708995}}