{"name":"ALLCAPSNOSPACES","scoreData":{"2020-10-05":{"id":76561199085853280,"name":"ALLCAPSNOSPACES","score":1700,"level":1,"character":0,"platform":18,"runframes":2710,"runend":1022,"unknown1":1376,"unknown2":1931,"rank":6230,"percentile":8.558426306517902}},"tenDayPercentiles":[],"tenDayDecayingPercentileScore":0,"scoresByDay":[],"rankSummary":{"mean":6230,"median":6230,"max":6230,"min":6230},"percentileSummary":{"mean":8.558426306517902,"median":8.558426306517902,"max":8.558426306517902,"min":8.558426306517902}}