{"name":"ALLCAPS-MAN","scoreData":{"2020-10-04":{"id":3086078971905218600,"name":"ALLCAPS-MAN","score":200,"level":1,"character":3,"platform":18,"runframes":1020,"runend":1022,"unknown1":1389,"unknown2":4294964457,"rank":7177,"percentile":4.472843450479232}},"tenDayPercentiles":[],"tenDayDecayingPercentileScore":0,"scoresByDay":[],"rankSummary":{"mean":7177,"median":7177,"max":7177,"min":7177},"percentileSummary":{"mean":4.472843450479232,"median":4.472843450479232,"max":4.472843450479232,"min":4.472843450479232}}