{"name":"AllStarWarrior99","scoreData":{"2020-09-30":{"id":76561198046885660,"name":"AllStarWarrior99","score":4000,"level":2,"character":4,"platform":48,"runframes":6269,"runend":1021,"unknown1":4294965454,"unknown2":4294960380,"rank":5664,"percentile":26.683065769031586}},"tenDayPercentiles":[],"tenDayDecayingPercentileScore":0,"scoresByDay":[],"rankSummary":{"mean":5664,"median":5664,"max":5664,"min":5664},"percentileSummary":{"mean":26.683065769031586,"median":26.683065769031586,"max":26.683065769031586,"min":26.683065769031586}}