{"name":"allub0i","scoreData":{"2020-10-14":{"id":76561198260869260,"name":"allub0i","score":0,"level":1,"character":1,"platform":18,"runframes":3349,"runend":1022,"unknown1":4294963837,"unknown2":4294966428,"rank":5418,"percentile":2.0788141720896647}},"tenDayPercentiles":[],"tenDayDecayingPercentileScore":0,"scoresByDay":[],"rankSummary":{"mean":5418,"median":5418,"max":5418,"min":5418},"percentileSummary":{"mean":2.0788141720896647,"median":2.0788141720896647,"max":2.0788141720896647,"min":2.0788141720896647}}