{"name":"Alocasia0214","scoreData":{"2020-09-26":{"id":3908831119225245700,"name":"Alocasia0214","score":21250,"level":6,"character":7,"platform":48,"runframes":15951,"runend":1017,"unknown1":899,"unknown2":4294966486,"rank":473,"percentile":81.8111753371869}},"tenDayPercentiles":[],"tenDayDecayingPercentileScore":0,"scoresByDay":[],"rankSummary":{"mean":473,"median":473,"max":473,"min":473},"percentileSummary":{"mean":81.8111753371869,"median":81.8111753371869,"max":81.8111753371869,"min":81.8111753371869}}