{"name":"Alois73","scoreData":{"2020-09-15":{"id":8370305988235126000,"name":"Alois73","score":3800,"level":2,"character":0,"platform":48,"runframes":7686,"runend":1021,"unknown1":4294966293,"unknown2":212,"rank":1231,"percentile":32.268722466960355}},"tenDayPercentiles":[],"tenDayDecayingPercentileScore":0,"scoresByDay":[],"rankSummary":{"mean":1231,"median":1231,"max":1231,"min":1231},"percentileSummary":{"mean":32.268722466960355,"median":32.268722466960355,"max":32.268722466960355,"min":32.268722466960355}}