{"name":"ALonelySnail","scoreData":{"2020-11-01":{"id":76561198065617040,"name":"ALonelySnail","score":31600,"level":5,"character":16,"platform":18,"runframes":23520,"runend":1018,"unknown1":1928,"unknown2":3403,"rank":1400,"percentile":70.26567481402763}},"tenDayPercentiles":[],"tenDayDecayingPercentileScore":0,"scoresByDay":[],"rankSummary":{"mean":1400,"median":1400,"max":1400,"min":1400},"percentileSummary":{"mean":70.26567481402763,"median":70.26567481402763,"max":70.26567481402763,"min":70.26567481402763}}