{"name":"ALovelyFather","scoreData":{"2020-10-01":{"id":2143724254927435300,"name":"ALovelyFather","score":4100,"level":1,"character":7,"platform":48,"runframes":2858,"runend":1022,"unknown1":4294962519,"unknown2":2522,"rank":6535,"percentile":15.07668312971147}},"tenDayPercentiles":[],"tenDayDecayingPercentileScore":0,"scoresByDay":[],"rankSummary":{"mean":6535,"median":6535,"max":6535,"min":6535},"percentileSummary":{"mean":15.07668312971147,"median":15.07668312971147,"max":15.07668312971147,"min":15.07668312971147}}