{"name":"Alowishus","scoreData":{"2020-10-06":{"id":76561198124631730,"name":"Alowishus","score":2600,"level":2,"character":0,"platform":48,"runframes":6598,"runend":1021,"unknown1":642,"unknown2":85,"rank":5936,"percentile":12.656364974245776}},"tenDayPercentiles":[],"tenDayDecayingPercentileScore":0,"scoresByDay":[],"rankSummary":{"mean":5936,"median":5936,"max":5936,"min":5936},"percentileSummary":{"mean":12.656364974245776,"median":12.656364974245776,"max":12.656364974245776,"min":12.656364974245776}}