{"name":"Alphonse Dit Pikty","scoreData":{"2020-10-17":{"id":76561198153248480,"name":"Alphonse Dit Pikty","score":51300,"level":9,"character":16,"platform":18,"runframes":49383,"runend":1014,"unknown1":4294965091,"unknown2":4294965272,"rank":407,"percentile":93.05745554035568}},"tenDayDecayingPercentileMean":null,"rankSummary":{"mean":407,"median":407,"max":407,"min":407},"percentileSummary":{"mean":93.05745554035568,"median":93.05745554035568,"max":93.05745554035568,"min":93.05745554035568}}