{"name":"alpha_scar1","scoreData":{"2020-10-11":{"id":5842196230805358000,"name":"alpha_scar1","score":2300,"level":1,"character":0,"platform":48,"runframes":3634,"runend":1022,"unknown1":4294966273,"unknown2":802,"rank":6087,"percentile":4.1574803149606225}},"tenDayPercentiles":[],"tenDayDecayingPercentileScore":0,"scoresByDay":[],"rankSummary":{"mean":6087,"median":6087,"max":6087,"min":6087},"percentileSummary":{"mean":4.1574803149606225,"median":4.1574803149606225,"max":4.1574803149606225,"min":4.1574803149606225}}