{"name":"AlphaParticle","scoreData":{"2020-10-01":{"id":76561197996329000,"name":"AlphaParticle","score":21800,"level":4,"character":0,"platform":18,"runframes":19139,"runend":1019,"unknown1":3196,"unknown2":2633,"rank":2642,"percentile":65.67455159864829}},"tenDayPercentiles":[],"tenDayDecayingPercentileScore":0,"scoresByDay":[],"rankSummary":{"mean":2642,"median":2642,"max":2642,"min":2642},"percentileSummary":{"mean":65.67455159864829,"median":65.67455159864829,"max":65.67455159864829,"min":65.67455159864829}}