{"name":"Alphakrull","scoreData":{"2020-11-12":{"id":76561197979916930,"name":"Alphakrull","score":19825,"level":9,"character":8,"platform":48,"runframes":79247,"runend":1014,"unknown1":1357,"unknown2":189,"rank":292,"percentile":93.17542213883678}},"tenDayPercentiles":[93.17542213883678],"tenDayDecayingPercentileScore":40.10896400867731,"scoresByDay":[40.10896400867731],"rankSummary":{"mean":292,"median":292,"max":292,"min":292},"percentileSummary":{"mean":93.17542213883678,"median":93.17542213883678,"max":93.17542213883678,"min":93.17542213883678}}