{"name":"ALrudarusong","scoreData":{"2020-11-19":{"id":4917306181196126000,"name":"ALrudarusong","score":159800,"level":13,"character":19,"platform":18,"runframes":113896,"runend":1010,"unknown1":4294967246,"unknown2":4294966261,"rank":287,"percentile":92.67793138760881}},"tenDayPercentiles":[92.67793138760881],"tenDayDecayingPercentileScore":83.41013824884793,"scoresByDay":[83.41013824884793],"rankSummary":{"mean":287,"median":287,"max":287,"min":287},"percentileSummary":{"mean":92.67793138760881,"median":92.67793138760881,"max":92.67793138760881,"min":92.67793138760881}}