{"name":"alt_skull","scoreData":{"2020-09-16":{"id":7566596272382965000,"name":"alt_skull","score":25000,"level":3,"character":0,"platform":48,"runframes":13954,"runend":1020,"unknown1":4294965816,"unknown2":288,"rank":852,"percentile":72.42384964355152}},"tenDayPercentiles":[],"tenDayDecayingPercentileScore":0,"scoresByDay":[],"rankSummary":{"mean":852,"median":852,"max":852,"min":852},"percentileSummary":{"mean":72.42384964355152,"median":72.42384964355152,"max":72.42384964355152,"min":72.42384964355152}}