{"name":"Alucard444","scoreData":{"2020-09-16":{"id":6607296346597203000,"name":"Alucard444","score":5600,"level":4,"character":0,"platform":48,"runframes":11900,"runend":1019,"unknown1":4294965732,"unknown2":4294965184,"rank":766,"percentile":75.21062864549579}},"tenDayPercentiles":[],"tenDayDecayingPercentileScore":0,"scoresByDay":[],"rankSummary":{"mean":766,"median":766,"max":766,"min":766},"percentileSummary":{"mean":75.21062864549579,"median":75.21062864549579,"max":75.21062864549579,"min":75.21062864549579}}