{"name":"AlVaelin","scoreData":{"2020-09-29":{"id":76561198206527170,"name":"AlVaelin","score":6300,"level":4,"character":2,"platform":18,"runframes":9861,"runend":1019,"unknown1":4294964398,"unknown2":4,"rank":2525,"percentile":54.86409155937053}},"tenDayPercentiles":[],"tenDayDecayingPercentileScore":0,"scoresByDay":[],"rankSummary":{"mean":2525,"median":2525,"max":2525,"min":2525},"percentileSummary":{"mean":54.86409155937053,"median":54.86409155937053,"max":54.86409155937053,"min":54.86409155937053}}