{"name":"Alzaabi72","scoreData":{"2020-11-15":{"id":76561198046243940,"name":"Alzaabi72","score":150875,"level":9,"character":18,"platform":18,"runframes":83471,"runend":1014,"unknown1":4294966687,"unknown2":412,"rank":301,"percentile":93.02811991633745}},"tenDayPercentiles":[93.02811991633745],"tenDayDecayingPercentileScore":61.03574947710901,"scoresByDay":[61.03574947710901],"rankSummary":{"mean":301,"median":301,"max":301,"min":301},"percentileSummary":{"mean":93.02811991633745,"median":93.02811991633745,"max":93.02811991633745,"min":93.02811991633745}}