{"name":"AmadonMorden","scoreData":{"2020-09-16":{"id":6576387136602045000,"name":"AmadonMorden","score":3600,"level":1,"character":3,"platform":48,"runframes":1771,"runend":1022,"unknown1":4294966136,"unknown2":51,"rank":2920,"percentile":5.411535968891769}},"tenDayPercentiles":[],"tenDayDecayingPercentileScore":0,"scoresByDay":[],"rankSummary":{"mean":2920,"median":2920,"max":2920,"min":2920},"percentileSummary":{"mean":5.411535968891769,"median":5.411535968891769,"max":5.411535968891769,"min":5.411535968891769}}