{"name":"amalolg1","scoreData":{"2020-10-03":{"id":76561197980995500,"name":"amalolg1","score":8800,"level":1,"character":0,"platform":48,"runframes":5561,"runend":1022,"unknown1":4294964813,"unknown2":242,"rank":7117,"percentile":9.90124082046087}},"tenDayPercentiles":[],"tenDayDecayingPercentileScore":0,"scoresByDay":[],"rankSummary":{"mean":7117,"median":7117,"max":7117,"min":7117},"percentileSummary":{"mean":9.90124082046087,"median":9.90124082046087,"max":9.90124082046087,"min":9.90124082046087}}