{"name":"Amateur_Tactics","scoreData":{"2020-09-18":{"id":4370897574970472400,"name":"Amateur_Tactics","score":0,"level":1,"character":3,"platform":48,"runframes":567,"runend":1022,"unknown1":4294965634,"unknown2":112,"rank":2768,"percentile":1.037195994277539}},"tenDayPercentiles":[],"tenDayDecayingPercentileScore":0,"scoresByDay":[],"rankSummary":{"mean":2768,"median":2768,"max":2768,"min":2768},"percentileSummary":{"mean":1.037195994277539,"median":1.037195994277539,"max":1.037195994277539,"min":1.037195994277539}}