{"name":"Amenumenemana","scoreData":{"2020-09-30":{"id":76561198010201710,"name":"Amenumenemana","score":13000,"level":2,"character":0,"platform":18,"runframes":16505,"runend":1021,"unknown1":625,"unknown2":1474,"rank":4759,"percentile":38.39979285344381}},"tenDayPercentiles":[],"tenDayDecayingPercentileScore":0,"scoresByDay":[],"rankSummary":{"mean":4759,"median":4759,"max":4759,"min":4759},"percentileSummary":{"mean":38.39979285344381,"median":38.39979285344381,"max":38.39979285344381,"min":38.39979285344381}}