{"name":"ametre","scoreData":{"2020-09-17":{"id":2915251552988159500,"name":"ametre","score":3400,"level":1,"character":0,"platform":48,"runframes":4596,"runend":1022,"unknown1":16,"unknown2":408,"rank":2464,"percentile":12.8758401131942}},"tenDayPercentiles":[],"tenDayDecayingPercentileScore":0,"scoresByDay":[],"rankSummary":{"mean":2464,"median":2464,"max":2464,"min":2464},"percentileSummary":{"mean":12.8758401131942,"median":12.8758401131942,"max":12.8758401131942,"min":12.8758401131942}}