{"name":"Amnesiac01","scoreData":{"2020-10-17":{"id":8104917602092448000,"name":"Amnesiac01","score":13700,"level":4,"character":0,"platform":48,"runframes":17634,"runend":1019,"unknown1":4294965380,"unknown2":43,"rank":2802,"percentile":52.10328317373461}},"tenDayPercentiles":[],"tenDayDecayingPercentileScore":0,"scoresByDay":[],"rankSummary":{"mean":2802,"median":2802,"max":2802,"min":2802},"percentileSummary":{"mean":52.10328317373461,"median":52.10328317373461,"max":52.10328317373461,"min":52.10328317373461}}