{"name":"aMok","scoreData":{"2020-10-10":{"id":4667187707841748000,"name":"aMok","score":60925,"level":6,"character":11,"platform":18,"runframes":29766,"runend":1017,"unknown1":693,"unknown2":68,"rank":399,"percentile":93.96604002425713}},"tenDayPercentiles":[],"tenDayDecayingPercentileScore":0,"scoresByDay":[],"rankSummary":{"mean":399,"median":399,"max":399,"min":399},"percentileSummary":{"mean":93.96604002425713,"median":93.96604002425713,"max":93.96604002425713,"min":93.96604002425713}}