{"name":"Ampitorte","scoreData":{"2020-10-03":{"id":76561198197589980,"name":"Ampitorte","score":15100,"level":4,"character":8,"platform":48,"runframes":14864,"runend":1019,"unknown1":4294961268,"unknown2":4294963569,"rank":2033,"percentile":74.27196758673082}},"tenDayPercentiles":[],"tenDayDecayingPercentileScore":0,"scoresByDay":[],"rankSummary":{"mean":2033,"median":2033,"max":2033,"min":2033},"percentileSummary":{"mean":74.27196758673082,"median":74.27196758673082,"max":74.27196758673082,"min":74.27196758673082}}