{"name":"Amschterdam","scoreData":{"2020-09-27":{"id":7717613818122425000,"name":"Amschterdam","score":5500,"level":2,"character":0,"platform":48,"runframes":5536,"runend":1021,"unknown1":4294966047,"unknown2":4294965988,"rank":1332,"percentile":46.760000000000005}},"tenDayPercentiles":[],"tenDayDecayingPercentileScore":0,"scoresByDay":[],"rankSummary":{"mean":1332,"median":1332,"max":1332,"min":1332},"percentileSummary":{"mean":46.760000000000005,"median":46.760000000000005,"max":46.760000000000005,"min":46.760000000000005}}