{"name":"amuseddebt205","scoreData":{"2020-11-21":{"id":6660704474515787000,"name":"amuseddebt205","score":500,"level":1,"character":2,"platform":48,"runframes":2311,"runend":1022,"unknown1":1789,"unknown2":4294966814,"rank":4072,"percentile":1.9272464466393586}},"tenDayPercentiles":[1.9272464466393586],"tenDayDecayingPercentileScore":1.7345218019754227,"scoresByDay":[1.7345218019754227],"rankSummary":{"mean":4072,"median":4072,"max":4072,"min":4072},"percentileSummary":{"mean":1.9272464466393586,"median":1.9272464466393586,"max":1.9272464466393586,"min":1.9272464466393586}}