{"name":"Amyrric Tygar","scoreData":{"2020-10-10":{"id":5488676288861650000,"name":"Amyrric Tygar","score":36700,"level":5,"character":7,"platform":18,"runframes":11799,"runend":1018,"unknown1":2422,"unknown2":604,"rank":745,"percentile":88.72043662825955}},"tenDayPercentiles":[],"tenDayDecayingPercentileScore":0,"scoresByDay":[],"rankSummary":{"mean":745,"median":745,"max":745,"min":745},"percentileSummary":{"mean":88.72043662825955,"median":88.72043662825955,"max":88.72043662825955,"min":88.72043662825955}}