{"name":"An Ol' Spicy Keychain","scoreData":{"2020-10-02":{"id":7347654424728509000,"name":"An Ol' Spicy Keychain","score":43500,"level":4,"character":0,"platform":18,"runframes":18923,"runend":1019,"unknown1":4294965649,"unknown2":508,"rank":1518,"percentile":79.67305373174327}},"tenDayDecayingPercentileMean":null,"rankSummary":{"mean":1518,"median":1518,"max":1518,"min":1518},"percentileSummary":{"mean":79.67305373174327,"median":79.67305373174327,"max":79.67305373174327,"min":79.67305373174327}}