{"name":"AN0Npolygon","scoreData":{"2020-11-21":{"id":6606160293236533000,"name":"AN0Npolygon","score":38600,"level":4,"character":7,"platform":48,"runframes":24929,"runend":1019,"unknown1":4294964975,"unknown2":4294965471,"rank":1924,"percentile":53.67381353890629}},"tenDayPercentiles":[53.67381353890629],"tenDayDecayingPercentileScore":48.30643218501566,"scoresByDay":[48.30643218501566],"rankSummary":{"mean":1924,"median":1924,"max":1924,"min":1924},"percentileSummary":{"mean":53.67381353890629,"median":53.67381353890629,"max":53.67381353890629,"min":53.67381353890629}}