{"name":"Anatool","scoreData":{"2020-11-15":{"id":5105865472699033000,"name":"Anatool","score":8200,"level":2,"character":3,"platform":18,"runframes":3623,"runend":1021,"unknown1":4294967043,"unknown2":826,"rank":3480,"percentile":19.14943062979316}},"tenDayPercentiles":[19.14943062979316],"tenDayDecayingPercentileScore":10.176792563327908,"scoresByDay":[10.176792563327908],"rankSummary":{"mean":3480,"median":3480,"max":3480,"min":3480},"percentileSummary":{"mean":19.14943062979316,"median":19.14943062979316,"max":19.14943062979316,"min":19.14943062979316}}