{"name":"Ando","scoreData":{"2020-11-08":{"id":76561199912383260,"name":"Ando","score":7000,"level":2,"character":0,"platform":18,"runframes":5886,"runend":1021,"unknown1":4294967065,"unknown2":3,"rank":3256,"percentile":30.965005302226928}},"tenDayPercentiles":[],"tenDayDecayingPercentileScore":0,"scoresByDay":[],"rankSummary":{"mean":3256,"median":3256,"max":3256,"min":3256},"percentileSummary":{"mean":30.965005302226928,"median":30.965005302226928,"max":30.965005302226928,"min":30.965005302226928}}