{"name":"andrewbolas","scoreData":{"2020-10-20":{"id":76561198329066240,"name":"andrewbolas","score":7900,"level":1,"character":1,"platform":48,"runframes":5612,"runend":1022,"unknown1":4294966670,"unknown2":4294967170,"rank":5111,"percentile":5.370370370370367}},"tenDayPercentiles":[],"tenDayDecayingPercentileScore":0,"scoresByDay":[],"rankSummary":{"mean":5111,"median":5111,"max":5111,"min":5111},"percentileSummary":{"mean":5.370370370370367,"median":5.370370370370367,"max":5.370370370370367,"min":5.370370370370367}}