{"name":"Andre94Mggg","scoreData":{"2020-11-12":{"id":7820441246539478000,"name":"Andre94Mggg","score":5000,"level":1,"character":0,"platform":48,"runframes":4004,"runend":1022,"unknown1":1071,"unknown2":541,"rank":3988,"percentile":6.496247654784241}},"tenDayPercentiles":[6.496247654784241],"tenDayDecayingPercentileScore":2.5167794430816146,"scoresByDay":[2.5167794430816146],"rankSummary":{"mean":3988,"median":3988,"max":3988,"min":3988},"percentileSummary":{"mean":6.496247654784241,"median":6.496247654784241,"max":6.496247654784241,"min":6.496247654784241}}