{"name":"andreelias.nada","scoreData":{"2020-10-20":{"id":76561197970393380,"name":"andreelias.nada","score":27800,"level":9,"character":0,"platform":18,"runframes":32931,"runend":1014,"unknown1":473,"unknown2":1449,"rank":572,"percentile":89.42592592592592}},"tenDayDecayingPercentileMean":null,"rankSummary":{"mean":572,"median":572,"max":572,"min":572},"percentileSummary":{"mean":89.42592592592592,"median":89.42592592592592,"max":89.42592592592592,"min":89.42592592592592}}