{"name":"andrembfm","scoreData":{"2020-10-27":{"id":1361615006802164700,"name":"andrembfm","score":2600,"level":1,"character":8,"platform":48,"runframes":1643,"runend":1022,"unknown1":2156,"unknown2":163,"rank":4870,"percentile":2.1699819168173633}},"tenDayPercentiles":[],"tenDayDecayingPercentileScore":0,"scoresByDay":[],"rankSummary":{"mean":4870,"median":4870,"max":4870,"min":4870},"percentileSummary":{"mean":2.1699819168173633,"median":2.1699819168173633,"max":2.1699819168173633,"min":2.1699819168173633}}