{"name":"andrfw","scoreData":{"2020-10-01":{"id":76561198037808770,"name":"andrfw","score":5100,"level":3,"character":0,"platform":18,"runframes":8501,"runend":1020,"unknown1":6678,"unknown2":2173,"rank":4450,"percentile":42.175721341304914}},"tenDayPercentiles":[],"tenDayDecayingPercentileScore":0,"scoresByDay":[],"rankSummary":{"mean":4450,"median":4450,"max":4450,"min":4450},"percentileSummary":{"mean":42.175721341304914,"median":42.175721341304914,"max":42.175721341304914,"min":42.175721341304914}}