{"name":"Andrewin Ya","scoreData":{"2020-10-06":{"id":76561198056928260,"name":"Andrewin Ya","score":7300,"level":2,"character":3,"platform":18,"runframes":9590,"runend":1021,"unknown1":693,"unknown2":2068,"rank":5498,"percentile":19.102281089036055}},"tenDayPercentiles":[],"tenDayDecayingPercentileScore":0,"scoresByDay":[],"rankSummary":{"mean":5498,"median":5498,"max":5498,"min":5498},"percentileSummary":{"mean":19.102281089036055,"median":19.102281089036055,"max":19.102281089036055,"min":19.102281089036055}}