{"name":"andy0130","scoreData":{"2020-09-17":{"id":5589276988746965000,"name":"andy0130","score":17700,"level":2,"character":4,"platform":48,"runframes":17523,"runend":1021,"unknown1":26,"unknown2":557,"rank":1541,"percentile":45.525291828793776}},"tenDayPercentiles":[],"tenDayDecayingPercentileScore":0,"scoresByDay":[],"rankSummary":{"mean":1541,"median":1541,"max":1541,"min":1541},"percentileSummary":{"mean":45.525291828793776,"median":45.525291828793776,"max":45.525291828793776,"min":45.525291828793776}}