{"name":"andy_079","scoreData":{"2020-09-15":{"id":278969407288569180,"name":"andy_079","score":11800,"level":5,"character":3,"platform":48,"runframes":13544,"runend":1018,"unknown1":1197,"unknown2":507,"rank":382,"percentile":79.01982378854626}},"tenDayPercentiles":[],"tenDayDecayingPercentileScore":0,"scoresByDay":[],"rankSummary":{"mean":382,"median":382,"max":382,"min":382},"percentileSummary":{"mean":79.01982378854626,"median":79.01982378854626,"max":79.01982378854626,"min":79.01982378854626}}