{"name":"ang","scoreData":{"2020-10-16":{"id":76561198031417970,"name":"ang","score":13000,"level":3,"character":0,"platform":18,"runframes":15126,"runend":1020,"unknown1":4294964474,"unknown2":4294964908,"rank":2195,"percentile":60.870340645621546}},"tenDayPercentiles":[],"tenDayDecayingPercentileScore":0,"scoresByDay":[],"rankSummary":{"mean":2195,"median":2195,"max":2195,"min":2195},"percentileSummary":{"mean":60.870340645621546,"median":60.870340645621546,"max":60.870340645621546,"min":60.870340645621546}}