{"name":"Angrytoast","scoreData":{"2020-10-04":{"id":76561198818161620,"name":"Angrytoast","score":48375,"level":10,"character":0,"platform":18,"runframes":28394,"runend":1013,"unknown1":4294962676,"unknown2":439,"rank":258,"percentile":96.57880724174655}},"tenDayPercentiles":[],"tenDayDecayingPercentileScore":0,"scoresByDay":[],"rankSummary":{"mean":258,"median":258,"max":258,"min":258},"percentileSummary":{"mean":96.57880724174655,"median":96.57880724174655,"max":96.57880724174655,"min":96.57880724174655}}