{"name":"Anhesim","scoreData":{"2020-10-30":{"id":76561198814452160,"name":"Anhesim","score":6500,"level":3,"character":16,"platform":18,"runframes":5136,"runend":1020,"unknown1":147,"unknown2":308,"rank":2158,"percentile":54.57991156032849}},"tenDayPercentiles":[],"tenDayDecayingPercentileScore":0,"scoresByDay":[],"rankSummary":{"mean":2158,"median":2158,"max":2158,"min":2158},"percentileSummary":{"mean":54.57991156032849,"median":54.57991156032849,"max":54.57991156032849,"min":54.57991156032849}}