{"name":"anilertekin","scoreData":{"2020-11-18":{"id":76561197996926460,"name":"anilertekin","score":9800,"level":2,"character":4,"platform":18,"runframes":4209,"runend":1021,"unknown1":4294966424,"unknown2":915,"rank":3403,"percentile":15.288844621513945}},"tenDayPercentiles":[15.288844621513945],"tenDayDecayingPercentileScore":10.031010956175301,"scoresByDay":[10.031010956175301],"rankSummary":{"mean":3403,"median":3403,"max":3403,"min":3403},"percentileSummary":{"mean":15.288844621513945,"median":15.288844621513945,"max":15.288844621513945,"min":15.288844621513945}}