{"name":"Anime Thighs","scoreData":{"2020-10-27":{"id":76561198055542080,"name":"Anime Thighs","score":36600,"level":3,"character":0,"platform":18,"runframes":22070,"runend":1020,"unknown1":2196,"unknown2":2081,"rank":1971,"percentile":60.4179224432389}},"tenDayDecayingPercentileMean":null,"rankSummary":{"mean":1971,"median":1971,"max":1971,"min":1971},"percentileSummary":{"mean":60.4179224432389,"median":60.4179224432389,"max":60.4179224432389,"min":60.4179224432389}}