{"name":"Animorganimate","scoreData":{"2020-09-26":{"id":5551945017795293000,"name":"Animorganimate","score":2600,"level":1,"character":4,"platform":48,"runframes":1206,"runend":1022,"unknown1":4294966162,"unknown2":432,"rank":2537,"percentile":2.2736030828516363}},"tenDayPercentiles":[],"tenDayDecayingPercentileScore":0,"scoresByDay":[],"rankSummary":{"mean":2537,"median":2537,"max":2537,"min":2537},"percentileSummary":{"mean":2.2736030828516363,"median":2.2736030828516363,"max":2.2736030828516363,"min":2.2736030828516363}}