{"name":"anIndieMaster","scoreData":{"2020-10-01":{"id":76561198064059730,"name":"anIndieMaster","score":2100,"level":1,"character":0,"platform":18,"runframes":1237,"runend":1022,"unknown1":3289,"unknown2":18,"rank":7227,"percentile":6.082661814400836}},"tenDayPercentiles":[],"tenDayDecayingPercentileScore":0,"scoresByDay":[],"rankSummary":{"mean":7227,"median":7227,"max":7227,"min":7227},"percentileSummary":{"mean":6.082661814400836,"median":6.082661814400836,"max":6.082661814400836,"min":6.082661814400836}}