{"name":"aninem","scoreData":{"2020-10-11":{"id":4773457547788015,"name":"aninem","score":8700,"level":4,"character":12,"platform":18,"runframes":6467,"runend":1019,"unknown1":3316,"unknown2":830,"rank":3214,"percentile":49.40157480314961}},"tenDayPercentiles":[],"tenDayDecayingPercentileScore":0,"scoresByDay":[],"rankSummary":{"mean":3214,"median":3214,"max":3214,"min":3214},"percentileSummary":{"mean":49.40157480314961,"median":49.40157480314961,"max":49.40157480314961,"min":49.40157480314961}}