{"name":"Anonim","scoreData":{"2020-11-01":{"id":76561198005090960,"name":"Anonim","score":11200,"level":4,"character":18,"platform":18,"runframes":31022,"runend":1019,"unknown1":1002,"unknown2":920,"rank":1862,"percentile":60.446333687566415}},"tenDayPercentiles":[],"tenDayDecayingPercentileScore":0,"scoresByDay":[],"rankSummary":{"mean":1862,"median":1862,"max":1862,"min":1862},"percentileSummary":{"mean":60.446333687566415,"median":60.446333687566415,"max":60.446333687566415,"min":60.446333687566415}}