{"name":"Ant_DK","scoreData":{"2020-11-19":{"id":2928583830729496600,"name":"Ant_DK","score":11200,"level":2,"character":3,"platform":18,"runframes":11094,"runend":1021,"unknown1":4294965649,"unknown2":4294966311,"rank":3033,"percentile":22.375832053251415}},"tenDayPercentiles":[22.375832053251415],"tenDayDecayingPercentileScore":18.124423963133648,"scoresByDay":[18.124423963133648],"rankSummary":{"mean":3033,"median":3033,"max":3033,"min":3033},"percentileSummary":{"mean":22.375832053251415,"median":22.375832053251415,"max":22.375832053251415,"min":22.375832053251415}}