{"name":"anthonyace33","scoreData":{"2020-11-09":{"id":76561198131165800,"name":"anthonyace33","score":5600,"level":1,"character":3,"platform":48,"runframes":3357,"runend":1022,"unknown1":4294967247,"unknown2":4294966757,"rank":4081,"percentile":6.486362594545042}},"tenDayPercentiles":[],"tenDayDecayingPercentileScore":0,"scoresByDay":[],"rankSummary":{"mean":4081,"median":4081,"max":4081,"min":4081},"percentileSummary":{"mean":6.486362594545042,"median":6.486362594545042,"max":6.486362594545042,"min":6.486362594545042}}