{"name":"AnthonyBarchecha","scoreData":{"2020-09-29":{"id":76561198199966480,"name":"AnthonyBarchecha","score":3000,"level":3,"character":2,"platform":48,"runframes":4938,"runend":1020,"unknown1":4294965908,"unknown2":46,"rank":3347,"percentile":40.16452074391989}},"tenDayPercentiles":[],"tenDayDecayingPercentileScore":0,"scoresByDay":[],"rankSummary":{"mean":3347,"median":3347,"max":3347,"min":3347},"percentileSummary":{"mean":40.16452074391989,"median":40.16452074391989,"max":40.16452074391989,"min":40.16452074391989}}