{"name":"anthonynp3","scoreData":{"2020-10-02":{"id":76561197963223470,"name":"anthonynp3","score":6800,"level":2,"character":0,"platform":18,"runframes":9744,"runend":1021,"unknown1":2121,"unknown2":1913,"rank":5277,"percentile":29.304569208093255}},"tenDayPercentiles":[],"tenDayDecayingPercentileScore":0,"scoresByDay":[],"rankSummary":{"mean":5277,"median":5277,"max":5277,"min":5277},"percentileSummary":{"mean":29.304569208093255,"median":29.304569208093255,"max":29.304569208093255,"min":29.304569208093255}}