{"name":"antohha","scoreData":{"2020-10-12":{"id":76561198830308000,"name":"antohha","score":38425,"level":6,"character":10,"platform":18,"runframes":23599,"runend":1017,"unknown1":4294966687,"unknown2":193,"rank":924,"percentile":84.57553475935829}},"tenDayPercentiles":[],"tenDayDecayingPercentileScore":0,"scoresByDay":[],"rankSummary":{"mean":924,"median":924,"max":924,"min":924},"percentileSummary":{"mean":84.57553475935829,"median":84.57553475935829,"max":84.57553475935829,"min":84.57553475935829}}