{"name":"ApexKong","scoreData":{"2020-10-10":{"id":76561198025903420,"name":"ApexKong","score":1400,"level":1,"character":0,"platform":18,"runframes":5757,"runend":1022,"unknown1":2157,"unknown2":4117,"rank":6030,"percentile":8.596118859915109}},"tenDayPercentiles":[],"tenDayDecayingPercentileScore":0,"scoresByDay":[],"rankSummary":{"mean":6030,"median":6030,"max":6030,"min":6030},"percentileSummary":{"mean":8.596118859915109,"median":8.596118859915109,"max":8.596118859915109,"min":8.596118859915109}}