{"name":"Aphextwin","scoreData":{"2020-11-01":{"id":9179097928673242000,"name":"Aphextwin","score":7800,"level":2,"character":0,"platform":18,"runframes":6476,"runend":1021,"unknown1":4294966942,"unknown2":986,"rank":3694,"percentile":21.509032943676942}},"tenDayPercentiles":[],"tenDayDecayingPercentileScore":0,"scoresByDay":[],"rankSummary":{"mean":3694,"median":3694,"max":3694,"min":3694},"percentileSummary":{"mean":21.509032943676942,"median":21.509032943676942,"max":21.509032943676942,"min":21.509032943676942}}