{"name":"Apokalyptika95","scoreData":{"2020-10-02":{"id":76561198086117280,"name":"Apokalyptika95","score":2500,"level":2,"character":0,"platform":48,"runframes":4465,"runend":1021,"unknown1":4294965542,"unknown2":4294959959,"rank":5770,"percentile":22.69864665684041}},"tenDayPercentiles":[],"tenDayDecayingPercentileScore":0,"scoresByDay":[],"rankSummary":{"mean":5770,"median":5770,"max":5770,"min":5770},"percentileSummary":{"mean":22.69864665684041,"median":22.69864665684041,"max":22.69864665684041,"min":22.69864665684041}}