{"name":"Apple_Ess","scoreData":{"2020-09-22":{"id":6036978420706696000,"name":"Apple_Ess","score":1500,"level":2,"character":5,"platform":48,"runframes":5936,"runend":1021,"unknown1":4294966492,"unknown2":569,"rank":1647,"percentile":33.14378554021121}},"tenDayPercentiles":[],"tenDayDecayingPercentileScore":0,"scoresByDay":[],"rankSummary":{"mean":1647,"median":1647,"max":1647,"min":1647},"percentileSummary":{"mean":33.14378554021121,"median":33.14378554021121,"max":33.14378554021121,"min":33.14378554021121}}