{"name":"Applecan_Broham","scoreData":{"2020-09-16":{"id":5155515774888688000,"name":"Applecan_Broham","score":0,"level":1,"character":12,"platform":48,"runframes":321,"runend":1022,"unknown1":4294966594,"unknown2":4294965284,"rank":3079,"percentile":0.2592352559948097}},"tenDayPercentiles":[],"tenDayDecayingPercentileScore":0,"scoresByDay":[],"rankSummary":{"mean":3079,"median":3079,"max":3079,"min":3079},"percentileSummary":{"mean":0.2592352559948097,"median":0.2592352559948097,"max":0.2592352559948097,"min":0.2592352559948097}}