{"name":"ApprovedLobster","scoreData":{"2020-10-02":{"id":76561199059118690,"name":"ApprovedLobster","score":3100,"level":1,"character":0,"platform":18,"runframes":4953,"runend":1022,"unknown1":2244,"unknown2":2537,"rank":6683,"percentile":10.464960471660191}},"tenDayPercentiles":[],"tenDayDecayingPercentileScore":0,"scoresByDay":[],"rankSummary":{"mean":6683,"median":6683,"max":6683,"min":6683},"percentileSummary":{"mean":10.464960471660191,"median":10.464960471660191,"max":10.464960471660191,"min":10.464960471660191}}