{"name":"Aquamarmoset","scoreData":{"2020-11-06":{"id":76561198201463250,"name":"Aquamarmoset","score":12500,"level":3,"character":3,"platform":18,"runframes":7392,"runend":1020,"unknown1":711,"unknown2":50,"rank":3090,"percentile":31.88533627342889}},"tenDayPercentiles":[],"tenDayDecayingPercentileScore":0,"scoresByDay":[],"rankSummary":{"mean":3090,"median":3090,"max":3090,"min":3090},"percentileSummary":{"mean":31.88533627342889,"median":31.88533627342889,"max":31.88533627342889,"min":31.88533627342889}}