{"name":"aquan9","scoreData":{"2020-10-05":{"id":76561198075800670,"name":"aquan9","score":4500,"level":2,"character":2,"platform":18,"runframes":14553,"runend":1021,"unknown1":4294966001,"unknown2":4294966355,"rank":4961,"percentile":27.187316500293605}},"tenDayPercentiles":[],"tenDayDecayingPercentileScore":0,"scoresByDay":[],"rankSummary":{"mean":4961,"median":4961,"max":4961,"min":4961},"percentileSummary":{"mean":27.187316500293605,"median":27.187316500293605,"max":27.187316500293605,"min":27.187316500293605}}