{"name":"Architones","scoreData":{"2020-10-24":{"id":2663378203730342000,"name":"Architones","score":20200,"level":4,"character":6,"platform":18,"runframes":21180,"runend":1019,"unknown1":786,"unknown2":107,"rank":2251,"percentile":58.116157855547286}},"tenDayPercentiles":[],"tenDayDecayingPercentileScore":0,"scoresByDay":[],"rankSummary":{"mean":2251,"median":2251,"max":2251,"min":2251},"percentileSummary":{"mean":58.116157855547286,"median":58.116157855547286,"max":58.116157855547286,"min":58.116157855547286}}