{"name":"Arcticnation","scoreData":{"2020-10-03":{"id":76561198072993680,"name":"Arcticnation","score":12100,"level":2,"character":0,"platform":18,"runframes":8657,"runend":1021,"unknown1":1171,"unknown2":413,"rank":4577,"percentile":42.061281337047355}},"tenDayPercentiles":[],"tenDayDecayingPercentileScore":0,"scoresByDay":[],"rankSummary":{"mean":4577,"median":4577,"max":4577,"min":4577},"percentileSummary":{"mean":42.061281337047355,"median":42.061281337047355,"max":42.061281337047355,"min":42.061281337047355}}