{"name":"Arcus103","scoreData":{"2020-10-12":{"id":76561198042612340,"name":"Arcus103","score":6400,"level":3,"character":0,"platform":48,"runframes":17994,"runend":1020,"unknown1":2705,"unknown2":1580,"rank":3469,"percentile":42.04545454545454}},"tenDayPercentiles":[],"tenDayDecayingPercentileScore":0,"scoresByDay":[],"rankSummary":{"mean":3469,"median":3469,"max":3469,"min":3469},"percentileSummary":{"mean":42.04545454545454,"median":42.04545454545454,"max":42.04545454545454,"min":42.04545454545454}}