{"name":"ARIN707","scoreData":{"2020-10-06":{"id":76561198007271310,"name":"ARIN707","score":19700,"level":4,"character":0,"platform":48,"runframes":14424,"runend":1019,"unknown1":1676,"unknown2":644,"rank":2392,"percentile":64.81236203090508}},"tenDayPercentiles":[],"tenDayDecayingPercentileScore":0,"scoresByDay":[],"rankSummary":{"mean":2392,"median":2392,"max":2392,"min":2392},"percentileSummary":{"mean":64.81236203090508,"median":64.81236203090508,"max":64.81236203090508,"min":64.81236203090508}}