{"name":"Arizeria","scoreData":{"2020-10-04":{"id":76561198033701550,"name":"Arizeria","score":9900,"level":2,"character":0,"platform":48,"runframes":7038,"runend":1021,"unknown1":1243,"unknown2":52,"rank":5300,"percentile":29.459531416400438}},"tenDayPercentiles":[],"tenDayDecayingPercentileScore":0,"scoresByDay":[],"rankSummary":{"mean":5300,"median":5300,"max":5300,"min":5300},"percentileSummary":{"mean":29.459531416400438,"median":29.459531416400438,"max":29.459531416400438,"min":29.459531416400438}}