{"name":"ArkOfTurus","scoreData":{"2020-09-16":{"id":2282089737616174300,"name":"ArkOfTurus","score":49500,"level":5,"character":7,"platform":48,"runframes":34917,"runend":1018,"unknown1":1171,"unknown2":893,"rank":294,"percentile":90.50550874918989}},"tenDayPercentiles":[],"tenDayDecayingPercentileScore":0,"scoresByDay":[],"rankSummary":{"mean":294,"median":294,"max":294,"min":294},"percentileSummary":{"mean":90.50550874918989,"median":90.50550874918989,"max":90.50550874918989,"min":90.50550874918989}}