{"name":"Arkouls","scoreData":{"2020-09-16":{"id":907183208013619800,"name":"Arkouls","score":800,"level":3,"character":0,"platform":48,"runframes":7146,"runend":1020,"unknown1":656,"unknown2":123,"rank":1272,"percentile":58.81399870382372}},"tenDayPercentiles":[],"tenDayDecayingPercentileScore":0,"scoresByDay":[],"rankSummary":{"mean":1272,"median":1272,"max":1272,"min":1272},"percentileSummary":{"mean":58.81399870382372,"median":58.81399870382372,"max":58.81399870382372,"min":58.81399870382372}}