{"name":"Armandao_Ohdm","scoreData":{"2020-10-02":{"id":76561198037658600,"name":"Armandao_Ohdm","score":5700,"level":2,"character":7,"platform":48,"runframes":8928,"runend":1021,"unknown1":4294961467,"unknown2":4294960849,"rank":5449,"percentile":26.999866005627766}},"tenDayPercentiles":[],"tenDayDecayingPercentileScore":0,"scoresByDay":[],"rankSummary":{"mean":5449,"median":5449,"max":5449,"min":5449},"percentileSummary":{"mean":26.999866005627766,"median":26.999866005627766,"max":26.999866005627766,"min":26.999866005627766}}