{"name":"Armorwing101","scoreData":{"2020-10-10":{"id":76561198013090380,"name":"Armorwing101","score":1400,"level":3,"character":3,"platform":48,"runframes":11776,"runend":1020,"unknown1":4294962273,"unknown2":124,"rank":2790,"percentile":57.716798059429955}},"tenDayPercentiles":[],"tenDayDecayingPercentileScore":0,"scoresByDay":[],"rankSummary":{"mean":2790,"median":2790,"max":2790,"min":2790},"percentileSummary":{"mean":57.716798059429955,"median":57.716798059429955,"max":57.716798059429955,"min":57.716798059429955}}