{"name":"Armored Yetti","scoreData":{"2020-10-05":{"id":76561197976513680,"name":"Armored Yetti","score":18100,"level":3,"character":2,"platform":18,"runframes":12817,"runend":1020,"unknown1":4294964422,"unknown2":4294962274,"rank":3746,"percentile":45.02348796241926}},"tenDayPercentiles":[],"tenDayDecayingPercentileScore":0,"scoresByDay":[],"rankSummary":{"mean":3746,"median":3746,"max":3746,"min":3746},"percentileSummary":{"mean":45.02348796241926,"median":45.02348796241926,"max":45.02348796241926,"min":45.02348796241926}}