{"name":"Armuel9000","scoreData":{"2020-10-01":{"id":76561198039258860,"name":"Armuel9000","score":15200,"level":4,"character":4,"platform":48,"runframes":19953,"runend":1019,"unknown1":4294966438,"unknown2":232,"rank":3008,"percentile":60.91759812841175}},"tenDayPercentiles":[],"tenDayDecayingPercentileScore":0,"scoresByDay":[],"rankSummary":{"mean":3008,"median":3008,"max":3008,"min":3008},"percentileSummary":{"mean":60.91759812841175,"median":60.91759812841175,"max":60.91759812841175,"min":60.91759812841175}}