{"name":"arnoldINaJAR","scoreData":{"2020-10-25":{"id":3151717195548417500,"name":"arnoldINaJAR","score":69275,"level":8,"character":10,"platform":18,"runframes":48616,"runend":1015,"unknown1":4294965256,"unknown2":33,"rank":616,"percentile":88.91891891891892}},"tenDayPercentiles":[],"tenDayDecayingPercentileScore":0,"scoresByDay":[],"rankSummary":{"mean":616,"median":616,"max":616,"min":616},"percentileSummary":{"mean":88.91891891891892,"median":88.91891891891892,"max":88.91891891891892,"min":88.91891891891892}}