{"name":"aroymart","scoreData":{"2020-09-29":{"id":76561198041943470,"name":"aroymart","score":6500,"level":1,"character":0,"platform":18,"runframes":855,"runend":1022,"unknown1":4294966594,"unknown2":4294965705,"rank":5162,"percentile":7.707439198855496}},"tenDayPercentiles":[],"tenDayDecayingPercentileScore":0,"scoresByDay":[],"rankSummary":{"mean":5162,"median":5162,"max":5162,"min":5162},"percentileSummary":{"mean":7.707439198855496,"median":7.707439198855496,"max":7.707439198855496,"min":7.707439198855496}}