{"name":"Arpichus","scoreData":{"2020-10-30":{"id":76561198809049900,"name":"Arpichus","score":1000,"level":1,"character":19,"platform":18,"runframes":3729,"runend":1022,"unknown1":4294966030,"unknown2":16,"rank":4573,"percentile":3.7271004421983633}},"tenDayPercentiles":[],"tenDayDecayingPercentileScore":0,"scoresByDay":[],"rankSummary":{"mean":4573,"median":4573,"max":4573,"min":4573},"percentileSummary":{"mean":3.7271004421983633,"median":3.7271004421983633,"max":3.7271004421983633,"min":3.7271004421983633}}