{"name":"Arral","scoreData":{"2020-10-11":{"id":1934350029076784600,"name":"Arral","score":95825,"level":9,"character":18,"platform":18,"runframes":50800,"runend":1014,"unknown1":4425,"unknown2":123,"rank":464,"percentile":92.70866141732283}},"tenDayPercentiles":[],"tenDayDecayingPercentileScore":0,"scoresByDay":[],"rankSummary":{"mean":464,"median":464,"max":464,"min":464},"percentileSummary":{"mean":92.70866141732283,"median":92.70866141732283,"max":92.70866141732283,"min":92.70866141732283}}