{"name":"Arron","scoreData":{"2020-11-04":{"id":3007975493122858500,"name":"Arron","score":5800,"level":3,"character":4,"platform":18,"runframes":17908,"runend":1020,"unknown1":2792,"unknown2":1404,"rank":3135,"percentile":30.184896413455107}},"tenDayPercentiles":[],"tenDayDecayingPercentileScore":0,"scoresByDay":[],"rankSummary":{"mean":3135,"median":3135,"max":3135,"min":3135},"percentileSummary":{"mean":30.184896413455107,"median":30.184896413455107,"max":30.184896413455107,"min":30.184896413455107}}