{"name":"Artemis373","scoreData":{"2020-09-26":{"id":6104418123696818000,"name":"Artemis373","score":9200,"level":4,"character":5,"platform":48,"runframes":18658,"runend":1019,"unknown1":4294966179,"unknown2":4294965310,"rank":991,"percentile":61.84971098265896}},"tenDayPercentiles":[],"tenDayDecayingPercentileScore":0,"scoresByDay":[],"rankSummary":{"mean":991,"median":991,"max":991,"min":991},"percentileSummary":{"mean":61.84971098265896,"median":61.84971098265896,"max":61.84971098265896,"min":61.84971098265896}}