{"name":"ArthurianExorci","scoreData":{"2020-11-20":{"id":76561198066221010,"name":"ArthurianExorci","score":7500,"level":3,"character":7,"platform":48,"runframes":3692,"runend":1020,"unknown1":981,"unknown2":365,"rank":2975,"percentile":26.38613861386139}},"tenDayPercentiles":[],"tenDayDecayingPercentileScore":0,"scoresByDay":[],"rankSummary":{"mean":2975,"median":2975,"max":2975,"min":2975},"percentileSummary":{"mean":26.38613861386139,"median":26.38613861386139,"max":26.38613861386139,"min":26.38613861386139}}