{"name":"artiya","scoreData":{"2020-09-28":{"id":2963297909919004700,"name":"artiya","score":7300,"level":3,"character":2,"platform":48,"runframes":36324,"runend":1020,"unknown1":1007,"unknown2":1144,"rank":1514,"percentile":29.888785912882298}},"tenDayPercentiles":[],"tenDayDecayingPercentileScore":0,"scoresByDay":[],"rankSummary":{"mean":1514,"median":1514,"max":1514,"min":1514},"percentileSummary":{"mean":29.888785912882298,"median":29.888785912882298,"max":29.888785912882298,"min":29.888785912882298}}