{"name":"Artistic_Frizz","scoreData":{"2020-09-26":{"id":8863944628970655000,"name":"Artistic_Frizz","score":59700,"level":6,"character":16,"platform":48,"runframes":44376,"runend":1017,"unknown1":1507,"unknown2":4294966654,"rank":304,"percentile":88.32369942196532}},"tenDayPercentiles":[],"tenDayDecayingPercentileScore":0,"scoresByDay":[],"rankSummary":{"mean":304,"median":304,"max":304,"min":304},"percentileSummary":{"mean":88.32369942196532,"median":88.32369942196532,"max":88.32369942196532,"min":88.32369942196532}}