{"name":"ArtreL0815","scoreData":{"2020-09-21":{"id":5072313773205444000,"name":"ArtreL0815","score":26400,"level":4,"character":14,"platform":48,"runframes":29625,"runend":1019,"unknown1":4294966901,"unknown2":789,"rank":703,"percentile":71.88626351621946}},"tenDayPercentiles":[],"tenDayDecayingPercentileScore":0,"scoresByDay":[],"rankSummary":{"mean":703,"median":703,"max":703,"min":703},"percentileSummary":{"mean":71.88626351621946,"median":71.88626351621946,"max":71.88626351621946,"min":71.88626351621946}}