{"name":"Asassincelso","scoreData":{"2020-10-11":{"id":76561198312971520,"name":"Asassincelso","score":8200,"level":4,"character":18,"platform":48,"runframes":7432,"runend":1019,"unknown1":4294966469,"unknown2":4294963406,"rank":3241,"percentile":48.976377952755904}},"tenDayPercentiles":[],"tenDayDecayingPercentileScore":0,"scoresByDay":[],"rankSummary":{"mean":3241,"median":3241,"max":3241,"min":3241},"percentileSummary":{"mean":48.976377952755904,"median":48.976377952755904,"max":48.976377952755904,"min":48.976377952755904}}