{"name":"Asealus","scoreData":{"2020-10-11":{"id":76561198082857300,"name":"Asealus","score":900,"level":2,"character":0,"platform":48,"runframes":7209,"runend":1021,"unknown1":1318,"unknown2":2307,"rank":5423,"percentile":14.61417322834646}},"tenDayPercentiles":[],"tenDayDecayingPercentileScore":0,"scoresByDay":[],"rankSummary":{"mean":5423,"median":5423,"max":5423,"min":5423},"percentileSummary":{"mean":14.61417322834646,"median":14.61417322834646,"max":14.61417322834646,"min":14.61417322834646}}