{"name":"AshtonDragon","scoreData":{"2020-09-27":{"id":1253119816814933800,"name":"AshtonDragon","score":8500,"level":1,"character":11,"platform":48,"runframes":2744,"runend":1022,"unknown1":4294966897,"unknown2":121,"rank":1736,"percentile":30.60000000000001}},"tenDayPercentiles":[],"tenDayDecayingPercentileScore":0,"scoresByDay":[],"rankSummary":{"mean":1736,"median":1736,"max":1736,"min":1736},"percentileSummary":{"mean":30.60000000000001,"median":30.60000000000001,"max":30.60000000000001,"min":30.60000000000001}}