{"name":"Ashtronautz","scoreData":{"2020-09-29":{"id":76561198114582980,"name":"Ashtronautz","score":9400,"level":3,"character":2,"platform":18,"runframes":4392,"runend":1020,"unknown1":3765,"unknown2":43,"rank":3206,"percentile":42.6859799713877}},"tenDayPercentiles":[],"tenDayDecayingPercentileScore":0,"scoresByDay":[],"rankSummary":{"mean":3206,"median":3206,"max":3206,"min":3206},"percentileSummary":{"mean":42.6859799713877,"median":42.6859799713877,"max":42.6859799713877,"min":42.6859799713877}}