{"name":"asianrobe","scoreData":{"2020-11-03":{"id":7969030623320498000,"name":"asianrobe","score":0,"level":1,"character":7,"platform":18,"runframes":807,"runend":1022,"unknown1":2804,"unknown2":1942,"rank":4481,"percentile":0.40017785682525187}},"tenDayPercentiles":[],"tenDayDecayingPercentileScore":0,"scoresByDay":[],"rankSummary":{"mean":4481,"median":4481,"max":4481,"min":4481},"percentileSummary":{"mean":0.40017785682525187,"median":0.40017785682525187,"max":0.40017785682525187,"min":0.40017785682525187}}