{"name":"ASLW","scoreData":{"2020-09-20":{"id":189066496869228060,"name":"ASLW","score":7000,"level":2,"character":3,"platform":48,"runframes":5430,"runend":1021,"unknown1":1672,"unknown2":2369,"rank":1953,"percentile":34.364492266308005}},"tenDayPercentiles":[],"tenDayDecayingPercentileScore":0,"scoresByDay":[],"rankSummary":{"mean":1953,"median":1953,"max":1953,"min":1953},"percentileSummary":{"mean":34.364492266308005,"median":34.364492266308005,"max":34.364492266308005,"min":34.364492266308005}}