{"name":"AspergersOnAStick","scoreData":{"2020-10-12":{"id":76561198049113780,"name":"AspergersOnAStick","score":100,"level":1,"character":2,"platform":18,"runframes":1112,"runend":1022,"unknown1":125,"unknown2":569,"rank":5864,"percentile":2.02205882352942}},"tenDayPercentiles":[],"tenDayDecayingPercentileScore":0,"scoresByDay":[],"rankSummary":{"mean":5864,"median":5864,"max":5864,"min":5864},"percentileSummary":{"mean":2.02205882352942,"median":2.02205882352942,"max":2.02205882352942,"min":2.02205882352942}}