{"name":"Assassin_gamerY","scoreData":{"2020-10-10":{"id":76561199000213470,"name":"Assassin_gamerY","score":800,"level":1,"character":3,"platform":48,"runframes":5270,"runend":1022,"unknown1":4294962800,"unknown2":4294962907,"rank":6230,"percentile":5.5639781685870275}},"tenDayPercentiles":[],"tenDayDecayingPercentileScore":0,"scoresByDay":[],"rankSummary":{"mean":6230,"median":6230,"max":6230,"min":6230},"percentileSummary":{"mean":5.5639781685870275,"median":5.5639781685870275,"max":5.5639781685870275,"min":5.5639781685870275}}