{"name":"AssassinKitty7","scoreData":{"2020-10-15":{"id":76561198017330400,"name":"AssassinKitty7","score":13400,"level":5,"character":1,"platform":18,"runframes":26157,"runend":1018,"unknown1":4294966967,"unknown2":733,"rank":2206,"percentile":61.698801459093275}},"tenDayPercentiles":[],"tenDayDecayingPercentileScore":0,"scoresByDay":[],"rankSummary":{"mean":2206,"median":2206,"max":2206,"min":2206},"percentileSummary":{"mean":61.698801459093275,"median":61.698801459093275,"max":61.698801459093275,"min":61.698801459093275}}