{"name":"Astera","scoreData":{"2020-11-14":{"id":898614730653574500,"name":"Astera","score":300,"level":2,"character":0,"platform":18,"runframes":6236,"runend":1021,"unknown1":4294967148,"unknown2":4294963818,"rank":3909,"percentile":9.43221320973349}},"tenDayPercentiles":[9.43221320973349],"tenDayDecayingPercentileScore":5.012664820393976,"scoresByDay":[5.012664820393976],"rankSummary":{"mean":3909,"median":3909,"max":3909,"min":3909},"percentileSummary":{"mean":9.43221320973349,"median":9.43221320973349,"max":9.43221320973349,"min":9.43221320973349}}