{"name":"AstolfoGuy7","scoreData":{"2020-10-23":{"id":76561198045794180,"name":"AstolfoGuy7","score":122625,"level":18,"character":16,"platform":18,"runframes":92129,"runend":1005,"unknown1":4294966998,"unknown2":195,"rank":134,"percentile":97.45259528825895}},"tenDayPercentiles":[],"tenDayDecayingPercentileScore":0,"scoresByDay":[],"rankSummary":{"mean":134,"median":134,"max":134,"min":134},"percentileSummary":{"mean":97.45259528825895,"median":97.45259528825895,"max":97.45259528825895,"min":97.45259528825895}}