{"name":"atcsigma3","scoreData":{"2020-09-22":{"id":3262512257780452000,"name":"atcsigma3","score":500,"level":1,"character":3,"platform":48,"runframes":3097,"runend":1022,"unknown1":326,"unknown2":4294967204,"rank":2204,"percentile":10.519902518277817}},"tenDayPercentiles":[],"tenDayDecayingPercentileScore":0,"scoresByDay":[],"rankSummary":{"mean":2204,"median":2204,"max":2204,"min":2204},"percentileSummary":{"mean":10.519902518277817,"median":10.519902518277817,"max":10.519902518277817,"min":10.519902518277817}}