{"name":"ateSilyima69","scoreData":{"2020-11-15":{"id":76561198104202480,"name":"ateSilyima69","score":6500,"level":1,"character":3,"platform":48,"runframes":1854,"runend":1022,"unknown1":4294966368,"unknown2":126,"rank":3927,"percentile":8.761329305135959}},"tenDayPercentiles":[8.761329305135959],"tenDayDecayingPercentileScore":4.65612960725076,"scoresByDay":[4.65612960725076],"rankSummary":{"mean":3927,"median":3927,"max":3927,"min":3927},"percentileSummary":{"mean":8.761329305135959,"median":8.761329305135959,"max":8.761329305135959,"min":8.761329305135959}}