{"name":"Athetos","scoreData":{"2020-10-13":{"id":76561198118919440,"name":"Athetos","score":2200,"level":3,"character":0,"platform":18,"runframes":8119,"runend":1020,"unknown1":1330,"unknown2":1177,"rank":3195,"percentile":45.54134697357204}},"tenDayPercentiles":[],"tenDayDecayingPercentileScore":0,"scoresByDay":[],"rankSummary":{"mean":3195,"median":3195,"max":3195,"min":3195},"percentileSummary":{"mean":45.54134697357204,"median":45.54134697357204,"max":45.54134697357204,"min":45.54134697357204}}