{"name":"AtMax","scoreData":{"2020-10-16":{"id":7372107165818923000,"name":"AtMax","score":1800,"level":3,"character":16,"platform":18,"runframes":14773,"runend":1020,"unknown1":4294963427,"unknown2":201,"rank":3313,"percentile":40.930979133226316}},"tenDayPercentiles":[],"tenDayDecayingPercentileScore":0,"scoresByDay":[],"rankSummary":{"mean":3313,"median":3313,"max":3313,"min":3313},"percentileSummary":{"mean":40.930979133226316,"median":40.930979133226316,"max":40.930979133226316,"min":40.930979133226316}}