{"name":"Atomic_Yogurt","scoreData":{"2020-10-26":{"id":76561198939876620,"name":"Atomic_Yogurt","score":10600,"level":3,"character":7,"platform":48,"runframes":8464,"runend":1020,"unknown1":4294966532,"unknown2":377,"rank":3324,"percentile":34.32806324110672}},"tenDayPercentiles":[],"tenDayDecayingPercentileScore":0,"scoresByDay":[],"rankSummary":{"mean":3324,"median":3324,"max":3324,"min":3324},"percentileSummary":{"mean":34.32806324110672,"median":34.32806324110672,"max":34.32806324110672,"min":34.32806324110672}}