{"name":"atso.erkkila","scoreData":{"2020-11-22":{"id":5636601438307450000,"name":"atso.erkkila","score":22000,"level":3,"character":17,"platform":18,"runframes":15791,"runend":1020,"unknown1":4294965991,"unknown2":4294965996,"rank":1634,"percentile":59.164791197799445}},"tenDayPercentiles":[],"tenDayDecayingPercentileScore":0,"scoresByDay":[],"rankSummary":{"mean":1634,"median":1634,"max":1634,"min":1634},"percentileSummary":{"mean":59.164791197799445,"median":59.164791197799445,"max":59.164791197799445,"min":59.164791197799445}}