{"name":"attackhippo","scoreData":{"2020-09-23":{"id":807078471495552900,"name":"attackhippo","score":12100,"level":2,"character":3,"platform":48,"runframes":7114,"runend":1021,"unknown1":626,"unknown2":1894,"rank":1836,"percentile":23.73233582709892}},"tenDayPercentiles":[],"tenDayDecayingPercentileScore":0,"scoresByDay":[],"rankSummary":{"mean":1836,"median":1836,"max":1836,"min":1836},"percentileSummary":{"mean":23.73233582709892,"median":23.73233582709892,"max":23.73233582709892,"min":23.73233582709892}}