{"name":"attack Beetle","scoreData":{"2020-10-02":{"id":6352508396141212000,"name":"attack Beetle","score":23800,"level":5,"character":7,"platform":18,"runframes":25411,"runend":1018,"unknown1":4294965566,"unknown2":4294966845,"rank":1236,"percentile":83.45169502880879}},"tenDayPercentiles":[],"tenDayDecayingPercentileScore":0,"scoresByDay":[],"rankSummary":{"mean":1236,"median":1236,"max":1236,"min":1236},"percentileSummary":{"mean":83.45169502880879,"median":83.45169502880879,"max":83.45169502880879,"min":83.45169502880879}}