{"name":"AttilaTheMum","scoreData":{"2020-09-26":{"id":4410998621138966000,"name":"AttilaTheMum","score":26200,"level":3,"character":0,"platform":48,"runframes":16085,"runend":1020,"unknown1":1181,"unknown2":473,"rank":1150,"percentile":55.72254335260116}},"tenDayPercentiles":[],"tenDayDecayingPercentileScore":0,"scoresByDay":[],"rankSummary":{"mean":1150,"median":1150,"max":1150,"min":1150},"percentileSummary":{"mean":55.72254335260116,"median":55.72254335260116,"max":55.72254335260116,"min":55.72254335260116}}