{"name":"Augus950","scoreData":{"2020-11-17":{"id":2687221291065847300,"name":"Augus950","score":9500,"level":3,"character":0,"platform":18,"runframes":9018,"runend":1020,"unknown1":4294964840,"unknown2":1078,"rank":2402,"percentile":38.71873404798366}},"tenDayPercentiles":[38.71873404798366],"tenDayDecayingPercentileScore":22.863025267993873,"scoresByDay":[22.863025267993873],"rankSummary":{"mean":2402,"median":2402,"max":2402,"min":2402},"percentileSummary":{"mean":38.71873404798366,"median":38.71873404798366,"max":38.71873404798366,"min":38.71873404798366}}