{"name":"auliarchputri","scoreData":{"2020-10-01":{"id":76561197999460270,"name":"auliarchputri","score":13700,"level":3,"character":3,"platform":18,"runframes":15144,"runend":1020,"unknown1":4294965432,"unknown2":539,"rank":3853,"percentile":49.935014296854696}},"tenDayPercentiles":[],"tenDayDecayingPercentileScore":0,"scoresByDay":[],"rankSummary":{"mean":3853,"median":3853,"max":3853,"min":3853},"percentileSummary":{"mean":49.935014296854696,"median":49.935014296854696,"max":49.935014296854696,"min":49.935014296854696}}