{"name":"auramaster101","scoreData":{"2020-10-23":{"id":231931611286912800,"name":"auramaster101","score":60000,"level":6,"character":7,"platform":18,"runframes":32160,"runend":1017,"unknown1":3435,"unknown2":2141,"rank":1536,"percentile":70.59950201110898}},"tenDayPercentiles":[],"tenDayDecayingPercentileScore":0,"scoresByDay":[],"rankSummary":{"mean":1536,"median":1536,"max":1536,"min":1536},"percentileSummary":{"mean":70.59950201110898,"median":70.59950201110898,"max":70.59950201110898,"min":70.59950201110898}}