{"name":"AurelionsolOnly","scoreData":{"2020-11-15":{"id":490330304134853300,"name":"AurelionsolOnly","score":15600,"level":2,"character":0,"platform":18,"runframes":5264,"runend":1021,"unknown1":707,"unknown2":4294964983,"rank":2786,"percentile":35.27771322333257}},"tenDayPercentiles":[35.27771322333257],"tenDayDecayingPercentileScore":16.87322087380898,"scoresByDay":[16.87322087380898],"rankSummary":{"mean":2786,"median":2786,"max":2786,"min":2786},"percentileSummary":{"mean":35.27771322333257,"median":35.27771322333257,"max":35.27771322333257,"min":35.27771322333257}}