{"name":"Aureum Custos","scoreData":{"2020-10-15":{"id":76561198199381570,"name":"Aureum Custos","score":11500,"level":2,"character":5,"platform":18,"runframes":7347,"runend":1021,"unknown1":3529,"unknown2":4294965991,"rank":4499,"percentile":21.869029008163977}},"tenDayDecayingPercentileMean":null,"rankSummary":{"mean":4499,"median":4499,"max":4499,"min":4499},"percentileSummary":{"mean":21.869029008163977,"median":21.869029008163977,"max":21.869029008163977,"min":21.869029008163977}}