{"name":"Auriosis","scoreData":{"2020-09-29":{"id":8621613471462041000,"name":"Auriosis","score":3000,"level":1,"character":3,"platform":18,"runframes":1405,"runend":1022,"unknown1":4294966301,"unknown2":508,"rank":5427,"percentile":2.9685264663805384}},"tenDayPercentiles":[],"tenDayDecayingPercentileScore":0,"scoresByDay":[],"rankSummary":{"mean":5427,"median":5427,"max":5427,"min":5427},"percentileSummary":{"mean":2.9685264663805384,"median":2.9685264663805384,"max":2.9685264663805384,"min":2.9685264663805384}}