{"name":"AuricGames","scoreData":{"2020-09-16":{"id":7438314981112168000,"name":"AuricGames","score":5800,"level":4,"character":2,"platform":48,"runframes":16325,"runend":1019,"unknown1":2115,"unknown2":2348,"rank":760,"percentile":75.4050550874919}},"tenDayPercentiles":[],"tenDayDecayingPercentileScore":0,"scoresByDay":[],"rankSummary":{"mean":760,"median":760,"max":760,"min":760},"percentileSummary":{"mean":75.4050550874919,"median":75.4050550874919,"max":75.4050550874919,"min":75.4050550874919}}