{"name":"Ausar115","scoreData":{"2020-10-17":{"id":4175153998108562400,"name":"Ausar115","score":28000,"level":3,"character":4,"platform":48,"runframes":24767,"runend":1020,"unknown1":4283,"unknown2":1693,"rank":2916,"percentile":50.15389876880985}},"tenDayPercentiles":[],"tenDayDecayingPercentileScore":0,"scoresByDay":[],"rankSummary":{"mean":2916,"median":2916,"max":2916,"min":2916},"percentileSummary":{"mean":50.15389876880985,"median":50.15389876880985,"max":50.15389876880985,"min":50.15389876880985}}