{"name":"Auusty_","scoreData":{"2020-10-10":{"id":76561198019285890,"name":"Auusty_","score":9700,"level":2,"character":7,"platform":18,"runframes":7070,"runend":1021,"unknown1":4294966789,"unknown2":4294965389,"rank":3712,"percentile":43.73862947240752}},"tenDayPercentiles":[],"tenDayDecayingPercentileScore":0,"scoresByDay":[],"rankSummary":{"mean":3712,"median":3712,"max":3712,"min":3712},"percentileSummary":{"mean":43.73862947240752,"median":43.73862947240752,"max":43.73862947240752,"min":43.73862947240752}}