{"name":"Av3rno","scoreData":{"2020-10-01":{"id":76561198053260700,"name":"Av3rno","score":0,"level":1,"character":3,"platform":18,"runframes":2381,"runend":1022,"unknown1":1769,"unknown2":14,"rank":7648,"percentile":0.6108656095658915}},"tenDayPercentiles":[],"tenDayDecayingPercentileScore":0,"scoresByDay":[],"rankSummary":{"mean":7648,"median":7648,"max":7648,"min":7648},"percentileSummary":{"mean":0.6108656095658915,"median":0.6108656095658915,"max":0.6108656095658915,"min":0.6108656095658915}}