{"name":"AVANCEDKILLER","scoreData":{"2020-09-16":{"id":7299117628761391000,"name":"AVANCEDKILLER","score":8000,"level":2,"character":7,"platform":48,"runframes":4726,"runend":1021,"unknown1":613,"unknown2":7,"rank":2401,"percentile":22.229423201555406}},"tenDayPercentiles":[],"tenDayDecayingPercentileScore":0,"scoresByDay":[],"rankSummary":{"mean":2401,"median":2401,"max":2401,"min":2401},"percentileSummary":{"mean":22.229423201555406,"median":22.229423201555406,"max":22.229423201555406,"min":22.229423201555406}}