{"name":"AvatarNang","scoreData":{"2020-09-25":{"id":7080870561155624000,"name":"AvatarNang","score":2000,"level":1,"character":5,"platform":48,"runframes":1269,"runend":1022,"unknown1":4294966698,"unknown2":1352,"rank":2084,"percentile":9.355961705831163}},"tenDayPercentiles":[],"tenDayDecayingPercentileScore":0,"scoresByDay":[],"rankSummary":{"mean":2084,"median":2084,"max":2084,"min":2084},"percentileSummary":{"mean":9.355961705831163,"median":9.355961705831163,"max":9.355961705831163,"min":9.355961705831163}}