{"name":"AvengedSabbath","scoreData":{"2020-11-21":{"id":76561198380751820,"name":"AvengedSabbath","score":3300,"level":1,"character":3,"platform":48,"runframes":2631,"runend":1022,"unknown1":2649,"unknown2":3318,"rank":3814,"percentile":8.142616237051314}},"tenDayPercentiles":[8.142616237051314],"tenDayDecayingPercentileScore":7.328354613346183,"scoresByDay":[7.328354613346183],"rankSummary":{"mean":3814,"median":3814,"max":3814,"min":3814},"percentileSummary":{"mean":8.142616237051314,"median":8.142616237051314,"max":8.142616237051314,"min":8.142616237051314}}