{"name":"averycuteant","scoreData":{"2020-10-08":{"id":76561198118915840,"name":"averycuteant","score":7500,"level":3,"character":5,"platform":18,"runframes":15342,"runend":1020,"unknown1":2481,"unknown2":231,"rank":4141,"percentile":34.690014197823004}},"tenDayPercentiles":[],"tenDayDecayingPercentileScore":0,"scoresByDay":[],"rankSummary":{"mean":4141,"median":4141,"max":4141,"min":4141},"percentileSummary":{"mean":34.690014197823004,"median":34.690014197823004,"max":34.690014197823004,"min":34.690014197823004}}