{"name":"Avrax","scoreData":{"2020-09-30":{"id":6803590133026068000,"name":"Avrax","score":8900,"level":2,"character":0,"platform":18,"runframes":15265,"runend":1021,"unknown1":4651,"unknown2":827,"rank":5158,"percentile":33.234075608493015}},"tenDayPercentiles":[],"tenDayDecayingPercentileScore":0,"scoresByDay":[],"rankSummary":{"mean":5158,"median":5158,"max":5158,"min":5158},"percentileSummary":{"mean":33.234075608493015,"median":33.234075608493015,"max":33.234075608493015,"min":33.234075608493015}}