{"name":"avryquick","scoreData":{"2020-09-24":{"id":990665569516529500,"name":"avryquick","score":9600,"level":4,"character":4,"platform":48,"runframes":11856,"runend":1019,"unknown1":4294966842,"unknown2":774,"rank":708,"percentile":69.34084995663487}},"tenDayPercentiles":[],"tenDayDecayingPercentileScore":0,"scoresByDay":[],"rankSummary":{"mean":708,"median":708,"max":708,"min":708},"percentileSummary":{"mean":69.34084995663487,"median":69.34084995663487,"max":69.34084995663487,"min":69.34084995663487}}