{"name":"AwesomeNick","scoreData":{"2020-10-03":{"id":76561199450606350,"name":"AwesomeNick","score":11000,"level":2,"character":0,"platform":18,"runframes":21715,"runend":1021,"unknown1":4294961970,"unknown2":276,"rank":4859,"percentile":38.4907571537098}},"tenDayPercentiles":[],"tenDayDecayingPercentileScore":0,"scoresByDay":[],"rankSummary":{"mean":4859,"median":4859,"max":4859,"min":4859},"percentileSummary":{"mean":38.4907571537098,"median":38.4907571537098,"max":38.4907571537098,"min":38.4907571537098}}