{"name":"AwesomeJayce","scoreData":{"2020-11-17":{"id":76561197967852590,"name":"AwesomeJayce","score":3000,"level":1,"character":3,"platform":48,"runframes":2446,"runend":1022,"unknown1":4294963466,"unknown2":4294965573,"rank":3832,"percentile":2.2205206738131693}},"tenDayPercentiles":[2.2205206738131693],"tenDayDecayingPercentileScore":1.6187595712098006,"scoresByDay":[1.6187595712098006],"rankSummary":{"mean":3832,"median":3832,"max":3832,"min":3832},"percentileSummary":{"mean":2.2205206738131693,"median":2.2205206738131693,"max":2.2205206738131693,"min":2.2205206738131693}}