{"name":"awesome-kvg","scoreData":{"2020-11-13":{"id":76561198121132960,"name":"awesome-kvg","score":9200,"level":4,"character":7,"platform":48,"runframes":13678,"runend":1019,"unknown1":102,"unknown2":1539,"rank":2061,"percentile":50.952380952380956}},"tenDayPercentiles":[50.952380952380956],"tenDayDecayingPercentileScore":21.93332927142858,"scoresByDay":[21.93332927142858],"rankSummary":{"mean":2061,"median":2061,"max":2061,"min":2061},"percentileSummary":{"mean":50.952380952380956,"median":50.952380952380956,"max":50.952380952380956,"min":50.952380952380956}}