{"name":"Awkward_Narwhal","scoreData":{"2020-10-19":{"id":76561198010199360,"name":"Awkward_Narwhal","score":11100,"level":2,"character":2,"platform":18,"runframes":11909,"runend":1021,"unknown1":3902,"unknown2":930,"rank":4052,"percentile":24.25205684367988}},"tenDayPercentiles":[],"tenDayDecayingPercentileScore":0,"scoresByDay":[],"rankSummary":{"mean":4052,"median":4052,"max":4052,"min":4052},"percentileSummary":{"mean":24.25205684367988,"median":24.25205684367988,"max":24.25205684367988,"min":24.25205684367988}}