{"name":"awsomesoar","scoreData":{"2020-10-25":{"id":76561198050048860,"name":"awsomesoar","score":20200,"level":4,"character":5,"platform":18,"runframes":13532,"runend":1019,"unknown1":4294966838,"unknown2":4294961890,"rank":2564,"percentile":53.81981981981982}},"tenDayPercentiles":[],"tenDayDecayingPercentileScore":0,"scoresByDay":[],"rankSummary":{"mean":2564,"median":2564,"max":2564,"min":2564},"percentileSummary":{"mean":53.81981981981982,"median":53.81981981981982,"max":53.81981981981982,"min":53.81981981981982}}