{"name":"Awsomekid779","scoreData":{"2020-10-31":{"id":76561198040042640,"name":"Awsomekid779","score":4500,"level":1,"character":0,"platform":48,"runframes":2517,"runend":1022,"unknown1":4032,"unknown2":629,"rank":4494,"percentile":5.470229328844951}},"tenDayPercentiles":[],"tenDayDecayingPercentileScore":0,"scoresByDay":[],"rankSummary":{"mean":4494,"median":4494,"max":4494,"min":4494},"percentileSummary":{"mean":5.470229328844951,"median":5.470229328844951,"max":5.470229328844951,"min":5.470229328844951}}