{"name":"axltransform","scoreData":{"2020-11-18":{"id":76561198394823020,"name":"axltransform","score":33400,"level":4,"character":6,"platform":18,"runframes":24823,"runend":1019,"unknown1":4294967209,"unknown2":4294965807,"rank":2379,"percentile":40.786852589641434}},"tenDayPercentiles":[40.786852589641434],"tenDayDecayingPercentileScore":29.73361553784861,"scoresByDay":[29.73361553784861],"rankSummary":{"mean":2379,"median":2379,"max":2379,"min":2379},"percentileSummary":{"mean":40.786852589641434,"median":40.786852589641434,"max":40.786852589641434,"min":40.786852589641434}}