{"name":"azahet","scoreData":{"2020-09-30":{"id":76561198040545200,"name":"azahet","score":6900,"level":3,"character":0,"platform":18,"runframes":16344,"runend":1020,"unknown1":4294964939,"unknown2":86,"rank":3573,"percentile":53.75453133091662}},"tenDayPercentiles":[],"tenDayDecayingPercentileScore":0,"scoresByDay":[],"rankSummary":{"mean":3573,"median":3573,"max":3573,"min":3573},"percentileSummary":{"mean":53.75453133091662,"median":53.75453133091662,"max":53.75453133091662,"min":53.75453133091662}}