{"name":"azbestos is harmless","scoreData":{"2020-10-01":{"id":76561198067357800,"name":"azbestos is harmless","score":4600,"level":1,"character":0,"platform":18,"runframes":3186,"runend":1022,"unknown1":4294963123,"unknown2":4294963124,"rank":6304,"percentile":18.079022615024698}},"tenDayPercentiles":[],"tenDayDecayingPercentileScore":0,"scoresByDay":[],"rankSummary":{"mean":6304,"median":6304,"max":6304,"min":6304},"percentileSummary":{"mean":18.079022615024698,"median":18.079022615024698,"max":18.079022615024698,"min":18.079022615024698}}