{"name":"azielblackstone","scoreData":{"2020-09-23":{"id":3137047783840403500,"name":"azielblackstone","score":5900,"level":2,"character":4,"platform":48,"runframes":3702,"runend":1021,"unknown1":67,"unknown2":4294966853,"rank":2112,"percentile":12.261014131338328}},"tenDayPercentiles":[],"tenDayDecayingPercentileScore":0,"scoresByDay":[],"rankSummary":{"mean":2112,"median":2112,"max":2112,"min":2112},"percentileSummary":{"mean":12.261014131338328,"median":12.261014131338328,"max":12.261014131338328,"min":12.261014131338328}}