{"name":"Azimuth RichardH","scoreData":{"2020-10-06":{"id":76561198065215070,"name":"Azimuth RichardH","score":1000,"level":1,"character":0,"platform":18,"runframes":1499,"runend":1022,"unknown1":1952,"unknown2":1339,"rank":6546,"percentile":3.6791758646063357}},"tenDayDecayingPercentileMean":null,"rankSummary":{"mean":6546,"median":6546,"max":6546,"min":6546},"percentileSummary":{"mean":3.6791758646063357,"median":3.6791758646063357,"max":3.6791758646063357,"min":3.6791758646063357}}