{"name":"AZMorty","scoreData":{"2020-10-03":{"id":76561198092430270,"name":"AZMorty","score":6000,"level":2,"character":7,"platform":18,"runframes":6577,"runend":1021,"unknown1":5194,"unknown2":2889,"rank":5960,"percentile":24.550519118764242}},"tenDayPercentiles":[],"tenDayDecayingPercentileScore":0,"scoresByDay":[],"rankSummary":{"mean":5960,"median":5960,"max":5960,"min":5960},"percentileSummary":{"mean":24.550519118764242,"median":24.550519118764242,"max":24.550519118764242,"min":24.550519118764242}}