{"name":"AztecLollipop","scoreData":{"2020-09-29":{"id":6584832937615985000,"name":"AztecLollipop","score":22700,"level":4,"character":4,"platform":48,"runframes":14036,"runend":1019,"unknown1":2911,"unknown2":1847,"rank":2059,"percentile":63.197424892703864}},"tenDayPercentiles":[],"tenDayDecayingPercentileScore":0,"scoresByDay":[],"rankSummary":{"mean":2059,"median":2059,"max":2059,"min":2059},"percentileSummary":{"mean":63.197424892703864,"median":63.197424892703864,"max":63.197424892703864,"min":63.197424892703864}}