{"name":"AztecNightmare69","scoreData":{"2020-11-14":{"id":76561198117861980,"name":"AztecNightmare69","score":28500,"level":4,"character":3,"platform":48,"runframes":21301,"runend":1019,"unknown1":2876,"unknown2":14,"rank":1179,"percentile":72.69988412514485}},"tenDayPercentiles":[72.69988412514485],"tenDayDecayingPercentileScore":34.772129207416,"scoresByDay":[34.772129207416],"rankSummary":{"mean":1179,"median":1179,"max":1179,"min":1179},"percentileSummary":{"mean":72.69988412514485,"median":72.69988412514485,"max":72.69988412514485,"min":72.69988412514485}}