{"name":"Azure Zealot","scoreData":{"2020-10-29":{"id":8768960614757147000,"name":"Azure Zealot","score":80000,"level":10,"character":2,"platform":18,"runframes":90835,"runend":1013,"unknown1":431,"unknown2":396,"rank":255,"percentile":94.68952540246707}},"tenDayPercentiles":[],"tenDayDecayingPercentileScore":0,"scoresByDay":[],"rankSummary":{"mean":255,"median":255,"max":255,"min":255},"percentileSummary":{"mean":94.68952540246707,"median":94.68952540246707,"max":94.68952540246707,"min":94.68952540246707}}