{"name":"Azurdevil","scoreData":{"2020-09-24":{"id":2721211057203469300,"name":"Azurdevil","score":12800,"level":3,"character":0,"platform":48,"runframes":10231,"runend":1020,"unknown1":55,"unknown2":87,"rank":857,"percentile":62.87944492627927}},"tenDayPercentiles":[],"tenDayDecayingPercentileScore":0,"scoresByDay":[],"rankSummary":{"mean":857,"median":857,"max":857,"min":857},"percentileSummary":{"mean":62.87944492627927,"median":62.87944492627927,"max":62.87944492627927,"min":62.87944492627927}}