{"name":"_06","scoreData":{"2020-09-29":{"id":76561197989054480,"name":"_06","score":25000,"level":4,"character":0,"platform":18,"runframes":15365,"runend":1019,"unknown1":1967,"unknown2":606,"rank":1961,"percentile":64.94992846924177}},"tenDayPercentiles":[],"tenDayDecayingPercentileScore":0,"scoresByDay":[],"rankSummary":{"mean":1961,"median":1961,"max":1961,"min":1961},"percentileSummary":{"mean":64.94992846924177,"median":64.94992846924177,"max":64.94992846924177,"min":64.94992846924177}}