{"name":"_101_11","scoreData":{"2020-10-10":{"id":76561198082871900,"name":"_101_11","score":0,"level":1,"character":14,"platform":18,"runframes":284,"runend":1022,"unknown1":4294966786,"unknown2":122,"rank":6450,"percentile":2.22862340812614}},"tenDayPercentiles":[],"tenDayDecayingPercentileScore":0,"scoresByDay":[],"rankSummary":{"mean":6450,"median":6450,"max":6450,"min":6450},"percentileSummary":{"mean":2.22862340812614,"median":2.22862340812614,"max":2.22862340812614,"min":2.22862340812614}}