{"name":"[0xFF]otori","scoreData":{"2020-11-19":{"id":76561198066507550,"name":"[0xFF]otori","score":59150,"level":8,"character":0,"platform":18,"runframes":65222,"runend":1015,"unknown1":4294964564,"unknown2":4294963740,"rank":764,"percentile":80.46594982078852}},"tenDayPercentiles":[80.46594982078852],"tenDayDecayingPercentileScore":72.41935483870968,"scoresByDay":[72.41935483870968],"rankSummary":{"mean":764,"median":764,"max":764,"min":764},"percentileSummary":{"mean":80.46594982078852,"median":80.46594982078852,"max":80.46594982078852,"min":80.46594982078852}}