{"name":"[7$] Tieno","scoreData":{"2020-11-11":{"id":76561197997667380,"name":"[7$] Tieno","score":116675,"level":17,"character":12,"platform":18,"runframes":131449,"runend":1006,"unknown1":4294965674,"unknown2":4294966860,"rank":132,"percentile":97.05485611510791}},"tenDayPercentiles":[],"tenDayDecayingPercentileScore":0,"scoresByDay":[],"rankSummary":{"mean":132,"median":132,"max":132,"min":132},"percentileSummary":{"mean":97.05485611510791,"median":97.05485611510791,"max":97.05485611510791,"min":97.05485611510791}}