{"name":"!*!!*!AmaDeuS!*!!*!","scoreData":{"2020-10-07":{"id":76561199482516370,"name":"!*!!*!AmaDeuS!*!!*!","score":5200,"level":1,"character":3,"platform":18,"runframes":4014,"runend":1022,"unknown1":4294963628,"unknown2":4294961766,"rank":5650,"percentile":13.412017167381975}},"tenDayPercentiles":[],"tenDayDecayingPercentileScore":0,"scoresByDay":[],"rankSummary":{"mean":5650,"median":5650,"max":5650,"min":5650},"percentileSummary":{"mean":13.412017167381975,"median":13.412017167381975,"max":13.412017167381975,"min":13.412017167381975}}