{"name":"™®*RESIDENT_LEON*®™","scoreData":{"2020-09-30":{"id":76561198055542080,"name":"™®*RESIDENT_LEON*®™","score":4500,"level":1,"character":0,"platform":18,"runframes":3528,"runend":1022,"unknown1":3300,"unknown2":408,"rank":7316,"percentile":5.295183842568619}},"tenDayPercentiles":[],"tenDayDecayingPercentileScore":0,"scoresByDay":[],"rankSummary":{"mean":7316,"median":7316,"max":7316,"min":7316},"percentileSummary":{"mean":5.295183842568619,"median":5.295183842568619,"max":5.295183842568619,"min":5.295183842568619}}