{"name":"씨니카모발년이","scoreData":{"2020-09-30":{"id":4581308820645688000,"name":"씨니카모발년이","score":7700,"level":1,"character":0,"platform":18,"runframes":3349,"runend":1022,"unknown1":1997,"unknown2":4294966100,"rank":6599,"percentile":14.577938891765925}},"tenDayPercentiles":[],"tenDayDecayingPercentileScore":0,"scoresByDay":[],"rankSummary":{"mean":6599,"median":6599,"max":6599,"min":6599},"percentileSummary":{"mean":14.577938891765925,"median":14.577938891765925,"max":14.577938891765925,"min":14.577938891765925}}