{"name":".:LEC:. KBza","scoreData":{"2020-10-09":{"id":76561198088321200,"name":".:LEC:. KBza","score":3800,"level":2,"character":4,"platform":18,"runframes":5240,"runend":1021,"unknown1":4294964339,"unknown2":4294963535,"rank":5353,"percentile":14.668367346938766}},"tenDayPercentiles":[],"tenDayDecayingPercentileScore":0,"scoresByDay":[],"rankSummary":{"mean":5353,"median":5353,"max":5353,"min":5353},"percentileSummary":{"mean":14.668367346938766,"median":14.668367346938766,"max":14.668367346938766,"min":14.668367346938766}}