{"name":"Murray Franklin:)","scoreData":{"2020-10-31":{"id":76561198119662640,"name":"Murray Franklin:)","score":11700,"level":2,"character":7,"platform":18,"runframes":5389,"runend":1021,"unknown1":4294964587,"unknown2":672,"rank":3472,"percentile":26.972438459920042}},"tenDayPercentiles":[],"tenDayDecayingPercentileScore":0,"scoresByDay":[],"rankSummary":{"mean":3472,"median":3472,"max":3472,"min":3472},"percentileSummary":{"mean":26.972438459920042,"median":26.972438459920042,"max":26.972438459920042,"min":26.972438459920042}}