{"name":"Обрыга2006","scoreData":{"2020-09-30":{"id":1153945617816190000,"name":"Обрыга2006","score":3500,"level":1,"character":3,"platform":18,"runframes":4239,"runend":1022,"unknown1":4294965964,"unknown2":4294964284,"rank":7448,"percentile":3.5862247540134717}},"tenDayPercentiles":[],"tenDayDecayingPercentileScore":0,"scoresByDay":[],"rankSummary":{"mean":7448,"median":7448,"max":7448,"min":7448},"percentileSummary":{"mean":3.5862247540134717,"median":3.5862247540134717,"max":3.5862247540134717,"min":3.5862247540134717}}