{"name":"♀ Sylv~r Skyveon","scoreData":{"2020-11-06":{"id":76561199424003790,"name":"♀ Sylv~r Skyveon","score":7600,"level":2,"character":0,"platform":18,"runframes":9773,"runend":1021,"unknown1":4294964010,"unknown2":4294963940,"rank":3856,"percentile":14.99448732083792}},"tenDayPercentiles":[],"tenDayDecayingPercentileScore":0,"scoresByDay":[],"rankSummary":{"mean":3856,"median":3856,"max":3856,"min":3856},"percentileSummary":{"mean":14.99448732083792,"median":14.99448732083792,"max":14.99448732083792,"min":14.99448732083792}}