{"name":"̛̬͓͟Fọ̶̪x ̬͓͟","scoreData":{"2020-10-06":{"id":76561197991981250,"name":"̛̬͓͟Fọ̶̪x ̬͓͟","score":6000,"level":2,"character":11,"platform":18,"runframes":7257,"runend":1021,"unknown1":434,"unknown2":896,"rank":5641,"percentile":16.99779249448123}},"tenDayPercentiles":[],"tenDayDecayingPercentileScore":0,"scoresByDay":[],"rankSummary":{"mean":5641,"median":5641,"max":5641,"min":5641},"percentileSummary":{"mean":16.99779249448123,"median":16.99779249448123,"max":16.99779249448123,"min":16.99779249448123}}