{"name":"지갑전사흑마","scoreData":{"2020-09-29":{"id":7782231404926801000,"name":"지갑전사흑마","score":1500,"level":1,"character":0,"platform":18,"runframes":1416,"runend":1022,"unknown1":1906,"unknown2":500,"rank":5542,"percentile":0.9120171673819755}},"tenDayPercentiles":[],"tenDayDecayingPercentileScore":0,"scoresByDay":[],"rankSummary":{"mean":5542,"median":5542,"max":5542,"min":5542},"percentileSummary":{"mean":0.9120171673819755,"median":0.9120171673819755,"max":0.9120171673819755,"min":0.9120171673819755}}