{"name":"サイtog","scoreData":{"2020-11-19":{"id":76561197971902220,"name":"サイtog","score":21400,"level":4,"character":0,"platform":18,"runframes":21355,"runend":1019,"unknown1":1682,"unknown2":1673,"rank":1832,"percentile":53.12339989759345}},"tenDayPercentiles":[],"tenDayDecayingPercentileScore":0,"scoresByDay":[],"rankSummary":{"mean":1832,"median":1832,"max":1832,"min":1832},"percentileSummary":{"mean":53.12339989759345,"median":53.12339989759345,"max":53.12339989759345,"min":53.12339989759345}}