{"name":"ДЖАРАКСУС","scoreData":{"2020-09-29":{"id":5056651907575462000,"name":"ДЖАРАКСУС","score":5000,"level":2,"character":4,"platform":18,"runframes":1909,"runend":1021,"unknown1":1225,"unknown2":26,"rank":4263,"percentile":23.783977110157366}},"tenDayPercentiles":[],"tenDayDecayingPercentileScore":0,"scoresByDay":[],"rankSummary":{"mean":4263,"median":4263,"max":4263,"min":4263},"percentileSummary":{"mean":23.783977110157366,"median":23.783977110157366,"max":23.783977110157366,"min":23.783977110157366}}