{"name":"٦ pain","scoreData":{"2020-10-02":{"id":76561198305417250,"name":"٦ pain","score":7400,"level":1,"character":1,"platform":18,"runframes":4768,"runend":1022,"unknown1":187,"unknown2":43,"rank":6058,"percentile":18.839608736433064}},"tenDayPercentiles":[],"tenDayDecayingPercentileScore":0,"scoresByDay":[],"rankSummary":{"mean":6058,"median":6058,"max":6058,"min":6058},"percentileSummary":{"mean":18.839608736433064,"median":18.839608736433064,"max":18.839608736433064,"min":18.839608736433064}}