{"name":"<b>0wen</b>","scoreData":{"2020-11-20":{"id":3919583463102621700,"name":"<b>0wen</b>","score":10500,"level":1,"character":4,"platform":18,"runframes":4612,"runend":1022,"unknown1":4294964237,"unknown2":4294966697,"rank":3866,"percentile":4.331683168316829}},"tenDayPercentiles":[],"tenDayDecayingPercentileScore":0,"scoresByDay":[],"rankSummary":{"mean":3866,"median":3866,"max":3866,"min":3866},"percentileSummary":{"mean":4.331683168316829,"median":4.331683168316829,"max":4.331683168316829,"min":4.331683168316829}}