{"name":"/dev/null","scoreData":{"2020-10-11":{"id":1538708681544085200,"name":"/dev/null","score":52925,"level":7,"character":7,"platform":18,"runframes":53865,"runend":1016,"unknown1":4294964043,"unknown2":668,"rank":920,"percentile":85.5275590551181}},"tenDayPercentiles":[],"tenDayDecayingPercentileScore":0,"scoresByDay":[],"rankSummary":{"mean":920,"median":920,"max":920,"min":920},"percentileSummary":{"mean":85.5275590551181,"median":85.5275590551181,"max":85.5275590551181,"min":85.5275590551181}}