{"name":"*EGN*Boys Martin","scoreData":{"2020-11-19":{"id":7207943476931373000,"name":"*EGN*Boys Martin","score":37425,"level":7,"character":7,"platform":18,"runframes":43355,"runend":1016,"unknown1":1655,"unknown2":846,"rank":1242,"percentile":68.22836661546339}},"tenDayPercentiles":[68.22836661546339],"tenDayDecayingPercentileScore":61.405529953917046,"scoresByDay":[61.405529953917046],"rankSummary":{"mean":1242,"median":1242,"max":1242,"min":1242},"percentileSummary":{"mean":68.22836661546339,"median":68.22836661546339,"max":68.22836661546339,"min":68.22836661546339}}