{"name":"☛M0nstr0li0⎝⎝⎝","scoreData":{"2020-10-11":{"id":9210212996348632000,"name":"☛M0nstr0li0⎝⎝⎝","score":19000,"level":3,"character":2,"platform":18,"runframes":13778,"runend":1020,"unknown1":3319,"unknown2":3018,"rank":3802,"percentile":40.14173228346457}},"tenDayPercentiles":[],"tenDayDecayingPercentileScore":0,"scoresByDay":[],"rankSummary":{"mean":3802,"median":3802,"max":3802,"min":3802},"percentileSummary":{"mean":40.14173228346457,"median":40.14173228346457,"max":40.14173228346457,"min":40.14173228346457}}