{"name":"♠Nari","scoreData":{"2020-10-03":{"id":76561198838873300,"name":"♠Nari","score":2300,"level":2,"character":5,"platform":18,"runframes":3842,"runend":1021,"unknown1":4294966540,"unknown2":4294960146,"rank":6499,"percentile":17.726006583945292}},"tenDayPercentiles":[],"tenDayDecayingPercentileScore":0,"scoresByDay":[],"rankSummary":{"mean":6499,"median":6499,"max":6499,"min":6499},"percentileSummary":{"mean":17.726006583945292,"median":17.726006583945292,"max":17.726006583945292,"min":17.726006583945292}}