{"name":"[NinBlu] Jarenth","scoreData":{"2020-10-13":{"id":6459617464540269000,"name":"[NinBlu] Jarenth","score":66450,"level":10,"character":5,"platform":18,"runframes":48050,"runend":1013,"unknown1":9,"unknown2":9,"rank":362,"percentile":93.84484228473998}},"tenDayPercentiles":[],"tenDayDecayingPercentileScore":0,"scoresByDay":[],"rankSummary":{"mean":362,"median":362,"max":362,"min":362},"percentileSummary":{"mean":93.84484228473998,"median":93.84484228473998,"max":93.84484228473998,"min":93.84484228473998}}