{"name":"łot?","scoreData":{"2020-10-11":{"id":76561198047147740,"name":"łot?","score":19800,"level":4,"character":0,"platform":18,"runframes":18431,"runend":1019,"unknown1":2535,"unknown2":331,"rank":2794,"percentile":56.01574803149607}},"tenDayPercentiles":[],"tenDayDecayingPercentileScore":0,"scoresByDay":[],"rankSummary":{"mean":2794,"median":2794,"max":2794,"min":2794},"percentileSummary":{"mean":56.01574803149607,"median":56.01574803149607,"max":56.01574803149607,"min":56.01574803149607}}