{"name":"$peedboat Randy ♿","scoreData":{"2020-10-15":{"id":76561198162694260,"name":"$peedboat Randy ♿","score":6000,"level":2,"character":4,"platform":18,"runframes":5991,"runend":1021,"unknown1":4294964623,"unknown2":522,"rank":4913,"percentile":14.677783567830474}},"tenDayPercentiles":[],"tenDayDecayingPercentileScore":0,"scoresByDay":[],"rankSummary":{"mean":4913,"median":4913,"max":4913,"min":4913},"percentileSummary":{"mean":14.677783567830474,"median":14.677783567830474,"max":14.677783567830474,"min":14.677783567830474}}