{"name":"[SUS]DrakulaMan","scoreData":{"2020-11-16":{"id":76561198025073140,"name":"[SUS]DrakulaMan","score":10800,"level":2,"character":9,"platform":18,"runframes":7137,"runend":1021,"unknown1":1330,"unknown2":747,"rank":2477,"percentile":36.57786885245902}},"tenDayPercentiles":[36.57786885245902],"tenDayDecayingPercentileScore":21.59886577868853,"scoresByDay":[21.59886577868853],"rankSummary":{"mean":2477,"median":2477,"max":2477,"min":2477},"percentileSummary":{"mean":36.57786885245902,"median":36.57786885245902,"max":36.57786885245902,"min":36.57786885245902}}