{"name":"ùwú","scoreData":{"2020-11-03":{"id":76561198040049390,"name":"ùwú","score":21475,"level":9,"character":5,"platform":18,"runframes":188045,"runend":1014,"unknown1":4294967047,"unknown2":2536,"rank":764,"percentile":83.03690529124054}},"tenDayPercentiles":[],"tenDayDecayingPercentileScore":0,"scoresByDay":[],"rankSummary":{"mean":764,"median":764,"max":764,"min":764},"percentileSummary":{"mean":83.03690529124054,"median":83.03690529124054,"max":83.03690529124054,"min":83.03690529124054}}