{"name":"_Don_Cheadle_","scoreData":{"2020-10-06":{"id":76561198019770350,"name":"_Don_Cheadle_","score":2500,"level":2,"character":7,"platform":18,"runframes":5020,"runend":1021,"unknown1":4294965635,"unknown2":79,"rank":5938,"percentile":12.62693156732891}},"tenDayPercentiles":[],"tenDayDecayingPercentileScore":0,"scoresByDay":[],"rankSummary":{"mean":5938,"median":5938,"max":5938,"min":5938},"percentileSummary":{"mean":12.62693156732891,"median":12.62693156732891,"max":12.62693156732891,"min":12.62693156732891}}