{"name":"n8smoove","scoreData":{"2020-09-25":{"id":3265319969030707000,"name":"n8smoove","score":11300,"level":2,"character":4,"platform":48,"runframes":7726,"runend":1021,"unknown1":12,"unknown2":1274,"rank":1357,"percentile":40.99216710182768}},"tenDayPercentiles":[],"tenDayDecayingPercentileScore":0,"scoresByDay":[],"rankSummary":{"mean":1357,"median":1357,"max":1357,"min":1357},"percentileSummary":{"mean":40.99216710182768,"median":40.99216710182768,"max":40.99216710182768,"min":40.99216710182768}}