{"name":"née Hypimal","scoreData":{"2020-11-17":{"id":76561198018791890,"name":"née Hypimal","score":52925,"level":5,"character":0,"platform":18,"runframes":33517,"runend":1018,"unknown1":4294964706,"unknown2":4294965348,"rank":901,"percentile":77.0290964777948}},"tenDayPercentiles":[77.0290964777948],"tenDayDecayingPercentileScore":62.39356814701379,"scoresByDay":[62.39356814701379],"rankSummary":{"mean":901,"median":901,"max":901,"min":901},"percentileSummary":{"mean":77.0290964777948,"median":77.0290964777948,"max":77.0290964777948,"min":77.0290964777948}}