{"name":"na","scoreData":{"2020-10-30":{"id":76561197993103520,"name":"na","score":10800,"level":2,"character":0,"platform":18,"runframes":4032,"runend":1021,"unknown1":1653,"unknown2":4294965978,"rank":2979,"percentile":37.29206148662877}},"tenDayPercentiles":[],"tenDayDecayingPercentileScore":0,"scoresByDay":[],"rankSummary":{"mean":2979,"median":2979,"max":2979,"min":2979},"percentileSummary":{"mean":37.29206148662877,"median":37.29206148662877,"max":37.29206148662877,"min":37.29206148662877}}