{"name":"Nachofizz","scoreData":{"2020-11-11":{"id":76561198117015660,"name":"Nachofizz","score":18400,"level":5,"character":7,"platform":18,"runframes":17309,"runend":1018,"unknown1":4294964616,"unknown2":4294966411,"rank":2134,"percentile":52.04586330935252}},"tenDayPercentiles":[52.04586330935252],"tenDayDecayingPercentileScore":22.40403757081835,"scoresByDay":[22.40403757081835],"rankSummary":{"mean":2134,"median":2134,"max":2134,"min":2134},"percentileSummary":{"mean":52.04586330935252,"median":52.04586330935252,"max":52.04586330935252,"min":52.04586330935252}}