{"name":"nacho2k09","scoreData":{"2020-10-29":{"id":6398047075819557000,"name":"nacho2k09","score":0,"level":2,"character":0,"platform":18,"runframes":4787,"runend":1021,"unknown1":3575,"unknown2":442,"rank":4035,"percentile":15.659627848630564}},"tenDayPercentiles":[],"tenDayDecayingPercentileScore":0,"scoresByDay":[],"rankSummary":{"mean":4035,"median":4035,"max":4035,"min":4035},"percentileSummary":{"mean":15.659627848630564,"median":15.659627848630564,"max":15.659627848630564,"min":15.659627848630564}}