{"name":"Naelo","scoreData":{"2020-10-03":{"id":76561198015809070,"name":"Naelo","score":11000,"level":2,"character":3,"platform":18,"runframes":7547,"runend":1021,"unknown1":4294963467,"unknown2":90,"rank":4850,"percentile":38.60471005317802}},"tenDayPercentiles":[],"tenDayDecayingPercentileScore":0,"scoresByDay":[],"rankSummary":{"mean":4850,"median":4850,"max":4850,"min":4850},"percentileSummary":{"mean":38.60471005317802,"median":38.60471005317802,"max":38.60471005317802,"min":38.60471005317802}}