{"name":"Nairu","scoreData":{"2020-09-29":{"id":76561198064459330,"name":"Nairu","score":23675,"level":8,"character":7,"platform":18,"runframes":32116,"runend":1015,"unknown1":4294965791,"unknown2":499,"rank":376,"percentile":93.29399141630901}},"tenDayPercentiles":[],"tenDayDecayingPercentileScore":0,"scoresByDay":[],"rankSummary":{"mean":376,"median":376,"max":376,"min":376},"percentileSummary":{"mean":93.29399141630901,"median":93.29399141630901,"max":93.29399141630901,"min":93.29399141630901}}