{"name":"NaitoYoru","scoreData":{"2020-11-04":{"id":76561198021717500,"name":"NaitoYoru","score":19400,"level":3,"character":0,"platform":18,"runframes":21644,"runend":1020,"unknown1":1766,"unknown2":880,"rank":2788,"percentile":37.914903096458005}},"tenDayPercentiles":[],"tenDayDecayingPercentileScore":0,"scoresByDay":[],"rankSummary":{"mean":2788,"median":2788,"max":2788,"min":2788},"percentileSummary":{"mean":37.914903096458005,"median":37.914903096458005,"max":37.914903096458005,"min":37.914903096458005}}