{"name":"Naked Beekeeper","scoreData":{"2020-10-06":{"id":76561198355314750,"name":"Naked Beekeeper","score":7400,"level":2,"character":4,"platform":18,"runframes":6891,"runend":1021,"unknown1":2723,"unknown2":356,"rank":5492,"percentile":19.19058130978661}},"tenDayDecayingPercentileMean":null,"rankSummary":{"mean":5492,"median":5492,"max":5492,"min":5492},"percentileSummary":{"mean":19.19058130978661,"median":19.19058130978661,"max":19.19058130978661,"min":19.19058130978661}}