{"name":"namkoEn","scoreData":{"2020-10-31":{"id":76561198026221650,"name":"namkoEn","score":15700,"level":2,"character":6,"platform":48,"runframes":7786,"runend":1021,"unknown1":3837,"unknown2":4226,"rank":3132,"percentile":34.125815274563436}},"tenDayPercentiles":[],"tenDayDecayingPercentileScore":0,"scoresByDay":[],"rankSummary":{"mean":3132,"median":3132,"max":3132,"min":3132},"percentileSummary":{"mean":34.125815274563436,"median":34.125815274563436,"max":34.125815274563436,"min":34.125815274563436}}