{"name":"nanolimp","scoreData":{"2020-10-21":{"id":76561198048868420,"name":"nanolimp","score":8500,"level":2,"character":0,"platform":18,"runframes":6957,"runend":1021,"unknown1":4294963618,"unknown2":4294965277,"rank":3830,"percentile":28.669895678092388}},"tenDayPercentiles":[],"tenDayDecayingPercentileScore":0,"scoresByDay":[],"rankSummary":{"mean":3830,"median":3830,"max":3830,"min":3830},"percentileSummary":{"mean":28.669895678092388,"median":28.669895678092388,"max":28.669895678092388,"min":28.669895678092388}}