{"name":"narubane","scoreData":{"2020-09-24":{"id":3535398398234593300,"name":"narubane","score":2100,"level":2,"character":0,"platform":48,"runframes":7082,"runend":1021,"unknown1":4294966717,"unknown2":4294966223,"rank":1952,"percentile":15.394622723330443}},"tenDayPercentiles":[],"tenDayDecayingPercentileScore":0,"scoresByDay":[],"rankSummary":{"mean":1952,"median":1952,"max":1952,"min":1952},"percentileSummary":{"mean":15.394622723330443,"median":15.394622723330443,"max":15.394622723330443,"min":15.394622723330443}}