{"name":"Nasache","scoreData":{"2020-09-30":{"id":76561198231598880,"name":"Nasache","score":8100,"level":3,"character":0,"platform":18,"runframes":8678,"runend":1020,"unknown1":4294963537,"unknown2":73,"rank":3463,"percentile":55.178663904712586}},"tenDayPercentiles":[],"tenDayDecayingPercentileScore":0,"scoresByDay":[],"rankSummary":{"mean":3463,"median":3463,"max":3463,"min":3463},"percentileSummary":{"mean":55.178663904712586,"median":55.178663904712586,"max":55.178663904712586,"min":55.178663904712586}}