{"name":"NastyNash777","scoreData":{"2020-11-09":{"id":76561198214097070,"name":"NastyNash777","score":4800,"level":1,"character":2,"platform":48,"runframes":3444,"runend":1022,"unknown1":2654,"unknown2":19,"rank":4122,"percentile":5.546642218656885}},"tenDayPercentiles":[],"tenDayDecayingPercentileScore":0,"scoresByDay":[],"rankSummary":{"mean":4122,"median":4122,"max":4122,"min":4122},"percentileSummary":{"mean":5.546642218656885,"median":5.546642218656885,"max":5.546642218656885,"min":5.546642218656885}}