{"name":"natanyoshi","scoreData":{"2020-10-17":{"id":3453195879037432300,"name":"natanyoshi","score":500,"level":2,"character":3,"platform":18,"runframes":4146,"runend":1021,"unknown1":4294964727,"unknown2":717,"rank":5015,"percentile":14.261285909712711}},"tenDayPercentiles":[],"tenDayDecayingPercentileScore":0,"scoresByDay":[],"rankSummary":{"mean":5015,"median":5015,"max":5015,"min":5015},"percentileSummary":{"mean":14.261285909712711,"median":14.261285909712711,"max":14.261285909712711,"min":14.261285909712711}}