{"name":"Nate2gamer","scoreData":{"2020-09-30":{"id":6223257755372938000,"name":"Nate2gamer","score":5600,"level":1,"character":3,"platform":18,"runframes":2395,"runend":1022,"unknown1":1580,"unknown2":1453,"rank":7078,"percentile":8.376488865872602}},"tenDayPercentiles":[],"tenDayDecayingPercentileScore":0,"scoresByDay":[],"rankSummary":{"mean":7078,"median":7078,"max":7078,"min":7078},"percentileSummary":{"mean":8.376488865872602,"median":8.376488865872602,"max":8.376488865872602,"min":8.376488865872602}}