{"name":"Nate","scoreData":{"2020-11-09":{"id":76561198964854600,"name":"Nate","score":7900,"level":1,"character":18,"platform":18,"runframes":7042,"runend":1022,"unknown1":461,"unknown2":4294965845,"rank":3688,"percentile":15.493926197570488}},"tenDayPercentiles":[],"tenDayDecayingPercentileScore":0,"scoresByDay":[],"rankSummary":{"mean":3688,"median":3688,"max":3688,"min":3688},"percentileSummary":{"mean":15.493926197570488,"median":15.493926197570488,"max":15.493926197570488,"min":15.493926197570488}}