{"name":"NateTheSpawn42","scoreData":{"2020-10-13":{"id":76561198976675620,"name":"NateTheSpawn42","score":7200,"level":1,"character":0,"platform":48,"runframes":3206,"runend":1022,"unknown1":4028,"unknown2":3225,"rank":5528,"percentile":5.763000852514921}},"tenDayPercentiles":[],"tenDayDecayingPercentileScore":0,"scoresByDay":[],"rankSummary":{"mean":5528,"median":5528,"max":5528,"min":5528},"percentileSummary":{"mean":5.763000852514921,"median":5.763000852514921,"max":5.763000852514921,"min":5.763000852514921}}