{"name":"Natie_Con","scoreData":{"2020-10-17":{"id":76561198181026860,"name":"Natie_Con","score":0,"level":1,"character":7,"platform":48,"runframes":600,"runend":1022,"unknown1":4294964610,"unknown2":4294963462,"rank":5638,"percentile":3.6080711354309187}},"tenDayPercentiles":[],"tenDayDecayingPercentileScore":0,"scoresByDay":[],"rankSummary":{"mean":5638,"median":5638,"max":5638,"min":5638},"percentileSummary":{"mean":3.6080711354309187,"median":3.6080711354309187,"max":3.6080711354309187,"min":3.6080711354309187}}