{"name":"Nature","scoreData":{"2020-10-21":{"id":76561198255760590,"name":"Nature","score":18575,"level":5,"character":3,"platform":18,"runframes":7873,"runend":1018,"unknown1":79,"unknown2":4294966131,"rank":2001,"percentile":62.742175856929954}},"tenDayPercentiles":[],"tenDayDecayingPercentileScore":0,"scoresByDay":[],"rankSummary":{"mean":2001,"median":2001,"max":2001,"min":2001},"percentileSummary":{"mean":62.742175856929954,"median":62.742175856929954,"max":62.742175856929954,"min":62.742175856929954}}