{"name":"Nauthyz","scoreData":{"2020-10-12":{"id":5668341900729716000,"name":"Nauthyz","score":4600,"level":2,"character":7,"platform":48,"runframes":4960,"runend":1021,"unknown1":47,"unknown2":4294966228,"rank":4673,"percentile":21.92513368983957}},"tenDayPercentiles":[],"tenDayDecayingPercentileScore":0,"scoresByDay":[],"rankSummary":{"mean":4673,"median":4673,"max":4673,"min":4673},"percentileSummary":{"mean":21.92513368983957,"median":21.92513368983957,"max":21.92513368983957,"min":21.92513368983957}}