{"name":"Ndre_Digital","scoreData":{"2020-11-05":{"id":76561198063552960,"name":"Ndre_Digital","score":10200,"level":1,"character":2,"platform":48,"runframes":7567,"runend":1022,"unknown1":4294965358,"unknown2":875,"rank":3711,"percentile":17.518897287683416}},"tenDayPercentiles":[],"tenDayDecayingPercentileScore":0,"scoresByDay":[],"rankSummary":{"mean":3711,"median":3711,"max":3711,"min":3711},"percentileSummary":{"mean":17.518897287683416,"median":17.518897287683416,"max":17.518897287683416,"min":17.518897287683416}}