{"name":"Nealesse","scoreData":{"2020-11-11":{"id":76561198042116110,"name":"Nealesse","score":0,"level":1,"character":3,"platform":48,"runframes":422,"runend":1022,"unknown1":1968,"unknown2":2545,"rank":4448,"percentile":0.02248201438848696}},"tenDayPercentiles":[0.02248201438848696],"tenDayDecayingPercentileScore":0.009677770008991839,"scoresByDay":[0.009677770008991839],"rankSummary":{"mean":4448,"median":4448,"max":4448,"min":4448},"percentileSummary":{"mean":0.02248201438848696,"median":0.02248201438848696,"max":0.02248201438848696,"min":0.02248201438848696}}