{"name":"Neanda","scoreData":{"2020-10-10":{"id":844716746398663200,"name":"Neanda","score":1600,"level":1,"character":0,"platform":18,"runframes":558,"runend":1022,"unknown1":642,"unknown2":3767,"rank":5965,"percentile":9.58156458459672}},"tenDayPercentiles":[],"tenDayDecayingPercentileScore":0,"scoresByDay":[],"rankSummary":{"mean":5965,"median":5965,"max":5965,"min":5965},"percentileSummary":{"mean":9.58156458459672,"median":9.58156458459672,"max":9.58156458459672,"min":9.58156458459672}}