{"name":"Nebby500444","scoreData":{"2020-10-06":{"id":76561197998651900,"name":"Nebby500444","score":37000,"level":5,"character":2,"platform":48,"runframes":20966,"runend":1018,"unknown1":4381,"unknown2":424,"rank":1615,"percentile":76.24724061810154}},"tenDayPercentiles":[],"tenDayDecayingPercentileScore":0,"scoresByDay":[],"rankSummary":{"mean":1615,"median":1615,"max":1615,"min":1615},"percentileSummary":{"mean":76.24724061810154,"median":76.24724061810154,"max":76.24724061810154,"min":76.24724061810154}}