{"name":"nebjit","scoreData":{"2020-10-18":{"id":2935181930948138000,"name":"nebjit","score":32600,"level":6,"character":4,"platform":18,"runframes":19973,"runend":1017,"unknown1":4294964786,"unknown2":76,"rank":2109,"percentile":64.43994601889338}},"tenDayPercentiles":[],"tenDayDecayingPercentileScore":0,"scoresByDay":[],"rankSummary":{"mean":2109,"median":2109,"max":2109,"min":2109},"percentileSummary":{"mean":64.43994601889338,"median":64.43994601889338,"max":64.43994601889338,"min":64.43994601889338}}