{"name":"Nebula1215","scoreData":{"2020-09-25":{"id":7063361339561203000,"name":"Nebula1215","score":25050,"level":5,"character":1,"platform":48,"runframes":23861,"runend":1018,"unknown1":507,"unknown2":167,"rank":528,"percentile":77.06701479547432}},"tenDayPercentiles":[],"tenDayDecayingPercentileScore":0,"scoresByDay":[],"rankSummary":{"mean":528,"median":528,"max":528,"min":528},"percentileSummary":{"mean":77.06701479547432,"median":77.06701479547432,"max":77.06701479547432,"min":77.06701479547432}}