{"name":"necroglass","scoreData":{"2020-11-19":{"id":76561198087190290,"name":"necroglass","score":1500,"level":1,"character":2,"platform":18,"runframes":2244,"runend":1022,"unknown1":4294967221,"unknown2":100,"rank":3784,"percentile":3.149001536098311}},"tenDayPercentiles":[],"tenDayDecayingPercentileScore":0,"scoresByDay":[],"rankSummary":{"mean":3784,"median":3784,"max":3784,"min":3784},"percentileSummary":{"mean":3.149001536098311,"median":3.149001536098311,"max":3.149001536098311,"min":3.149001536098311}}