{"name":"neffets-1986","scoreData":{"2020-09-19":{"id":5216959391409304000,"name":"neffets-1986","score":1500,"level":2,"character":4,"platform":48,"runframes":2546,"runend":1021,"unknown1":4294966374,"unknown2":891,"rank":2100,"percentile":29.93991989319092}},"tenDayPercentiles":[],"tenDayDecayingPercentileScore":0,"scoresByDay":[],"rankSummary":{"mean":2100,"median":2100,"max":2100,"min":2100},"percentileSummary":{"mean":29.93991989319092,"median":29.93991989319092,"max":29.93991989319092,"min":29.93991989319092}}