{"name":"Negitox","scoreData":{"2020-09-30":{"id":2856494851420555300,"name":"Negitox","score":8600,"level":3,"character":0,"platform":18,"runframes":16631,"runend":1020,"unknown1":4294961130,"unknown2":4294962128,"rank":3415,"percentile":55.80010357327809}},"tenDayPercentiles":[],"tenDayDecayingPercentileScore":0,"scoresByDay":[],"rankSummary":{"mean":3415,"median":3415,"max":3415,"min":3415},"percentileSummary":{"mean":55.80010357327809,"median":55.80010357327809,"max":55.80010357327809,"min":55.80010357327809}}