{"name":"Nehbleh","scoreData":{"2020-10-02":{"id":76561198095503300,"name":"Nehbleh","score":152650,"level":18,"character":7,"platform":48,"runframes":110489,"runend":1005,"unknown1":4062,"unknown2":501,"rank":13,"percentile":99.83920675331636}},"tenDayPercentiles":[],"tenDayDecayingPercentileScore":0,"scoresByDay":[],"rankSummary":{"mean":13,"median":13,"max":13,"min":13},"percentileSummary":{"mean":99.83920675331636,"median":99.83920675331636,"max":99.83920675331636,"min":99.83920675331636}}