{"name":"Nekohnk","scoreData":{"2020-10-24":{"id":76561197965844200,"name":"Nekohnk","score":34375,"level":5,"character":0,"platform":18,"runframes":34415,"runend":1018,"unknown1":4294963803,"unknown2":26,"rank":1570,"percentile":70.79300074460164}},"tenDayPercentiles":[],"tenDayDecayingPercentileScore":0,"scoresByDay":[],"rankSummary":{"mean":1570,"median":1570,"max":1570,"min":1570},"percentileSummary":{"mean":70.79300074460164,"median":70.79300074460164,"max":70.79300074460164,"min":70.79300074460164}}