{"name":"nekro-hammer","scoreData":{"2020-10-04":{"id":3285790889035095000,"name":"nekro-hammer","score":200,"level":2,"character":7,"platform":48,"runframes":5585,"runend":1021,"unknown1":4294961306,"unknown2":126,"rank":6743,"percentile":10.250266240681569}},"tenDayPercentiles":[],"tenDayDecayingPercentileScore":0,"scoresByDay":[],"rankSummary":{"mean":6743,"median":6743,"max":6743,"min":6743},"percentileSummary":{"mean":10.250266240681569,"median":10.250266240681569,"max":10.250266240681569,"min":10.250266240681569}}