{"name":"NellyPimenta","scoreData":{"2020-09-21":{"id":6011744577365716000,"name":"NellyPimenta","score":1000,"level":1,"character":3,"platform":48,"runframes":6572,"runend":1022,"unknown1":4294966906,"unknown2":862,"rank":2440,"percentile":2.3227873448137757}},"tenDayPercentiles":[],"tenDayDecayingPercentileScore":0,"scoresByDay":[],"rankSummary":{"mean":2440,"median":2440,"max":2440,"min":2440},"percentileSummary":{"mean":2.3227873448137757,"median":2.3227873448137757,"max":2.3227873448137757,"min":2.3227873448137757}}