{"name":"Nepeta_enthusaist","scoreData":{"2020-10-15":{"id":662561344040948900,"name":"Nepeta_enthusaist","score":20500,"level":5,"character":3,"platform":18,"runframes":22581,"runend":1018,"unknown1":4294962933,"unknown2":4294966322,"rank":2047,"percentile":64.46065659197498}},"tenDayPercentiles":[],"tenDayDecayingPercentileScore":0,"scoresByDay":[],"rankSummary":{"mean":2047,"median":2047,"max":2047,"min":2047},"percentileSummary":{"mean":64.46065659197498,"median":64.46065659197498,"max":64.46065659197498,"min":64.46065659197498}}