{"name":"Nerve","scoreData":{"2020-11-19":{"id":7912511188826180000,"name":"Nerve","score":41100,"level":9,"character":7,"platform":18,"runframes":56350,"runend":1014,"unknown1":4294966759,"unknown2":4294965371,"rank":549,"percentile":85.97030209933436}},"tenDayPercentiles":[],"tenDayDecayingPercentileScore":0,"scoresByDay":[],"rankSummary":{"mean":549,"median":549,"max":549,"min":549},"percentileSummary":{"mean":85.97030209933436,"median":85.97030209933436,"max":85.97030209933436,"min":85.97030209933436}}