{"name":"neverett","scoreData":{"2020-11-09":{"id":9143298731053262000,"name":"neverett","score":9400,"level":2,"character":1,"platform":18,"runframes":7097,"runend":1021,"unknown1":41,"unknown2":4294964029,"rank":3154,"percentile":27.73321109328444}},"tenDayPercentiles":[27.73321109328444],"tenDayDecayingPercentileScore":9.669972782970436,"scoresByDay":[9.669972782970436],"rankSummary":{"mean":3154,"median":3154,"max":3154,"min":3154},"percentileSummary":{"mean":27.73321109328444,"median":27.73321109328444,"max":27.73321109328444,"min":27.73321109328444}}