{"name":"newbemax","scoreData":{"2020-11-03":{"id":76561197991178780,"name":"newbemax","score":7000,"level":3,"character":5,"platform":18,"runframes":3012,"runend":1020,"unknown1":1844,"unknown2":4294966449,"rank":3337,"percentile":25.833703868385953}},"tenDayPercentiles":[],"tenDayDecayingPercentileScore":0,"scoresByDay":[],"rankSummary":{"mean":3337,"median":3337,"max":3337,"min":3337},"percentileSummary":{"mean":25.833703868385953,"median":25.833703868385953,"max":25.833703868385953,"min":25.833703868385953}}