{"name":"NewMascot","scoreData":{"2020-10-31":{"id":6659646462806815000,"name":"NewMascot","score":6875,"level":6,"character":5,"platform":18,"runframes":24800,"runend":1017,"unknown1":4294966876,"unknown2":222,"rank":1256,"percentile":73.59562381653693}},"tenDayPercentiles":[],"tenDayDecayingPercentileScore":0,"scoresByDay":[],"rankSummary":{"mean":1256,"median":1256,"max":1256,"min":1256},"percentileSummary":{"mean":73.59562381653693,"median":73.59562381653693,"max":73.59562381653693,"min":73.59562381653693}}