{"name":"newtype1983","scoreData":{"2020-10-03":{"id":76561198089150720,"name":"newtype1983","score":14400,"level":2,"character":14,"platform":18,"runframes":15032,"runend":1021,"unknown1":4294966188,"unknown2":23,"rank":3967,"percentile":49.784755634337806}},"tenDayPercentiles":[],"tenDayDecayingPercentileScore":0,"scoresByDay":[],"rankSummary":{"mean":3967,"median":3967,"max":3967,"min":3967},"percentileSummary":{"mean":49.784755634337806,"median":49.784755634337806,"max":49.784755634337806,"min":49.784755634337806}}