{"name":"NewWorldKiller","scoreData":{"2020-09-15":{"id":8299023274576583000,"name":"NewWorldKiller","score":5300,"level":1,"character":3,"platform":48,"runframes":2192,"runend":1022,"unknown1":36,"unknown2":4294966155,"rank":1633,"percentile":10.132158590308364}},"tenDayPercentiles":[],"tenDayDecayingPercentileScore":0,"scoresByDay":[],"rankSummary":{"mean":1633,"median":1633,"max":1633,"min":1633},"percentileSummary":{"mean":10.132158590308364,"median":10.132158590308364,"max":10.132158590308364,"min":10.132158590308364}}