{"name":"nf_test_eu_1997","scoreData":{"2020-11-13":{"id":76561198011217040,"name":"nf_test_eu_1997","score":12900,"level":3,"character":0,"platform":48,"runframes":13116,"runend":1020,"unknown1":4294965725,"unknown2":4294966230,"rank":2987,"percentile":28.904761904761898}},"tenDayPercentiles":[28.904761904761898],"tenDayDecayingPercentileScore":12.442552212857143,"scoresByDay":[12.442552212857143],"rankSummary":{"mean":2987,"median":2987,"max":2987,"min":2987},"percentileSummary":{"mean":28.904761904761898,"median":28.904761904761898,"max":28.904761904761898,"min":28.904761904761898}}