{"name":"Nglounge","scoreData":{"2020-11-19":{"id":76561198368269890,"name":"Nglounge","score":1500,"level":1,"character":7,"platform":48,"runframes":3611,"runend":1022,"unknown1":1925,"unknown2":1340,"rank":3749,"percentile":4.0450588837685615}},"tenDayPercentiles":[],"tenDayDecayingPercentileScore":0,"scoresByDay":[],"rankSummary":{"mean":3749,"median":3749,"max":3749,"min":3749},"percentileSummary":{"mean":4.0450588837685615,"median":4.0450588837685615,"max":4.0450588837685615,"min":4.0450588837685615}}