{"name":"NGP Poilu","scoreData":{"2020-10-17":{"id":4791817034467578000,"name":"NGP Poilu","score":17975,"level":6,"character":0,"platform":18,"runframes":24069,"runend":1017,"unknown1":613,"unknown2":4294964326,"rank":1787,"percentile":69.4596443228454}},"tenDayPercentiles":[],"tenDayDecayingPercentileScore":0,"scoresByDay":[],"rankSummary":{"mean":1787,"median":1787,"max":1787,"min":1787},"percentileSummary":{"mean":69.4596443228454,"median":69.4596443228454,"max":69.4596443228454,"min":69.4596443228454}}