{"name":"nicc","scoreData":{"2020-10-01":{"id":76561198257165490,"name":"nicc","score":5600,"level":1,"character":2,"platform":18,"runframes":2110,"runend":1022,"unknown1":1439,"unknown2":601,"rank":5785,"percentile":24.82453860150767}},"tenDayPercentiles":[],"tenDayDecayingPercentileScore":0,"scoresByDay":[],"rankSummary":{"mean":5785,"median":5785,"max":5785,"min":5785},"percentileSummary":{"mean":24.82453860150767,"median":24.82453860150767,"max":24.82453860150767,"min":24.82453860150767}}