{"name":"NiceGuyDerrick","scoreData":{"2020-10-12":{"id":76561198042645120,"name":"NiceGuyDerrick","score":1200,"level":2,"character":0,"platform":18,"runframes":9097,"runend":1021,"unknown1":4294966235,"unknown2":20,"rank":5201,"percentile":13.10160427807486}},"tenDayPercentiles":[],"tenDayDecayingPercentileScore":0,"scoresByDay":[],"rankSummary":{"mean":5201,"median":5201,"max":5201,"min":5201},"percentileSummary":{"mean":13.10160427807486,"median":13.10160427807486,"max":13.10160427807486,"min":13.10160427807486}}