{"name":"Nich","scoreData":{"2020-10-01":{"id":76561199085853280,"name":"Nich","score":0,"level":1,"character":0,"platform":18,"runframes":863,"runend":1022,"unknown1":2164,"unknown2":829,"rank":7621,"percentile":0.9617884065505535}},"tenDayPercentiles":[],"tenDayDecayingPercentileScore":0,"scoresByDay":[],"rankSummary":{"mean":7621,"median":7621,"max":7621,"min":7621},"percentileSummary":{"mean":0.9617884065505535,"median":0.9617884065505535,"max":0.9617884065505535,"min":0.9617884065505535}}