{"name":"nickmike214","scoreData":{"2020-09-29":{"id":3662029296959651300,"name":"nickmike214","score":11500,"level":4,"character":3,"platform":48,"runframes":8290,"runend":1019,"unknown1":1436,"unknown2":2231,"rank":2426,"percentile":56.63447782546495}},"tenDayPercentiles":[],"tenDayDecayingPercentileScore":0,"scoresByDay":[],"rankSummary":{"mean":2426,"median":2426,"max":2426,"min":2426},"percentileSummary":{"mean":56.63447782546495,"median":56.63447782546495,"max":56.63447782546495,"min":56.63447782546495}}