{"name":"nicolasballve","scoreData":{"2020-10-14":{"id":3114357835865986600,"name":"nicolasballve","score":3700,"level":1,"character":0,"platform":18,"runframes":3990,"runend":1022,"unknown1":71,"unknown2":83,"rank":4298,"percentile":22.324656543745476}},"tenDayPercentiles":[],"tenDayDecayingPercentileScore":0,"scoresByDay":[],"rankSummary":{"mean":4298,"median":4298,"max":4298,"min":4298},"percentileSummary":{"mean":22.324656543745476,"median":22.324656543745476,"max":22.324656543745476,"min":22.324656543745476}}