{"name":"nicolash666","scoreData":{"2020-10-25":{"id":76561198075012030,"name":"nicolash666","score":15900,"level":3,"character":7,"platform":48,"runframes":12577,"runend":1020,"unknown1":1358,"unknown2":3332,"rank":3427,"percentile":38.27027027027027}},"tenDayPercentiles":[],"tenDayDecayingPercentileScore":0,"scoresByDay":[],"rankSummary":{"mean":3427,"median":3427,"max":3427,"min":3427},"percentileSummary":{"mean":38.27027027027027,"median":38.27027027027027,"max":38.27027027027027,"min":38.27027027027027}}