{"name":"Nicolaj","scoreData":{"2020-10-05":{"id":3196015844867500500,"name":"Nicolaj","score":17000,"level":4,"character":3,"platform":18,"runframes":20583,"runend":1019,"unknown1":4294965063,"unknown2":190,"rank":3233,"percentile":52.55431591309454}},"tenDayPercentiles":[],"tenDayDecayingPercentileScore":0,"scoresByDay":[],"rankSummary":{"mean":3233,"median":3233,"max":3233,"min":3233},"percentileSummary":{"mean":52.55431591309454,"median":52.55431591309454,"max":52.55431591309454,"min":52.55431591309454}}