{"name":"Nightstalker5000","scoreData":{"2020-09-28":{"id":121064283697056180,"name":"Nightstalker5000","score":28900,"level":8,"character":4,"platform":48,"runframes":49294,"runend":1015,"unknown1":1615,"unknown2":957,"rank":440,"percentile":79.65708989805375}},"tenDayPercentiles":[],"tenDayDecayingPercentileScore":0,"scoresByDay":[],"rankSummary":{"mean":440,"median":440,"max":440,"min":440},"percentileSummary":{"mean":79.65708989805375,"median":79.65708989805375,"max":79.65708989805375,"min":79.65708989805375}}