{"name":"Nightlinx","scoreData":{"2020-10-09":{"id":8606780537805897000,"name":"Nightlinx","score":23875,"level":5,"character":7,"platform":18,"runframes":28528,"runend":1018,"unknown1":2099,"unknown2":2099,"rank":2275,"percentile":63.74362244897959}},"tenDayPercentiles":[],"tenDayDecayingPercentileScore":0,"scoresByDay":[],"rankSummary":{"mean":2275,"median":2275,"max":2275,"min":2275},"percentileSummary":{"mean":63.74362244897959,"median":63.74362244897959,"max":63.74362244897959,"min":63.74362244897959}}