{"name":"Nigh7hawk46","scoreData":{"2020-09-30":{"id":76561198399574910,"name":"Nigh7hawk46","score":13700,"level":3,"character":0,"platform":18,"runframes":12633,"runend":1020,"unknown1":2976,"unknown2":125,"rank":2931,"percentile":62.06628689798032}},"tenDayPercentiles":[],"tenDayDecayingPercentileScore":0,"scoresByDay":[],"rankSummary":{"mean":2931,"median":2931,"max":2931,"min":2931},"percentileSummary":{"mean":62.06628689798032,"median":62.06628689798032,"max":62.06628689798032,"min":62.06628689798032}}