{"name":"NightHawk4488","scoreData":{"2020-10-07":{"id":7505406080023238000,"name":"NightHawk4488","score":3000,"level":1,"character":0,"platform":18,"runframes":1911,"runend":1022,"unknown1":508,"unknown2":19,"rank":6209,"percentile":4.843654199877378}},"tenDayPercentiles":[],"tenDayDecayingPercentileScore":0,"scoresByDay":[],"rankSummary":{"mean":6209,"median":6209,"max":6209,"min":6209},"percentileSummary":{"mean":4.843654199877378,"median":4.843654199877378,"max":4.843654199877378,"min":4.843654199877378}}