{"name":"Nigoma","scoreData":{"2020-10-24":{"id":76561198811854130,"name":"Nigoma","score":4400,"level":2,"character":0,"platform":48,"runframes":6916,"runend":1021,"unknown1":4294966539,"unknown2":154,"rank":4426,"percentile":17.628443782576326}},"tenDayPercentiles":[],"tenDayDecayingPercentileScore":0,"scoresByDay":[],"rankSummary":{"mean":4426,"median":4426,"max":4426,"min":4426},"percentileSummary":{"mean":17.628443782576326,"median":17.628443782576326,"max":17.628443782576326,"min":17.628443782576326}}