{"name":"nikitavi1","scoreData":{"2020-10-08":{"id":76561198434999440,"name":"nikitavi1","score":5800,"level":3,"character":0,"platform":18,"runframes":6247,"runend":1020,"unknown1":4294963488,"unknown2":29,"rank":4200,"percentile":33.75926802334753}},"tenDayPercentiles":[],"tenDayDecayingPercentileScore":0,"scoresByDay":[],"rankSummary":{"mean":4200,"median":4200,"max":4200,"min":4200},"percentileSummary":{"mean":33.75926802334753,"median":33.75926802334753,"max":33.75926802334753,"min":33.75926802334753}}