{"name":"NikolaHimself","scoreData":{"2020-10-15":{"id":76561198008217020,"name":"NikolaHimself","score":8500,"level":1,"character":0,"platform":48,"runframes":3394,"runend":1022,"unknown1":2356,"unknown2":4294964527,"rank":5302,"percentile":7.920792079207914}},"tenDayPercentiles":[],"tenDayDecayingPercentileScore":0,"scoresByDay":[],"rankSummary":{"mean":5302,"median":5302,"max":5302,"min":5302},"percentileSummary":{"mean":7.920792079207914,"median":7.920792079207914,"max":7.920792079207914,"min":7.920792079207914}}