{"name":"Nilo_82","scoreData":{"2020-11-13":{"id":76561197991110940,"name":"Nilo_82","score":500,"level":1,"character":0,"platform":48,"runframes":3670,"runend":1022,"unknown1":57,"unknown2":565,"rank":4157,"percentile":1.047619047619051}},"tenDayPercentiles":[1.047619047619051],"tenDayDecayingPercentileScore":0.5010729428571445,"scoresByDay":[0.5010729428571445],"rankSummary":{"mean":4157,"median":4157,"max":4157,"min":4157},"percentileSummary":{"mean":1.047619047619051,"median":1.047619047619051,"max":1.047619047619051,"min":1.047619047619051}}