{"name":"Nilsa","scoreData":{"2020-10-01":{"id":76561198011605700,"name":"Nilsa","score":2500,"level":1,"character":0,"platform":18,"runframes":2166,"runend":1022,"unknown1":6155,"unknown2":2971,"rank":7171,"percentile":6.810501689628282}},"tenDayPercentiles":[],"tenDayDecayingPercentileScore":0,"scoresByDay":[],"rankSummary":{"mean":7171,"median":7171,"max":7171,"min":7171},"percentileSummary":{"mean":6.810501689628282,"median":6.810501689628282,"max":6.810501689628282,"min":6.810501689628282}}