{"name":"nimble-raccoon","scoreData":{"2020-09-28":{"id":764777443620408400,"name":"nimble-raccoon","score":22600,"level":4,"character":7,"platform":48,"runframes":24202,"runend":1019,"unknown1":1198,"unknown2":665,"rank":1033,"percentile":52.177942539388326}},"tenDayPercentiles":[],"tenDayDecayingPercentileScore":0,"scoresByDay":[],"rankSummary":{"mean":1033,"median":1033,"max":1033,"min":1033},"percentileSummary":{"mean":52.177942539388326,"median":52.177942539388326,"max":52.177942539388326,"min":52.177942539388326}}