{"name":"Ninjasvin","scoreData":{"2020-10-10":{"id":76561199769717680,"name":"Ninjasvin","score":800,"level":1,"character":2,"platform":18,"runframes":4996,"runend":1022,"unknown1":4294966813,"unknown2":527,"rank":6233,"percentile":5.51849605821711}},"tenDayPercentiles":[],"tenDayDecayingPercentileScore":0,"scoresByDay":[],"rankSummary":{"mean":6233,"median":6233,"max":6233,"min":6233},"percentileSummary":{"mean":5.51849605821711,"median":5.51849605821711,"max":5.51849605821711,"min":5.51849605821711}}