{"name":"NINJY426","scoreData":{"2020-09-16":{"id":3181719285375926000,"name":"NINJY426","score":14600,"level":2,"character":0,"platform":48,"runframes":9224,"runend":1021,"unknown1":1985,"unknown2":2510,"rank":1850,"percentile":40.08425145819832}},"tenDayPercentiles":[],"tenDayDecayingPercentileScore":0,"scoresByDay":[],"rankSummary":{"mean":1850,"median":1850,"max":1850,"min":1850},"percentileSummary":{"mean":40.08425145819832,"median":40.08425145819832,"max":40.08425145819832,"min":40.08425145819832}}