{"name":"ninjapunch7","scoreData":{"2020-09-30":{"id":76561198104876420,"name":"ninjapunch7","score":6000,"level":1,"character":5,"platform":48,"runframes":2847,"runend":1022,"unknown1":4294962808,"unknown2":55,"rank":7027,"percentile":9.036768513723459}},"tenDayPercentiles":[],"tenDayDecayingPercentileScore":0,"scoresByDay":[],"rankSummary":{"mean":7027,"median":7027,"max":7027,"min":7027},"percentileSummary":{"mean":9.036768513723459,"median":9.036768513723459,"max":9.036768513723459,"min":9.036768513723459}}