{"name":"Ninjezra","scoreData":{"2020-09-17":{"id":8616090897501111000,"name":"Ninjezra","score":3000,"level":1,"character":3,"platform":48,"runframes":3880,"runend":1022,"unknown1":131,"unknown2":4294965149,"rank":2532,"percentile":10.470463388751327}},"tenDayPercentiles":[],"tenDayDecayingPercentileScore":0,"scoresByDay":[],"rankSummary":{"mean":2532,"median":2532,"max":2532,"min":2532},"percentileSummary":{"mean":10.470463388751327,"median":10.470463388751327,"max":10.470463388751327,"min":10.470463388751327}}