{"name":"NipponKuro","scoreData":{"2020-10-06":{"id":76561198027887890,"name":"NipponKuro","score":500,"level":1,"character":3,"platform":48,"runframes":1862,"runend":1022,"unknown1":4294965362,"unknown2":288,"rank":6590,"percentile":3.03164091243562}},"tenDayPercentiles":[],"tenDayDecayingPercentileScore":0,"scoresByDay":[],"rankSummary":{"mean":6590,"median":6590,"max":6590,"min":6590},"percentileSummary":{"mean":3.03164091243562,"median":3.03164091243562,"max":3.03164091243562,"min":3.03164091243562}}