{"name":"NishiApple","scoreData":{"2020-09-30":{"id":76561198026510500,"name":"NishiApple","score":2400,"level":5,"character":0,"platform":48,"runframes":31515,"runend":1018,"unknown1":2657,"unknown2":3084,"rank":1259,"percentile":83.71310201967893}},"tenDayPercentiles":[],"tenDayDecayingPercentileScore":0,"scoresByDay":[],"rankSummary":{"mean":1259,"median":1259,"max":1259,"min":1259},"percentileSummary":{"mean":83.71310201967893,"median":83.71310201967893,"max":83.71310201967893,"min":83.71310201967893}}