{"name":"NitroDash1","scoreData":{"2020-10-24":{"id":76561198372771060,"name":"NitroDash1","score":18450,"level":5,"character":0,"platform":18,"runframes":15030,"runend":1018,"unknown1":4294965670,"unknown2":985,"rank":1828,"percentile":65.9903201787044}},"tenDayPercentiles":[],"tenDayDecayingPercentileScore":0,"scoresByDay":[],"rankSummary":{"mean":1828,"median":1828,"max":1828,"min":1828},"percentileSummary":{"mean":65.9903201787044,"median":65.9903201787044,"max":65.9903201787044,"min":65.9903201787044}}