{"name":"NIX","scoreData":{"2020-09-30":{"id":76561198013488420,"name":"NIX","score":5000,"level":2,"character":3,"platform":18,"runframes":7401,"runend":1021,"unknown1":4294964037,"unknown2":883,"rank":5552,"percentile":28.13309166235112}},"tenDayPercentiles":[],"tenDayDecayingPercentileScore":0,"scoresByDay":[],"rankSummary":{"mean":5552,"median":5552,"max":5552,"min":5552},"percentileSummary":{"mean":28.13309166235112,"median":28.13309166235112,"max":28.13309166235112,"min":28.13309166235112}}