{"name":"nngrt","scoreData":{"2020-11-22":{"id":76561198093018770,"name":"nngrt","score":21100,"level":3,"character":0,"platform":48,"runframes":18334,"runend":1020,"unknown1":4294964177,"unknown2":4294963768,"rank":1670,"percentile":58.26456614153538}},"tenDayPercentiles":[],"tenDayDecayingPercentileScore":0,"scoresByDay":[],"rankSummary":{"mean":1670,"median":1670,"max":1670,"min":1670},"percentileSummary":{"mean":58.26456614153538,"median":58.26456614153538,"max":58.26456614153538,"min":58.26456614153538}}