{"name":"noahtheboa999","scoreData":{"2020-10-05":{"id":76561198034312100,"name":"noahtheboa999","score":13100,"level":3,"character":5,"platform":48,"runframes":17745,"runend":1020,"unknown1":540,"unknown2":11,"rank":3906,"percentile":42.67469172049325}},"tenDayPercentiles":[],"tenDayDecayingPercentileScore":0,"scoresByDay":[],"rankSummary":{"mean":3906,"median":3906,"max":3906,"min":3906},"percentileSummary":{"mean":42.67469172049325,"median":42.67469172049325,"max":42.67469172049325,"min":42.67469172049325}}