{"name":"Noahstar_26","scoreData":{"2020-10-02":{"id":4326113113558390000,"name":"Noahstar_26","score":11200,"level":3,"character":0,"platform":18,"runframes":13410,"runend":1020,"unknown1":4294962667,"unknown2":4294960514,"rank":3295,"percentile":55.86225378534102}},"tenDayPercentiles":[],"tenDayDecayingPercentileScore":0,"scoresByDay":[],"rankSummary":{"mean":3295,"median":3295,"max":3295,"min":3295},"percentileSummary":{"mean":55.86225378534102,"median":55.86225378534102,"max":55.86225378534102,"min":55.86225378534102}}