{"name":"noahrwood","scoreData":{"2020-10-14":{"id":76561197990526780,"name":"noahrwood","score":10100,"level":2,"character":3,"platform":18,"runframes":6668,"runend":1021,"unknown1":4294964541,"unknown2":1232,"rank":3524,"percentile":36.315979754157624}},"tenDayPercentiles":[],"tenDayDecayingPercentileScore":0,"scoresByDay":[],"rankSummary":{"mean":3524,"median":3524,"max":3524,"min":3524},"percentileSummary":{"mean":36.315979754157624,"median":36.315979754157624,"max":36.315979754157624,"min":36.315979754157624}}