{"name":"NoLandBeyonder","scoreData":{"2020-09-22":{"id":1736031681206475000,"name":"NoLandBeyonder","score":0,"level":1,"character":0,"platform":48,"runframes":697,"runend":1022,"unknown1":4294965047,"unknown2":4294966857,"rank":2317,"percentile":5.930138099106415}},"tenDayPercentiles":[],"tenDayDecayingPercentileScore":0,"scoresByDay":[],"rankSummary":{"mean":2317,"median":2317,"max":2317,"min":2317},"percentileSummary":{"mean":5.930138099106415,"median":5.930138099106415,"max":5.930138099106415,"min":5.930138099106415}}