{"name":"Nolink97","scoreData":{"2020-10-24":{"id":4031350627212760000,"name":"Nolink97","score":22200,"level":4,"character":3,"platform":18,"runframes":30408,"runend":1019,"unknown1":1141,"unknown2":970,"rank":2224,"percentile":58.61876396128071}},"tenDayPercentiles":[],"tenDayDecayingPercentileScore":0,"scoresByDay":[],"rankSummary":{"mean":2224,"median":2224,"max":2224,"min":2224},"percentileSummary":{"mean":58.61876396128071,"median":58.61876396128071,"max":58.61876396128071,"min":58.61876396128071}}