{"name":"Nomad011978","scoreData":{"2020-10-03":{"id":110358733445842900,"name":"Nomad011978","score":5900,"level":2,"character":0,"platform":48,"runframes":3328,"runend":1021,"unknown1":4294965916,"unknown2":4294964305,"rank":5990,"percentile":24.170676120536854}},"tenDayPercentiles":[],"tenDayDecayingPercentileScore":0,"scoresByDay":[],"rankSummary":{"mean":5990,"median":5990,"max":5990,"min":5990},"percentileSummary":{"mean":24.170676120536854,"median":24.170676120536854,"max":24.170676120536854,"min":24.170676120536854}}