{"name":"nonotami","scoreData":{"2020-11-15":{"id":76561201079008480,"name":"nonotami","score":2000,"level":1,"character":3,"platform":18,"runframes":477,"runend":1022,"unknown1":3239,"unknown2":927,"rank":4169,"percentile":3.1373460376481432}},"tenDayPercentiles":[3.1373460376481432],"tenDayDecayingPercentileScore":1.667314315593767,"scoresByDay":[1.667314315593767],"rankSummary":{"mean":4169,"median":4169,"max":4169,"min":4169},"percentileSummary":{"mean":3.1373460376481432,"median":3.1373460376481432,"max":3.1373460376481432,"min":3.1373460376481432}}