{"name":"Noos","scoreData":{"2020-10-22":{"id":9009003859318149000,"name":"Noos","score":800,"level":7,"character":18,"platform":18,"runframes":55945,"runend":1016,"unknown1":4294964698,"unknown2":4294962583,"rank":1017,"percentile":80.85547390239307}},"tenDayPercentiles":[],"tenDayDecayingPercentileScore":0,"scoresByDay":[],"rankSummary":{"mean":1017,"median":1017,"max":1017,"min":1017},"percentileSummary":{"mean":80.85547390239307,"median":80.85547390239307,"max":80.85547390239307,"min":80.85547390239307}}