{"name":"Norah","scoreData":{"2020-10-24":{"id":594902926996691100,"name":"Norah","score":3700,"level":2,"character":0,"platform":18,"runframes":6437,"runend":1021,"unknown1":4294965295,"unknown2":85,"rank":4490,"percentile":16.43708116157856}},"tenDayPercentiles":[],"tenDayDecayingPercentileScore":0,"scoresByDay":[],"rankSummary":{"mean":4490,"median":4490,"max":4490,"min":4490},"percentileSummary":{"mean":16.43708116157856,"median":16.43708116157856,"max":16.43708116157856,"min":16.43708116157856}}