{"name":"Nordsky","scoreData":{"2020-11-21":{"id":76561198354170350,"name":"Nordsky","score":30500,"level":5,"character":4,"platform":18,"runframes":47621,"runend":1018,"unknown1":4294966695,"unknown2":133,"rank":1522,"percentile":63.358226933269094}},"tenDayPercentiles":[],"tenDayDecayingPercentileScore":0,"scoresByDay":[],"rankSummary":{"mean":1522,"median":1522,"max":1522,"min":1522},"percentileSummary":{"mean":63.358226933269094,"median":63.358226933269094,"max":63.358226933269094,"min":63.358226933269094}}