{"name":"Norden","scoreData":{"2020-10-08":{"id":76561197985073180,"name":"Norden","score":7300,"level":2,"character":3,"platform":18,"runframes":4595,"runend":1021,"unknown1":3545,"unknown2":3,"rank":5416,"percentile":14.576431613819224}},"tenDayPercentiles":[],"tenDayDecayingPercentileScore":0,"scoresByDay":[],"rankSummary":{"mean":5416,"median":5416,"max":5416,"min":5416},"percentileSummary":{"mean":14.576431613819224,"median":14.576431613819224,"max":14.576431613819224,"min":14.576431613819224}}