{"name":"NoShalom4U","scoreData":{"2020-11-13":{"id":2697541259879079400,"name":"NoShalom4U","score":2000,"level":1,"character":3,"platform":48,"runframes":2094,"runend":1022,"unknown1":4294967251,"unknown2":3056,"rank":4091,"percentile":2.6190476190476204}},"tenDayPercentiles":[2.6190476190476204],"tenDayDecayingPercentileScore":1.014672709285715,"scoresByDay":[1.014672709285715],"rankSummary":{"mean":4091,"median":4091,"max":4091,"min":4091},"percentileSummary":{"mean":2.6190476190476204,"median":2.6190476190476204,"max":2.6190476190476204,"min":2.6190476190476204}}