{"name":"not_player_2","scoreData":{"2020-09-18":{"id":1538708681544085200,"name":"not_player_2","score":2000,"level":2,"character":3,"platform":48,"runframes":3666,"runend":1021,"unknown1":4294966538,"unknown2":256,"rank":2409,"percentile":13.876967095851214}},"tenDayPercentiles":[],"tenDayDecayingPercentileScore":0,"scoresByDay":[],"rankSummary":{"mean":2409,"median":2409,"max":2409,"min":2409},"percentileSummary":{"mean":13.876967095851214,"median":13.876967095851214,"max":13.876967095851214,"min":13.876967095851214}}