{"name":"NotClueless","scoreData":{"2020-11-02":{"id":76561197988250670,"name":"NotClueless","score":17300,"level":2,"character":2,"platform":18,"runframes":12113,"runend":1021,"unknown1":3035,"unknown2":620,"rank":3136,"percentile":29.912810194500338}},"tenDayPercentiles":[],"tenDayDecayingPercentileScore":0,"scoresByDay":[],"rankSummary":{"mean":3136,"median":3136,"max":3136,"min":3136},"percentileSummary":{"mean":29.912810194500338,"median":29.912810194500338,"max":29.912810194500338,"min":29.912810194500338}}