{"name":"NotDrumstick","scoreData":{"2020-10-24":{"id":76561198061668060,"name":"NotDrumstick","score":2700,"level":2,"character":7,"platform":18,"runframes":3064,"runend":1021,"unknown1":4294965069,"unknown2":439,"rank":4583,"percentile":14.705882352941174}},"tenDayPercentiles":[],"tenDayDecayingPercentileScore":0,"scoresByDay":[],"rankSummary":{"mean":4583,"median":4583,"max":4583,"min":4583},"percentileSummary":{"mean":14.705882352941174,"median":14.705882352941174,"max":14.705882352941174,"min":14.705882352941174}}