{"name":"notmysammich","scoreData":{"2020-10-10":{"id":76561198100358700,"name":"notmysammich","score":3900,"level":1,"character":16,"platform":18,"runframes":1971,"runend":1022,"unknown1":2454,"unknown2":204,"rank":5233,"percentile":20.679199514857487}},"tenDayPercentiles":[],"tenDayDecayingPercentileScore":0,"scoresByDay":[],"rankSummary":{"mean":5233,"median":5233,"max":5233,"min":5233},"percentileSummary":{"mean":20.679199514857487,"median":20.679199514857487,"max":20.679199514857487,"min":20.679199514857487}}