{"name":"NotteEterna","scoreData":{"2020-09-18":{"id":189507522593537020,"name":"NotteEterna","score":1500,"level":2,"character":0,"platform":48,"runframes":4405,"runend":1021,"unknown1":1421,"unknown2":203,"rank":2439,"percentile":12.804005722460658}},"tenDayPercentiles":[],"tenDayDecayingPercentileScore":0,"scoresByDay":[],"rankSummary":{"mean":2439,"median":2439,"max":2439,"min":2439},"percentileSummary":{"mean":12.804005722460658,"median":12.804005722460658,"max":12.804005722460658,"min":12.804005722460658}}