{"name":"Notwelcome","scoreData":{"2020-10-26":{"id":76561198273511200,"name":"Notwelcome","score":50500,"level":6,"character":0,"platform":18,"runframes":20698,"runend":1017,"unknown1":4294964598,"unknown2":4294965062,"rank":1347,"percentile":73.399209486166}},"tenDayPercentiles":[],"tenDayDecayingPercentileScore":0,"scoresByDay":[],"rankSummary":{"mean":1347,"median":1347,"max":1347,"min":1347},"percentileSummary":{"mean":73.399209486166,"median":73.399209486166,"max":73.399209486166,"min":73.399209486166}}