{"name":"NovaPhlosion","scoreData":{"2020-09-20":{"id":1478012626052237300,"name":"NovaPhlosion","score":7800,"level":2,"character":0,"platform":48,"runframes":6118,"runend":1021,"unknown1":2621,"unknown2":2,"rank":1853,"percentile":37.72696704774714}},"tenDayPercentiles":[],"tenDayDecayingPercentileScore":0,"scoresByDay":[],"rankSummary":{"mean":1853,"median":1853,"max":1853,"min":1853},"percentileSummary":{"mean":37.72696704774714,"median":37.72696704774714,"max":37.72696704774714,"min":37.72696704774714}}