{"name":"Novinha Gótica","scoreData":{"2020-11-09":{"id":76561198055850400,"name":"Novinha Gótica","score":33150,"level":6,"character":0,"platform":18,"runframes":27141,"runend":1017,"unknown1":2419,"unknown2":3184,"rank":1605,"percentile":63.23630529452212}},"tenDayPercentiles":[63.23630529452212],"tenDayDecayingPercentileScore":22.049136287781348,"scoresByDay":[22.049136287781348],"rankSummary":{"mean":1605,"median":1605,"max":1605,"min":1605},"percentileSummary":{"mean":63.23630529452212,"median":63.23630529452212,"max":63.23630529452212,"min":63.23630529452212}}