{"name":"noxaterrima","scoreData":{"2020-09-26":{"id":7307932956760778000,"name":"noxaterrima","score":7400,"level":1,"character":3,"platform":48,"runframes":5447,"runend":1022,"unknown1":4294966586,"unknown2":4294965945,"rank":2376,"percentile":8.477842003853567}},"tenDayPercentiles":[],"tenDayDecayingPercentileScore":0,"scoresByDay":[],"rankSummary":{"mean":2376,"median":2376,"max":2376,"min":2376},"percentileSummary":{"mean":8.477842003853567,"median":8.477842003853567,"max":8.477842003853567,"min":8.477842003853567}}