{"name":"npm0925","scoreData":{"2020-09-29":{"id":76561198045785890,"name":"npm0925","score":800,"level":2,"character":0,"platform":18,"runframes":4976,"runend":1021,"unknown1":4294965487,"unknown2":1688,"rank":4616,"percentile":17.471387696709584}},"tenDayPercentiles":[],"tenDayDecayingPercentileScore":0,"scoresByDay":[],"rankSummary":{"mean":4616,"median":4616,"max":4616,"min":4616},"percentileSummary":{"mean":17.471387696709584,"median":17.471387696709584,"max":17.471387696709584,"min":17.471387696709584}}