{"name":"nstockhammer386","scoreData":{"2020-09-20":{"id":3703628341392987000,"name":"nstockhammer386","score":5100,"level":2,"character":0,"platform":48,"runframes":7756,"runend":1021,"unknown1":4294966595,"unknown2":1057,"rank":2202,"percentile":25.991930060524552}},"tenDayPercentiles":[],"tenDayDecayingPercentileScore":0,"scoresByDay":[],"rankSummary":{"mean":2202,"median":2202,"max":2202,"min":2202},"percentileSummary":{"mean":25.991930060524552,"median":25.991930060524552,"max":25.991930060524552,"min":25.991930060524552}}