{"name":"ntallan","scoreData":{"2020-11-16":{"id":8451974862037631000,"name":"ntallan","score":1500,"level":1,"character":0,"platform":48,"runframes":2863,"runend":1022,"unknown1":4294966892,"unknown2":1383,"rank":3818,"percentile":2.2284836065573757}},"tenDayPercentiles":[2.2284836065573757],"tenDayDecayingPercentileScore":1.1843075563524583,"scoresByDay":[1.1843075563524583],"rankSummary":{"mean":3818,"median":3818,"max":3818,"min":3818},"percentileSummary":{"mean":2.2284836065573757,"median":2.2284836065573757,"max":2.2284836065573757,"min":2.2284836065573757}}