{"name":"NuclearSummer","scoreData":{"2020-10-02":{"id":76561198028476500,"name":"NuclearSummer","score":4500,"level":1,"character":0,"platform":18,"runframes":3627,"runend":1022,"unknown1":3734,"unknown2":3745,"rank":6487,"percentile":13.091250167492959}},"tenDayPercentiles":[],"tenDayDecayingPercentileScore":0,"scoresByDay":[],"rankSummary":{"mean":6487,"median":6487,"max":6487,"min":6487},"percentileSummary":{"mean":13.091250167492959,"median":13.091250167492959,"max":13.091250167492959,"min":13.091250167492959}}