{"name":"nurse shark","scoreData":{"2020-10-02":{"id":76561198016797150,"name":"nurse shark","score":31750,"level":9,"character":0,"platform":18,"runframes":38231,"runend":1014,"unknown1":2085,"unknown2":15,"rank":215,"percentile":97.13252043414177}},"tenDayPercentiles":[],"tenDayDecayingPercentileScore":0,"scoresByDay":[],"rankSummary":{"mean":215,"median":215,"max":215,"min":215},"percentileSummary":{"mean":97.13252043414177,"median":97.13252043414177,"max":97.13252043414177,"min":97.13252043414177}}