{"name":"nutrient2002","scoreData":{"2020-10-01":{"id":76561198358058960,"name":"nutrient2002","score":500,"level":1,"character":0,"platform":18,"runframes":1111,"runend":1022,"unknown1":4294964828,"unknown2":1910,"rank":7486,"percentile":2.7164023914738777}},"tenDayPercentiles":[],"tenDayDecayingPercentileScore":0,"scoresByDay":[],"rankSummary":{"mean":7486,"median":7486,"max":7486,"min":7486},"percentileSummary":{"mean":2.7164023914738777,"median":2.7164023914738777,"max":2.7164023914738777,"min":2.7164023914738777}}