{"name":"nyce","scoreData":{"2020-10-09":{"id":3611059928233311000,"name":"nyce","score":30900,"level":5,"character":7,"platform":18,"runframes":19706,"runend":1018,"unknown1":4294967119,"unknown2":2095,"rank":2199,"percentile":64.95535714285714}},"tenDayPercentiles":[],"tenDayDecayingPercentileScore":0,"scoresByDay":[],"rankSummary":{"mean":2199,"median":2199,"max":2199,"min":2199},"percentileSummary":{"mean":64.95535714285714,"median":64.95535714285714,"max":64.95535714285714,"min":64.95535714285714}}