{"name":"Nyk","scoreData":{"2020-11-18":{"id":454149514722857400,"name":"Nyk","score":36250,"level":6,"character":0,"platform":18,"runframes":35624,"runend":1017,"unknown1":4294967036,"unknown2":194,"rank":1428,"percentile":64.46713147410358}},"tenDayPercentiles":[64.46713147410358],"tenDayDecayingPercentileScore":46.99653884462152,"scoresByDay":[46.99653884462152],"rankSummary":{"mean":1428,"median":1428,"max":1428,"min":1428},"percentileSummary":{"mean":64.46713147410358,"median":64.46713147410358,"max":64.46713147410358,"min":64.46713147410358}}