{"name":"826741516","scoreData":{"2020-10-04":{"id":1970011652185296600,"name":"826741516","score":2000,"level":2,"character":0,"platform":18,"runframes":8762,"runend":1021,"unknown1":4294965907,"unknown2":4294965239,"rank":6460,"percentile":14.017571884984022}},"tenDayPercentiles":[],"tenDayDecayingPercentileScore":0,"scoresByDay":[],"rankSummary":{"mean":6460,"median":6460,"max":6460,"min":6460},"percentileSummary":{"mean":14.017571884984022,"median":14.017571884984022,"max":14.017571884984022,"min":14.017571884984022}}