{"name":"8shiren8","scoreData":{"2020-10-10":{"id":1453701573209109000,"name":"8shiren8","score":0,"level":1,"character":0,"platform":18,"runframes":984,"runend":1022,"unknown1":4294965986,"unknown2":85,"rank":6488,"percentile":1.6525166767738142}},"tenDayPercentiles":[],"tenDayDecayingPercentileScore":0,"scoresByDay":[],"rankSummary":{"mean":6488,"median":6488,"max":6488,"min":6488},"percentileSummary":{"mean":1.6525166767738142,"median":1.6525166767738142,"max":1.6525166767738142,"min":1.6525166767738142}}