{"name":"m8","scoreData":{"2020-11-19":{"id":9059365018177090000,"name":"m8","score":18550,"level":5,"character":0,"platform":18,"runframes":34232,"runend":1018,"unknown1":4294965677,"unknown2":60,"rank":1642,"percentile":57.98771121351767}},"tenDayPercentiles":[],"tenDayDecayingPercentileScore":0,"scoresByDay":[],"rankSummary":{"mean":1642,"median":1642,"max":1642,"min":1642},"percentileSummary":{"mean":57.98771121351767,"median":57.98771121351767,"max":57.98771121351767,"min":57.98771121351767}}