{"name":"m_stiak","scoreData":{"2020-10-02":{"id":76561198073095180,"name":"m_stiak","score":5000,"level":1,"character":0,"platform":18,"runframes":5007,"runend":1022,"unknown1":4294966120,"unknown2":173,"rank":6391,"percentile":14.377596140962083}},"tenDayPercentiles":[],"tenDayDecayingPercentileScore":0,"scoresByDay":[],"rankSummary":{"mean":6391,"median":6391,"max":6391,"min":6391},"percentileSummary":{"mean":14.377596140962083,"median":14.377596140962083,"max":14.377596140962083,"min":14.377596140962083}}