{"name":"maadj","scoreData":{"2020-10-18":{"id":76561197987438030,"name":"maadj","score":13900,"level":3,"character":0,"platform":18,"runframes":15004,"runend":1020,"unknown1":2453,"unknown2":57,"rank":4690,"percentile":20.900809716599184}},"tenDayPercentiles":[],"tenDayDecayingPercentileScore":0,"scoresByDay":[],"rankSummary":{"mean":4690,"median":4690,"max":4690,"min":4690},"percentileSummary":{"mean":20.900809716599184,"median":20.900809716599184,"max":20.900809716599184,"min":20.900809716599184}}