{"name":"Mac-Abel","scoreData":{"2020-10-10":{"id":76561198236267620,"name":"Mac-Abel","score":9400,"level":2,"character":7,"platform":48,"runframes":9085,"runend":1021,"unknown1":3703,"unknown2":1410,"rank":3768,"percentile":42.88963007883566}},"tenDayPercentiles":[],"tenDayDecayingPercentileScore":0,"scoresByDay":[],"rankSummary":{"mean":3768,"median":3768,"max":3768,"min":3768},"percentileSummary":{"mean":42.88963007883566,"median":42.88963007883566,"max":42.88963007883566,"min":42.88963007883566}}