{"name":"Mac094","scoreData":{"2020-10-05":{"id":76561198067620200,"name":"Mac094","score":19900,"level":4,"character":0,"platform":18,"runframes":20016,"runend":1019,"unknown1":4294962012,"unknown2":4294963552,"rank":3137,"percentile":53.96359365825015}},"tenDayPercentiles":[],"tenDayDecayingPercentileScore":0,"scoresByDay":[],"rankSummary":{"mean":3137,"median":3137,"max":3137,"min":3137},"percentileSummary":{"mean":53.96359365825015,"median":53.96359365825015,"max":53.96359365825015,"min":53.96359365825015}}