{"name":"machill54","scoreData":{"2020-09-30":{"id":76561197981851490,"name":"machill54","score":3150,"level":3,"character":0,"platform":18,"runframes":13456,"runend":1020,"unknown1":113,"unknown2":805,"rank":3887,"percentile":49.68928016571724}},"tenDayPercentiles":[],"tenDayDecayingPercentileScore":0,"scoresByDay":[],"rankSummary":{"mean":3887,"median":3887,"max":3887,"min":3887},"percentileSummary":{"mean":49.68928016571724,"median":49.68928016571724,"max":49.68928016571724,"min":49.68928016571724}}