{"name":"Machew Peechew","scoreData":{"2020-10-04":{"id":2089385787447481000,"name":"Machew Peechew","score":8500,"level":3,"character":7,"platform":18,"runframes":7685,"runend":1020,"unknown1":4294966290,"unknown2":13,"rank":4571,"percentile":39.164004259850905}},"tenDayDecayingPercentileMean":null,"rankSummary":{"mean":4571,"median":4571,"max":4571,"min":4571},"percentileSummary":{"mean":39.164004259850905,"median":39.164004259850905,"max":39.164004259850905,"min":39.164004259850905}}