{"name":"Mack","scoreData":{"2020-10-09":{"id":6485321957985848000,"name":"Mack","score":900,"level":2,"character":7,"platform":18,"runframes":5858,"runend":1021,"unknown1":4294967217,"unknown2":4294961315,"rank":5514,"percentile":12.101403061224488}},"tenDayPercentiles":[],"tenDayDecayingPercentileScore":0,"scoresByDay":[],"rankSummary":{"mean":5514,"median":5514,"max":5514,"min":5514},"percentileSummary":{"mean":12.101403061224488,"median":12.101403061224488,"max":12.101403061224488,"min":12.101403061224488}}