{"name":"Mad_The-Undead","scoreData":{"2020-09-30":{"id":4969367420790886000,"name":"Mad_The-Undead","score":2500,"level":1,"character":2,"platform":48,"runframes":6476,"runend":1022,"unknown1":855,"unknown2":557,"rank":7534,"percentile":2.4728120145002634}},"tenDayPercentiles":[],"tenDayDecayingPercentileScore":0,"scoresByDay":[],"rankSummary":{"mean":7534,"median":7534,"max":7534,"min":7534},"percentileSummary":{"mean":2.4728120145002634,"median":2.4728120145002634,"max":2.4728120145002634,"min":2.4728120145002634}}