{"name":"Mad Mike","scoreData":{"2020-10-21":{"id":76561197988040900,"name":"Mad Mike","score":23200,"level":5,"character":7,"platform":18,"runframes":19941,"runend":1018,"unknown1":1440,"unknown2":846,"rank":1908,"percentile":64.4746646795827}},"tenDayPercentiles":[],"tenDayDecayingPercentileScore":0,"scoresByDay":[],"rankSummary":{"mean":1908,"median":1908,"max":1908,"min":1908},"percentileSummary":{"mean":64.4746646795827,"median":64.4746646795827,"max":64.4746646795827,"min":64.4746646795827}}