{"name":"madkiph3000","scoreData":{"2020-10-03":{"id":76561197979570380,"name":"madkiph3000","score":14800,"level":2,"character":0,"platform":18,"runframes":14389,"runend":1021,"unknown1":4294967141,"unknown2":81,"rank":3875,"percentile":50.9496074955685}},"tenDayPercentiles":[],"tenDayDecayingPercentileScore":0,"scoresByDay":[],"rankSummary":{"mean":3875,"median":3875,"max":3875,"min":3875},"percentileSummary":{"mean":50.9496074955685,"median":50.9496074955685,"max":50.9496074955685,"min":50.9496074955685}}