{"name":"MadRedWolf_MMXIV","scoreData":{"2020-09-27":{"id":1910102851633912300,"name":"MadRedWolf_MMXIV","score":1000,"level":1,"character":0,"platform":48,"runframes":2893,"runend":1022,"unknown1":4294965827,"unknown2":4294965001,"rank":2474,"percentile":1.0799999999999983}},"tenDayPercentiles":[],"tenDayDecayingPercentileScore":0,"scoresByDay":[],"rankSummary":{"mean":2474,"median":2474,"max":2474,"min":2474},"percentileSummary":{"mean":1.0799999999999983,"median":1.0799999999999983,"max":1.0799999999999983,"min":1.0799999999999983}}