{"name":"maeseawayo","scoreData":{"2020-11-05":{"id":76561197994098980,"name":"maeseawayo","score":11400,"level":2,"character":3,"platform":18,"runframes":14981,"runend":1021,"unknown1":4294965934,"unknown2":4294963563,"rank":2986,"percentile":33.637172076478436}},"tenDayPercentiles":[],"tenDayDecayingPercentileScore":0,"scoresByDay":[],"rankSummary":{"mean":2986,"median":2986,"max":2986,"min":2986},"percentileSummary":{"mean":33.637172076478436,"median":33.637172076478436,"max":33.637172076478436,"min":33.637172076478436}}