{"name":"Magigoldensword","scoreData":{"2020-09-18":{"id":5421596035158772000,"name":"Magigoldensword","score":5100,"level":3,"character":0,"platform":48,"runframes":11879,"runend":1020,"unknown1":1099,"unknown2":1619,"rank":1786,"percentile":36.1587982832618}},"tenDayPercentiles":[],"tenDayDecayingPercentileScore":0,"scoresByDay":[],"rankSummary":{"mean":1786,"median":1786,"max":1786,"min":1786},"percentileSummary":{"mean":36.1587982832618,"median":36.1587982832618,"max":36.1587982832618,"min":36.1587982832618}}