{"name":"Magic__Whiskey","scoreData":{"2020-09-24":{"id":5761531227254829000,"name":"Magic__Whiskey","score":8700,"level":2,"character":0,"platform":48,"runframes":4892,"runend":1021,"unknown1":4294966635,"unknown2":145,"rank":1472,"percentile":36.209887250650475}},"tenDayPercentiles":[],"tenDayDecayingPercentileScore":0,"scoresByDay":[],"rankSummary":{"mean":1472,"median":1472,"max":1472,"min":1472},"percentileSummary":{"mean":36.209887250650475,"median":36.209887250650475,"max":36.209887250650475,"min":36.209887250650475}}