{"name":"magicfuneral72","scoreData":{"2020-10-03":{"id":931487474716157400,"name":"magicfuneral72","score":22100,"level":3,"character":7,"platform":48,"runframes":12395,"runend":1020,"unknown1":2480,"unknown2":1420,"rank":2278,"percentile":71.1699164345404}},"tenDayPercentiles":[],"tenDayDecayingPercentileScore":0,"scoresByDay":[],"rankSummary":{"mean":2278,"median":2278,"max":2278,"min":2278},"percentileSummary":{"mean":71.1699164345404,"median":71.1699164345404,"max":71.1699164345404,"min":71.1699164345404}}