{"name":"Magic","scoreData":{"2020-10-09":{"id":8116415571015687000,"name":"Magic","score":6500,"level":2,"character":2,"platform":18,"runframes":3351,"runend":1021,"unknown1":4294966206,"unknown2":1376,"rank":5171,"percentile":17.570153061224488}},"tenDayPercentiles":[],"tenDayDecayingPercentileScore":0,"scoresByDay":[],"rankSummary":{"mean":5171,"median":5171,"max":5171,"min":5171},"percentileSummary":{"mean":17.570153061224488,"median":17.570153061224488,"max":17.570153061224488,"min":17.570153061224488}}