{"name":"Magicman0213","scoreData":{"2020-09-26":{"id":2155834142188466700,"name":"Magicman0213","score":12000,"level":2,"character":3,"platform":48,"runframes":5959,"runend":1021,"unknown1":4294967049,"unknown2":4294966437,"rank":2007,"percentile":22.69749518304431}},"tenDayPercentiles":[],"tenDayDecayingPercentileScore":0,"scoresByDay":[],"rankSummary":{"mean":2007,"median":2007,"max":2007,"min":2007},"percentileSummary":{"mean":22.69749518304431,"median":22.69749518304431,"max":22.69749518304431,"min":22.69749518304431}}