{"name":"Magmanthe","scoreData":{"2020-11-10":{"id":76561198203505800,"name":"Magmanthe","score":5000,"level":2,"character":4,"platform":18,"runframes":7239,"runend":1021,"unknown1":4294965258,"unknown2":4294964672,"rank":3864,"percentile":11.723034734917732}},"tenDayPercentiles":[11.723034734917732],"tenDayDecayingPercentileScore":4.5417438495658145,"scoresByDay":[4.5417438495658145],"rankSummary":{"mean":3864,"median":3864,"max":3864,"min":3864},"percentileSummary":{"mean":11.723034734917732,"median":11.723034734917732,"max":11.723034734917732,"min":11.723034734917732}}