{"name":"Maik.G","scoreData":{"2020-09-30":{"id":76561198018147680,"name":"Maik.G","score":26500,"level":3,"character":0,"platform":18,"runframes":12870,"runend":1020,"unknown1":4294965335,"unknown2":4294964234,"rank":2347,"percentile":69.6271361988607}},"tenDayDecayingPercentileMean":null,"rankSummary":{"mean":2347,"median":2347,"max":2347,"min":2347},"percentileSummary":{"mean":69.6271361988607,"median":69.6271361988607,"max":69.6271361988607,"min":69.6271361988607}}