{"name":"Maja Cruickshank","scoreData":{"2020-11-19":{"id":76561198058619230,"name":"Maja Cruickshank","score":1500,"level":1,"character":0,"platform":18,"runframes":3153,"runend":1022,"unknown1":4294965573,"unknown2":4294964864,"rank":3809,"percentile":2.508960573476699}},"tenDayPercentiles":[2.508960573476699],"tenDayDecayingPercentileScore":1.829032258064514,"scoresByDay":[1.829032258064514],"rankSummary":{"mean":3809,"median":3809,"max":3809,"min":3809},"percentileSummary":{"mean":2.508960573476699,"median":2.508960573476699,"max":2.508960573476699,"min":2.508960573476699}}