{"name":"majiy","scoreData":{"2020-10-15":{"id":76561198016398720,"name":"majiy","score":4000,"level":1,"character":0,"platform":18,"runframes":4096,"runend":1022,"unknown1":4294966121,"unknown2":4294964407,"rank":5610,"percentile":2.570783394128881}},"tenDayPercentiles":[],"tenDayDecayingPercentileScore":0,"scoresByDay":[],"rankSummary":{"mean":5610,"median":5610,"max":5610,"min":5610},"percentileSummary":{"mean":2.570783394128881,"median":2.570783394128881,"max":2.570783394128881,"min":2.570783394128881}}