{"name":"makaaberi","scoreData":{"2020-09-29":{"id":76561198103027380,"name":"makaaberi","score":28000,"level":4,"character":0,"platform":18,"runframes":16322,"runend":1019,"unknown1":3766,"unknown2":2798,"rank":1850,"percentile":66.93490701001431}},"tenDayPercentiles":[],"tenDayDecayingPercentileScore":0,"scoresByDay":[],"rankSummary":{"mean":1850,"median":1850,"max":1850,"min":1850},"percentileSummary":{"mean":66.93490701001431,"median":66.93490701001431,"max":66.93490701001431,"min":66.93490701001431}}