{"name":"MakoKreutzev","scoreData":{"2020-09-22":{"id":2450155639137947600,"name":"MakoKreutzev","score":52725,"level":7,"character":14,"platform":48,"runframes":30432,"runend":1016,"unknown1":624,"unknown2":28,"rank":218,"percentile":91.18602761982129}},"tenDayPercentiles":[],"tenDayDecayingPercentileScore":0,"scoresByDay":[],"rankSummary":{"mean":218,"median":218,"max":218,"min":218},"percentileSummary":{"mean":91.18602761982129,"median":91.18602761982129,"max":91.18602761982129,"min":91.18602761982129}}