{"name":"mal_robot","scoreData":{"2020-09-16":{"id":9180075842792038000,"name":"mal_robot","score":20400,"level":2,"character":4,"platform":48,"runframes":11670,"runend":1021,"unknown1":1363,"unknown2":1113,"rank":1432,"percentile":53.629293583927414}},"tenDayPercentiles":[],"tenDayDecayingPercentileScore":0,"scoresByDay":[],"rankSummary":{"mean":1432,"median":1432,"max":1432,"min":1432},"percentileSummary":{"mean":53.629293583927414,"median":53.629293583927414,"max":53.629293583927414,"min":53.629293583927414}}