{"name":"malachi1967_king","scoreData":{"2020-11-20":{"id":442977203554216400,"name":"malachi1967_king","score":7100,"level":1,"character":0,"platform":48,"runframes":4134,"runend":1022,"unknown1":4294965856,"unknown2":629,"rank":3898,"percentile":3.539603960396036}},"tenDayPercentiles":[],"tenDayDecayingPercentileScore":0,"scoresByDay":[],"rankSummary":{"mean":3898,"median":3898,"max":3898,"min":3898},"percentileSummary":{"mean":3.539603960396036,"median":3.539603960396036,"max":3.539603960396036,"min":3.539603960396036}}