{"name":"malgorithms","scoreData":{"2020-09-23":{"id":1432204808500273700,"name":"malgorithms","score":6000,"level":3,"character":0,"platform":48,"runframes":19053,"runend":1020,"unknown1":2110,"unknown2":66,"rank":1404,"percentile":41.68744804655029}},"tenDayPercentiles":[],"tenDayDecayingPercentileScore":0,"scoresByDay":[],"rankSummary":{"mean":1404,"median":1404,"max":1404,"min":1404},"percentileSummary":{"mean":41.68744804655029,"median":41.68744804655029,"max":41.68744804655029,"min":41.68744804655029}}