{"name":"Malikoolio","scoreData":{"2020-10-11":{"id":76561198077781250,"name":"Malikoolio","score":42200,"level":4,"character":4,"platform":48,"runframes":18188,"runend":1019,"unknown1":4294962856,"unknown2":252,"rank":2093,"percentile":67.05511811023622}},"tenDayPercentiles":[],"tenDayDecayingPercentileScore":0,"scoresByDay":[],"rankSummary":{"mean":2093,"median":2093,"max":2093,"min":2093},"percentileSummary":{"mean":67.05511811023622,"median":67.05511811023622,"max":67.05511811023622,"min":67.05511811023622}}