{"name":"Malicious Cat","scoreData":{"2020-09-30":{"id":1689807727784091400,"name":"Malicious Cat","score":25350,"level":5,"character":0,"platform":18,"runframes":24330,"runend":1018,"unknown1":4294965810,"unknown2":94,"rank":1119,"percentile":85.52563438632833}},"tenDayPercentiles":[],"tenDayDecayingPercentileScore":0,"scoresByDay":[],"rankSummary":{"mean":1119,"median":1119,"max":1119,"min":1119},"percentileSummary":{"mean":85.52563438632833,"median":85.52563438632833,"max":85.52563438632833,"min":85.52563438632833}}