{"name":"malpi","scoreData":{"2020-11-22":{"id":13609557404429222000,"name":"malpi","score":2500,"level":1,"character":2,"platform":18,"runframes":3733,"runend":1022,"unknown1":4294966186,"unknown2":295,"rank":3765,"percentile":5.8764691172793135}},"tenDayPercentiles":[],"tenDayDecayingPercentileScore":0,"scoresByDay":[],"rankSummary":{"mean":3765,"median":3765,"max":3765,"min":3765},"percentileSummary":{"mean":5.8764691172793135,"median":5.8764691172793135,"max":5.8764691172793135,"min":5.8764691172793135}}