{"name":"Malpka89","scoreData":{"2020-09-15":{"id":640962031292848100,"name":"Malpka89","score":10700,"level":2,"character":1,"platform":48,"runframes":8481,"runend":1021,"unknown1":4294966329,"unknown2":4294966327,"rank":904,"percentile":50.27533039647577}},"tenDayPercentiles":[],"tenDayDecayingPercentileScore":0,"scoresByDay":[],"rankSummary":{"mean":904,"median":904,"max":904,"min":904},"percentileSummary":{"mean":50.27533039647577,"median":50.27533039647577,"max":50.27533039647577,"min":50.27533039647577}}