{"name":"Malte5656","scoreData":{"2020-09-17":{"id":3032885855002543600,"name":"Malte5656","score":5500,"level":1,"character":3,"platform":48,"runframes":4686,"runend":1022,"unknown1":761,"unknown2":348,"rank":2214,"percentile":21.71913689423417}},"tenDayPercentiles":[],"tenDayDecayingPercentileScore":0,"scoresByDay":[],"rankSummary":{"mean":2214,"median":2214,"max":2214,"min":2214},"percentileSummary":{"mean":21.71913689423417,"median":21.71913689423417,"max":21.71913689423417,"min":21.71913689423417}}