{"name":"Mamma Mia","scoreData":{"2020-10-02":{"id":76561198007317460,"name":"Mamma Mia","score":6000,"level":1,"character":0,"platform":18,"runframes":4549,"runend":1022,"unknown1":4294965225,"unknown2":604,"rank":6286,"percentile":15.784537049443927}},"tenDayDecayingPercentileMean":null,"rankSummary":{"mean":6286,"median":6286,"max":6286,"min":6286},"percentileSummary":{"mean":15.784537049443927,"median":15.784537049443927,"max":15.784537049443927,"min":15.784537049443927}}