{"name":"Man--of--shame","scoreData":{"2020-09-16":{"id":1873889335807176000,"name":"Man--of--shame","score":3400,"level":4,"character":0,"platform":48,"runframes":14375,"runend":1019,"unknown1":4294967191,"unknown2":4294965369,"rank":803,"percentile":74.01166558651977}},"tenDayPercentiles":[],"tenDayDecayingPercentileScore":0,"scoresByDay":[],"rankSummary":{"mean":803,"median":803,"max":803,"min":803},"percentileSummary":{"mean":74.01166558651977,"median":74.01166558651977,"max":74.01166558651977,"min":74.01166558651977}}