{"name":"man riding a shrimp","scoreData":{"2020-10-01":{"id":5133514664106113000,"name":"man riding a shrimp","score":32800,"level":6,"character":10,"platform":18,"runframes":30790,"runend":1017,"unknown1":320,"unknown2":1298,"rank":1236,"percentile":83.94853132310891}},"tenDayDecayingPercentileMean":null,"rankSummary":{"mean":1236,"median":1236,"max":1236,"min":1236},"percentileSummary":{"mean":83.94853132310891,"median":83.94853132310891,"max":83.94853132310891,"min":83.94853132310891}}