{"name":"Manboob4616","scoreData":{"2020-09-24":{"id":1091476483726684500,"name":"Manboob4616","score":6100,"level":3,"character":10,"platform":48,"runframes":6186,"runend":1020,"unknown1":4294967055,"unknown2":4294965852,"rank":1025,"percentile":55.59410234171726}},"tenDayPercentiles":[],"tenDayDecayingPercentileScore":0,"scoresByDay":[],"rankSummary":{"mean":1025,"median":1025,"max":1025,"min":1025},"percentileSummary":{"mean":55.59410234171726,"median":55.59410234171726,"max":55.59410234171726,"min":55.59410234171726}}