{"name":"ManceRayder86","scoreData":{"2020-09-23":{"id":157271271350784320,"name":"ManceRayder86","score":5800,"level":2,"character":0,"platform":48,"runframes":10349,"runend":1021,"unknown1":4294966886,"unknown2":4294965103,"rank":2117,"percentile":12.053200332502072}},"tenDayPercentiles":[],"tenDayDecayingPercentileScore":0,"scoresByDay":[],"rankSummary":{"mean":2117,"median":2117,"max":2117,"min":2117},"percentileSummary":{"mean":12.053200332502072,"median":12.053200332502072,"max":12.053200332502072,"min":12.053200332502072}}