{"name":"Mandrake_RJ_1978","scoreData":{"2020-11-19":{"id":7443175844134495000,"name":"Mandrake_RJ_1978","score":1500,"level":1,"character":9,"platform":48,"runframes":1790,"runend":1022,"unknown1":809,"unknown2":373,"rank":3804,"percentile":2.6369687660010186}},"tenDayPercentiles":[2.6369687660010186],"tenDayDecayingPercentileScore":1.9223502304147428,"scoresByDay":[1.9223502304147428],"rankSummary":{"mean":3804,"median":3804,"max":3804,"min":3804},"percentileSummary":{"mean":2.6369687660010186,"median":2.6369687660010186,"max":2.6369687660010186,"min":2.6369687660010186}}