{"name":"Manduca76","scoreData":{"2020-11-16":{"id":76561198025025200,"name":"Manduca76","score":4000,"level":1,"character":0,"platform":48,"runframes":4107,"runend":1022,"unknown1":4294966231,"unknown2":4294964518,"rank":3345,"percentile":14.344262295081961}},"tenDayPercentiles":[14.344262295081961],"tenDayDecayingPercentileScore":8.470143442622948,"scoresByDay":[8.470143442622948],"rankSummary":{"mean":3345,"median":3345,"max":3345,"min":3345},"percentileSummary":{"mean":14.344262295081961,"median":14.344262295081961,"max":14.344262295081961,"min":14.344262295081961}}