{"name":"MANMEAT","scoreData":{"2020-10-01":{"id":76561198812124540,"name":"MANMEAT","score":3300,"level":1,"character":0,"platform":18,"runframes":2476,"runend":1022,"unknown1":5905,"unknown2":1038,"rank":7028,"percentile":8.669092799584092}},"tenDayPercentiles":[],"tenDayDecayingPercentileScore":0,"scoresByDay":[],"rankSummary":{"mean":7028,"median":7028,"max":7028,"min":7028},"percentileSummary":{"mean":8.669092799584092,"median":8.669092799584092,"max":8.669092799584092,"min":8.669092799584092}}