{"name":"manojlee73","scoreData":{"2020-10-28":{"id":76561197980090690,"name":"manojlee73","score":4400,"level":3,"character":10,"platform":48,"runframes":5105,"runend":1020,"unknown1":4294966565,"unknown2":4294965612,"rank":3225,"percentile":34.48486080065027}},"tenDayPercentiles":[],"tenDayDecayingPercentileScore":0,"scoresByDay":[],"rankSummary":{"mean":3225,"median":3225,"max":3225,"min":3225},"percentileSummary":{"mean":34.48486080065027,"median":34.48486080065027,"max":34.48486080065027,"min":34.48486080065027}}