{"name":"Mantinha","scoreData":{"2020-11-15":{"id":76561198014681230,"name":"Mantinha","score":4300,"level":2,"character":0,"platform":18,"runframes":12293,"runend":1021,"unknown1":4294965390,"unknown2":4294965148,"rank":3761,"percentile":12.619102951429241}},"tenDayPercentiles":[12.619102951429241],"tenDayDecayingPercentileScore":6.035677822449458,"scoresByDay":[6.035677822449458],"rankSummary":{"mean":3761,"median":3761,"max":3761,"min":3761},"percentileSummary":{"mean":12.619102951429241,"median":12.619102951429241,"max":12.619102951429241,"min":12.619102951429241}}