{"name":"Mantilla","scoreData":{"2020-11-15":{"id":804412314112784100,"name":"Mantilla","score":13000,"level":2,"character":11,"platform":18,"runframes":4723,"runend":1021,"unknown1":1200,"unknown2":932,"rank":3000,"percentile":30.304438763653266}},"tenDayPercentiles":[30.304438763653266],"tenDayDecayingPercentileScore":17.89446804554962,"scoresByDay":[17.89446804554962],"rankSummary":{"mean":3000,"median":3000,"max":3000,"min":3000},"percentileSummary":{"mean":30.304438763653266,"median":30.304438763653266,"max":30.304438763653266,"min":30.304438763653266}}