{"name":"Mantola_","scoreData":{"2020-10-07":{"id":76561197963124160,"name":"Mantola_","score":4900,"level":2,"character":3,"platform":48,"runframes":6032,"runend":1021,"unknown1":4294965604,"unknown2":4294966460,"rank":4465,"percentile":31.575720416922138}},"tenDayPercentiles":[],"tenDayDecayingPercentileScore":0,"scoresByDay":[],"rankSummary":{"mean":4465,"median":4465,"max":4465,"min":4465},"percentileSummary":{"mean":31.575720416922138,"median":31.575720416922138,"max":31.575720416922138,"min":31.575720416922138}}