{"name":"manurox8","scoreData":{"2020-09-17":{"id":2758829795083647000,"name":"manurox8","score":7900,"level":3,"character":0,"platform":48,"runframes":24877,"runend":1020,"unknown1":4294966676,"unknown2":4294965091,"rank":1362,"percentile":51.857092324018396}},"tenDayPercentiles":[],"tenDayDecayingPercentileScore":0,"scoresByDay":[],"rankSummary":{"mean":1362,"median":1362,"max":1362,"min":1362},"percentileSummary":{"mean":51.857092324018396,"median":51.857092324018396,"max":51.857092324018396,"min":51.857092324018396}}