{"name":"Many Dogs","scoreData":{"2020-10-06":{"id":2379753409197051400,"name":"Many Dogs","score":1800,"level":1,"character":0,"platform":18,"runframes":2152,"runend":1022,"unknown1":1907,"unknown2":300,"rank":6463,"percentile":4.900662251655632}},"tenDayPercentiles":[],"tenDayDecayingPercentileScore":0,"scoresByDay":[],"rankSummary":{"mean":6463,"median":6463,"max":6463,"min":6463},"percentileSummary":{"mean":4.900662251655632,"median":4.900662251655632,"max":4.900662251655632,"min":4.900662251655632}}