{"name":"marcusgbj","scoreData":{"2020-10-06":{"id":76561198019054960,"name":"marcusgbj","score":4700,"level":2,"character":0,"platform":48,"runframes":5235,"runend":1021,"unknown1":4294966291,"unknown2":434,"rank":5762,"percentile":15.217071376011774}},"tenDayPercentiles":[],"tenDayDecayingPercentileScore":0,"scoresByDay":[],"rankSummary":{"mean":5762,"median":5762,"max":5762,"min":5762},"percentileSummary":{"mean":15.217071376011774,"median":15.217071376011774,"max":15.217071376011774,"min":15.217071376011774}}