{"name":"marcuses101","scoreData":{"2020-09-16":{"id":5429669901901640000,"name":"marcuses101","score":10800,"level":2,"character":2,"platform":48,"runframes":19624,"runend":1021,"unknown1":4294967109,"unknown2":67,"rank":2175,"percentile":29.552819183408943}},"tenDayPercentiles":[],"tenDayDecayingPercentileScore":0,"scoresByDay":[],"rankSummary":{"mean":2175,"median":2175,"max":2175,"min":2175},"percentileSummary":{"mean":29.552819183408943,"median":29.552819183408943,"max":29.552819183408943,"min":29.552819183408943}}