{"name":"MarkyUK","scoreData":{"2020-10-31":{"id":76561197988845010,"name":"MarkyUK","score":5300,"level":1,"character":0,"platform":48,"runframes":2517,"runend":1022,"unknown1":4294963689,"unknown2":8,"rank":4456,"percentile":6.269724384599201}},"tenDayPercentiles":[],"tenDayDecayingPercentileScore":0,"scoresByDay":[],"rankSummary":{"mean":4456,"median":4456,"max":4456,"min":4456},"percentileSummary":{"mean":6.269724384599201,"median":6.269724384599201,"max":6.269724384599201,"min":6.269724384599201}}