{"name":"Markie Music","scoreData":{"2020-10-31":{"id":76561198119415950,"name":"Markie Music","score":19100,"level":2,"character":3,"platform":18,"runframes":14156,"runend":1021,"unknown1":2219,"unknown2":50,"rank":2820,"percentile":40.69009046917736}},"tenDayDecayingPercentileMean":null,"rankSummary":{"mean":2820,"median":2820,"max":2820,"min":2820},"percentileSummary":{"mean":40.69009046917736,"median":40.69009046917736,"max":40.69009046917736,"min":40.69009046917736}}