{"name":"markdeloura","scoreData":{"2020-09-25":{"id":4332634908155405300,"name":"markdeloura","score":12400,"level":3,"character":2,"platform":48,"runframes":12857,"runend":1020,"unknown1":147,"unknown2":152,"rank":1137,"percentile":50.565709312445605}},"tenDayPercentiles":[],"tenDayDecayingPercentileScore":0,"scoresByDay":[],"rankSummary":{"mean":1137,"median":1137,"max":1137,"min":1137},"percentileSummary":{"mean":50.565709312445605,"median":50.565709312445605,"max":50.565709312445605,"min":50.565709312445605}}