{"name":"Marow","scoreData":{"2020-09-30":{"id":76561197989316640,"name":"Marow","score":7900,"level":1,"character":2,"platform":18,"runframes":6150,"runend":1022,"unknown1":4294963551,"unknown2":4294963107,"rank":6575,"percentile":14.888658726048675}},"tenDayPercentiles":[],"tenDayDecayingPercentileScore":0,"scoresByDay":[],"rankSummary":{"mean":6575,"median":6575,"max":6575,"min":6575},"percentileSummary":{"mean":14.888658726048675,"median":14.888658726048675,"max":14.888658726048675,"min":14.888658726048675}}