{"name":"Marsattacks69","scoreData":{"2020-09-22":{"id":7978855005798561000,"name":"Marsattacks69","score":500,"level":2,"character":3,"platform":48,"runframes":4441,"runend":1021,"unknown1":418,"unknown2":4294965575,"rank":1714,"percentile":30.422420796100738}},"tenDayPercentiles":[],"tenDayDecayingPercentileScore":0,"scoresByDay":[],"rankSummary":{"mean":1714,"median":1714,"max":1714,"min":1714},"percentileSummary":{"mean":30.422420796100738,"median":30.422420796100738,"max":30.422420796100738,"min":30.422420796100738}}