{"name":"Marshall","scoreData":{"2020-10-01":{"id":4541911112435898400,"name":"Marshall","score":4500,"level":1,"character":2,"platform":18,"runframes":4775,"runend":1022,"unknown1":3059,"unknown2":621,"rank":6344,"percentile":17.55913698986224}},"tenDayPercentiles":[],"tenDayDecayingPercentileScore":0,"scoresByDay":[],"rankSummary":{"mean":6344,"median":6344,"max":6344,"min":6344},"percentileSummary":{"mean":17.55913698986224,"median":17.55913698986224,"max":17.55913698986224,"min":17.55913698986224}}