{"name":"martina_gerhard71","scoreData":{"2020-10-23":{"id":76561199092665890,"name":"martina_gerhard71","score":4100,"level":1,"character":7,"platform":18,"runframes":2503,"runend":1022,"unknown1":2025,"unknown2":729,"rank":5068,"percentile":2.9496265083317326}},"tenDayPercentiles":[],"tenDayDecayingPercentileScore":0,"scoresByDay":[],"rankSummary":{"mean":5068,"median":5068,"max":5068,"min":5068},"percentileSummary":{"mean":2.9496265083317326,"median":2.9496265083317326,"max":2.9496265083317326,"min":2.9496265083317326}}