{"name":"MartyrOnTheMoon","scoreData":{"2020-09-23":{"id":5730438547519965000,"name":"MartyrOnTheMoon","score":9600,"level":2,"character":2,"platform":48,"runframes":10112,"runend":1021,"unknown1":414,"unknown2":360,"rank":1914,"percentile":20.490440565253536}},"tenDayPercentiles":[],"tenDayDecayingPercentileScore":0,"scoresByDay":[],"rankSummary":{"mean":1914,"median":1914,"max":1914,"min":1914},"percentileSummary":{"mean":20.490440565253536,"median":20.490440565253536,"max":20.490440565253536,"min":20.490440565253536}}