{"name":"MartyBecker","scoreData":{"2020-11-17":{"id":76561198083975520,"name":"MartyBecker","score":11200,"level":3,"character":0,"platform":48,"runframes":11012,"runend":1020,"unknown1":4294963885,"unknown2":4294964772,"rank":2338,"percentile":40.35222052067381}},"tenDayPercentiles":[40.35222052067381],"tenDayDecayingPercentileScore":32.68529862174579,"scoresByDay":[32.68529862174579],"rankSummary":{"mean":2338,"median":2338,"max":2338,"min":2338},"percentileSummary":{"mean":40.35222052067381,"median":40.35222052067381,"max":40.35222052067381,"min":40.35222052067381}}