{"name":"martykim123","scoreData":{"2020-09-19":{"id":352728352921507840,"name":"martykim123","score":5300,"level":1,"character":0,"platform":48,"runframes":4812,"runend":1022,"unknown1":661,"unknown2":2098,"rank":2485,"percentile":17.0894526034713}},"tenDayPercentiles":[],"tenDayDecayingPercentileScore":0,"scoresByDay":[],"rankSummary":{"mean":2485,"median":2485,"max":2485,"min":2485},"percentileSummary":{"mean":17.0894526034713,"median":17.0894526034713,"max":17.0894526034713,"min":17.0894526034713}}