{"name":"Marth's Wrath","scoreData":{"2020-10-21":{"id":76561198034106500,"name":"Marth's Wrath","score":30600,"level":4,"character":3,"platform":18,"runframes":18708,"runend":1019,"unknown1":4294966069,"unknown2":198,"rank":2147,"percentile":60.02235469448584}},"tenDayPercentiles":[],"tenDayDecayingPercentileScore":0,"scoresByDay":[],"rankSummary":{"mean":2147,"median":2147,"max":2147,"min":2147},"percentileSummary":{"mean":60.02235469448584,"median":60.02235469448584,"max":60.02235469448584,"min":60.02235469448584}}