{"name":"marvin","scoreData":{"2020-10-23":{"id":1853423519156265000,"name":"marvin","score":1100,"level":2,"character":3,"platform":18,"runframes":3955,"runend":1021,"unknown1":4294965047,"unknown2":4294965162,"rank":4589,"percentile":12.124114154376556}},"tenDayPercentiles":[],"tenDayDecayingPercentileScore":0,"scoresByDay":[],"rankSummary":{"mean":4589,"median":4589,"max":4589,"min":4589},"percentileSummary":{"mean":12.124114154376556,"median":12.124114154376556,"max":12.124114154376556,"min":12.124114154376556}}