{"name":"Marv77lon","scoreData":{"2020-10-13":{"id":76561198034225060,"name":"Marv77lon","score":0,"level":1,"character":3,"platform":48,"runframes":366,"runend":1022,"unknown1":494,"unknown2":448,"rank":5801,"percentile":1.1082693947144122}},"tenDayPercentiles":[],"tenDayDecayingPercentileScore":0,"scoresByDay":[],"rankSummary":{"mean":5801,"median":5801,"max":5801,"min":5801},"percentileSummary":{"mean":1.1082693947144122,"median":1.1082693947144122,"max":1.1082693947144122,"min":1.1082693947144122}}