{"name":"marzzmelly","scoreData":{"2020-11-17":{"id":76561199039365950,"name":"marzzmelly","score":2850,"level":3,"character":5,"platform":48,"runframes":10213,"runend":1020,"unknown1":4294967229,"unknown2":100,"rank":2629,"percentile":32.92496171516079}},"tenDayPercentiles":[32.92496171516079],"tenDayDecayingPercentileScore":26.669218989280242,"scoresByDay":[26.669218989280242],"rankSummary":{"mean":2629,"median":2629,"max":2629,"min":2629},"percentileSummary":{"mean":32.92496171516079,"median":32.92496171516079,"max":32.92496171516079,"min":32.92496171516079}}