{"name":"massagames","scoreData":{"2020-09-29":{"id":4454037489341996500,"name":"massagames","score":4300,"level":1,"character":0,"platform":18,"runframes":3379,"runend":1022,"unknown1":2636,"unknown2":207,"rank":5322,"percentile":4.846208869814021}},"tenDayPercentiles":[],"tenDayDecayingPercentileScore":0,"scoresByDay":[],"rankSummary":{"mean":5322,"median":5322,"max":5322,"min":5322},"percentileSummary":{"mean":4.846208869814021,"median":4.846208869814021,"max":4.846208869814021,"min":4.846208869814021}}