{"name":"masta_blasta","scoreData":{"2020-10-01":{"id":76561198018374080,"name":"masta_blasta","score":4800,"level":1,"character":0,"platform":18,"runframes":2875,"runend":1022,"unknown1":4191,"unknown2":2393,"rank":6179,"percentile":19.7036651936574}},"tenDayPercentiles":[],"tenDayDecayingPercentileScore":0,"scoresByDay":[],"rankSummary":{"mean":6179,"median":6179,"max":6179,"min":6179},"percentileSummary":{"mean":19.7036651936574,"median":19.7036651936574,"max":19.7036651936574,"min":19.7036651936574}}