{"name":"matchcreature","scoreData":{"2020-11-16":{"id":76561198054637470,"name":"matchcreature","score":5400,"level":2,"character":0,"platform":48,"runframes":7138,"runend":1021,"unknown1":4294964748,"unknown2":4294965652,"rank":2677,"percentile":31.45491803278688}},"tenDayPercentiles":[31.45491803278688],"tenDayDecayingPercentileScore":22.930635245901637,"scoresByDay":[22.930635245901637],"rankSummary":{"mean":2677,"median":2677,"max":2677,"min":2677},"percentileSummary":{"mean":31.45491803278688,"median":31.45491803278688,"max":31.45491803278688,"min":31.45491803278688}}