{"name":"Matheus Cunegato","scoreData":{"2020-09-30":{"id":76561197972447260,"name":"Matheus Cunegato","score":10775,"level":6,"character":3,"platform":18,"runframes":45151,"runend":1017,"unknown1":4294965576,"unknown2":90,"rank":968,"percentile":87.48058001035733}},"tenDayPercentiles":[],"tenDayDecayingPercentileScore":0,"scoresByDay":[],"rankSummary":{"mean":968,"median":968,"max":968,"min":968},"percentileSummary":{"mean":87.48058001035733,"median":87.48058001035733,"max":87.48058001035733,"min":87.48058001035733}}