{"name":"mathwolf1","scoreData":{"2020-09-26":{"id":4920956835445465000,"name":"mathwolf1","score":5700,"level":1,"character":0,"platform":48,"runframes":2877,"runend":1022,"unknown1":4294966042,"unknown2":1077,"rank":2460,"percentile":5.240847784200383}},"tenDayPercentiles":[],"tenDayDecayingPercentileScore":0,"scoresByDay":[],"rankSummary":{"mean":2460,"median":2460,"max":2460,"min":2460},"percentileSummary":{"mean":5.240847784200383,"median":5.240847784200383,"max":5.240847784200383,"min":5.240847784200383}}