{"name":"matis_","scoreData":{"2020-10-06":{"id":76561197961968200,"name":"matis_","score":7200,"level":2,"character":7,"platform":18,"runframes":3268,"runend":1021,"unknown1":3517,"unknown2":133,"rank":5520,"percentile":18.778513612950704}},"tenDayPercentiles":[],"tenDayDecayingPercentileScore":0,"scoresByDay":[],"rankSummary":{"mean":5520,"median":5520,"max":5520,"min":5520},"percentileSummary":{"mean":18.778513612950704,"median":18.778513612950704,"max":18.778513612950704,"min":18.778513612950704}}