{"name":"Matschgo20","scoreData":{"2020-10-07":{"id":8957116799099435000,"name":"Matschgo20","score":25550,"level":7,"character":0,"platform":48,"runframes":36986,"runend":1016,"unknown1":4294964335,"unknown2":9,"rank":711,"percentile":89.11710606989577}},"tenDayPercentiles":[],"tenDayDecayingPercentileScore":0,"scoresByDay":[],"rankSummary":{"mean":711,"median":711,"max":711,"min":711},"percentileSummary":{"mean":89.11710606989577,"median":89.11710606989577,"max":89.11710606989577,"min":89.11710606989577}}