{"name":"Matsindi","scoreData":{"2020-10-07":{"id":76561199216128200,"name":"Matsindi","score":3100,"level":1,"character":2,"platform":48,"runframes":2224,"runend":1022,"unknown1":4294965824,"unknown2":30,"rank":6034,"percentile":7.526057633353773}},"tenDayPercentiles":[],"tenDayDecayingPercentileScore":0,"scoresByDay":[],"rankSummary":{"mean":6034,"median":6034,"max":6034,"min":6034},"percentileSummary":{"mean":7.526057633353773,"median":7.526057633353773,"max":7.526057633353773,"min":7.526057633353773}}