{"name":"mattkirito404","scoreData":{"2020-09-18":{"id":88678311412273360,"name":"mattkirito404","score":500,"level":1,"character":0,"platform":48,"runframes":2743,"runend":1022,"unknown1":578,"unknown2":4294966821,"rank":2652,"percentile":5.185979971387695}},"tenDayPercentiles":[],"tenDayDecayingPercentileScore":0,"scoresByDay":[],"rankSummary":{"mean":2652,"median":2652,"max":2652,"min":2652},"percentileSummary":{"mean":5.185979971387695,"median":5.185979971387695,"max":5.185979971387695,"min":5.185979971387695}}