{"name":"mattwara","scoreData":{"2020-09-16":{"id":1832959081144462300,"name":"mattwara","score":6200,"level":1,"character":1,"platform":48,"runframes":3476,"runend":1022,"unknown1":1354,"unknown2":4294966149,"rank":2722,"percentile":11.827608554763444}},"tenDayPercentiles":[],"tenDayDecayingPercentileScore":0,"scoresByDay":[],"rankSummary":{"mean":2722,"median":2722,"max":2722,"min":2722},"percentileSummary":{"mean":11.827608554763444,"median":11.827608554763444,"max":11.827608554763444,"min":11.827608554763444}}