{"name":"matthewsmith260","scoreData":{"2020-10-15":{"id":76561197993482700,"name":"matthewsmith260","score":41900,"level":6,"character":0,"platform":18,"runframes":40859,"runend":1017,"unknown1":4294965631,"unknown2":4294962990,"rank":1223,"percentile":78.77366684036825}},"tenDayPercentiles":[],"tenDayDecayingPercentileScore":0,"scoresByDay":[],"rankSummary":{"mean":1223,"median":1223,"max":1223,"min":1223},"percentileSummary":{"mean":78.77366684036825,"median":78.77366684036825,"max":78.77366684036825,"min":78.77366684036825}}