{"name":"Matt5595","scoreData":{"2020-10-02":{"id":76561198204981680,"name":"Matt5595","score":2300,"level":2,"character":5,"platform":18,"runframes":10249,"runend":1021,"unknown1":4294964459,"unknown2":225,"rank":5780,"percentile":22.56465228460405}},"tenDayPercentiles":[],"tenDayDecayingPercentileScore":0,"scoresByDay":[],"rankSummary":{"mean":5780,"median":5780,"max":5780,"min":5780},"percentileSummary":{"mean":22.56465228460405,"median":22.56465228460405,"max":22.56465228460405,"min":22.56465228460405}}