{"name":"MatterallXR","scoreData":{"2020-09-30":{"id":76561198169351070,"name":"MatterallXR","score":6400,"level":1,"character":0,"platform":18,"runframes":2823,"runend":1022,"unknown1":4294966507,"unknown2":746,"rank":6859,"percentile":11.211807353702739}},"tenDayPercentiles":[],"tenDayDecayingPercentileScore":0,"scoresByDay":[],"rankSummary":{"mean":6859,"median":6859,"max":6859,"min":6859},"percentileSummary":{"mean":11.211807353702739,"median":11.211807353702739,"max":11.211807353702739,"min":11.211807353702739}}