{"name":"Mawim","scoreData":{"2020-09-29":{"id":76561197968879250,"name":"Mawim","score":15200,"level":3,"character":0,"platform":18,"runframes":7848,"runend":1020,"unknown1":4294964201,"unknown2":4294964349,"rank":2969,"percentile":46.9241773962804}},"tenDayPercentiles":[],"tenDayDecayingPercentileScore":0,"scoresByDay":[],"rankSummary":{"mean":2969,"median":2969,"max":2969,"min":2969},"percentileSummary":{"mean":46.9241773962804,"median":46.9241773962804,"max":46.9241773962804,"min":46.9241773962804}}