{"name":"MAX5634275","scoreData":{"2020-11-09":{"id":76561198041453860,"name":"MAX5634275","score":39700,"level":4,"character":0,"platform":48,"runframes":62581,"runend":1019,"unknown1":721,"unknown2":40,"rank":2001,"percentile":54.15998166399267}},"tenDayPercentiles":[],"tenDayDecayingPercentileScore":0,"scoresByDay":[],"rankSummary":{"mean":2001,"median":2001,"max":2001,"min":2001},"percentileSummary":{"mean":54.15998166399267,"median":54.15998166399267,"max":54.15998166399267,"min":54.15998166399267}}