{"name":"Maxie_Robot","scoreData":{"2020-11-09":{"id":76561198360443070,"name":"Maxie_Robot","score":500,"level":1,"character":1,"platform":48,"runframes":2064,"runend":1022,"unknown1":1009,"unknown2":1320,"rank":4341,"percentile":0.527160210864082}},"tenDayPercentiles":[],"tenDayDecayingPercentileScore":0,"scoresByDay":[],"rankSummary":{"mean":4341,"median":4341,"max":4341,"min":4341},"percentileSummary":{"mean":0.527160210864082,"median":0.527160210864082,"max":0.527160210864082,"min":0.527160210864082}}