{"name":"maxthelad","scoreData":{"2020-10-02":{"id":76561197978978700,"name":"maxthelad","score":2000,"level":2,"character":0,"platform":48,"runframes":3769,"runend":1021,"unknown1":2935,"unknown2":61,"rank":5809,"percentile":22.176068605118587}},"tenDayPercentiles":[],"tenDayDecayingPercentileScore":0,"scoresByDay":[],"rankSummary":{"mean":5809,"median":5809,"max":5809,"min":5809},"percentileSummary":{"mean":22.176068605118587,"median":22.176068605118587,"max":22.176068605118587,"min":22.176068605118587}}