{"name":"Maxwell","scoreData":{"2020-10-05":{"id":3177622469267259000,"name":"Maxwell","score":18900,"level":3,"character":7,"platform":18,"runframes":12151,"runend":1020,"unknown1":4294965371,"unknown2":51,"rank":3717,"percentile":45.44920728126834}},"tenDayPercentiles":[],"tenDayDecayingPercentileScore":0,"scoresByDay":[],"rankSummary":{"mean":3717,"median":3717,"max":3717,"min":3717},"percentileSummary":{"mean":45.44920728126834,"median":45.44920728126834,"max":45.44920728126834,"min":45.44920728126834}}