{"name":"Maxy_KING_right","scoreData":{"2020-10-26":{"id":1839987816474996700,"name":"Maxy_KING_right","score":20800,"level":3,"character":0,"platform":48,"runframes":17238,"runend":1020,"unknown1":4294964510,"unknown2":4294966231,"rank":2976,"percentile":41.20553359683794}},"tenDayPercentiles":[],"tenDayDecayingPercentileScore":0,"scoresByDay":[],"rankSummary":{"mean":2976,"median":2976,"max":2976,"min":2976},"percentileSummary":{"mean":41.20553359683794,"median":41.20553359683794,"max":41.20553359683794,"min":41.20553359683794}}