{"name":"֎ мαяту","scoreData":{"2020-10-10":{"id":76561199521360320,"name":"֎ мαяту","score":2300,"level":1,"character":0,"platform":18,"runframes":3436,"runend":1022,"unknown1":4294962538,"unknown2":15,"rank":5660,"percentile":14.205579138872054}},"tenDayDecayingPercentileMean":null,"rankSummary":{"mean":5660,"median":5660,"max":5660,"min":5660},"percentileSummary":{"mean":14.205579138872054,"median":14.205579138872054,"max":14.205579138872054,"min":14.205579138872054}}