{"name":"maybegabriel","scoreData":{"2020-10-10":{"id":76561197970509680,"name":"maybegabriel","score":1000,"level":1,"character":0,"platform":18,"runframes":2915,"runend":1022,"unknown1":4294965075,"unknown2":56,"rank":6197,"percentile":6.064281382656162}},"tenDayPercentiles":[],"tenDayDecayingPercentileScore":0,"scoresByDay":[],"rankSummary":{"mean":6197,"median":6197,"max":6197,"min":6197},"percentileSummary":{"mean":6.064281382656162,"median":6.064281382656162,"max":6.064281382656162,"min":6.064281382656162}}