{"name":"maypul","scoreData":{"2020-11-18":{"id":76561197961229940,"name":"maypul","score":42825,"level":5,"character":0,"platform":18,"runframes":17212,"runend":1018,"unknown1":2818,"unknown2":1513,"rank":1868,"percentile":53.51095617529881}},"tenDayPercentiles":[53.51095617529881],"tenDayDecayingPercentileScore":43.34387450199204,"scoresByDay":[43.34387450199204],"rankSummary":{"mean":1868,"median":1868,"max":1868,"min":1868},"percentileSummary":{"mean":53.51095617529881,"median":53.51095617529881,"max":53.51095617529881,"min":53.51095617529881}}