{"name":"mayumoogy","scoreData":{"2020-10-03":{"id":76561198041042080,"name":"mayumoogy","score":10500,"level":2,"character":1,"platform":18,"runframes":10954,"runend":1021,"unknown1":5809,"unknown2":4294966913,"rank":4985,"percentile":36.895416561154725}},"tenDayPercentiles":[],"tenDayDecayingPercentileScore":0,"scoresByDay":[],"rankSummary":{"mean":4985,"median":4985,"max":4985,"min":4985},"percentileSummary":{"mean":36.895416561154725,"median":36.895416561154725,"max":36.895416561154725,"min":36.895416561154725}}