{"name":"McCarsy6643","scoreData":{"2020-09-18":{"id":6195462057207071000,"name":"McCarsy6643","score":3900,"level":2,"character":0,"platform":48,"runframes":8911,"runend":1021,"unknown1":100,"unknown2":386,"rank":2221,"percentile":20.600858369098717}},"tenDayPercentiles":[],"tenDayDecayingPercentileScore":0,"scoresByDay":[],"rankSummary":{"mean":2221,"median":2221,"max":2221,"min":2221},"percentileSummary":{"mean":20.600858369098717,"median":20.600858369098717,"max":20.600858369098717,"min":20.600858369098717}}