{"name":"MCCLXV","scoreData":{"2020-10-02":{"id":76561198203030750,"name":"MCCLXV","score":9300,"level":4,"character":2,"platform":48,"runframes":17122,"runend":1019,"unknown1":4294967167,"unknown2":4294960545,"rank":2711,"percentile":63.687525123944795}},"tenDayPercentiles":[],"tenDayDecayingPercentileScore":0,"scoresByDay":[],"rankSummary":{"mean":2711,"median":2711,"max":2711,"min":2711},"percentileSummary":{"mean":63.687525123944795,"median":63.687525123944795,"max":63.687525123944795,"min":63.687525123944795}}