{"name":"McClown7","scoreData":{"2020-10-03":{"id":76561198118847680,"name":"McClown7","score":27600,"level":4,"character":3,"platform":18,"runframes":23435,"runend":1019,"unknown1":4294961220,"unknown2":4294961928,"rank":1781,"percentile":77.46264877184097}},"tenDayPercentiles":[],"tenDayDecayingPercentileScore":0,"scoresByDay":[],"rankSummary":{"mean":1781,"median":1781,"max":1781,"min":1781},"percentileSummary":{"mean":77.46264877184097,"median":77.46264877184097,"max":77.46264877184097,"min":77.46264877184097}}