{"name":"McDonnelMiller","scoreData":{"2020-09-24":{"id":4462241267775190000,"name":"McDonnelMiller","score":6000,"level":2,"character":0,"platform":48,"runframes":6746,"runend":1021,"unknown1":998,"unknown2":956,"rank":1640,"percentile":28.924544666088465}},"tenDayPercentiles":[],"tenDayDecayingPercentileScore":0,"scoresByDay":[],"rankSummary":{"mean":1640,"median":1640,"max":1640,"min":1640},"percentileSummary":{"mean":28.924544666088465,"median":28.924544666088465,"max":28.924544666088465,"min":28.924544666088465}}