{"name":"McDoorag","scoreData":{"2020-10-24":{"id":76561198056775520,"name":"McDoorag","score":8600,"level":3,"character":8,"platform":48,"runframes":8879,"runend":1020,"unknown1":4294967230,"unknown2":148,"rank":3077,"percentile":42.74013402829486}},"tenDayPercentiles":[],"tenDayDecayingPercentileScore":0,"scoresByDay":[],"rankSummary":{"mean":3077,"median":3077,"max":3077,"min":3077},"percentileSummary":{"mean":42.74013402829486,"median":42.74013402829486,"max":42.74013402829486,"min":42.74013402829486}}