{"name":"McDunkin","scoreData":{"2020-10-19":{"id":1657046320199451000,"name":"McDunkin","score":23500,"level":5,"character":1,"platform":18,"runframes":35049,"runend":1018,"unknown1":1714,"unknown2":434,"rank":1590,"percentile":70.28795811518324}},"tenDayPercentiles":[],"tenDayDecayingPercentileScore":0,"scoresByDay":[],"rankSummary":{"mean":1590,"median":1590,"max":1590,"min":1590},"percentileSummary":{"mean":70.28795811518324,"median":70.28795811518324,"max":70.28795811518324,"min":70.28795811518324}}