{"name":"mchand82","scoreData":{"2020-11-01":{"id":76561198050073710,"name":"mchand82","score":5000,"level":2,"character":0,"platform":18,"runframes":16830,"runend":1021,"unknown1":4294963385,"unknown2":277,"rank":3788,"percentile":19.511158342189162}},"tenDayPercentiles":[],"tenDayDecayingPercentileScore":0,"scoresByDay":[],"rankSummary":{"mean":3788,"median":3788,"max":3788,"min":3788},"percentileSummary":{"mean":19.511158342189162,"median":19.511158342189162,"max":19.511158342189162,"min":19.511158342189162}}