{"name":"McNerfherder42","scoreData":{"2020-09-16":{"id":4448155223686528000,"name":"McNerfherder42","score":7000,"level":1,"character":0,"platform":48,"runframes":2140,"runend":1022,"unknown1":707,"unknown2":316,"rank":2668,"percentile":13.577446532728459}},"tenDayPercentiles":[],"tenDayDecayingPercentileScore":0,"scoresByDay":[],"rankSummary":{"mean":2668,"median":2668,"max":2668,"min":2668},"percentileSummary":{"mean":13.577446532728459,"median":13.577446532728459,"max":13.577446532728459,"min":13.577446532728459}}