{"name":"MCnuggets0909","scoreData":{"2020-11-02":{"id":76561197983395260,"name":"MCnuggets0909","score":2300,"level":2,"character":3,"platform":48,"runframes":4465,"runend":1021,"unknown1":569,"unknown2":869,"rank":4218,"percentile":5.7232282584395335}},"tenDayPercentiles":[],"tenDayDecayingPercentileScore":0,"scoresByDay":[],"rankSummary":{"mean":4218,"median":4218,"max":4218,"min":4218},"percentileSummary":{"mean":5.7232282584395335,"median":5.7232282584395335,"max":5.7232282584395335,"min":5.7232282584395335}}