{"name":"mcslimz","scoreData":{"2020-10-15":{"id":454827090906548540,"name":"mcslimz","score":7700,"level":1,"character":0,"platform":48,"runframes":4176,"runend":1022,"unknown1":3445,"unknown2":447,"rank":5362,"percentile":6.878582595101619}},"tenDayPercentiles":[],"tenDayDecayingPercentileScore":0,"scoresByDay":[],"rankSummary":{"mean":5362,"median":5362,"max":5362,"min":5362},"percentileSummary":{"mean":6.878582595101619,"median":6.878582595101619,"max":6.878582595101619,"min":6.878582595101619}}