{"name":"McWizard","scoreData":{"2020-10-03":{"id":76561198094752780,"name":"McWizard","score":10300,"level":1,"character":0,"platform":18,"runframes":3084,"runend":1022,"unknown1":2679,"unknown2":1206,"rank":6968,"percentile":11.787794378323625}},"tenDayPercentiles":[],"tenDayDecayingPercentileScore":0,"scoresByDay":[],"rankSummary":{"mean":6968,"median":6968,"max":6968,"min":6968},"percentileSummary":{"mean":11.787794378323625,"median":11.787794378323625,"max":11.787794378323625,"min":11.787794378323625}}