{"name":"Mdawg62803","scoreData":{"2020-10-10":{"id":76561198072947800,"name":"Mdawg62803","score":22700,"level":4,"character":7,"platform":48,"runframes":12544,"runend":1019,"unknown1":2725,"unknown2":1674,"rank":1168,"percentile":82.30745906610066}},"tenDayPercentiles":[],"tenDayDecayingPercentileScore":0,"scoresByDay":[],"rankSummary":{"mean":1168,"median":1168,"max":1168,"min":1168},"percentileSummary":{"mean":82.30745906610066,"median":82.30745906610066,"max":82.30745906610066,"min":82.30745906610066}}