{"name":"MDL8890","scoreData":{"2020-09-30":{"id":76561199082268900,"name":"MDL8890","score":500,"level":1,"character":3,"platform":48,"runframes":1242,"runend":1022,"unknown1":4294966112,"unknown2":5434,"rank":7639,"percentile":1.1134127395132083}},"tenDayPercentiles":[],"tenDayDecayingPercentileScore":0,"scoresByDay":[],"rankSummary":{"mean":7639,"median":7639,"max":7639,"min":7639},"percentileSummary":{"mean":1.1134127395132083,"median":1.1134127395132083,"max":1.1134127395132083,"min":1.1134127395132083}}