{"name":"MeabhPale","scoreData":{"2020-09-30":{"id":155002888667158600,"name":"MeabhPale","score":8400,"level":1,"character":4,"platform":48,"runframes":4506,"runend":1022,"unknown1":4294961686,"unknown2":30,"rank":6384,"percentile":17.36147074054894}},"tenDayPercentiles":[],"tenDayDecayingPercentileScore":0,"scoresByDay":[],"rankSummary":{"mean":6384,"median":6384,"max":6384,"min":6384},"percentileSummary":{"mean":17.36147074054894,"median":17.36147074054894,"max":17.36147074054894,"min":17.36147074054894}}