{"name":"MeAmSeal","scoreData":{"2020-09-29":{"id":4996424324105492000,"name":"MeAmSeal","score":34475,"level":5,"character":7,"platform":48,"runframes":23316,"runend":1018,"unknown1":3481,"unknown2":3451,"rank":1227,"percentile":78.0758226037196}},"tenDayPercentiles":[],"tenDayDecayingPercentileScore":0,"scoresByDay":[],"rankSummary":{"mean":1227,"median":1227,"max":1227,"min":1227},"percentileSummary":{"mean":78.0758226037196,"median":78.0758226037196,"max":78.0758226037196,"min":78.0758226037196}}