{"name":"MEANYBBEANY","scoreData":{"2020-10-07":{"id":76561198056027220,"name":"MEANYBBEANY","score":2000,"level":2,"character":3,"platform":48,"runframes":3664,"runend":1021,"unknown1":4294964945,"unknown2":4294962597,"rank":4984,"percentile":23.620478234212143}},"tenDayPercentiles":[],"tenDayDecayingPercentileScore":0,"scoresByDay":[],"rankSummary":{"mean":4984,"median":4984,"max":4984,"min":4984},"percentileSummary":{"mean":23.620478234212143,"median":23.620478234212143,"max":23.620478234212143,"min":23.620478234212143}}