{"name":"MeatballMagician","scoreData":{"2020-11-12":{"id":76561197988627090,"name":"MeatballMagician","score":60300,"level":9,"character":0,"platform":18,"runframes":60416,"runend":1014,"unknown1":4294967269,"unknown2":563,"rank":262,"percentile":93.87898686679175}},"tenDayPercentiles":[93.87898686679175],"tenDayDecayingPercentileScore":36.37064299875705,"scoresByDay":[36.37064299875705],"rankSummary":{"mean":262,"median":262,"max":262,"min":262},"percentileSummary":{"mean":93.87898686679175,"median":93.87898686679175,"max":93.87898686679175,"min":93.87898686679175}}