{"name":"Meat Horse Array","scoreData":{"2020-10-28":{"id":2750038471533807000,"name":"Meat Horse Array","score":45500,"level":3,"character":0,"platform":18,"runframes":22200,"runend":1020,"unknown1":3659,"unknown2":1636,"rank":2909,"percentile":40.90631985368828}},"tenDayDecayingPercentileMean":null,"rankSummary":{"mean":2909,"median":2909,"max":2909,"min":2909},"percentileSummary":{"mean":40.90631985368828,"median":40.90631985368828,"max":40.90631985368828,"min":40.90631985368828}}