{"name":"MechaGallade","scoreData":{"2020-10-03":{"id":76561198022638990,"name":"MechaGallade","score":13475,"level":5,"character":0,"platform":18,"runframes":25416,"runend":1018,"unknown1":4294966170,"unknown2":4034,"rank":1586,"percentile":79.93162826031907}},"tenDayPercentiles":[],"tenDayDecayingPercentileScore":0,"scoresByDay":[],"rankSummary":{"mean":1586,"median":1586,"max":1586,"min":1586},"percentileSummary":{"mean":79.93162826031907,"median":79.93162826031907,"max":79.93162826031907,"min":79.93162826031907}}