{"name":"medes77","scoreData":{"2020-09-16":{"id":3985477682020459500,"name":"medes77","score":13600,"level":3,"character":1,"platform":48,"runframes":10666,"runend":1020,"unknown1":2788,"unknown2":45,"rank":999,"percentile":67.66040181464679}},"tenDayPercentiles":[],"tenDayDecayingPercentileScore":0,"scoresByDay":[],"rankSummary":{"mean":999,"median":999,"max":999,"min":999},"percentileSummary":{"mean":67.66040181464679,"median":67.66040181464679,"max":67.66040181464679,"min":67.66040181464679}}