{"name":"MediocrePete","scoreData":{"2020-10-18":{"id":76561199095433470,"name":"MediocrePete","score":25000,"level":3,"character":0,"platform":48,"runframes":11610,"runend":1020,"unknown1":45,"unknown2":1380,"rank":4351,"percentile":26.619433198380577}},"tenDayPercentiles":[],"tenDayDecayingPercentileScore":0,"scoresByDay":[],"rankSummary":{"mean":4351,"median":4351,"max":4351,"min":4351},"percentileSummary":{"mean":26.619433198380577,"median":26.619433198380577,"max":26.619433198380577,"min":26.619433198380577}}