{"name":"MeepCat","scoreData":{"2020-09-27":{"id":3760254542990256000,"name":"MeepCat","score":1000,"level":1,"character":2,"platform":48,"runframes":6091,"runend":1022,"unknown1":4294966655,"unknown2":4294966389,"rank":2475,"percentile":1.039999999999992}},"tenDayPercentiles":[],"tenDayDecayingPercentileScore":0,"scoresByDay":[],"rankSummary":{"mean":2475,"median":2475,"max":2475,"min":2475},"percentileSummary":{"mean":1.039999999999992,"median":1.039999999999992,"max":1.039999999999992,"min":1.039999999999992}}