{"name":"MEGADERPINATOR","scoreData":{"2020-09-16":{"id":5339951810615557000,"name":"MEGADERPINATOR","score":4600,"level":3,"character":0,"platform":48,"runframes":12926,"runend":1020,"unknown1":4294966984,"unknown2":1047,"rank":1194,"percentile":61.341542449773165}},"tenDayPercentiles":[],"tenDayDecayingPercentileScore":0,"scoresByDay":[],"rankSummary":{"mean":1194,"median":1194,"max":1194,"min":1194},"percentileSummary":{"mean":61.341542449773165,"median":61.341542449773165,"max":61.341542449773165,"min":61.341542449773165}}