{"name":"Mega Charmander","scoreData":{"2020-10-02":{"id":76561197992786800,"name":"Mega Charmander","score":100,"level":1,"character":18,"platform":18,"runframes":523,"runend":1022,"unknown1":1361,"unknown2":1361,"rank":7302,"percentile":2.170708830229131}},"tenDayPercentiles":[],"tenDayDecayingPercentileScore":0,"scoresByDay":[],"rankSummary":{"mean":7302,"median":7302,"max":7302,"min":7302},"percentileSummary":{"mean":2.170708830229131,"median":2.170708830229131,"max":2.170708830229131,"min":2.170708830229131}}