{"name":"megapokapoka","scoreData":{"2020-11-13":{"id":2624010331873199600,"name":"megapokapoka","score":6500,"level":1,"character":0,"platform":48,"runframes":6215,"runend":1022,"unknown1":2160,"unknown2":360,"rank":3917,"percentile":6.761904761904759}},"tenDayPercentiles":[6.761904761904759],"tenDayDecayingPercentileScore":3.5935534285714277,"scoresByDay":[3.5935534285714277],"rankSummary":{"mean":3917,"median":3917,"max":3917,"min":3917},"percentileSummary":{"mean":6.761904761904759,"median":6.761904761904759,"max":6.761904761904759,"min":6.761904761904759}}