{"name":"MegafoS","scoreData":{"2020-11-05":{"id":76561197971749700,"name":"MegafoS","score":3400,"level":1,"character":7,"platform":18,"runframes":1646,"runend":1022,"unknown1":4294964887,"unknown2":4294963946,"rank":3947,"percentile":12.27212094264118}},"tenDayPercentiles":[],"tenDayDecayingPercentileScore":0,"scoresByDay":[],"rankSummary":{"mean":3947,"median":3947,"max":3947,"min":3947},"percentileSummary":{"mean":12.27212094264118,"median":12.27212094264118,"max":12.27212094264118,"min":12.27212094264118}}