{"name":"megamattface","scoreData":{"2020-10-01":{"id":76561198002281580,"name":"megamattface","score":4600,"level":1,"character":0,"platform":48,"runframes":3638,"runend":1022,"unknown1":4294964329,"unknown2":1346,"rank":6327,"percentile":17.78008838055628}},"tenDayPercentiles":[],"tenDayDecayingPercentileScore":0,"scoresByDay":[],"rankSummary":{"mean":6327,"median":6327,"max":6327,"min":6327},"percentileSummary":{"mean":17.78008838055628,"median":17.78008838055628,"max":17.78008838055628,"min":17.78008838055628}}