{"name":"megaberso","scoreData":{"2020-10-01":{"id":76561197968543220,"name":"megaberso","score":15000,"level":3,"character":2,"platform":18,"runframes":25843,"runend":1020,"unknown1":4294966766,"unknown2":15,"rank":3776,"percentile":50.93579412529244}},"tenDayPercentiles":[],"tenDayDecayingPercentileScore":0,"scoresByDay":[],"rankSummary":{"mean":3776,"median":3776,"max":3776,"min":3776},"percentileSummary":{"mean":50.93579412529244,"median":50.93579412529244,"max":50.93579412529244,"min":50.93579412529244}}