{"name":"mehmetab3","scoreData":{"2020-11-11":{"id":76561198023730610,"name":"mehmetab3","score":3000,"level":1,"character":3,"platform":18,"runframes":1027,"runend":1022,"unknown1":1166,"unknown2":4294965684,"rank":4403,"percentile":1.0341726618704996}},"tenDayPercentiles":[1.0341726618704996],"tenDayDecayingPercentileScore":0.36059371053507067,"scoresByDay":[0.36059371053507067],"rankSummary":{"mean":4403,"median":4403,"max":4403,"min":4403},"percentileSummary":{"mean":1.0341726618704996,"median":1.0341726618704996,"max":1.0341726618704996,"min":1.0341726618704996}}