{"name":"Mei-Senpai","scoreData":{"2020-09-30":{"id":76561198235867630,"name":"Mei-Senpai","score":6500,"level":1,"character":3,"platform":18,"runframes":3571,"runend":1022,"unknown1":4294962359,"unknown2":18,"rank":6844,"percentile":11.406007250129463}},"tenDayPercentiles":[],"tenDayDecayingPercentileScore":0,"scoresByDay":[],"rankSummary":{"mean":6844,"median":6844,"max":6844,"min":6844},"percentileSummary":{"mean":11.406007250129463,"median":11.406007250129463,"max":11.406007250129463,"min":11.406007250129463}}