{"name":"meilvang","scoreData":{"2020-09-18":{"id":4347335869584016000,"name":"meilvang","score":0,"level":1,"character":0,"platform":48,"runframes":1868,"runend":1022,"unknown1":4294967155,"unknown2":2,"rank":2778,"percentile":0.6795422031473493}},"tenDayPercentiles":[],"tenDayDecayingPercentileScore":0,"scoresByDay":[],"rankSummary":{"mean":2778,"median":2778,"max":2778,"min":2778},"percentileSummary":{"mean":0.6795422031473493,"median":0.6795422031473493,"max":0.6795422031473493,"min":0.6795422031473493}}