{"name":"meime","scoreData":{"2020-10-13":{"id":76561198040888910,"name":"meime","score":40850,"level":6,"character":5,"platform":18,"runframes":26753,"runend":1017,"unknown1":1721,"unknown2":140,"rank":1142,"percentile":80.54560954816709}},"tenDayPercentiles":[],"tenDayDecayingPercentileScore":0,"scoresByDay":[],"rankSummary":{"mean":1142,"median":1142,"max":1142,"min":1142},"percentileSummary":{"mean":80.54560954816709,"median":80.54560954816709,"max":80.54560954816709,"min":80.54560954816709}}