{"name":"Meka","scoreData":{"2020-10-07":{"id":76561198009457020,"name":"Meka","score":5000,"level":2,"character":0,"platform":18,"runframes":4258,"runend":1021,"unknown1":5086,"unknown2":479,"rank":4433,"percentile":32.06621704475782}},"tenDayPercentiles":[],"tenDayDecayingPercentileScore":0,"scoresByDay":[],"rankSummary":{"mean":4433,"median":4433,"max":4433,"min":4433},"percentileSummary":{"mean":32.06621704475782,"median":32.06621704475782,"max":32.06621704475782,"min":32.06621704475782}}