{"name":"MelroseMacintosh","scoreData":{"2020-09-20":{"id":7209323101241318000,"name":"MelroseMacintosh","score":11600,"level":1,"character":0,"platform":48,"runframes":12075,"runend":1022,"unknown1":4294966034,"unknown2":4294965774,"rank":2434,"percentile":18.190988567585748}},"tenDayPercentiles":[],"tenDayDecayingPercentileScore":0,"scoresByDay":[],"rankSummary":{"mean":2434,"median":2434,"max":2434,"min":2434},"percentileSummary":{"mean":18.190988567585748,"median":18.190988567585748,"max":18.190988567585748,"min":18.190988567585748}}