{"name":"MemeMagistrate","scoreData":{"2020-10-06":{"id":76561198095896540,"name":"MemeMagistrate","score":3800,"level":3,"character":4,"platform":18,"runframes":5938,"runend":1020,"unknown1":4400,"unknown2":57,"rank":3987,"percentile":41.3392200147167}},"tenDayPercentiles":[],"tenDayDecayingPercentileScore":0,"scoresByDay":[],"rankSummary":{"mean":3987,"median":3987,"max":3987,"min":3987},"percentileSummary":{"mean":41.3392200147167,"median":41.3392200147167,"max":41.3392200147167,"min":41.3392200147167}}