{"name":"Meneer_bakker","scoreData":{"2020-10-07":{"id":76561198025036450,"name":"Meneer_bakker","score":7000,"level":2,"character":0,"platform":18,"runframes":8880,"runend":1021,"unknown1":4294966967,"unknown2":93,"rank":3959,"percentile":39.33169834457389}},"tenDayPercentiles":[],"tenDayDecayingPercentileScore":0,"scoresByDay":[],"rankSummary":{"mean":3959,"median":3959,"max":3959,"min":3959},"percentileSummary":{"mean":39.33169834457389,"median":39.33169834457389,"max":39.33169834457389,"min":39.33169834457389}}