{"name":"Mentok the MindTaker","scoreData":{"2020-10-19":{"id":76561198256290350,"name":"Mentok the MindTaker","score":20200,"level":4,"character":10,"platform":18,"runframes":15785,"runend":1019,"unknown1":4294967003,"unknown2":282,"rank":2284,"percentile":57.31114435302917}},"tenDayDecayingPercentileMean":null,"rankSummary":{"mean":2284,"median":2284,"max":2284,"min":2284},"percentileSummary":{"mean":57.31114435302917,"median":57.31114435302917,"max":57.31114435302917,"min":57.31114435302917}}