{"name":"meowmeowpotato","scoreData":{"2020-10-22":{"id":79019111538483380,"name":"meowmeowpotato","score":2000,"level":1,"character":7,"platform":18,"runframes":1108,"runend":1022,"unknown1":3052,"unknown2":1381,"rank":5251,"percentile":1.0740531373657376}},"tenDayPercentiles":[],"tenDayDecayingPercentileScore":0,"scoresByDay":[],"rankSummary":{"mean":5251,"median":5251,"max":5251,"min":5251},"percentileSummary":{"mean":1.0740531373657376,"median":1.0740531373657376,"max":1.0740531373657376,"min":1.0740531373657376}}