{"name":"MercilessYamir","scoreData":{"2020-09-22":{"id":4687130453931872000,"name":"MercilessYamir","score":3000,"level":2,"character":7,"platform":48,"runframes":5444,"runend":1021,"unknown1":4294966717,"unknown2":4294964924,"rank":1549,"percentile":37.124289195775795}},"tenDayPercentiles":[],"tenDayDecayingPercentileScore":0,"scoresByDay":[],"rankSummary":{"mean":1549,"median":1549,"max":1549,"min":1549},"percentileSummary":{"mean":37.124289195775795,"median":37.124289195775795,"max":37.124289195775795,"min":37.124289195775795}}