{"name":"Mereth","scoreData":{"2020-09-29":{"id":76561197979579580,"name":"Mereth","score":7600,"level":1,"character":0,"platform":18,"runframes":1812,"runend":1022,"unknown1":4294966482,"unknown2":86,"rank":5055,"percentile":9.620886981401995}},"tenDayPercentiles":[],"tenDayDecayingPercentileScore":0,"scoresByDay":[],"rankSummary":{"mean":5055,"median":5055,"max":5055,"min":5055},"percentileSummary":{"mean":9.620886981401995,"median":9.620886981401995,"max":9.620886981401995,"min":9.620886981401995}}