{"name":"mergleh","scoreData":{"2020-09-22":{"id":4147529430817401300,"name":"mergleh","score":0,"level":1,"character":0,"platform":48,"runframes":820,"runend":1022,"unknown1":151,"unknown2":485,"rank":2314,"percentile":6.051990251827775}},"tenDayPercentiles":[],"tenDayDecayingPercentileScore":0,"scoresByDay":[],"rankSummary":{"mean":2314,"median":2314,"max":2314,"min":2314},"percentileSummary":{"mean":6.051990251827775,"median":6.051990251827775,"max":6.051990251827775,"min":6.051990251827775}}