{"name":"mericanman247","scoreData":{"2020-10-14":{"id":76561198033070900,"name":"mericanman247","score":4800,"level":1,"character":0,"platform":48,"runframes":3490,"runend":1022,"unknown1":436,"unknown2":9,"rank":4200,"percentile":24.09616775126537}},"tenDayPercentiles":[],"tenDayDecayingPercentileScore":0,"scoresByDay":[],"rankSummary":{"mean":4200,"median":4200,"max":4200,"min":4200},"percentileSummary":{"mean":24.09616775126537,"median":24.09616775126537,"max":24.09616775126537,"min":24.09616775126537}}