{"name":"mesquitabraulio","scoreData":{"2020-09-15":{"id":515947071652886900,"name":"mesquitabraulio","score":7600,"level":2,"character":0,"platform":48,"runframes":5193,"runend":1021,"unknown1":4294967209,"unknown2":1100,"rank":1035,"percentile":43.06167400881057}},"tenDayPercentiles":[],"tenDayDecayingPercentileScore":0,"scoresByDay":[],"rankSummary":{"mean":1035,"median":1035,"max":1035,"min":1035},"percentileSummary":{"mean":43.06167400881057,"median":43.06167400881057,"max":43.06167400881057,"min":43.06167400881057}}