{"name":"Metal Rain","scoreData":{"2020-11-19":{"id":76561198388195340,"name":"Metal Rain","score":9700,"level":5,"character":0,"platform":18,"runframes":32657,"runend":1018,"unknown1":3571,"unknown2":3107,"rank":1687,"percentile":56.83563748079877}},"tenDayPercentiles":[],"tenDayDecayingPercentileScore":0,"scoresByDay":[],"rankSummary":{"mean":1687,"median":1687,"max":1687,"min":1687},"percentileSummary":{"mean":56.83563748079877,"median":56.83563748079877,"max":56.83563748079877,"min":56.83563748079877}}