{"name":"Meth Laced Toothpaste","scoreData":{"2020-10-24":{"id":76561198086534320,"name":"Meth Laced Toothpaste","score":17625,"level":7,"character":3,"platform":18,"runframes":19836,"runend":1016,"unknown1":4879,"unknown2":498,"rank":1161,"percentile":78.4065524944155}},"tenDayPercentiles":[],"tenDayDecayingPercentileScore":0,"scoresByDay":[],"rankSummary":{"mean":1161,"median":1161,"max":1161,"min":1161},"percentileSummary":{"mean":78.4065524944155,"median":78.4065524944155,"max":78.4065524944155,"min":78.4065524944155}}