{"name":"Mettwurst_2000","scoreData":{"2020-10-14":{"id":76561198073222880,"name":"Mettwurst_2000","score":7100,"level":1,"character":0,"platform":48,"runframes":6576,"runend":1022,"unknown1":4294965389,"unknown2":16,"rank":3977,"percentile":28.12725958062184}},"tenDayPercentiles":[],"tenDayDecayingPercentileScore":0,"scoresByDay":[],"rankSummary":{"mean":3977,"median":3977,"max":3977,"min":3977},"percentileSummary":{"mean":28.12725958062184,"median":28.12725958062184,"max":28.12725958062184,"min":28.12725958062184}}