{"name":"metusalemimisu","scoreData":{"2020-11-18":{"id":2670032632383913000,"name":"metusalemimisu","score":25700,"level":4,"character":3,"platform":48,"runframes":22903,"runend":1019,"unknown1":518,"unknown2":410,"rank":2536,"percentile":36.87749003984063}},"tenDayPercentiles":[36.87749003984063],"tenDayDecayingPercentileScore":29.87076693227091,"scoresByDay":[29.87076693227091],"rankSummary":{"mean":2536,"median":2536,"max":2536,"min":2536},"percentileSummary":{"mean":36.87749003984063,"median":36.87749003984063,"max":36.87749003984063,"min":36.87749003984063}}