{"name":"MG_krakken","scoreData":{"2020-11-02":{"id":76561197992197170,"name":"MG_krakken","score":18700,"level":4,"character":7,"platform":18,"runframes":29294,"runend":1019,"unknown1":4294967087,"unknown2":41,"rank":2295,"percentile":48.71450927788956}},"tenDayPercentiles":[],"tenDayDecayingPercentileScore":0,"scoresByDay":[],"rankSummary":{"mean":2295,"median":2295,"max":2295,"min":2295},"percentileSummary":{"mean":48.71450927788956,"median":48.71450927788956,"max":48.71450927788956,"min":48.71450927788956}}