{"name":"MGuerra27","scoreData":{"2020-09-21":{"id":2714635592623099000,"name":"MGuerra27","score":4000,"level":2,"character":0,"platform":48,"runframes":6495,"runend":1021,"unknown1":4294966294,"unknown2":25,"rank":1879,"percentile":24.78974769723669}},"tenDayPercentiles":[],"tenDayDecayingPercentileScore":0,"scoresByDay":[],"rankSummary":{"mean":1879,"median":1879,"max":1879,"min":1879},"percentileSummary":{"mean":24.78974769723669,"median":24.78974769723669,"max":24.78974769723669,"min":24.78974769723669}}