{"name":"mhbuys00","scoreData":{"2020-10-28":{"id":76561198076547500,"name":"mhbuys00","score":0,"level":1,"character":0,"platform":18,"runframes":1773,"runend":1022,"unknown1":2495,"unknown2":2325,"rank":4867,"percentile":1.1176590123958619}},"tenDayPercentiles":[],"tenDayDecayingPercentileScore":0,"scoresByDay":[],"rankSummary":{"mean":4867,"median":4867,"max":4867,"min":4867},"percentileSummary":{"mean":1.1176590123958619,"median":1.1176590123958619,"max":1.1176590123958619,"min":1.1176590123958619}}