{"name":"Michael Westen","scoreData":{"2020-11-03":{"id":76561198116353950,"name":"Michael Westen","score":35300,"level":4,"character":7,"platform":18,"runframes":30202,"runend":1019,"unknown1":4294965003,"unknown2":4294964577,"rank":2503,"percentile":44.375277901289465}},"tenDayDecayingPercentileMean":null,"rankSummary":{"mean":2503,"median":2503,"max":2503,"min":2503},"percentileSummary":{"mean":44.375277901289465,"median":44.375277901289465,"max":44.375277901289465,"min":44.375277901289465}}