{"name":"michinnom","scoreData":{"2020-09-30":{"id":76561198357466600,"name":"michinnom","score":4250,"level":4,"character":0,"platform":18,"runframes":25831,"runend":1019,"unknown1":4294964051,"unknown2":1634,"rank":2081,"percentile":73.07094769549457}},"tenDayPercentiles":[],"tenDayDecayingPercentileScore":0,"scoresByDay":[],"rankSummary":{"mean":2081,"median":2081,"max":2081,"min":2081},"percentileSummary":{"mean":73.07094769549457,"median":73.07094769549457,"max":73.07094769549457,"min":73.07094769549457}}