{"name":"michael","scoreData":{"2020-10-13":{"id":76561197970006990,"name":"michael","score":6400,"level":1,"character":3,"platform":18,"runframes":2495,"runend":1022,"unknown1":4294964951,"unknown2":4294963878,"rank":5580,"percentile":4.876385336743397}},"tenDayPercentiles":[],"tenDayDecayingPercentileScore":0,"scoresByDay":[],"rankSummary":{"mean":5580,"median":5580,"max":5580,"min":5580},"percentileSummary":{"mean":4.876385336743397,"median":4.876385336743397,"max":4.876385336743397,"min":4.876385336743397}}