{"name":"MichaelB52","scoreData":{"2020-09-30":{"id":76561197989202080,"name":"MichaelB52","score":4500,"level":2,"character":3,"platform":18,"runframes":4469,"runend":1021,"unknown1":2994,"unknown2":175,"rank":5607,"percentile":27.42102537545314}},"tenDayPercentiles":[],"tenDayDecayingPercentileScore":0,"scoresByDay":[],"rankSummary":{"mean":5607,"median":5607,"max":5607,"min":5607},"percentileSummary":{"mean":27.42102537545314,"median":27.42102537545314,"max":27.42102537545314,"min":27.42102537545314}}