{"name":"MICKAEL0107","scoreData":{"2020-09-17":{"id":7974482501833548000,"name":"MICKAEL0107","score":4900,"level":2,"character":0,"platform":48,"runframes":3749,"runend":1021,"unknown1":4294966668,"unknown2":4294964710,"rank":1884,"percentile":33.39228864520693}},"tenDayPercentiles":[],"tenDayDecayingPercentileScore":0,"scoresByDay":[],"rankSummary":{"mean":1884,"median":1884,"max":1884,"min":1884},"percentileSummary":{"mean":33.39228864520693,"median":33.39228864520693,"max":33.39228864520693,"min":33.39228864520693}}