{"name":"MickNattura","scoreData":{"2020-10-20":{"id":76561198088639380,"name":"MickNattura","score":34255,"level":7,"character":0,"platform":48,"runframes":51992,"runend":1016,"unknown1":85,"unknown2":856,"rank":1429,"percentile":73.55555555555556}},"tenDayPercentiles":[],"tenDayDecayingPercentileScore":0,"scoresByDay":[],"rankSummary":{"mean":1429,"median":1429,"max":1429,"min":1429},"percentileSummary":{"mean":73.55555555555556,"median":73.55555555555556,"max":73.55555555555556,"min":73.55555555555556}}