{"name":"Mick Dankald","scoreData":{"2020-11-22":{"id":76561198043699470,"name":"Mick Dankald","score":0,"level":1,"character":0,"platform":18,"runframes":152,"runend":1022,"unknown1":4294965900,"unknown2":4294966910,"rank":3966,"percentile":0.8502125531382916}},"tenDayPercentiles":[],"tenDayDecayingPercentileScore":0,"scoresByDay":[],"rankSummary":{"mean":3966,"median":3966,"max":3966,"min":3966},"percentileSummary":{"mean":0.8502125531382916,"median":0.8502125531382916,"max":0.8502125531382916,"min":0.8502125531382916}}