{"name":"micro1789","scoreData":{"2020-10-18":{"id":1815689895588353300,"name":"micro1789","score":43975,"level":7,"character":0,"platform":18,"runframes":48460,"runend":1016,"unknown1":4294966978,"unknown2":1252,"rank":1782,"percentile":69.95614035087719}},"tenDayPercentiles":[],"tenDayDecayingPercentileScore":0,"scoresByDay":[],"rankSummary":{"mean":1782,"median":1782,"max":1782,"min":1782},"percentileSummary":{"mean":69.95614035087719,"median":69.95614035087719,"max":69.95614035087719,"min":69.95614035087719}}