{"name":"micshearwood","scoreData":{"2020-11-02":{"id":76561198038853550,"name":"micshearwood","score":16700,"level":2,"character":14,"platform":18,"runframes":8924,"runend":1021,"unknown1":1460,"unknown2":4294966457,"rank":3187,"percentile":28.77263581488934}},"tenDayPercentiles":[],"tenDayDecayingPercentileScore":0,"scoresByDay":[],"rankSummary":{"mean":3187,"median":3187,"max":3187,"min":3187},"percentileSummary":{"mean":28.77263581488934,"median":28.77263581488934,"max":28.77263581488934,"min":28.77263581488934}}