{"name":"Middevyl","scoreData":{"2020-09-30":{"id":8061849881604922000,"name":"Middevyl","score":3000,"level":1,"character":2,"platform":18,"runframes":1618,"runend":1022,"unknown1":4294964476,"unknown2":722,"rank":7481,"percentile":3.1589849818746814}},"tenDayPercentiles":[],"tenDayDecayingPercentileScore":0,"scoresByDay":[],"rankSummary":{"mean":7481,"median":7481,"max":7481,"min":7481},"percentileSummary":{"mean":3.1589849818746814,"median":3.1589849818746814,"max":3.1589849818746814,"min":3.1589849818746814}}