{"name":"midnight_tete","scoreData":{"2020-09-30":{"id":3093665609530053000,"name":"midnight_tete","score":24000,"level":3,"character":5,"platform":48,"runframes":13905,"runend":1020,"unknown1":4294965421,"unknown2":1477,"rank":2441,"percentile":68.41015018125324}},"tenDayPercentiles":[],"tenDayDecayingPercentileScore":0,"scoresByDay":[],"rankSummary":{"mean":2441,"median":2441,"max":2441,"min":2441},"percentileSummary":{"mean":68.41015018125324,"median":68.41015018125324,"max":68.41015018125324,"min":68.41015018125324}}