{"name":"midnightlog","scoreData":{"2020-10-02":{"id":3119731940810051000,"name":"midnightlog","score":3500,"level":1,"character":4,"platform":18,"runframes":3125,"runend":1022,"unknown1":6599,"unknown2":1375,"rank":6624,"percentile":11.255527267854745}},"tenDayPercentiles":[],"tenDayDecayingPercentileScore":0,"scoresByDay":[],"rankSummary":{"mean":6624,"median":6624,"max":6624,"min":6624},"percentileSummary":{"mean":11.255527267854745,"median":11.255527267854745,"max":11.255527267854745,"min":11.255527267854745}}