{"name":"mightym-yt","scoreData":{"2020-09-25":{"id":7981253634546656000,"name":"mightym-yt","score":4200,"level":1,"character":3,"platform":48,"runframes":4990,"runend":1022,"unknown1":264,"unknown2":360,"rank":1787,"percentile":22.280243690165364}},"tenDayPercentiles":[],"tenDayDecayingPercentileScore":0,"scoresByDay":[],"rankSummary":{"mean":1787,"median":1787,"max":1787,"min":1787},"percentileSummary":{"mean":22.280243690165364,"median":22.280243690165364,"max":22.280243690165364,"min":22.280243690165364}}