{"name":"Mike Letoris","scoreData":{"2020-10-04":{"id":7025560670602446000,"name":"Mike Letoris","score":1700,"level":1,"character":2,"platform":18,"runframes":4154,"runend":1022,"unknown1":1057,"unknown2":1448,"rank":6987,"percentile":7.002129925452607}},"tenDayPercentiles":[],"tenDayDecayingPercentileScore":0,"scoresByDay":[],"rankSummary":{"mean":6987,"median":6987,"max":6987,"min":6987},"percentileSummary":{"mean":7.002129925452607,"median":7.002129925452607,"max":7.002129925452607,"min":7.002129925452607}}