{"name":"mikelamo","scoreData":{"2020-09-19":{"id":5347577100648309000,"name":"mikelamo","score":10400,"level":2,"character":0,"platform":48,"runframes":9550,"runend":1021,"unknown1":362,"unknown2":76,"rank":1422,"percentile":52.570093457943926}},"tenDayPercentiles":[],"tenDayDecayingPercentileScore":0,"scoresByDay":[],"rankSummary":{"mean":1422,"median":1422,"max":1422,"min":1422},"percentileSummary":{"mean":52.570093457943926,"median":52.570093457943926,"max":52.570093457943926,"min":52.570093457943926}}