{"name":"MikeBeeBop","scoreData":{"2020-09-23":{"id":6349303342038534000,"name":"MikeBeeBop","score":1500,"level":1,"character":4,"platform":48,"runframes":2654,"runend":1022,"unknown1":4294966019,"unknown2":121,"rank":2390,"percentile":0.7065669160432293}},"tenDayPercentiles":[],"tenDayDecayingPercentileScore":0,"scoresByDay":[],"rankSummary":{"mean":2390,"median":2390,"max":2390,"min":2390},"percentileSummary":{"mean":0.7065669160432293,"median":0.7065669160432293,"max":0.7065669160432293,"min":0.7065669160432293}}