{"name":"Mikilich","scoreData":{"2020-11-11":{"id":76561198265089040,"name":"Mikilich","score":3000,"level":1,"character":3,"platform":48,"runframes":2209,"runend":1022,"unknown1":4294967055,"unknown2":203,"rank":4393,"percentile":1.2589928057553976}},"tenDayPercentiles":[1.2589928057553976],"tenDayDecayingPercentileScore":0.4877596084532383,"scoresByDay":[0.4877596084532383],"rankSummary":{"mean":4393,"median":4393,"max":4393,"min":4393},"percentileSummary":{"mean":1.2589928057553976,"median":1.2589928057553976,"max":1.2589928057553976,"min":1.2589928057553976}}