{"name":"Mikkl","scoreData":{"2020-10-13":{"id":76561200052486270,"name":"Mikkl","score":5200,"level":3,"character":0,"platform":18,"runframes":3946,"runend":1020,"unknown1":4294965281,"unknown2":837,"rank":3123,"percentile":46.768968456948}},"tenDayPercentiles":[],"tenDayDecayingPercentileScore":0,"scoresByDay":[],"rankSummary":{"mean":3123,"median":3123,"max":3123,"min":3123},"percentileSummary":{"mean":46.768968456948,"median":46.768968456948,"max":46.768968456948,"min":46.768968456948}}