{"name":"Milkdudjr16","scoreData":{"2020-09-16":{"id":3368295190347333600,"name":"Milkdudjr16","score":4100,"level":1,"character":0,"platform":48,"runframes":2555,"runend":1022,"unknown1":1082,"unknown2":904,"rank":2895,"percentile":6.221646143875574}},"tenDayPercentiles":[],"tenDayDecayingPercentileScore":0,"scoresByDay":[],"rankSummary":{"mean":2895,"median":2895,"max":2895,"min":2895},"percentileSummary":{"mean":6.221646143875574,"median":6.221646143875574,"max":6.221646143875574,"min":6.221646143875574}}