{"name":"MilkDaddy99","scoreData":{"2020-09-17":{"id":871084169069516300,"name":"MilkDaddy99","score":11700,"level":3,"character":4,"platform":48,"runframes":21948,"runend":1020,"unknown1":32,"unknown2":4294965180,"rank":1268,"percentile":55.18217191368942}},"tenDayPercentiles":[],"tenDayDecayingPercentileScore":0,"scoresByDay":[],"rankSummary":{"mean":1268,"median":1268,"max":1268,"min":1268},"percentileSummary":{"mean":55.18217191368942,"median":55.18217191368942,"max":55.18217191368942,"min":55.18217191368942}}