{"name":"Millmoor","scoreData":{"2020-10-02":{"id":827459823247394600,"name":"Millmoor","score":0,"level":1,"character":1,"platform":48,"runframes":451,"runend":1022,"unknown1":4294964424,"unknown2":2010,"rank":7384,"percentile":1.0719549778909254}},"tenDayPercentiles":[],"tenDayDecayingPercentileScore":0,"scoresByDay":[],"rankSummary":{"mean":7384,"median":7384,"max":7384,"min":7384},"percentileSummary":{"mean":1.0719549778909254,"median":1.0719549778909254,"max":1.0719549778909254,"min":1.0719549778909254}}