{"name":"Mimi","scoreData":{"2020-09-30":{"id":76561197992526130,"name":"Mimi","score":6500,"level":1,"character":0,"platform":18,"runframes":3150,"runend":1022,"unknown1":4294964906,"unknown2":4294965400,"rank":6845,"percentile":11.393060590367682}},"tenDayPercentiles":[],"tenDayDecayingPercentileScore":0,"scoresByDay":[],"rankSummary":{"mean":6845,"median":6845,"max":6845,"min":6845},"percentileSummary":{"mean":11.393060590367682,"median":11.393060590367682,"max":11.393060590367682,"min":11.393060590367682}}