{"name":"minari","scoreData":{"2020-10-03":{"id":4704529412264823000,"name":"minari","score":10200,"level":2,"character":0,"platform":18,"runframes":4781,"runend":1021,"unknown1":4294963609,"unknown2":272,"rank":5057,"percentile":35.98379336540897}},"tenDayPercentiles":[],"tenDayDecayingPercentileScore":0,"scoresByDay":[],"rankSummary":{"mean":5057,"median":5057,"max":5057,"min":5057},"percentileSummary":{"mean":35.98379336540897,"median":35.98379336540897,"max":35.98379336540897,"min":35.98379336540897}}