{"name":"Minecrafter1000","scoreData":{"2020-09-20":{"id":797661691781818400,"name":"Minecrafter1000","score":1500,"level":1,"character":3,"platform":48,"runframes":1251,"runend":1022,"unknown1":4294966351,"unknown2":4294966763,"rank":2961,"percentile":0.47074646940149023}},"tenDayPercentiles":[],"tenDayDecayingPercentileScore":0,"scoresByDay":[],"rankSummary":{"mean":2961,"median":2961,"max":2961,"min":2961},"percentileSummary":{"mean":0.47074646940149023,"median":0.47074646940149023,"max":0.47074646940149023,"min":0.47074646940149023}}