{"name":"mineczl","scoreData":{"2020-09-30":{"id":76561198255800620,"name":"mineczl","score":13200,"level":2,"character":0,"platform":18,"runframes":10814,"runend":1021,"unknown1":2215,"unknown2":241,"rank":4742,"percentile":38.61988606939409}},"tenDayPercentiles":[],"tenDayDecayingPercentileScore":0,"scoresByDay":[],"rankSummary":{"mean":4742,"median":4742,"max":4742,"min":4742},"percentileSummary":{"mean":38.61988606939409,"median":38.61988606939409,"max":38.61988606939409,"min":38.61988606939409}}