{"name":"MinecraftB004","scoreData":{"2020-11-21":{"id":76561198010725180,"name":"MinecraftB004","score":29025,"level":8,"character":14,"platform":18,"runframes":41912,"runend":1015,"unknown1":4294967134,"unknown2":681,"rank":478,"percentile":88.5087930619128}},"tenDayPercentiles":[88.5087930619128],"tenDayDecayingPercentileScore":79.65791375572152,"scoresByDay":[79.65791375572152],"rankSummary":{"mean":478,"median":478,"max":478,"min":478},"percentileSummary":{"mean":88.5087930619128,"median":88.5087930619128,"max":88.5087930619128,"min":88.5087930619128}}