{"name":"MinervaScythe","scoreData":{"2020-10-22":{"id":76561198020818580,"name":"MinervaScythe","score":7100,"level":2,"character":0,"platform":48,"runframes":15293,"runend":1021,"unknown1":981,"unknown2":1426,"rank":4608,"percentile":13.190126248351234}},"tenDayPercentiles":[],"tenDayDecayingPercentileScore":0,"scoresByDay":[],"rankSummary":{"mean":4608,"median":4608,"max":4608,"min":4608},"percentileSummary":{"mean":13.190126248351234,"median":13.190126248351234,"max":13.190126248351234,"min":13.190126248351234}}