{"name":"Mingofang","scoreData":{"2020-10-04":{"id":76561198054721920,"name":"Mingofang","score":20050,"level":5,"character":7,"platform":18,"runframes":14057,"runend":1018,"unknown1":4066,"unknown2":5,"rank":1644,"percentile":78.1283280085197}},"tenDayPercentiles":[],"tenDayDecayingPercentileScore":0,"scoresByDay":[],"rankSummary":{"mean":1644,"median":1644,"max":1644,"min":1644},"percentileSummary":{"mean":78.1283280085197,"median":78.1283280085197,"max":78.1283280085197,"min":78.1283280085197}}