{"name":"minholee7","scoreData":{"2020-09-30":{"id":76561198107051700,"name":"minholee7","score":8300,"level":1,"character":0,"platform":18,"runframes":3315,"runend":1022,"unknown1":611,"unknown2":4294965144,"rank":6406,"percentile":17.07664422578975}},"tenDayPercentiles":[],"tenDayDecayingPercentileScore":0,"scoresByDay":[],"rankSummary":{"mean":6406,"median":6406,"max":6406,"min":6406},"percentileSummary":{"mean":17.07664422578975,"median":17.07664422578975,"max":17.07664422578975,"min":17.07664422578975}}