{"name":"miniflo","scoreData":{"2020-10-09":{"id":76561198069418930,"name":"miniflo","score":9800,"level":3,"character":4,"platform":18,"runframes":15383,"runend":1020,"unknown1":4294966661,"unknown2":47,"rank":4104,"percentile":34.58227040816327}},"tenDayPercentiles":[],"tenDayDecayingPercentileScore":0,"scoresByDay":[],"rankSummary":{"mean":4104,"median":4104,"max":4104,"min":4104},"percentileSummary":{"mean":34.58227040816327,"median":34.58227040816327,"max":34.58227040816327,"min":34.58227040816327}}