{"name":"minibendy16","scoreData":{"2020-10-02":{"id":76561198069736020,"name":"minibendy16","score":0,"level":2,"character":3,"platform":48,"runframes":4375,"runend":1021,"unknown1":4294963567,"unknown2":4294967029,"rank":5890,"percentile":21.09071419000402}},"tenDayPercentiles":[],"tenDayDecayingPercentileScore":0,"scoresByDay":[],"rankSummary":{"mean":5890,"median":5890,"max":5890,"min":5890},"percentileSummary":{"mean":21.09071419000402,"median":21.09071419000402,"max":21.09071419000402,"min":21.09071419000402}}