{"name":"Minichosco","scoreData":{"2020-09-30":{"id":76561198009756560,"name":"Minichosco","score":4000,"level":1,"character":3,"platform":18,"runframes":2182,"runend":1022,"unknown1":4294964945,"unknown2":2356,"rank":7392,"percentile":4.311237700673232}},"tenDayPercentiles":[],"tenDayDecayingPercentileScore":0,"scoresByDay":[],"rankSummary":{"mean":7392,"median":7392,"max":7392,"min":7392},"percentileSummary":{"mean":4.311237700673232,"median":4.311237700673232,"max":4.311237700673232,"min":4.311237700673232}}