{"name":"Minniedeer","scoreData":{"2020-09-19":{"id":1190194636233694500,"name":"Minniedeer","score":2300,"level":1,"character":0,"platform":48,"runframes":1877,"runend":1022,"unknown1":2132,"unknown2":8,"rank":2799,"percentile":6.6088117489986615}},"tenDayPercentiles":[],"tenDayDecayingPercentileScore":0,"scoresByDay":[],"rankSummary":{"mean":2799,"median":2799,"max":2799,"min":2799},"percentileSummary":{"mean":6.6088117489986615,"median":6.6088117489986615,"max":6.6088117489986615,"min":6.6088117489986615}}