{"name":"Mintycookie69","scoreData":{"2020-10-15":{"id":4927869910361611000,"name":"Mintycookie69","score":15500,"level":3,"character":1,"platform":48,"runframes":9436,"runend":1020,"unknown1":1175,"unknown2":4294963889,"rank":3260,"percentile":43.39065485495917}},"tenDayPercentiles":[],"tenDayDecayingPercentileScore":0,"scoresByDay":[],"rankSummary":{"mean":3260,"median":3260,"max":3260,"min":3260},"percentileSummary":{"mean":43.39065485495917,"median":43.39065485495917,"max":43.39065485495917,"min":43.39065485495917}}