{"name":"MinxiePie20","scoreData":{"2020-09-25":{"id":3261840451979499000,"name":"MinxiePie20","score":31400,"level":4,"character":3,"platform":48,"runframes":26310,"runend":1019,"unknown1":647,"unknown2":31,"rank":627,"percentile":72.75892080069626}},"tenDayPercentiles":[],"tenDayDecayingPercentileScore":0,"scoresByDay":[],"rankSummary":{"mean":627,"median":627,"max":627,"min":627},"percentileSummary":{"mean":72.75892080069626,"median":72.75892080069626,"max":72.75892080069626,"min":72.75892080069626}}