{"name":"Mirdor_UK","scoreData":{"2020-09-18":{"id":3094809514711389000,"name":"Mirdor_UK","score":2000,"level":2,"character":2,"platform":48,"runframes":7996,"runend":1021,"unknown1":4294966844,"unknown2":598,"rank":2399,"percentile":14.234620886981403}},"tenDayPercentiles":[],"tenDayDecayingPercentileScore":0,"scoresByDay":[],"rankSummary":{"mean":2399,"median":2399,"max":2399,"min":2399},"percentileSummary":{"mean":14.234620886981403,"median":14.234620886981403,"max":14.234620886981403,"min":14.234620886981403}}