{"name":"MissTweediestTie","scoreData":{"2020-10-13":{"id":76561198139782670,"name":"MissTweediestTie","score":0,"level":1,"character":3,"platform":48,"runframes":240,"runend":1022,"unknown1":4294965040,"unknown2":2,"rank":5781,"percentile":1.4492753623188293}},"tenDayPercentiles":[],"tenDayDecayingPercentileScore":0,"scoresByDay":[],"rankSummary":{"mean":5781,"median":5781,"max":5781,"min":5781},"percentileSummary":{"mean":1.4492753623188293,"median":1.4492753623188293,"max":1.4492753623188293,"min":1.4492753623188293}}