{"name":"MISTER__FIST","scoreData":{"2020-09-17":{"id":6182174415108791000,"name":"MISTER__FIST","score":31500,"level":3,"character":0,"platform":48,"runframes":30349,"runend":1020,"unknown1":1001,"unknown2":737,"rank":663,"percentile":76.58295012380616}},"tenDayPercentiles":[],"tenDayDecayingPercentileScore":0,"scoresByDay":[],"rankSummary":{"mean":663,"median":663,"max":663,"min":663},"percentileSummary":{"mean":76.58295012380616,"median":76.58295012380616,"max":76.58295012380616,"min":76.58295012380616}}