{"name":"Mistr_Dumpling","scoreData":{"2020-09-20":{"id":970103904284861000,"name":"Mistr_Dumpling","score":56925,"level":5,"character":7,"platform":48,"runframes":45173,"runend":1018,"unknown1":4294965791,"unknown2":4294966532,"rank":545,"percentile":81.70813718897108}},"tenDayPercentiles":[],"tenDayDecayingPercentileScore":0,"scoresByDay":[],"rankSummary":{"mean":545,"median":545,"max":545,"min":545},"percentileSummary":{"mean":81.70813718897108,"median":81.70813718897108,"max":81.70813718897108,"min":81.70813718897108}}