{"name":"Mister_Monokuma","scoreData":{"2020-11-06":{"id":76561198088265650,"name":"Mister_Monokuma","score":0,"level":1,"character":3,"platform":48,"runframes":1090,"runend":1022,"unknown1":4294966743,"unknown2":4294966319,"rank":4488,"percentile":1.0584343991179708}},"tenDayPercentiles":[],"tenDayDecayingPercentileScore":0,"scoresByDay":[],"rankSummary":{"mean":4488,"median":4488,"max":4488,"min":4488},"percentileSummary":{"mean":1.0584343991179708,"median":1.0584343991179708,"max":1.0584343991179708,"min":1.0584343991179708}}