{"name":"MisterAnime69","scoreData":{"2020-09-17":{"id":1565994764799821000,"name":"MisterAnime69","score":5200,"level":1,"character":0,"platform":48,"runframes":2957,"runend":1022,"unknown1":4294965387,"unknown2":606,"rank":2243,"percentile":20.69331446763354}},"tenDayPercentiles":[],"tenDayDecayingPercentileScore":0,"scoresByDay":[],"rankSummary":{"mean":2243,"median":2243,"max":2243,"min":2243},"percentileSummary":{"mean":20.69331446763354,"median":20.69331446763354,"max":20.69331446763354,"min":20.69331446763354}}