{"name":"Mister Sandman","scoreData":{"2020-10-11":{"id":76561197993457860,"name":"Mister Sandman","score":800,"level":2,"character":18,"platform":18,"runframes":4817,"runend":1021,"unknown1":4294963444,"unknown2":706,"rank":5426,"percentile":14.566929133858267}},"tenDayPercentiles":[],"tenDayDecayingPercentileScore":0,"scoresByDay":[],"rankSummary":{"mean":5426,"median":5426,"max":5426,"min":5426},"percentileSummary":{"mean":14.566929133858267,"median":14.566929133858267,"max":14.566929133858267,"min":14.566929133858267}}