{"name":"misteralphalima","scoreData":{"2020-09-16":{"id":7314964140478531000,"name":"misteralphalima","score":7100,"level":4,"character":0,"platform":48,"runframes":25997,"runend":1019,"unknown1":4294967210,"unknown2":4294966160,"rank":749,"percentile":75.76150356448477}},"tenDayPercentiles":[],"tenDayDecayingPercentileScore":0,"scoresByDay":[],"rankSummary":{"mean":749,"median":749,"max":749,"min":749},"percentileSummary":{"mean":75.76150356448477,"median":75.76150356448477,"max":75.76150356448477,"min":75.76150356448477}}