{"name":"mitch","scoreData":{"2020-09-30":{"id":76561199078807650,"name":"mitch","score":11700,"level":1,"character":0,"platform":18,"runframes":5312,"runend":1022,"unknown1":1094,"unknown2":1932,"rank":6008,"percentile":22.229414810978767}},"tenDayPercentiles":[],"tenDayDecayingPercentileScore":0,"scoresByDay":[],"rankSummary":{"mean":6008,"median":6008,"max":6008,"min":6008},"percentileSummary":{"mean":22.229414810978767,"median":22.229414810978767,"max":22.229414810978767,"min":22.229414810978767}}