{"name":"Mitcheru","scoreData":{"2020-10-02":{"id":5688855367750643000,"name":"Mitcheru","score":0,"level":1,"character":0,"platform":18,"runframes":535,"runend":1022,"unknown1":4294964870,"unknown2":618,"rank":7436,"percentile":0.3751842422618239}},"tenDayPercentiles":[],"tenDayDecayingPercentileScore":0,"scoresByDay":[],"rankSummary":{"mean":7436,"median":7436,"max":7436,"min":7436},"percentileSummary":{"mean":0.3751842422618239,"median":0.3751842422618239,"max":0.3751842422618239,"min":0.3751842422618239}}