{"name":"miveeen","scoreData":{"2020-10-04":{"id":1611215405547832300,"name":"miveeen","score":19275,"level":5,"character":7,"platform":48,"runframes":16271,"runend":1018,"unknown1":789,"unknown2":85,"rank":1678,"percentile":77.67571884984025}},"tenDayPercentiles":[],"tenDayDecayingPercentileScore":0,"scoresByDay":[],"rankSummary":{"mean":1678,"median":1678,"max":1678,"min":1678},"percentileSummary":{"mean":77.67571884984025,"median":77.67571884984025,"max":77.67571884984025,"min":77.67571884984025}}