{"name":"MiyaDesu","scoreData":{"2020-09-16":{"id":4536267801413180400,"name":"MiyaDesu","score":4650,"level":4,"character":3,"platform":48,"runframes":17760,"runend":1019,"unknown1":1379,"unknown2":142,"rank":779,"percentile":74.78937135450421}},"tenDayPercentiles":[],"tenDayDecayingPercentileScore":0,"scoresByDay":[],"rankSummary":{"mean":779,"median":779,"max":779,"min":779},"percentileSummary":{"mean":74.78937135450421,"median":74.78937135450421,"max":74.78937135450421,"min":74.78937135450421}}