{"name":"mjasecla","scoreData":{"2020-09-20":{"id":8598108955894382000,"name":"mjasecla","score":7900,"level":1,"character":3,"platform":48,"runframes":5119,"runend":1022,"unknown1":4294965526,"unknown2":325,"rank":2497,"percentile":16.072629455279085}},"tenDayPercentiles":[],"tenDayDecayingPercentileScore":0,"scoresByDay":[],"rankSummary":{"mean":2497,"median":2497,"max":2497,"min":2497},"percentileSummary":{"mean":16.072629455279085,"median":16.072629455279085,"max":16.072629455279085,"min":16.072629455279085}}