{"name":"mjf0604","scoreData":{"2020-10-21":{"id":76561198302526060,"name":"mjf0604","score":107725,"level":11,"character":10,"platform":48,"runframes":65603,"runend":1012,"unknown1":20,"unknown2":4294962473,"rank":437,"percentile":91.87779433681072}},"tenDayPercentiles":[],"tenDayDecayingPercentileScore":0,"scoresByDay":[],"rankSummary":{"mean":437,"median":437,"max":437,"min":437},"percentileSummary":{"mean":91.87779433681072,"median":91.87779433681072,"max":91.87779433681072,"min":91.87779433681072}}