{"name":"mjvigoa","scoreData":{"2020-10-01":{"id":76561198834436030,"name":"mjvigoa","score":15400,"level":3,"character":0,"platform":18,"runframes":15295,"runend":1020,"unknown1":6240,"unknown2":6292,"rank":3755,"percentile":51.20873407850273}},"tenDayPercentiles":[],"tenDayDecayingPercentileScore":0,"scoresByDay":[],"rankSummary":{"mean":3755,"median":3755,"max":3755,"min":3755},"percentileSummary":{"mean":51.20873407850273,"median":51.20873407850273,"max":51.20873407850273,"min":51.20873407850273}}