{"name":"MK2k","scoreData":{"2020-10-03":{"id":6875867573632972000,"name":"MK2k","score":13300,"level":2,"character":0,"platform":18,"runframes":5854,"runend":1021,"unknown1":4294965866,"unknown2":4294963772,"rank":4269,"percentile":45.961002785515326}},"tenDayPercentiles":[],"tenDayDecayingPercentileScore":0,"scoresByDay":[],"rankSummary":{"mean":4269,"median":4269,"max":4269,"min":4269},"percentileSummary":{"mean":45.961002785515326,"median":45.961002785515326,"max":45.961002785515326,"min":45.961002785515326}}