{"name":"ML Mike","scoreData":{"2020-10-27":{"id":76561197963359460,"name":"ML Mike","score":3100,"level":1,"character":0,"platform":18,"runframes":3227,"runend":1022,"unknown1":2417,"unknown2":3317,"rank":4805,"percentile":3.4759895519389232}},"tenDayDecayingPercentileMean":null,"rankSummary":{"mean":4805,"median":4805,"max":4805,"min":4805},"percentileSummary":{"mean":3.4759895519389232,"median":3.4759895519389232,"max":3.4759895519389232,"min":3.4759895519389232}}