{"name":"mmj13th","scoreData":{"2020-10-06":{"id":76561198814857330,"name":"mmj13th","score":57600,"level":5,"character":3,"platform":48,"runframes":35686,"runend":1018,"unknown1":188,"unknown2":4294963115,"rank":1428,"percentile":78.99926416482708}},"tenDayPercentiles":[],"tenDayDecayingPercentileScore":0,"scoresByDay":[],"rankSummary":{"mean":1428,"median":1428,"max":1428,"min":1428},"percentileSummary":{"mean":78.99926416482708,"median":78.99926416482708,"max":78.99926416482708,"min":78.99926416482708}}