{"name":"MMNZ","scoreData":{"2020-11-19":{"id":76561198328573970,"name":"MMNZ","score":15600,"level":3,"character":7,"platform":48,"runframes":12946,"runend":1020,"unknown1":3018,"unknown2":6,"rank":2412,"percentile":38.27444956477215}},"tenDayPercentiles":[38.27444956477215],"tenDayDecayingPercentileScore":31.00230414746544,"scoresByDay":[31.00230414746544],"rankSummary":{"mean":2412,"median":2412,"max":2412,"min":2412},"percentileSummary":{"mean":38.27444956477215,"median":38.27444956477215,"max":38.27444956477215,"min":38.27444956477215}}