{"name":"Mnemonic Memetic","scoreData":{"2020-09-29":{"id":450082120521721150,"name":"Mnemonic Memetic","score":2000,"level":2,"character":3,"platform":18,"runframes":1929,"runend":1021,"unknown1":4294966414,"unknown2":16,"rank":4554,"percentile":18.580114449213156}},"tenDayDecayingPercentileMean":null,"rankSummary":{"mean":4554,"median":4554,"max":4554,"min":4554},"percentileSummary":{"mean":18.580114449213156,"median":18.580114449213156,"max":18.580114449213156,"min":18.580114449213156}}