{"name":"mobilepegasus","scoreData":{"2020-10-20":{"id":76561198418608420,"name":"mobilepegasus","score":27700,"level":4,"character":3,"platform":48,"runframes":17593,"runend":1019,"unknown1":1977,"unknown2":2284,"rank":3056,"percentile":43.425925925925924}},"tenDayPercentiles":[],"tenDayDecayingPercentileScore":0,"scoresByDay":[],"rankSummary":{"mean":3056,"median":3056,"max":3056,"min":3056},"percentileSummary":{"mean":43.425925925925924,"median":43.425925925925924,"max":43.425925925925924,"min":43.425925925925924}}