{"name":"Modas_jr","scoreData":{"2020-10-08":{"id":76561197982642670,"name":"Modas_jr","score":7800,"level":2,"character":0,"platform":48,"runframes":6682,"runend":1021,"unknown1":4294966664,"unknown2":475,"rank":5317,"percentile":16.13819214387128}},"tenDayPercentiles":[],"tenDayDecayingPercentileScore":0,"scoresByDay":[],"rankSummary":{"mean":5317,"median":5317,"max":5317,"min":5317},"percentileSummary":{"mean":16.13819214387128,"median":16.13819214387128,"max":16.13819214387128,"min":16.13819214387128}}