{"name":"Modkreation21","scoreData":{"2020-10-24":{"id":7183296387693939000,"name":"Modkreation21","score":1000,"level":1,"character":7,"platform":48,"runframes":2783,"runend":1022,"unknown1":139,"unknown2":3625,"rank":5021,"percentile":6.552494415487715}},"tenDayPercentiles":[],"tenDayDecayingPercentileScore":0,"scoresByDay":[],"rankSummary":{"mean":5021,"median":5021,"max":5021,"min":5021},"percentileSummary":{"mean":6.552494415487715,"median":6.552494415487715,"max":6.552494415487715,"min":6.552494415487715}}