{"name":"ModMaker799","scoreData":{"2020-10-03":{"id":5286197040254440000,"name":"ModMaker799","score":10200,"level":2,"character":0,"platform":18,"runframes":6314,"runend":1021,"unknown1":4294963752,"unknown2":4294962537,"rank":5065,"percentile":35.88250189921499}},"tenDayPercentiles":[],"tenDayDecayingPercentileScore":0,"scoresByDay":[],"rankSummary":{"mean":5065,"median":5065,"max":5065,"min":5065},"percentileSummary":{"mean":35.88250189921499,"median":35.88250189921499,"max":35.88250189921499,"min":35.88250189921499}}