{"name":"Moejoe","scoreData":{"2020-10-28":{"id":76561198891895260,"name":"Moejoe","score":6000,"level":2,"character":3,"platform":48,"runframes":4001,"runend":1021,"unknown1":3517,"unknown2":219,"rank":4209,"percentile":14.48892501524081}},"tenDayPercentiles":[],"tenDayDecayingPercentileScore":0,"scoresByDay":[],"rankSummary":{"mean":4209,"median":4209,"max":4209,"min":4209},"percentileSummary":{"mean":14.48892501524081,"median":14.48892501524081,"max":14.48892501524081,"min":14.48892501524081}}