{"name":"MOKI","scoreData":{"2020-09-29":{"id":7971413710670779000,"name":"MOKI","score":10100,"level":2,"character":0,"platform":18,"runframes":2063,"runend":1021,"unknown1":4294966913,"unknown2":172,"rank":3715,"percentile":33.583690987124456}},"tenDayPercentiles":[],"tenDayDecayingPercentileScore":0,"scoresByDay":[],"rankSummary":{"mean":3715,"median":3715,"max":3715,"min":3715},"percentileSummary":{"mean":33.583690987124456,"median":33.583690987124456,"max":33.583690987124456,"min":33.583690987124456}}