{"name":"Mokl","scoreData":{"2020-10-11":{"id":76561197960272850,"name":"Mokl","score":11700,"level":4,"character":0,"platform":18,"runframes":9134,"runend":1019,"unknown1":4294966896,"unknown2":110,"rank":3112,"percentile":51.00787401574804}},"tenDayPercentiles":[],"tenDayDecayingPercentileScore":0,"scoresByDay":[],"rankSummary":{"mean":3112,"median":3112,"max":3112,"min":3112},"percentileSummary":{"mean":51.00787401574804,"median":51.00787401574804,"max":51.00787401574804,"min":51.00787401574804}}