{"name":"moky01","scoreData":{"2020-10-26":{"id":76561198126856050,"name":"moky01","score":26000,"level":4,"character":0,"platform":48,"runframes":22201,"runend":1019,"unknown1":4294966709,"unknown2":4294966261,"rank":2328,"percentile":54.01185770750988}},"tenDayPercentiles":[],"tenDayDecayingPercentileScore":0,"scoresByDay":[],"rankSummary":{"mean":2328,"median":2328,"max":2328,"min":2328},"percentileSummary":{"mean":54.01185770750988,"median":54.01185770750988,"max":54.01185770750988,"min":54.01185770750988}}