{"name":"Molotog","scoreData":{"2020-10-02":{"id":76561197996740020,"name":"Molotog","score":8700,"level":2,"character":3,"platform":18,"runframes":8783,"runend":1021,"unknown1":4294965283,"unknown2":213,"rank":4853,"percentile":34.98593059091519}},"tenDayPercentiles":[],"tenDayDecayingPercentileScore":0,"scoresByDay":[],"rankSummary":{"mean":4853,"median":4853,"max":4853,"min":4853},"percentileSummary":{"mean":34.98593059091519,"median":34.98593059091519,"max":34.98593059091519,"min":34.98593059091519}}