{"name":"Momajoe126","scoreData":{"2020-10-03":{"id":76561198012367980,"name":"Momajoe126","score":6300,"level":2,"character":3,"platform":18,"runframes":14931,"runend":1021,"unknown1":4294965477,"unknown2":4294959482,"rank":5884,"percentile":25.51278804760699}},"tenDayPercentiles":[],"tenDayDecayingPercentileScore":0,"scoresByDay":[],"rankSummary":{"mean":5884,"median":5884,"max":5884,"min":5884},"percentileSummary":{"mean":25.51278804760699,"median":25.51278804760699,"max":25.51278804760699,"min":25.51278804760699}}