{"name":"Monkey051913","scoreData":{"2020-11-11":{"id":6338424804507017000,"name":"Monkey051913","score":29400,"level":5,"character":0,"platform":48,"runframes":18958,"runend":1018,"unknown1":1363,"unknown2":2225,"rank":1982,"percentile":55.46312949640288}},"tenDayPercentiles":[55.46312949640288],"tenDayDecayingPercentileScore":23.875058612185256,"scoresByDay":[23.875058612185256],"rankSummary":{"mean":1982,"median":1982,"max":1982,"min":1982},"percentileSummary":{"mean":55.46312949640288,"median":55.46312949640288,"max":55.46312949640288,"min":55.46312949640288}}