{"name":"monkeye","scoreData":{"2020-10-03":{"id":76561198026179100,"name":"monkeye","score":6000,"level":2,"character":2,"platform":18,"runframes":8007,"runend":1021,"unknown1":833,"unknown2":4294963199,"rank":5962,"percentile":24.52519625221575}},"tenDayPercentiles":[],"tenDayDecayingPercentileScore":0,"scoresByDay":[],"rankSummary":{"mean":5962,"median":5962,"max":5962,"min":5962},"percentileSummary":{"mean":24.52519625221575,"median":24.52519625221575,"max":24.52519625221575,"min":24.52519625221575}}