{"name":"monkeysaurus1110","scoreData":{"2020-11-05":{"id":7977817628394411000,"name":"monkeysaurus1110","score":10000,"level":4,"character":3,"platform":48,"runframes":10646,"runend":1019,"unknown1":226,"unknown2":651,"rank":2123,"percentile":52.823477100933744}},"tenDayPercentiles":[],"tenDayDecayingPercentileScore":0,"scoresByDay":[],"rankSummary":{"mean":2123,"median":2123,"max":2123,"min":2123},"percentileSummary":{"mean":52.823477100933744,"median":52.823477100933744,"max":52.823477100933744,"min":52.823477100933744}}