{"name":"Monkey Mode","scoreData":{"2020-10-28":{"id":76561198136612110,"name":"Monkey Mode","score":16500,"level":2,"character":0,"platform":18,"runframes":7047,"runend":1021,"unknown1":2863,"unknown2":805,"rank":3402,"percentile":30.888030888030897}},"tenDayDecayingPercentileMean":null,"rankSummary":{"mean":3402,"median":3402,"max":3402,"min":3402},"percentileSummary":{"mean":30.888030888030897,"median":30.888030888030897,"max":30.888030888030897,"min":30.888030888030897}}