{"name":"Monsta6845","scoreData":{"2020-10-11":{"id":7824886393750418000,"name":"Monsta6845","score":11400,"level":4,"character":0,"platform":48,"runframes":14129,"runend":1019,"unknown1":2002,"unknown2":334,"rank":3120,"percentile":50.881889763779526}},"tenDayPercentiles":[],"tenDayDecayingPercentileScore":0,"scoresByDay":[],"rankSummary":{"mean":3120,"median":3120,"max":3120,"min":3120},"percentileSummary":{"mean":50.881889763779526,"median":50.881889763779526,"max":50.881889763779526,"min":50.881889763779526}}