{"name":"Monsir86","scoreData":{"2020-10-23":{"id":76561198025173490,"name":"Monsir86","score":11200,"level":3,"character":0,"platform":48,"runframes":8808,"runend":1020,"unknown1":4294963282,"unknown2":4294964155,"rank":3514,"percentile":32.7140394560429}},"tenDayPercentiles":[],"tenDayDecayingPercentileScore":0,"scoresByDay":[],"rankSummary":{"mean":3514,"median":3514,"max":3514,"min":3514},"percentileSummary":{"mean":32.7140394560429,"median":32.7140394560429,"max":32.7140394560429,"min":32.7140394560429}}