{"name":"mooglesrule","scoreData":{"2020-10-10":{"id":8657446122088720000,"name":"mooglesrule","score":11500,"level":3,"character":0,"platform":48,"runframes":13174,"runend":1020,"unknown1":1792,"unknown2":713,"rank":2359,"percentile":64.25106124924196}},"tenDayPercentiles":[],"tenDayDecayingPercentileScore":0,"scoresByDay":[],"rankSummary":{"mean":2359,"median":2359,"max":2359,"min":2359},"percentileSummary":{"mean":64.25106124924196,"median":64.25106124924196,"max":64.25106124924196,"min":64.25106124924196}}