{"name":"Moon Cake","scoreData":{"2020-11-16":{"id":8822956150358439000,"name":"Moon Cake","score":3000,"level":1,"character":3,"platform":18,"runframes":3338,"runend":1022,"unknown1":4294965678,"unknown2":4294966802,"rank":3439,"percentile":11.936475409836063}},"tenDayPercentiles":[11.936475409836063],"tenDayDecayingPercentileScore":7.048369364754098,"scoresByDay":[7.048369364754098],"rankSummary":{"mean":3439,"median":3439,"max":3439,"min":3439},"percentileSummary":{"mean":11.936475409836063,"median":11.936475409836063,"max":11.936475409836063,"min":11.936475409836063}}