{"name":"MoonMoon","scoreData":{"2020-10-18":{"id":76561198043277980,"name":"MoonMoon","score":26300,"level":4,"character":3,"platform":18,"runframes":14936,"runend":1019,"unknown1":4294966747,"unknown2":1783,"rank":3731,"percentile":37.07827260458839}},"tenDayPercentiles":[],"tenDayDecayingPercentileScore":0,"scoresByDay":[],"rankSummary":{"mean":3731,"median":3731,"max":3731,"min":3731},"percentileSummary":{"mean":37.07827260458839,"median":37.07827260458839,"max":37.07827260458839,"min":37.07827260458839}}