{"name":"Moonlit_Ninja137","scoreData":{"2020-11-09":{"id":76561198139733630,"name":"Moonlit_Ninja137","score":35625,"level":6,"character":7,"platform":48,"runframes":20199,"runend":1017,"unknown1":4294966140,"unknown2":329,"rank":1563,"percentile":64.19894567957827}},"tenDayPercentiles":[],"tenDayDecayingPercentileScore":0,"scoresByDay":[],"rankSummary":{"mean":1563,"median":1563,"max":1563,"min":1563},"percentileSummary":{"mean":64.19894567957827,"median":64.19894567957827,"max":64.19894567957827,"min":64.19894567957827}}