{"name":"Moonray","scoreData":{"2020-10-02":{"id":76561198024310720,"name":"Moonray","score":14600,"level":3,"character":3,"platform":18,"runframes":19967,"runend":1020,"unknown1":4294964242,"unknown2":4294967087,"rank":3159,"percentile":57.68457724775559}},"tenDayPercentiles":[],"tenDayDecayingPercentileScore":0,"scoresByDay":[],"rankSummary":{"mean":3159,"median":3159,"max":3159,"min":3159},"percentileSummary":{"mean":57.68457724775559,"median":57.68457724775559,"max":57.68457724775559,"min":57.68457724775559}}