{"name":"MoonBoone","scoreData":{"2020-10-01":{"id":76561199044739860,"name":"MoonBoone","score":1400,"level":3,"character":18,"platform":48,"runframes":8817,"runend":1020,"unknown1":4294965043,"unknown2":4294961861,"rank":4625,"percentile":39.901221731219124}},"tenDayPercentiles":[],"tenDayDecayingPercentileScore":0,"scoresByDay":[],"rankSummary":{"mean":4625,"median":4625,"max":4625,"min":4625},"percentileSummary":{"mean":39.901221731219124,"median":39.901221731219124,"max":39.901221731219124,"min":39.901221731219124}}