{"name":"moooogel","scoreData":{"2020-10-05":{"id":76561197993292430,"name":"moooogel","score":13500,"level":4,"character":5,"platform":18,"runframes":15729,"runend":1019,"unknown1":80,"unknown2":4294961824,"rank":3320,"percentile":51.27715795654727}},"tenDayPercentiles":[],"tenDayDecayingPercentileScore":0,"scoresByDay":[],"rankSummary":{"mean":3320,"median":3320,"max":3320,"min":3320},"percentileSummary":{"mean":51.27715795654727,"median":51.27715795654727,"max":51.27715795654727,"min":51.27715795654727}}