{"name":"moosecrackers","scoreData":{"2020-11-17":{"id":76561198025201920,"name":"moosecrackers","score":8900,"level":2,"character":7,"platform":18,"runframes":6408,"runend":1021,"unknown1":4294964405,"unknown2":4294965367,"rank":3095,"percentile":21.031138335885657}},"tenDayPercentiles":[21.031138335885657],"tenDayDecayingPercentileScore":13.798529862174583,"scoresByDay":[13.798529862174583],"rankSummary":{"mean":3095,"median":3095,"max":3095,"min":3095},"percentileSummary":{"mean":21.031138335885657,"median":21.031138335885657,"max":21.031138335885657,"min":21.031138335885657}}