{"name":"moravskazima","scoreData":{"2020-09-15":{"id":3439451203608025600,"name":"moravskazima","score":23300,"level":4,"character":2,"platform":48,"runframes":16478,"runend":1019,"unknown1":415,"unknown2":630,"rank":492,"percentile":72.96255506607929}},"tenDayPercentiles":[],"tenDayDecayingPercentileScore":0,"scoresByDay":[],"rankSummary":{"mean":492,"median":492,"max":492,"min":492},"percentileSummary":{"mean":72.96255506607929,"median":72.96255506607929,"max":72.96255506607929,"min":72.96255506607929}}