{"name":"morbidRammy","scoreData":{"2020-10-10":{"id":76561198973711100,"name":"morbidRammy","score":21150,"level":7,"character":0,"platform":18,"runframes":35718,"runend":1016,"unknown1":4064,"unknown2":294,"rank":375,"percentile":94.3298969072165}},"tenDayPercentiles":[],"tenDayDecayingPercentileScore":0,"scoresByDay":[],"rankSummary":{"mean":375,"median":375,"max":375,"min":375},"percentileSummary":{"mean":94.3298969072165,"median":94.3298969072165,"max":94.3298969072165,"min":94.3298969072165}}