{"name":"Mordaneth","scoreData":{"2020-10-04":{"id":76561197972257740,"name":"Mordaneth","score":0,"level":1,"character":0,"platform":18,"runframes":1443,"runend":1022,"unknown1":4294964151,"unknown2":138,"rank":7400,"percentile":1.504259850905214}},"tenDayPercentiles":[],"tenDayDecayingPercentileScore":0,"scoresByDay":[],"rankSummary":{"mean":7400,"median":7400,"max":7400,"min":7400},"percentileSummary":{"mean":1.504259850905214,"median":1.504259850905214,"max":1.504259850905214,"min":1.504259850905214}}