{"name":"MoreSoup00","scoreData":{"2020-10-16":{"id":76561198042001460,"name":"MoreSoup00","score":3700,"level":1,"character":0,"platform":18,"runframes":2538,"runend":1022,"unknown1":4294965954,"unknown2":4294964899,"rank":5191,"percentile":7.4371321562332895}},"tenDayPercentiles":[],"tenDayDecayingPercentileScore":0,"scoresByDay":[],"rankSummary":{"mean":5191,"median":5191,"max":5191,"min":5191},"percentileSummary":{"mean":7.4371321562332895,"median":7.4371321562332895,"max":7.4371321562332895,"min":7.4371321562332895}}