{"name":"moreno7250","scoreData":{"2020-11-08":{"id":8798982264910889000,"name":"moreno7250","score":4700,"level":2,"character":0,"platform":48,"runframes":4067,"runend":1021,"unknown1":369,"unknown2":1037,"rank":3387,"percentile":28.186638388123015}},"tenDayPercentiles":[],"tenDayDecayingPercentileScore":0,"scoresByDay":[],"rankSummary":{"mean":3387,"median":3387,"max":3387,"min":3387},"percentileSummary":{"mean":28.186638388123015,"median":28.186638388123015,"max":28.186638388123015,"min":28.186638388123015}}