{"name":"Morfeo","scoreData":{"2020-10-01":{"id":4559354999885537300,"name":"Morfeo","score":17800,"level":4,"character":3,"platform":18,"runframes":12352,"runend":1019,"unknown1":4294963025,"unknown2":54,"rank":2848,"percentile":62.997140629061604}},"tenDayPercentiles":[],"tenDayDecayingPercentileScore":0,"scoresByDay":[],"rankSummary":{"mean":2848,"median":2848,"max":2848,"min":2848},"percentileSummary":{"mean":62.997140629061604,"median":62.997140629061604,"max":62.997140629061604,"min":62.997140629061604}}