{"name":"Morgalorg","scoreData":{"2020-10-05":{"id":76561198204631460,"name":"Morgalorg","score":500,"level":1,"character":0,"platform":48,"runframes":980,"runend":1022,"unknown1":925,"unknown2":114,"rank":6670,"percentile":2.099236641221367}},"tenDayPercentiles":[],"tenDayDecayingPercentileScore":0,"scoresByDay":[],"rankSummary":{"mean":6670,"median":6670,"max":6670,"min":6670},"percentileSummary":{"mean":2.099236641221367,"median":2.099236641221367,"max":2.099236641221367,"min":2.099236641221367}}