{"name":"morgan.bergstrom","scoreData":{"2020-10-01":{"id":76561198043396000,"name":"morgan.bergstrom","score":20100,"level":3,"character":2,"platform":18,"runframes":15483,"runend":1020,"unknown1":4294966326,"unknown2":4294965967,"rank":3586,"percentile":53.40525084481414}},"tenDayPercentiles":[],"tenDayDecayingPercentileScore":0,"scoresByDay":[],"rankSummary":{"mean":3586,"median":3586,"max":3586,"min":3586},"percentileSummary":{"mean":53.40525084481414,"median":53.40525084481414,"max":53.40525084481414,"min":53.40525084481414}}