{"name":"morrissey","scoreData":{"2020-11-11":{"id":2408299676076922000,"name":"morrissey","score":9080,"level":9,"character":11,"platform":18,"runframes":138368,"runend":1014,"unknown1":1174,"unknown2":572,"rank":578,"percentile":87.02787769784173}},"tenDayPercentiles":[87.02787769784173],"tenDayDecayingPercentileScore":33.71638293433004,"scoresByDay":[33.71638293433004],"rankSummary":{"mean":578,"median":578,"max":578,"min":578},"percentileSummary":{"mean":87.02787769784173,"median":87.02787769784173,"max":87.02787769784173,"min":87.02787769784173}}