{"name":"mort","scoreData":{"2020-10-22":{"id":1712404017541535500,"name":"mort","score":24600,"level":2,"character":0,"platform":18,"runframes":12578,"runend":1021,"unknown1":4294967106,"unknown2":4294966030,"rank":3943,"percentile":25.720746184284906}},"tenDayPercentiles":[],"tenDayDecayingPercentileScore":0,"scoresByDay":[],"rankSummary":{"mean":3943,"median":3943,"max":3943,"min":3943},"percentileSummary":{"mean":25.720746184284906,"median":25.720746184284906,"max":25.720746184284906,"min":25.720746184284906}}