{"name":"Mortengo","scoreData":{"2020-10-02":{"id":76561198182840500,"name":"Mortengo","score":1500,"level":1,"character":0,"platform":18,"runframes":4079,"runend":1022,"unknown1":4539,"unknown2":25,"rank":7011,"percentile":6.069945062307383}},"tenDayPercentiles":[],"tenDayDecayingPercentileScore":0,"scoresByDay":[],"rankSummary":{"mean":7011,"median":7011,"max":7011,"min":7011},"percentileSummary":{"mean":6.069945062307383,"median":6.069945062307383,"max":6.069945062307383,"min":6.069945062307383}}