{"name":"Mortem","scoreData":{"2020-10-01":{"id":76561198096126220,"name":"Mortem","score":12700,"level":3,"character":0,"platform":18,"runframes":23774,"runend":1020,"unknown1":4294962566,"unknown2":4294959945,"rank":3911,"percentile":49.18118014036912}},"tenDayPercentiles":[],"tenDayDecayingPercentileScore":0,"scoresByDay":[],"rankSummary":{"mean":3911,"median":3911,"max":3911,"min":3911},"percentileSummary":{"mean":49.18118014036912,"median":49.18118014036912,"max":49.18118014036912,"min":49.18118014036912}}