{"name":"MoStabby","scoreData":{"2020-09-20":{"id":6233637727073584000,"name":"MoStabby","score":41675,"level":7,"character":0,"platform":48,"runframes":27193,"runend":1016,"unknown1":4294967142,"unknown2":390,"rank":316,"percentile":89.40820443846671}},"tenDayPercentiles":[],"tenDayDecayingPercentileScore":0,"scoresByDay":[],"rankSummary":{"mean":316,"median":316,"max":316,"min":316},"percentileSummary":{"mean":89.40820443846671,"median":89.40820443846671,"max":89.40820443846671,"min":89.40820443846671}}