{"name":"Mothman","scoreData":{"2020-10-08":{"id":76561197986481140,"name":"Mothman","score":7100,"level":2,"character":0,"platform":18,"runframes":10552,"runend":1021,"unknown1":1766,"unknown2":1328,"rank":5448,"percentile":14.071620129357939}},"tenDayPercentiles":[],"tenDayDecayingPercentileScore":0,"scoresByDay":[],"rankSummary":{"mean":5448,"median":5448,"max":5448,"min":5448},"percentileSummary":{"mean":14.071620129357939,"median":14.071620129357939,"max":14.071620129357939,"min":14.071620129357939}}