{"name":"Mountaingoating","scoreData":{"2020-10-08":{"id":76561197993864640,"name":"Mountaingoating","score":8300,"level":2,"character":0,"platform":18,"runframes":5995,"runend":1021,"unknown1":4294966049,"unknown2":4294965576,"rank":5128,"percentile":19.119734973970665}},"tenDayPercentiles":[],"tenDayDecayingPercentileScore":0,"scoresByDay":[],"rankSummary":{"mean":5128,"median":5128,"max":5128,"min":5128},"percentileSummary":{"mean":19.119734973970665,"median":19.119734973970665,"max":19.119734973970665,"min":19.119734973970665}}