{"name":"mouseandthebillionaire","scoreData":{"2020-10-20":{"id":76561197981354320,"name":"mouseandthebillionaire","score":5200,"level":2,"character":0,"platform":18,"runframes":8075,"runend":1021,"unknown1":3872,"unknown2":3576,"rank":4990,"percentile":7.611111111111114}},"tenDayPercentiles":[],"tenDayDecayingPercentileScore":0,"scoresByDay":[],"rankSummary":{"mean":4990,"median":4990,"max":4990,"min":4990},"percentileSummary":{"mean":7.611111111111114,"median":7.611111111111114,"max":7.611111111111114,"min":7.611111111111114}}