{"name":"Mr Brown","scoreData":{"2020-09-29":{"id":76561197985910800,"name":"Mr Brown","score":18600,"level":3,"character":3,"platform":18,"runframes":14479,"runend":1020,"unknown1":4294967116,"unknown2":4294965881,"rank":2814,"percentile":49.69599427753935}},"tenDayDecayingPercentileMean":null,"rankSummary":{"mean":2814,"median":2814,"max":2814,"min":2814},"percentileSummary":{"mean":49.69599427753935,"median":49.69599427753935,"max":49.69599427753935,"min":49.69599427753935}}