{"name":"Mr. Ostentatious","scoreData":{"2020-11-01":{"id":76561198064811470,"name":"Mr. Ostentatious","score":31600,"level":4,"character":18,"platform":18,"runframes":20787,"runend":1019,"unknown1":4294966104,"unknown2":324,"rank":1661,"percentile":64.71838469713072}},"tenDayDecayingPercentileMean":null,"rankSummary":{"mean":1661,"median":1661,"max":1661,"min":1661},"percentileSummary":{"mean":64.71838469713072,"median":64.71838469713072,"max":64.71838469713072,"min":64.71838469713072}}