{"name":"Mr__Aizawa","scoreData":{"2020-09-17":{"id":4326944376163404000,"name":"Mr__Aizawa","score":9900,"level":3,"character":0,"platform":48,"runframes":21246,"runend":1020,"unknown1":4294966874,"unknown2":218,"rank":1326,"percentile":53.13052706048815}},"tenDayPercentiles":[],"tenDayDecayingPercentileScore":0,"scoresByDay":[],"rankSummary":{"mean":1326,"median":1326,"max":1326,"min":1326},"percentileSummary":{"mean":53.13052706048815,"median":53.13052706048815,"max":53.13052706048815,"min":53.13052706048815}}