{"name":"Mr. Big Stache","scoreData":{"2020-10-25":{"id":4099866970098718700,"name":"Mr. Big Stache","score":51875,"level":10,"character":13,"platform":18,"runframes":44755,"runend":1013,"unknown1":4294966337,"unknown2":361,"rank":420,"percentile":92.45045045045045}},"tenDayPercentiles":[],"tenDayDecayingPercentileScore":0,"scoresByDay":[],"rankSummary":{"mean":420,"median":420,"max":420,"min":420},"percentileSummary":{"mean":92.45045045045045,"median":92.45045045045045,"max":92.45045045045045,"min":92.45045045045045}}