{"name":"Mr. Theory","scoreData":{"2020-10-05":{"id":76561198111074460,"name":"Mr. Theory","score":1600,"level":1,"character":3,"platform":18,"runframes":2235,"runend":1022,"unknown1":4439,"unknown2":2606,"rank":6522,"percentile":4.271873165002944}},"tenDayPercentiles":[],"tenDayDecayingPercentileScore":0,"scoresByDay":[],"rankSummary":{"mean":6522,"median":6522,"max":6522,"min":6522},"percentileSummary":{"mean":4.271873165002944,"median":4.271873165002944,"max":4.271873165002944,"min":4.271873165002944}}