{"name":"Mr BoJangles","scoreData":{"2020-10-05":{"id":76561197989146270,"name":"Mr BoJangles","score":13600,"level":2,"character":4,"platform":18,"runframes":6154,"runend":1021,"unknown1":399,"unknown2":4294962235,"rank":4216,"percentile":38.12389900176159}},"tenDayPercentiles":[],"tenDayDecayingPercentileScore":0,"scoresByDay":[],"rankSummary":{"mean":4216,"median":4216,"max":4216,"min":4216},"percentileSummary":{"mean":38.12389900176159,"median":38.12389900176159,"max":38.12389900176159,"min":38.12389900176159}}