{"name":"Mr Penkin","scoreData":{"2020-09-30":{"id":76561198065368850,"name":"Mr Penkin","score":2500,"level":1,"character":2,"platform":18,"runframes":1483,"runend":1022,"unknown1":4294966173,"unknown2":136,"rank":7525,"percentile":2.5893319523562894}},"tenDayPercentiles":[],"tenDayDecayingPercentileScore":0,"scoresByDay":[],"rankSummary":{"mean":7525,"median":7525,"max":7525,"min":7525},"percentileSummary":{"mean":2.5893319523562894,"median":2.5893319523562894,"max":2.5893319523562894,"min":2.5893319523562894}}