{"name":"Mr. Fister","scoreData":{"2020-11-15":{"id":7801035959414132000,"name":"Mr. Fister","score":2000,"level":1,"character":0,"platform":18,"runframes":1823,"runend":1022,"unknown1":101,"unknown2":4294966115,"rank":4192,"percentile":2.6028352312340246}},"tenDayPercentiles":[2.6028352312340246],"tenDayDecayingPercentileScore":1.5369481756913794,"scoresByDay":[1.5369481756913794],"rankSummary":{"mean":4192,"median":4192,"max":4192,"min":4192},"percentileSummary":{"mean":2.6028352312340246,"median":2.6028352312340246,"max":2.6028352312340246,"min":2.6028352312340246}}