{"name":"Mr_Killer6601","scoreData":{"2020-11-22":{"id":76561197999327760,"name":"Mr_Killer6601","score":1500,"level":1,"character":4,"platform":48,"runframes":1168,"runend":1022,"unknown1":2614,"unknown2":540,"rank":3825,"percentile":4.376094023505871}},"tenDayPercentiles":[],"tenDayDecayingPercentileScore":0,"scoresByDay":[],"rankSummary":{"mean":3825,"median":3825,"max":3825,"min":3825},"percentileSummary":{"mean":4.376094023505871,"median":4.376094023505871,"max":4.376094023505871,"min":4.376094023505871}}