{"name":"MR_Koko20","scoreData":{"2020-10-21":{"id":76561198043888100,"name":"MR_Koko20","score":600,"level":2,"character":4,"platform":18,"runframes":9038,"runend":1021,"unknown1":4294966077,"unknown2":1278,"rank":4743,"percentile":11.661698956780924}},"tenDayPercentiles":[],"tenDayDecayingPercentileScore":0,"scoresByDay":[],"rankSummary":{"mean":4743,"median":4743,"max":4743,"min":4743},"percentileSummary":{"mean":11.661698956780924,"median":11.661698956780924,"max":11.661698956780924,"min":11.661698956780924}}