{"name":"Mr_Puffi","scoreData":{"2020-11-15":{"id":76561197970280900,"name":"Mr_Puffi","score":3200,"level":3,"character":18,"platform":18,"runframes":16301,"runend":1020,"unknown1":4294967220,"unknown2":1602,"rank":2508,"percentile":41.73832210085987}},"tenDayPercentiles":[41.73832210085987],"tenDayDecayingPercentileScore":19.963310072042766,"scoresByDay":[19.963310072042766],"rankSummary":{"mean":2508,"median":2508,"max":2508,"min":2508},"percentileSummary":{"mean":41.73832210085987,"median":41.73832210085987,"max":41.73832210085987,"min":41.73832210085987}}