{"name":"Mr_Smith4242","scoreData":{"2020-09-28":{"id":4163096393028201000,"name":"Mr_Smith4242","score":7800,"level":2,"character":3,"platform":48,"runframes":6551,"runend":1021,"unknown1":1804,"unknown2":10,"rank":1718,"percentile":20.435588507877668}},"tenDayPercentiles":[],"tenDayDecayingPercentileScore":0,"scoresByDay":[],"rankSummary":{"mean":1718,"median":1718,"max":1718,"min":1718},"percentileSummary":{"mean":20.435588507877668,"median":20.435588507877668,"max":20.435588507877668,"min":20.435588507877668}}