{"name":"mrabyssfish","scoreData":{"2020-10-12":{"id":3217983649044726300,"name":"mrabyssfish","score":15800,"level":3,"character":7,"platform":48,"runframes":8333,"runend":1020,"unknown1":2221,"unknown2":108,"rank":2766,"percentile":53.793449197860966}},"tenDayPercentiles":[],"tenDayDecayingPercentileScore":0,"scoresByDay":[],"rankSummary":{"mean":2766,"median":2766,"max":2766,"min":2766},"percentileSummary":{"mean":53.793449197860966,"median":53.793449197860966,"max":53.793449197860966,"min":53.793449197860966}}