{"name":"MrAlpacinoo","scoreData":{"2020-11-10":{"id":76561201079008480,"name":"MrAlpacinoo","score":99500,"level":19,"character":17,"platform":48,"runframes":132448,"runend":1004,"unknown1":4294964199,"unknown2":479,"rank":44,"percentile":99.01736745886654}},"tenDayPercentiles":[99.01736745886654],"tenDayDecayingPercentileScore":38.36135692040677,"scoresByDay":[38.36135692040677],"rankSummary":{"mean":44,"median":44,"max":44,"min":44},"percentileSummary":{"mean":99.01736745886654,"median":99.01736745886654,"max":99.01736745886654,"min":99.01736745886654}}