{"name":"MrDekotaWolf","scoreData":{"2020-09-24":{"id":912473158396865400,"name":"MrDekotaWolf","score":4100,"level":2,"character":3,"platform":48,"runframes":4946,"runend":1021,"unknown1":4294966656,"unknown2":540,"rank":1808,"percentile":21.63920208152645}},"tenDayPercentiles":[],"tenDayDecayingPercentileScore":0,"scoresByDay":[],"rankSummary":{"mean":1808,"median":1808,"max":1808,"min":1808},"percentileSummary":{"mean":21.63920208152645,"median":21.63920208152645,"max":21.63920208152645,"min":21.63920208152645}}