{"name":"mrhi21","scoreData":{"2020-09-21":{"id":8698865595702382000,"name":"mrhi21","score":2600,"level":3,"character":10,"platform":48,"runframes":4299,"runend":1020,"unknown1":4294965471,"unknown2":440,"rank":1493,"percentile":40.24829795754906}},"tenDayPercentiles":[],"tenDayDecayingPercentileScore":0,"scoresByDay":[],"rankSummary":{"mean":1493,"median":1493,"max":1493,"min":1493},"percentileSummary":{"mean":40.24829795754906,"median":40.24829795754906,"max":40.24829795754906,"min":40.24829795754906}}