{"name":"MrHyde-Jones","scoreData":{"2020-10-09":{"id":76561197995560700,"name":"MrHyde-Jones","score":13300,"level":2,"character":0,"platform":48,"runframes":8123,"runend":1021,"unknown1":4294967082,"unknown2":4294965991,"rank":4653,"percentile":25.829081632653057}},"tenDayPercentiles":[],"tenDayDecayingPercentileScore":0,"scoresByDay":[],"rankSummary":{"mean":4653,"median":4653,"max":4653,"min":4653},"percentileSummary":{"mean":25.829081632653057,"median":25.829081632653057,"max":25.829081632653057,"min":25.829081632653057}}