{"name":"Mrjerryq2","scoreData":{"2020-09-22":{"id":8495035385138232000,"name":"Mrjerryq2","score":0,"level":1,"character":3,"platform":48,"runframes":1319,"runend":1022,"unknown1":643,"unknown2":1614,"rank":2332,"percentile":5.320877335499603}},"tenDayPercentiles":[],"tenDayDecayingPercentileScore":0,"scoresByDay":[],"rankSummary":{"mean":2332,"median":2332,"max":2332,"min":2332},"percentileSummary":{"mean":5.320877335499603,"median":5.320877335499603,"max":5.320877335499603,"min":5.320877335499603}}