{"name":"MrJuicyJay","scoreData":{"2020-10-13":{"id":76561197970286830,"name":"MrJuicyJay","score":12900,"level":2,"character":4,"platform":18,"runframes":11104,"runend":1021,"unknown1":4294962690,"unknown2":4294962749,"rank":4051,"percentile":30.946291560102296}},"tenDayPercentiles":[],"tenDayDecayingPercentileScore":0,"scoresByDay":[],"rankSummary":{"mean":4051,"median":4051,"max":4051,"min":4051},"percentileSummary":{"mean":30.946291560102296,"median":30.946291560102296,"max":30.946291560102296,"min":30.946291560102296}}