{"name":"MrLinx","scoreData":{"2020-09-17":{"id":4550706397783962600,"name":"MrLinx","score":1000,"level":1,"character":3,"platform":48,"runframes":2424,"runend":1022,"unknown1":4294966795,"unknown2":4294966169,"rank":2768,"percentile":2.1223912274495973}},"tenDayPercentiles":[],"tenDayDecayingPercentileScore":0,"scoresByDay":[],"rankSummary":{"mean":2768,"median":2768,"max":2768,"min":2768},"percentileSummary":{"mean":2.1223912274495973,"median":2.1223912274495973,"max":2.1223912274495973,"min":2.1223912274495973}}