{"name":"mrma5b","scoreData":{"2020-11-01":{"id":587055394714229200,"name":"mrma5b","score":8000,"level":3,"character":3,"platform":18,"runframes":7174,"runend":1020,"unknown1":92,"unknown2":1132,"rank":2986,"percentile":36.55685441020191}},"tenDayPercentiles":[],"tenDayDecayingPercentileScore":0,"scoresByDay":[],"rankSummary":{"mean":2986,"median":2986,"max":2986,"min":2986},"percentileSummary":{"mean":36.55685441020191,"median":36.55685441020191,"max":36.55685441020191,"min":36.55685441020191}}