{"name":"mrmeatman","scoreData":{"2020-10-05":{"id":7574452546002389000,"name":"mrmeatman","score":6200,"level":2,"character":2,"platform":18,"runframes":4932,"runend":1021,"unknown1":3570,"unknown2":66,"rank":4758,"percentile":30.167351732237222}},"tenDayPercentiles":[],"tenDayDecayingPercentileScore":0,"scoresByDay":[],"rankSummary":{"mean":4758,"median":4758,"max":4758,"min":4758},"percentileSummary":{"mean":30.167351732237222,"median":30.167351732237222,"max":30.167351732237222,"min":30.167351732237222}}