{"name":"mrmilk_","scoreData":{"2020-10-04":{"id":8002171536037069000,"name":"mrmilk_","score":2000,"level":2,"character":3,"platform":18,"runframes":5833,"runend":1021,"unknown1":465,"unknown2":28,"rank":6488,"percentile":13.64483493077742}},"tenDayPercentiles":[],"tenDayDecayingPercentileScore":0,"scoresByDay":[],"rankSummary":{"mean":6488,"median":6488,"max":6488,"min":6488},"percentileSummary":{"mean":13.64483493077742,"median":13.64483493077742,"max":13.64483493077742,"min":13.64483493077742}}