{"name":"mrmlk","scoreData":{"2020-11-14":{"id":76561198068558610,"name":"mrmlk","score":9000,"level":2,"character":0,"platform":18,"runframes":7938,"runend":1021,"unknown1":205,"unknown2":55,"rank":2868,"percentile":33.55735805330244}},"tenDayPercentiles":[33.55735805330244],"tenDayDecayingPercentileScore":19.81528435689456,"scoresByDay":[19.81528435689456],"rankSummary":{"mean":2868,"median":2868,"max":2868,"min":2868},"percentileSummary":{"mean":33.55735805330244,"median":33.55735805330244,"max":33.55735805330244,"min":33.55735805330244}}