{"name":"mrnabbit","scoreData":{"2020-10-14":{"id":76561198917843840,"name":"mrnabbit","score":3100,"level":1,"character":2,"platform":18,"runframes":1526,"runend":1022,"unknown1":413,"unknown2":279,"rank":4474,"percentile":19.14316702819957}},"tenDayPercentiles":[],"tenDayDecayingPercentileScore":0,"scoresByDay":[],"rankSummary":{"mean":4474,"median":4474,"max":4474,"min":4474},"percentileSummary":{"mean":19.14316702819957,"median":19.14316702819957,"max":19.14316702819957,"min":19.14316702819957}}