{"name":"Mrotschny_rycerz","scoreData":{"2020-10-18":{"id":76561197982863630,"name":"Mrotschny_rycerz","score":83750,"level":9,"character":6,"platform":18,"runframes":104283,"runend":1014,"unknown1":4294966200,"unknown2":4294965488,"rank":888,"percentile":85.03711201079622}},"tenDayPercentiles":[],"tenDayDecayingPercentileScore":0,"scoresByDay":[],"rankSummary":{"mean":888,"median":888,"max":888,"min":888},"percentileSummary":{"mean":85.03711201079622,"median":85.03711201079622,"max":85.03711201079622,"min":85.03711201079622}}