{"name":"mrpeabody208","scoreData":{"2020-10-10":{"id":76561197992932850,"name":"mrpeabody208","score":15600,"level":2,"character":0,"platform":18,"runframes":12660,"runend":1021,"unknown1":3893,"unknown2":218,"rank":3009,"percentile":54.39660400242571}},"tenDayPercentiles":[],"tenDayDecayingPercentileScore":0,"scoresByDay":[],"rankSummary":{"mean":3009,"median":3009,"max":3009,"min":3009},"percentileSummary":{"mean":54.39660400242571,"median":54.39660400242571,"max":54.39660400242571,"min":54.39660400242571}}