{"name":"MrSalchicha15","scoreData":{"2020-09-19":{"id":227958057749519230,"name":"MrSalchicha15","score":12100,"level":1,"character":5,"platform":48,"runframes":3749,"runend":1022,"unknown1":4294967018,"unknown2":29,"rank":2175,"percentile":27.436582109479303}},"tenDayPercentiles":[],"tenDayDecayingPercentileScore":0,"scoresByDay":[],"rankSummary":{"mean":2175,"median":2175,"max":2175,"min":2175},"percentileSummary":{"mean":27.436582109479303,"median":27.436582109479303,"max":27.436582109479303,"min":27.436582109479303}}