{"name":"MrSkyguy05","scoreData":{"2020-09-21":{"id":8495397646621267000,"name":"MrSkyguy05","score":4000,"level":2,"character":3,"platform":48,"runframes":2601,"runend":1021,"unknown1":2009,"unknown2":148,"rank":1883,"percentile":24.62955546655988}},"tenDayPercentiles":[],"tenDayDecayingPercentileScore":0,"scoresByDay":[],"rankSummary":{"mean":1883,"median":1883,"max":1883,"min":1883},"percentileSummary":{"mean":24.62955546655988,"median":24.62955546655988,"max":24.62955546655988,"min":24.62955546655988}}