{"name":"MrSykotic2U","scoreData":{"2020-09-26":{"id":2582661237291649000,"name":"MrSykotic2U","score":0,"level":1,"character":1,"platform":48,"runframes":221,"runend":1022,"unknown1":553,"unknown2":1237,"rank":2589,"percentile":0.2697495183044225}},"tenDayPercentiles":[],"tenDayDecayingPercentileScore":0,"scoresByDay":[],"rankSummary":{"mean":2589,"median":2589,"max":2589,"min":2589},"percentileSummary":{"mean":0.2697495183044225,"median":0.2697495183044225,"max":0.2697495183044225,"min":0.2697495183044225}}