{"name":"MrTakeYourSoul_","scoreData":{"2020-09-20":{"id":7852897228528872000,"name":"MrTakeYourSoul_","score":14300,"level":4,"character":7,"platform":48,"runframes":11149,"runend":1019,"unknown1":4294965224,"unknown2":4294966409,"rank":866,"percentile":70.91459314055145}},"tenDayPercentiles":[],"tenDayDecayingPercentileScore":0,"scoresByDay":[],"rankSummary":{"mean":866,"median":866,"max":866,"min":866},"percentileSummary":{"mean":70.91459314055145,"median":70.91459314055145,"max":70.91459314055145,"min":70.91459314055145}}