{"name":"MrTee202","scoreData":{"2020-10-03":{"id":76561198206661840,"name":"MrTee202","score":39900,"level":3,"character":4,"platform":18,"runframes":14917,"runend":1020,"unknown1":1022,"unknown2":1427,"rank":2170,"percentile":72.53735122815903}},"tenDayPercentiles":[],"tenDayDecayingPercentileScore":0,"scoresByDay":[],"rankSummary":{"mean":2170,"median":2170,"max":2170,"min":2170},"percentileSummary":{"mean":72.53735122815903,"median":72.53735122815903,"max":72.53735122815903,"min":72.53735122815903}}