{"name":"mrules14","scoreData":{"2020-11-07":{"id":76561198330779600,"name":"mrules14","score":6200,"level":1,"character":3,"platform":48,"runframes":3933,"runend":1022,"unknown1":4294963751,"unknown2":4294963986,"rank":4347,"percentile":9.003350083752096}},"tenDayPercentiles":[],"tenDayDecayingPercentileScore":0,"scoresByDay":[],"rankSummary":{"mean":4347,"median":4347,"max":4347,"min":4347},"percentileSummary":{"mean":9.003350083752096,"median":9.003350083752096,"max":9.003350083752096,"min":9.003350083752096}}