{"name":"mrvxUS","scoreData":{"2020-09-16":{"id":3374630335126250500,"name":"mrvxUS","score":700,"level":3,"character":0,"platform":48,"runframes":10152,"runend":1020,"unknown1":655,"unknown2":4294967235,"rank":1274,"percentile":58.74918988982502}},"tenDayPercentiles":[],"tenDayDecayingPercentileScore":0,"scoresByDay":[],"rankSummary":{"mean":1274,"median":1274,"max":1274,"min":1274},"percentileSummary":{"mean":58.74918988982502,"median":58.74918988982502,"max":58.74918988982502,"min":58.74918988982502}}