{"name":"msaquet","scoreData":{"2020-09-19":{"id":5589508119979624000,"name":"msaquet","score":4000,"level":1,"character":3,"platform":48,"runframes":3657,"runend":1022,"unknown1":4294966072,"unknown2":4294965064,"rank":2611,"percentile":12.88384512683578}},"tenDayPercentiles":[],"tenDayDecayingPercentileScore":0,"scoresByDay":[],"rankSummary":{"mean":2611,"median":2611,"max":2611,"min":2611},"percentileSummary":{"mean":12.88384512683578,"median":12.88384512683578,"max":12.88384512683578,"min":12.88384512683578}}