{"name":"msd","scoreData":{"2020-11-10":{"id":76561198132263900,"name":"msd","score":2600,"level":2,"character":4,"platform":18,"runframes":2886,"runend":1021,"unknown1":852,"unknown2":92,"rank":4076,"percentile":6.878427787934186}},"tenDayPercentiles":[],"tenDayDecayingPercentileScore":0,"scoresByDay":[],"rankSummary":{"mean":4076,"median":4076,"max":4076,"min":4076},"percentileSummary":{"mean":6.878427787934186,"median":6.878427787934186,"max":6.878427787934186,"min":6.878427787934186}}