{"name":"Msi-the-Dragon","scoreData":{"2020-09-15":{"id":264185708701728600,"name":"Msi-the-Dragon","score":28000,"level":4,"character":0,"platform":48,"runframes":15691,"runend":1019,"unknown1":4294966870,"unknown2":114,"rank":454,"percentile":75.05506607929516}},"tenDayPercentiles":[],"tenDayDecayingPercentileScore":0,"scoresByDay":[],"rankSummary":{"mean":454,"median":454,"max":454,"min":454},"percentileSummary":{"mean":75.05506607929516,"median":75.05506607929516,"max":75.05506607929516,"min":75.05506607929516}}