{"name":"Mstokes1714 ;)","scoreData":{"2020-10-07":{"id":76561198324433380,"name":"Mstokes1714 ;)","score":12800,"level":2,"character":7,"platform":18,"runframes":6452,"runend":1021,"unknown1":6300,"unknown2":3635,"rank":3114,"percentile":52.2838749233599}},"tenDayDecayingPercentileMean":null,"rankSummary":{"mean":3114,"median":3114,"max":3114,"min":3114},"percentileSummary":{"mean":52.2838749233599,"median":52.2838749233599,"max":52.2838749233599,"min":52.2838749233599}}