{"name":"MudToeberg","scoreData":{"2020-10-02":{"id":76561198253358800,"name":"MudToeberg","score":1000,"level":1,"character":0,"platform":18,"runframes":3378,"runend":1022,"unknown1":3340,"unknown2":634,"rank":7086,"percentile":5.064987270534644}},"tenDayPercentiles":[],"tenDayDecayingPercentileScore":0,"scoresByDay":[],"rankSummary":{"mean":7086,"median":7086,"max":7086,"min":7086},"percentileSummary":{"mean":5.064987270534644,"median":5.064987270534644,"max":5.064987270534644,"min":5.064987270534644}}