{"name":"Mugazi","scoreData":{"2020-10-18":{"id":76561198790742050,"name":"Mugazi","score":5100,"level":3,"character":4,"platform":48,"runframes":13198,"runend":1020,"unknown1":4294966727,"unknown2":4294964716,"rank":4994,"percentile":15.77260458839406}},"tenDayPercentiles":[],"tenDayDecayingPercentileScore":0,"scoresByDay":[],"rankSummary":{"mean":4994,"median":4994,"max":4994,"min":4994},"percentileSummary":{"mean":15.77260458839406,"median":15.77260458839406,"max":15.77260458839406,"min":15.77260458839406}}