{"name":"Muhammad PBUH","scoreData":{"2020-11-21":{"id":76561198219681820,"name":"Muhammad PBUH","score":0,"level":1,"character":7,"platform":18,"runframes":738,"runend":1022,"unknown1":4294966088,"unknown2":76,"rank":4127,"percentile":0.6022645145747987}},"tenDayPercentiles":[0.6022645145747987],"tenDayDecayingPercentileScore":0.5420380631173188,"scoresByDay":[0.5420380631173188],"rankSummary":{"mean":4127,"median":4127,"max":4127,"min":4127},"percentileSummary":{"mean":0.6022645145747987,"median":0.6022645145747987,"max":0.6022645145747987,"min":0.6022645145747987}}