{"name":"Muitnorts","scoreData":{"2020-09-15":{"id":3146996557811936000,"name":"Muitnorts","score":41200,"level":5,"character":0,"platform":48,"runframes":26981,"runend":1018,"unknown1":4294966721,"unknown2":4294966881,"rank":186,"percentile":89.81277533039648}},"tenDayPercentiles":[],"tenDayDecayingPercentileScore":0,"scoresByDay":[],"rankSummary":{"mean":186,"median":186,"max":186,"min":186},"percentileSummary":{"mean":89.81277533039648,"median":89.81277533039648,"max":89.81277533039648,"min":89.81277533039648}}