{"name":"Mullet2000","scoreData":{"2020-09-18":{"id":7589921217528039000,"name":"Mullet2000","score":2700,"level":2,"character":0,"platform":48,"runframes":8271,"runend":1021,"unknown1":86,"unknown2":4294967159,"rank":2316,"percentile":17.203147353361942}},"tenDayPercentiles":[],"tenDayDecayingPercentileScore":0,"scoresByDay":[],"rankSummary":{"mean":2316,"median":2316,"max":2316,"min":2316},"percentileSummary":{"mean":17.203147353361942,"median":17.203147353361942,"max":17.203147353361942,"min":17.203147353361942}}