{"name":"Multak Firewyrm","scoreData":{"2020-09-30":{"id":2141413120690725000,"name":"Multak Firewyrm","score":4900,"level":2,"character":0,"platform":18,"runframes":7457,"runend":1021,"unknown1":4294965242,"unknown2":727,"rank":5569,"percentile":27.91299844640082}},"tenDayPercentiles":[],"tenDayDecayingPercentileScore":0,"scoresByDay":[],"rankSummary":{"mean":5569,"median":5569,"max":5569,"min":5569},"percentileSummary":{"mean":27.91299844640082,"median":27.91299844640082,"max":27.91299844640082,"min":27.91299844640082}}