{"name":"munchygiraffe","scoreData":{"2020-10-06":{"id":4531673901250073600,"name":"munchygiraffe","score":1500,"level":2,"character":0,"platform":48,"runframes":1647,"runend":1021,"unknown1":4294965407,"unknown2":3567,"rank":6026,"percentile":11.331861662987492}},"tenDayPercentiles":[],"tenDayDecayingPercentileScore":0,"scoresByDay":[],"rankSummary":{"mean":6026,"median":6026,"max":6026,"min":6026},"percentileSummary":{"mean":11.331861662987492,"median":11.331861662987492,"max":11.331861662987492,"min":11.331861662987492}}