{"name":"MunchDaLunch","scoreData":{"2020-10-13":{"id":76561198086419220,"name":"MunchDaLunch","score":1000,"level":2,"character":2,"platform":18,"runframes":8942,"runend":1021,"unknown1":4294965906,"unknown2":4294966721,"rank":5286,"percentile":9.889173060528549}},"tenDayPercentiles":[],"tenDayDecayingPercentileScore":0,"scoresByDay":[],"rankSummary":{"mean":5286,"median":5286,"max":5286,"min":5286},"percentileSummary":{"mean":9.889173060528549,"median":9.889173060528549,"max":9.889173060528549,"min":9.889173060528549}}