{"name":"murks_in_japan","scoreData":{"2020-10-21":{"id":76561200104719180,"name":"murks_in_japan","score":2200,"level":1,"character":7,"platform":48,"runframes":1567,"runend":1022,"unknown1":4294963841,"unknown2":4294963515,"rank":5035,"percentile":6.222056631892698}},"tenDayPercentiles":[],"tenDayDecayingPercentileScore":0,"scoresByDay":[],"rankSummary":{"mean":5035,"median":5035,"max":5035,"min":5035},"percentileSummary":{"mean":6.222056631892698,"median":6.222056631892698,"max":6.222056631892698,"min":6.222056631892698}}