{"name":"Murkinitup","scoreData":{"2020-10-13":{"id":4095565237158446600,"name":"Murkinitup","score":1800,"level":2,"character":2,"platform":18,"runframes":2556,"runend":1021,"unknown1":2200,"unknown2":246,"rank":5214,"percentile":11.116794543904518}},"tenDayPercentiles":[],"tenDayDecayingPercentileScore":0,"scoresByDay":[],"rankSummary":{"mean":5214,"median":5214,"max":5214,"min":5214},"percentileSummary":{"mean":11.116794543904518,"median":11.116794543904518,"max":11.116794543904518,"min":11.116794543904518}}