{"name":"murrax","scoreData":{"2020-11-14":{"id":76561198287838700,"name":"murrax","score":3400,"level":2,"character":4,"platform":18,"runframes":9833,"runend":1021,"unknown1":4294967186,"unknown2":4294963842,"rank":3664,"percentile":15.110081112398603}},"tenDayPercentiles":[15.110081112398603],"tenDayDecayingPercentileScore":8.030116616454228,"scoresByDay":[8.030116616454228],"rankSummary":{"mean":3664,"median":3664,"max":3664,"min":3664},"percentileSummary":{"mean":15.110081112398603,"median":15.110081112398603,"max":15.110081112398603,"min":15.110081112398603}}