{"name":"mus","scoreData":{"2020-11-09":{"id":16561713648469594,"name":"mus","score":64950,"level":6,"character":9,"platform":18,"runframes":55107,"runend":1017,"unknown1":30,"unknown2":2145,"rank":1245,"percentile":71.48750859500345}},"tenDayPercentiles":[71.48750859500345],"tenDayDecayingPercentileScore":24.92615298354115,"scoresByDay":[24.92615298354115],"rankSummary":{"mean":1245,"median":1245,"max":1245,"min":1245},"percentileSummary":{"mean":71.48750859500345,"median":71.48750859500345,"max":71.48750859500345,"min":71.48750859500345}}