{"name":"muscat1982","scoreData":{"2020-09-23":{"id":227958057749519230,"name":"muscat1982","score":3200,"level":2,"character":0,"platform":48,"runframes":2748,"runend":1021,"unknown1":1365,"unknown2":257,"rank":2221,"percentile":7.73067331670822}},"tenDayPercentiles":[],"tenDayDecayingPercentileScore":0,"scoresByDay":[],"rankSummary":{"mean":2221,"median":2221,"max":2221,"min":2221},"percentileSummary":{"mean":7.73067331670822,"median":7.73067331670822,"max":7.73067331670822,"min":7.73067331670822}}