{"name":"Mushroom Glue","scoreData":{"2020-11-06":{"id":1975953944975604200,"name":"Mushroom Glue","score":8400,"level":3,"character":2,"platform":18,"runframes":7598,"runend":1020,"unknown1":3322,"unknown2":237,"rank":3277,"percentile":27.761852260198467}},"tenDayPercentiles":[],"tenDayDecayingPercentileScore":0,"scoresByDay":[],"rankSummary":{"mean":3277,"median":3277,"max":3277,"min":3277},"percentileSummary":{"mean":27.761852260198467,"median":27.761852260198467,"max":27.761852260198467,"min":27.761852260198467}}