{"name":"musti-4914","scoreData":{"2020-10-12":{"id":7692191656013810000,"name":"musti-4914","score":1000,"level":1,"character":3,"platform":48,"runframes":1617,"runend":1022,"unknown1":4294965405,"unknown2":2347,"rank":5669,"percentile":5.280748663101605}},"tenDayPercentiles":[],"tenDayDecayingPercentileScore":0,"scoresByDay":[],"rankSummary":{"mean":5669,"median":5669,"max":5669,"min":5669},"percentileSummary":{"mean":5.280748663101605,"median":5.280748663101605,"max":5.280748663101605,"min":5.280748663101605}}