{"name":"mustcashthestash","scoreData":{"2020-10-02":{"id":2551526147783996400,"name":"mustcashthestash","score":15800,"level":3,"character":8,"platform":48,"runframes":10889,"runend":1020,"unknown1":4294960931,"unknown2":86,"rank":3123,"percentile":58.166956987806515}},"tenDayPercentiles":[],"tenDayDecayingPercentileScore":0,"scoresByDay":[],"rankSummary":{"mean":3123,"median":3123,"max":3123,"min":3123},"percentileSummary":{"mean":58.166956987806515,"median":58.166956987806515,"max":58.166956987806515,"min":58.166956987806515}}