{"name":"Mydas","scoreData":{"2020-11-16":{"id":76561198396072060,"name":"Mydas","score":2100,"level":1,"character":3,"platform":18,"runframes":4636,"runend":1022,"unknown1":792,"unknown2":672,"rank":3589,"percentile":8.094262295081961}},"tenDayPercentiles":[8.094262295081961],"tenDayDecayingPercentileScore":5.90071721311475,"scoresByDay":[5.90071721311475],"rankSummary":{"mean":3589,"median":3589,"max":3589,"min":3589},"percentileSummary":{"mean":8.094262295081961,"median":8.094262295081961,"max":8.094262295081961,"min":8.094262295081961}}