{"name":"MyDreddJokr","scoreData":{"2020-11-10":{"id":76561198116805340,"name":"MyDreddJokr","score":4100,"level":2,"character":7,"platform":48,"runframes":6079,"runend":1021,"unknown1":2151,"unknown2":399,"rank":3952,"percentile":9.71206581352834}},"tenDayPercentiles":[9.71206581352834],"tenDayDecayingPercentileScore":3.3863879580096,"scoresByDay":[3.3863879580096],"rankSummary":{"mean":3952,"median":3952,"max":3952,"min":3952},"percentileSummary":{"mean":9.71206581352834,"median":9.71206581352834,"max":9.71206581352834,"min":9.71206581352834}}