{"name":"Mylanok","scoreData":{"2020-10-26":{"id":76561197992905890,"name":"Mylanok","score":3800,"level":2,"character":2,"platform":18,"runframes":4605,"runend":1021,"unknown1":3740,"unknown2":2182,"rank":4444,"percentile":12.193675889328063}},"tenDayPercentiles":[],"tenDayDecayingPercentileScore":0,"scoresByDay":[],"rankSummary":{"mean":4444,"median":4444,"max":4444,"min":4444},"percentileSummary":{"mean":12.193675889328063,"median":12.193675889328063,"max":12.193675889328063,"min":12.193675889328063}}