{"name":"Myles","scoreData":{"2020-11-13":{"id":3997714408516443000,"name":"Myles","score":4200,"level":2,"character":0,"platform":18,"runframes":14705,"runend":1021,"unknown1":2997,"unknown2":1629,"rank":3733,"percentile":11.142857142857139}},"tenDayPercentiles":[11.142857142857139],"tenDayDecayingPercentileScore":4.796634625714285,"scoresByDay":[4.796634625714285],"rankSummary":{"mean":3733,"median":3733,"max":3733,"min":3733},"percentileSummary":{"mean":11.142857142857139,"median":11.142857142857139,"max":11.142857142857139,"min":11.142857142857139}}