{"name":"Myrj","scoreData":{"2020-09-29":{"id":7903140870907780000,"name":"Myrj","score":10100,"level":2,"character":0,"platform":18,"runframes":2332,"runend":1021,"unknown1":476,"unknown2":1888,"rank":3712,"percentile":33.63733905579399}},"tenDayPercentiles":[],"tenDayDecayingPercentileScore":0,"scoresByDay":[],"rankSummary":{"mean":3712,"median":3712,"max":3712,"min":3712},"percentileSummary":{"mean":33.63733905579399,"median":33.63733905579399,"max":33.63733905579399,"min":33.63733905579399}}