{"name":"Mystic-Tun","scoreData":{"2020-11-21":{"id":76561197974118930,"name":"Mystic-Tun","score":2500,"level":2,"character":3,"platform":48,"runframes":2962,"runend":1021,"unknown1":1698,"unknown2":203,"rank":3597,"percentile":13.37027222356059}},"tenDayPercentiles":[],"tenDayDecayingPercentileScore":0,"scoresByDay":[],"rankSummary":{"mean":3597,"median":3597,"max":3597,"min":3597},"percentileSummary":{"mean":13.37027222356059,"median":13.37027222356059,"max":13.37027222356059,"min":13.37027222356059}}