{"name":"Mystic","scoreData":{"2020-10-05":{"id":76561198059685000,"name":"Mystic","score":100050,"level":7,"character":14,"platform":18,"runframes":55325,"runend":1016,"unknown1":4294963481,"unknown2":4294963660,"rank":722,"percentile":89.4157369348209}},"tenDayPercentiles":[],"tenDayDecayingPercentileScore":0,"scoresByDay":[],"rankSummary":{"mean":722,"median":722,"max":722,"min":722},"percentileSummary":{"mean":89.4157369348209,"median":89.4157369348209,"max":89.4157369348209,"min":89.4157369348209}}