{"name":"myzhalas","scoreData":{"2020-10-07":{"id":76561198396300050,"name":"myzhalas","score":12800,"level":2,"character":4,"platform":18,"runframes":6147,"runend":1021,"unknown1":4294966744,"unknown2":194,"rank":3112,"percentile":52.31453096259963}},"tenDayPercentiles":[],"tenDayDecayingPercentileScore":0,"scoresByDay":[],"rankSummary":{"mean":3112,"median":3112,"max":3112,"min":3112},"percentileSummary":{"mean":52.31453096259963,"median":52.31453096259963,"max":52.31453096259963,"min":52.31453096259963}}