{"name":"01MANIKIN","scoreData":{"2020-10-02":{"id":7403574723805353000,"name":"01MANIKIN","score":37225,"level":8,"character":6,"platform":18,"runframes":32996,"runend":1015,"unknown1":60,"unknown2":638,"rank":319,"percentile":95.73897896288356}},"tenDayPercentiles":[],"tenDayDecayingPercentileScore":0,"scoresByDay":[],"rankSummary":{"mean":319,"median":319,"max":319,"min":319},"percentileSummary":{"mean":95.73897896288356,"median":95.73897896288356,"max":95.73897896288356,"min":95.73897896288356}}