{"name":"Obama_exe","scoreData":{"2020-09-20":{"id":4478977397236613000,"name":"Obama_exe","score":6100,"level":1,"character":0,"platform":48,"runframes":3905,"runend":1022,"unknown1":296,"unknown2":4294966385,"rank":2606,"percentile":12.40753194351042}},"tenDayPercentiles":[],"tenDayDecayingPercentileScore":0,"scoresByDay":[],"rankSummary":{"mean":2606,"median":2606,"max":2606,"min":2606},"percentileSummary":{"mean":12.40753194351042,"median":12.40753194351042,"max":12.40753194351042,"min":12.40753194351042}}