{"name":"OberstFlankbar","scoreData":{"2020-10-21":{"id":76561198016852640,"name":"OberstFlankbar","score":12400,"level":2,"character":3,"platform":18,"runframes":11474,"runend":1021,"unknown1":4294966878,"unknown2":960,"rank":3524,"percentile":34.37034277198212}},"tenDayPercentiles":[],"tenDayDecayingPercentileScore":0,"scoresByDay":[],"rankSummary":{"mean":3524,"median":3524,"max":3524,"min":3524},"percentileSummary":{"mean":34.37034277198212,"median":34.37034277198212,"max":34.37034277198212,"min":34.37034277198212}}