{"name":"OBiE","scoreData":{"2020-10-04":{"id":76561198141470050,"name":"OBiE","score":1600,"level":1,"character":2,"platform":18,"runframes":11704,"runend":1022,"unknown1":4294965528,"unknown2":2711,"rank":7000,"percentile":6.8290734824281145}},"tenDayPercentiles":[],"tenDayDecayingPercentileScore":0,"scoresByDay":[],"rankSummary":{"mean":7000,"median":7000,"max":7000,"min":7000},"percentileSummary":{"mean":6.8290734824281145,"median":6.8290734824281145,"max":6.8290734824281145,"min":6.8290734824281145}}