{"name":"OcarinaHeroWS","scoreData":{"2020-10-07":{"id":76561197987003550,"name":"OcarinaHeroWS","score":6000,"level":2,"character":5,"platform":48,"runframes":3793,"runend":1021,"unknown1":2258,"unknown2":18,"rank":4211,"percentile":35.46903740036788}},"tenDayPercentiles":[],"tenDayDecayingPercentileScore":0,"scoresByDay":[],"rankSummary":{"mean":4211,"median":4211,"max":4211,"min":4211},"percentileSummary":{"mean":35.46903740036788,"median":35.46903740036788,"max":35.46903740036788,"min":35.46903740036788}}