{"name":"octopup","scoreData":{"2020-10-07":{"id":7233727962306344000,"name":"octopup","score":8275,"level":8,"character":6,"platform":48,"runframes":46746,"runend":1015,"unknown1":970,"unknown2":4294962946,"rank":486,"percentile":92.56591048436542}},"tenDayPercentiles":[],"tenDayDecayingPercentileScore":0,"scoresByDay":[],"rankSummary":{"mean":486,"median":486,"max":486,"min":486},"percentileSummary":{"mean":92.56591048436542,"median":92.56591048436542,"max":92.56591048436542,"min":92.56591048436542}}