{"name":"OctoBloodyRust","scoreData":{"2020-09-15":{"id":511089691868491000,"name":"OctoBloodyRust","score":10300,"level":1,"character":0,"platform":48,"runframes":6316,"runend":1022,"unknown1":4294967216,"unknown2":4294965751,"rank":1426,"percentile":21.530837004405285}},"tenDayPercentiles":[],"tenDayDecayingPercentileScore":0,"scoresByDay":[],"rankSummary":{"mean":1426,"median":1426,"max":1426,"min":1426},"percentileSummary":{"mean":21.530837004405285,"median":21.530837004405285,"max":21.530837004405285,"min":21.530837004405285}}