{"name":"octopusx6","scoreData":{"2020-11-06":{"id":76561198031541600,"name":"octopusx6","score":22000,"level":3,"character":7,"platform":48,"runframes":15394,"runend":1020,"unknown1":1494,"unknown2":323,"rank":2758,"percentile":39.20617420066152}},"tenDayPercentiles":[],"tenDayDecayingPercentileScore":0,"scoresByDay":[],"rankSummary":{"mean":2758,"median":2758,"max":2758,"min":2758},"percentileSummary":{"mean":39.20617420066152,"median":39.20617420066152,"max":39.20617420066152,"min":39.20617420066152}}