{"name":"odle_reese742","scoreData":{"2020-09-28":{"id":1172004631253042400,"name":"odle_reese742","score":22900,"level":4,"character":4,"platform":48,"runframes":31027,"runend":1019,"unknown1":377,"unknown2":1436,"rank":1026,"percentile":52.502316960148285}},"tenDayPercentiles":[],"tenDayDecayingPercentileScore":0,"scoresByDay":[],"rankSummary":{"mean":1026,"median":1026,"max":1026,"min":1026},"percentileSummary":{"mean":52.502316960148285,"median":52.502316960148285,"max":52.502316960148285,"min":52.502316960148285}}