{"name":"Odyssean","scoreData":{"2020-09-16":{"id":9009373234782244000,"name":"Odyssean","score":400,"level":2,"character":1,"platform":48,"runframes":9280,"runend":1021,"unknown1":4294966553,"unknown2":4294965700,"rank":2529,"percentile":18.081659105638366}},"tenDayPercentiles":[],"tenDayDecayingPercentileScore":0,"scoresByDay":[],"rankSummary":{"mean":2529,"median":2529,"max":2529,"min":2529},"percentileSummary":{"mean":18.081659105638366,"median":18.081659105638366,"max":18.081659105638366,"min":18.081659105638366}}