{"name":"Ofaginzy","scoreData":{"2020-10-02":{"id":76561198057621390,"name":"Ofaginzy","score":1500,"level":1,"character":2,"platform":18,"runframes":2086,"runend":1022,"unknown1":655,"unknown2":4294963245,"rank":7014,"percentile":6.029746750636477}},"tenDayPercentiles":[],"tenDayDecayingPercentileScore":0,"scoresByDay":[],"rankSummary":{"mean":7014,"median":7014,"max":7014,"min":7014},"percentileSummary":{"mean":6.029746750636477,"median":6.029746750636477,"max":6.029746750636477,"min":6.029746750636477}}