{"name":"Offbeatuser","scoreData":{"2020-09-17":{"id":3963204741858034700,"name":"Offbeatuser","score":1100,"level":1,"character":0,"platform":48,"runframes":2871,"runend":1022,"unknown1":364,"unknown2":931,"rank":2723,"percentile":3.7141846480367917}},"tenDayPercentiles":[],"tenDayDecayingPercentileScore":0,"scoresByDay":[],"rankSummary":{"mean":2723,"median":2723,"max":2723,"min":2723},"percentileSummary":{"mean":3.7141846480367917,"median":3.7141846480367917,"max":3.7141846480367917,"min":3.7141846480367917}}