{"name":"OGhoodknocka","scoreData":{"2020-09-23":{"id":6426997677466568000,"name":"OGhoodknocka","score":7600,"level":2,"character":3,"platform":48,"runframes":6818,"runend":1021,"unknown1":625,"unknown2":34,"rank":2036,"percentile":15.419783873649209}},"tenDayPercentiles":[],"tenDayDecayingPercentileScore":0,"scoresByDay":[],"rankSummary":{"mean":2036,"median":2036,"max":2036,"min":2036},"percentileSummary":{"mean":15.419783873649209,"median":15.419783873649209,"max":15.419783873649209,"min":15.419783873649209}}