{"name":"ogn45ps","scoreData":{"2020-10-04":{"id":76561197988779520,"name":"ogn45ps","score":2700,"level":3,"character":7,"platform":48,"runframes":8417,"runend":1020,"unknown1":4294965506,"unknown2":75,"rank":5079,"percentile":32.401490947816825}},"tenDayPercentiles":[],"tenDayDecayingPercentileScore":0,"scoresByDay":[],"rankSummary":{"mean":5079,"median":5079,"max":5079,"min":5079},"percentileSummary":{"mean":32.401490947816825,"median":32.401490947816825,"max":32.401490947816825,"min":32.401490947816825}}