{"name":"OgreMage","scoreData":{"2020-09-30":{"id":76561198295149540,"name":"OgreMage","score":3700,"level":1,"character":0,"platform":18,"runframes":4117,"runend":1022,"unknown1":4294966416,"unknown2":926,"rank":7406,"percentile":4.129984464008288}},"tenDayPercentiles":[],"tenDayDecayingPercentileScore":0,"scoresByDay":[],"rankSummary":{"mean":7406,"median":7406,"max":7406,"min":7406},"percentileSummary":{"mean":4.129984464008288,"median":4.129984464008288,"max":4.129984464008288,"min":4.129984464008288}}