{"name":"OGS_brojaga","scoreData":{"2020-10-10":{"id":76561197975935630,"name":"OGS_brojaga","score":1300,"level":2,"character":0,"platform":48,"runframes":3040,"runend":1021,"unknown1":4294964271,"unknown2":849,"rank":4796,"percentile":27.304426925409345}},"tenDayPercentiles":[],"tenDayDecayingPercentileScore":0,"scoresByDay":[],"rankSummary":{"mean":4796,"median":4796,"max":4796,"min":4796},"percentileSummary":{"mean":27.304426925409345,"median":27.304426925409345,"max":27.304426925409345,"min":27.304426925409345}}