{"name":"Ohmic","scoreData":{"2020-10-12":{"id":76561198004028580,"name":"Ohmic","score":1500,"level":1,"character":2,"platform":18,"runframes":1765,"runend":1022,"unknown1":4294966460,"unknown2":4294965867,"rank":5617,"percentile":6.1497326203208615}},"tenDayPercentiles":[],"tenDayDecayingPercentileScore":0,"scoresByDay":[],"rankSummary":{"mean":5617,"median":5617,"max":5617,"min":5617},"percentileSummary":{"mean":6.1497326203208615,"median":6.1497326203208615,"max":6.1497326203208615,"min":6.1497326203208615}}