{"name":"Ohnuki","scoreData":{"2020-10-02":{"id":76561200057832500,"name":"Ohnuki","score":6600,"level":2,"character":0,"platform":18,"runframes":7862,"runend":1021,"unknown1":972,"unknown2":112,"rank":5310,"percentile":28.862387779713245}},"tenDayPercentiles":[],"tenDayDecayingPercentileScore":0,"scoresByDay":[],"rankSummary":{"mean":5310,"median":5310,"max":5310,"min":5310},"percentileSummary":{"mean":28.862387779713245,"median":28.862387779713245,"max":28.862387779713245,"min":28.862387779713245}}