{"name":"ohtheandymancan","scoreData":{"2020-09-17":{"id":3124138346807072000,"name":"ohtheandymancan","score":1100,"level":1,"character":3,"platform":48,"runframes":1948,"runend":1022,"unknown1":4294966347,"unknown2":54,"rank":2719,"percentile":3.855677396533423}},"tenDayPercentiles":[],"tenDayDecayingPercentileScore":0,"scoresByDay":[],"rankSummary":{"mean":2719,"median":2719,"max":2719,"min":2719},"percentileSummary":{"mean":3.855677396533423,"median":3.855677396533423,"max":3.855677396533423,"min":3.855677396533423}}