{"name":"Oi-is-not-dead","scoreData":{"2020-11-07":{"id":76561197973979600,"name":"Oi-is-not-dead","score":6700,"level":2,"character":0,"platform":48,"runframes":3285,"runend":1021,"unknown1":4294965183,"unknown2":2162,"rank":3849,"percentile":19.43048576214406}},"tenDayPercentiles":[],"tenDayDecayingPercentileScore":0,"scoresByDay":[],"rankSummary":{"mean":3849,"median":3849,"max":3849,"min":3849},"percentileSummary":{"mean":19.43048576214406,"median":19.43048576214406,"max":19.43048576214406,"min":19.43048576214406}}