{"name":"Okasawi","scoreData":{"2020-11-18":{"id":5864652776474841000,"name":"Okasawi","score":105950,"level":10,"character":4,"platform":48,"runframes":124339,"runend":1013,"unknown1":4294965390,"unknown2":4294963722,"rank":325,"percentile":91.93227091633466}},"tenDayPercentiles":[91.93227091633466],"tenDayDecayingPercentileScore":74.46513944223108,"scoresByDay":[74.46513944223108],"rankSummary":{"mean":325,"median":325,"max":325,"min":325},"percentileSummary":{"mean":91.93227091633466,"median":91.93227091633466,"max":91.93227091633466,"min":91.93227091633466}}