{"name":"Okay_IGuess","scoreData":{"2020-10-01":{"id":76561198088550820,"name":"Okay_IGuess","score":4600,"level":1,"character":7,"platform":48,"runframes":3179,"runend":1022,"unknown1":4294966608,"unknown2":4294960038,"rank":6278,"percentile":18.416948271380292}},"tenDayPercentiles":[],"tenDayDecayingPercentileScore":0,"scoresByDay":[],"rankSummary":{"mean":6278,"median":6278,"max":6278,"min":6278},"percentileSummary":{"mean":18.416948271380292,"median":18.416948271380292,"max":18.416948271380292,"min":18.416948271380292}}