{"name":"ole-jastrau","scoreData":{"2020-11-18":{"id":5266699375381275000,"name":"ole-jastrau","score":13000,"level":2,"character":18,"platform":48,"runframes":6924,"runend":1021,"unknown1":1091,"unknown2":86,"rank":3303,"percentile":17.778884462151396}},"tenDayPercentiles":[17.778884462151396],"tenDayDecayingPercentileScore":16.000996015936256,"scoresByDay":[16.000996015936256],"rankSummary":{"mean":3303,"median":3303,"max":3303,"min":3303},"percentileSummary":{"mean":17.778884462151396,"median":17.778884462151396,"max":17.778884462151396,"min":17.778884462151396}}