{"name":"oliviana974","scoreData":{"2020-10-09":{"id":76561198179265760,"name":"oliviana974","score":6500,"level":1,"character":0,"platform":18,"runframes":6632,"runend":1022,"unknown1":3508,"unknown2":2406,"rank":5724,"percentile":8.753188775510196}},"tenDayPercentiles":[],"tenDayDecayingPercentileScore":0,"scoresByDay":[],"rankSummary":{"mean":5724,"median":5724,"max":5724,"min":5724},"percentileSummary":{"mean":8.753188775510196,"median":8.753188775510196,"max":8.753188775510196,"min":8.753188775510196}}