{"name":"OliverHaakonsen","scoreData":{"2020-09-22":{"id":9059365018177090000,"name":"OliverHaakonsen","score":500,"level":1,"character":3,"platform":48,"runframes":4282,"runend":1022,"unknown1":4294965606,"unknown2":364,"rank":2178,"percentile":11.575954508529648}},"tenDayPercentiles":[],"tenDayDecayingPercentileScore":0,"scoresByDay":[],"rankSummary":{"mean":2178,"median":2178,"max":2178,"min":2178},"percentileSummary":{"mean":11.575954508529648,"median":11.575954508529648,"max":11.575954508529648,"min":11.575954508529648}}