{"name":"olszewski.jedrek","scoreData":{"2020-10-02":{"id":76561200034306320,"name":"olszewski.jedrek","score":7300,"level":2,"character":6,"platform":18,"runframes":4751,"runend":1021,"unknown1":4294966680,"unknown2":4061,"rank":5211,"percentile":30.188932064853276}},"tenDayDecayingPercentileMean":null,"rankSummary":{"mean":5211,"median":5211,"max":5211,"min":5211},"percentileSummary":{"mean":30.188932064853276,"median":30.188932064853276,"max":30.188932064853276,"min":30.188932064853276}}