{"name":"ONE_INNER_DEMON","scoreData":{"2020-11-10":{"id":76561197971403340,"name":"ONE_INNER_DEMON","score":2500,"level":3,"character":8,"platform":48,"runframes":5781,"runend":1020,"unknown1":3490,"unknown2":2614,"rank":3321,"percentile":24.131627056672755}},"tenDayPercentiles":[24.131627056672755],"tenDayDecayingPercentileScore":8.414178079195613,"scoresByDay":[8.414178079195613],"rankSummary":{"mean":3321,"median":3321,"max":3321,"min":3321},"percentileSummary":{"mean":24.131627056672755,"median":24.131627056672755,"max":24.131627056672755,"min":24.131627056672755}}