{"name":"OneShotOneKill","scoreData":{"2020-10-12":{"id":76561198049217520,"name":"OneShotOneKill","score":2200,"level":3,"character":4,"platform":18,"runframes":16780,"runend":1020,"unknown1":4294962649,"unknown2":4294962044,"rank":3709,"percentile":38.034759358288774}},"tenDayPercentiles":[],"tenDayDecayingPercentileScore":0,"scoresByDay":[],"rankSummary":{"mean":3709,"median":3709,"max":3709,"min":3709},"percentileSummary":{"mean":38.034759358288774,"median":38.034759358288774,"max":38.034759358288774,"min":38.034759358288774}}