{"name":"oogamooga","scoreData":{"2020-09-16":{"id":4556612203717332500,"name":"oogamooga","score":16300,"level":2,"character":2,"platform":48,"runframes":14951,"runend":1021,"unknown1":672,"unknown2":429,"rank":1702,"percentile":44.8801036941024}},"tenDayPercentiles":[],"tenDayDecayingPercentileScore":0,"scoresByDay":[],"rankSummary":{"mean":1702,"median":1702,"max":1702,"min":1702},"percentileSummary":{"mean":44.8801036941024,"median":44.8801036941024,"max":44.8801036941024,"min":44.8801036941024}}