{"name":"oOOoOOo OOoOO oOoo","scoreData":{"2020-10-10":{"id":7594307641496444000,"name":"oOOoOOo OOoOO oOoo","score":13600,"level":6,"character":0,"platform":18,"runframes":17233,"runend":1017,"unknown1":1127,"unknown2":264,"rank":568,"percentile":91.4038811400849}},"tenDayPercentiles":[],"tenDayDecayingPercentileScore":0,"scoresByDay":[],"rankSummary":{"mean":568,"median":568,"max":568,"min":568},"percentileSummary":{"mean":91.4038811400849,"median":91.4038811400849,"max":91.4038811400849,"min":91.4038811400849}}