{"name":"Oops342","scoreData":{"2020-11-21":{"id":76561197971490700,"name":"Oops342","score":0,"level":1,"character":8,"platform":18,"runframes":503,"runend":1022,"unknown1":2110,"unknown2":1485,"rank":4140,"percentile":0.289086966995896}},"tenDayPercentiles":[0.289086966995896],"tenDayDecayingPercentileScore":0.2601782702963064,"scoresByDay":[0.2601782702963064],"rankSummary":{"mean":4140,"median":4140,"max":4140,"min":4140},"percentileSummary":{"mean":0.289086966995896,"median":0.289086966995896,"max":0.289086966995896,"min":0.289086966995896}}