{"name":"星之所在op","scoreData":{"2020-10-10":{"id":76561197989714370,"name":"星之所在op","score":1700,"level":1,"character":0,"platform":18,"runframes":2676,"runend":1022,"unknown1":1601,"unknown2":396,"rank":5881,"percentile":10.855063674954508}},"tenDayDecayingPercentileMean":null,"rankSummary":{"mean":5881,"median":5881,"max":5881,"min":5881},"percentileSummary":{"mean":10.855063674954508,"median":10.855063674954508,"max":10.855063674954508,"min":10.855063674954508}}