{"name":"openmouth_kiss","scoreData":{"2020-11-15":{"id":3659601957008587300,"name":"openmouth_kiss","score":13200,"level":2,"character":7,"platform":48,"runframes":9142,"runend":1021,"unknown1":4294966489,"unknown2":458,"rank":2976,"percentile":30.86218917034627}},"tenDayPercentiles":[30.86218917034627],"tenDayDecayingPercentileScore":14.761289407390196,"scoresByDay":[14.761289407390196],"rankSummary":{"mean":2976,"median":2976,"max":2976,"min":2976},"percentileSummary":{"mean":30.86218917034627,"median":30.86218917034627,"max":30.86218917034627,"min":30.86218917034627}}