{"name":"openyorkantos","scoreData":{"2020-09-19":{"id":6252499403612611000,"name":"openyorkantos","score":17900,"level":3,"character":10,"platform":48,"runframes":9333,"runend":1020,"unknown1":338,"unknown2":20,"rank":874,"percentile":70.8611481975968}},"tenDayPercentiles":[],"tenDayDecayingPercentileScore":0,"scoresByDay":[],"rankSummary":{"mean":874,"median":874,"max":874,"min":874},"percentileSummary":{"mean":70.8611481975968,"median":70.8611481975968,"max":70.8611481975968,"min":70.8611481975968}}