{"name":"opmat5688","scoreData":{"2020-11-21":{"id":76561198007183970,"name":"opmat5688","score":29900,"level":5,"character":7,"platform":48,"runframes":22002,"runend":1018,"unknown1":4294966266,"unknown2":621,"rank":1546,"percentile":62.78005299927728}},"tenDayPercentiles":[62.78005299927728],"tenDayDecayingPercentileScore":56.50204769934955,"scoresByDay":[56.50204769934955],"rankSummary":{"mean":1546,"median":1546,"max":1546,"min":1546},"percentileSummary":{"mean":62.78005299927728,"median":62.78005299927728,"max":62.78005299927728,"min":62.78005299927728}}