{"name":"Optical_Voodou","scoreData":{"2020-10-01":{"id":76561198323063820,"name":"Optical_Voodou","score":500,"level":1,"character":3,"platform":18,"runframes":1344,"runend":1022,"unknown1":3531,"unknown2":3963,"rank":7559,"percentile":1.7676111255523779}},"tenDayPercentiles":[],"tenDayDecayingPercentileScore":0,"scoresByDay":[],"rankSummary":{"mean":7559,"median":7559,"max":7559,"min":7559},"percentileSummary":{"mean":1.7676111255523779,"median":1.7676111255523779,"max":1.7676111255523779,"min":1.7676111255523779}}