{"name":"Orange_95","scoreData":{"2020-11-20":{"id":758167142032048100,"name":"Orange_95","score":12825,"level":5,"character":5,"platform":48,"runframes":48146,"runend":1018,"unknown1":1442,"unknown2":1766,"rank":1958,"percentile":51.55940594059406}},"tenDayPercentiles":[51.55940594059406],"tenDayDecayingPercentileScore":41.76311881188119,"scoresByDay":[41.76311881188119],"rankSummary":{"mean":1958,"median":1958,"max":1958,"min":1958},"percentileSummary":{"mean":51.55940594059406,"median":51.55940594059406,"max":51.55940594059406,"min":51.55940594059406}}