{"name":"Orbijairgarebear","scoreData":{"2020-10-18":{"id":76561197963472560,"name":"Orbijairgarebear","score":17100,"level":4,"character":1,"platform":48,"runframes":22966,"runend":1019,"unknown1":444,"unknown2":4294965828,"rank":3972,"percentile":33.01282051282051}},"tenDayPercentiles":[],"tenDayDecayingPercentileScore":0,"scoresByDay":[],"rankSummary":{"mean":3972,"median":3972,"max":3972,"min":3972},"percentileSummary":{"mean":33.01282051282051,"median":33.01282051282051,"max":33.01282051282051,"min":33.01282051282051}}