{"name":"Orcas","scoreData":{"2020-10-29":{"id":76561198008493140,"name":"Orcas","score":11700,"level":3,"character":0,"platform":18,"runframes":19738,"runend":1020,"unknown1":4294967295,"unknown2":381,"rank":2382,"percentile":50.2195274932051}},"tenDayPercentiles":[],"tenDayDecayingPercentileScore":0,"scoresByDay":[],"rankSummary":{"mean":2382,"median":2382,"max":2382,"min":2382},"percentileSummary":{"mean":50.2195274932051,"median":50.2195274932051,"max":50.2195274932051,"min":50.2195274932051}}