{"name":"Orcheztra","scoreData":{"2020-10-03":{"id":76561198149962740,"name":"Orcheztra","score":13800,"level":3,"character":4,"platform":18,"runframes":20294,"runend":1020,"unknown1":4294966450,"unknown2":247,"rank":2397,"percentile":69.66320587490503}},"tenDayPercentiles":[],"tenDayDecayingPercentileScore":0,"scoresByDay":[],"rankSummary":{"mean":2397,"median":2397,"max":2397,"min":2397},"percentileSummary":{"mean":69.66320587490503,"median":69.66320587490503,"max":69.66320587490503,"min":69.66320587490503}}