{"name":"Oreo Speedwagon","scoreData":{"2020-10-14":{"id":76561198864169330,"name":"Oreo Speedwagon","score":25000,"level":5,"character":7,"platform":18,"runframes":29803,"runend":1018,"unknown1":3403,"unknown2":635,"rank":1699,"percentile":69.3058568329718}},"tenDayPercentiles":[],"tenDayDecayingPercentileScore":0,"scoresByDay":[],"rankSummary":{"mean":1699,"median":1699,"max":1699,"min":1699},"percentileSummary":{"mean":69.3058568329718,"median":69.3058568329718,"max":69.3058568329718,"min":69.3058568329718}}