{"name":"oscarbdelangel123","scoreData":{"2020-10-09":{"id":76561197976591620,"name":"oscarbdelangel123","score":9300,"level":3,"character":10,"platform":18,"runframes":7078,"runend":1020,"unknown1":4294965511,"unknown2":173,"rank":4116,"percentile":34.390943877551024}},"tenDayPercentiles":[],"tenDayDecayingPercentileScore":0,"scoresByDay":[],"rankSummary":{"mean":4116,"median":4116,"max":4116,"min":4116},"percentileSummary":{"mean":34.390943877551024,"median":34.390943877551024,"max":34.390943877551024,"min":34.390943877551024}}