{"name":"Ostman213","scoreData":{"2020-09-18":{"id":1088333931645518300,"name":"Ostman213","score":2200,"level":1,"character":3,"platform":48,"runframes":6726,"runend":1022,"unknown1":4294965875,"unknown2":20,"rank":2509,"percentile":10.300429184549358}},"tenDayPercentiles":[],"tenDayDecayingPercentileScore":0,"scoresByDay":[],"rankSummary":{"mean":2509,"median":2509,"max":2509,"min":2509},"percentileSummary":{"mean":10.300429184549358,"median":10.300429184549358,"max":10.300429184549358,"min":10.300429184549358}}