{"name":"ottobeing","scoreData":{"2020-09-20":{"id":2094829292836788700,"name":"ottobeing","score":6600,"level":2,"character":0,"platform":48,"runframes":7715,"runend":1021,"unknown1":4294965729,"unknown2":515,"rank":2008,"percentile":32.51513113651647}},"tenDayPercentiles":[],"tenDayDecayingPercentileScore":0,"scoresByDay":[],"rankSummary":{"mean":2008,"median":2008,"max":2008,"min":2008},"percentileSummary":{"mean":32.51513113651647,"median":32.51513113651647,"max":32.51513113651647,"min":32.51513113651647}}