{"name":"Outhon","scoreData":{"2020-09-29":{"id":2687221291065847300,"name":"Outhon","score":10300,"level":2,"character":0,"platform":18,"runframes":3347,"runend":1021,"unknown1":4294966669,"unknown2":4294964347,"rank":3688,"percentile":34.06652360515021}},"tenDayPercentiles":[],"tenDayDecayingPercentileScore":0,"scoresByDay":[],"rankSummary":{"mean":3688,"median":3688,"max":3688,"min":3688},"percentileSummary":{"mean":34.06652360515021,"median":34.06652360515021,"max":34.06652360515021,"min":34.06652360515021}}