{"name":"OutsideAmoeba88","scoreData":{"2020-10-05":{"id":6278008840679049000,"name":"OutsideAmoeba88","score":8700,"level":2,"character":0,"platform":18,"runframes":5924,"runend":1021,"unknown1":311,"unknown2":3686,"rank":4496,"percentile":34.013505578391076}},"tenDayPercentiles":[],"tenDayDecayingPercentileScore":0,"scoresByDay":[],"rankSummary":{"mean":4496,"median":4496,"max":4496,"min":4496},"percentileSummary":{"mean":34.013505578391076,"median":34.013505578391076,"max":34.013505578391076,"min":34.013505578391076}}