{"name":"OV3RN1T3","scoreData":{"2020-10-04":{"id":76561198147679140,"name":"OV3RN1T3","score":5700,"level":2,"character":0,"platform":48,"runframes":8816,"runend":1021,"unknown1":4294964765,"unknown2":305,"rank":5675,"percentile":24.4675186368477}},"tenDayPercentiles":[],"tenDayDecayingPercentileScore":0,"scoresByDay":[],"rankSummary":{"mean":5675,"median":5675,"max":5675,"min":5675},"percentileSummary":{"mean":24.4675186368477,"median":24.4675186368477,"max":24.4675186368477,"min":24.4675186368477}}