{"name":"Overkill Traffic Cone","scoreData":{"2020-09-29":{"id":76561198165583860,"name":"Overkill Traffic Cone","score":14200,"level":3,"character":0,"platform":18,"runframes":17719,"runend":1020,"unknown1":2090,"unknown2":374,"rank":3002,"percentile":46.33404864091559}},"tenDayPercentiles":[],"tenDayDecayingPercentileScore":0,"scoresByDay":[],"rankSummary":{"mean":3002,"median":3002,"max":3002,"min":3002},"percentileSummary":{"mean":46.33404864091559,"median":46.33404864091559,"max":46.33404864091559,"min":46.33404864091559}}