{"name":"OverBaked","scoreData":{"2020-09-30":{"id":5309849083616787000,"name":"OverBaked","score":62700,"level":7,"character":3,"platform":18,"runframes":48236,"runend":1016,"unknown1":4294964274,"unknown2":4294963186,"rank":449,"percentile":94.1998964267219}},"tenDayPercentiles":[],"tenDayDecayingPercentileScore":0,"scoresByDay":[],"rankSummary":{"mean":449,"median":449,"max":449,"min":449},"percentileSummary":{"mean":94.1998964267219,"median":94.1998964267219,"max":94.1998964267219,"min":94.1998964267219}}