{"name":"owenboy42","scoreData":{"2020-10-10":{"id":76561199097181680,"name":"owenboy42","score":1500,"level":1,"character":0,"platform":48,"runframes":4566,"runend":1022,"unknown1":1662,"unknown2":739,"rank":6018,"percentile":8.778047301394793}},"tenDayPercentiles":[],"tenDayDecayingPercentileScore":0,"scoresByDay":[],"rankSummary":{"mean":6018,"median":6018,"max":6018,"min":6018},"percentileSummary":{"mean":8.778047301394793,"median":8.778047301394793,"max":8.778047301394793,"min":8.778047301394793}}