{"name":"Owlchapo","scoreData":{"2020-09-30":{"id":76561198190286740,"name":"Owlchapo","score":7600,"level":1,"character":2,"platform":18,"runframes":1758,"runend":1022,"unknown1":1327,"unknown2":4294965633,"rank":6618,"percentile":14.331952356292078}},"tenDayPercentiles":[],"tenDayDecayingPercentileScore":0,"scoresByDay":[],"rankSummary":{"mean":6618,"median":6618,"max":6618,"min":6618},"percentileSummary":{"mean":14.331952356292078,"median":14.331952356292078,"max":14.331952356292078,"min":14.331952356292078}}