{"name":"owlish_blade5","scoreData":{"2020-09-18":{"id":2915021230195555300,"name":"owlish_blade5","score":0,"level":1,"character":3,"platform":48,"runframes":2263,"runend":1022,"unknown1":4294965691,"unknown2":246,"rank":2789,"percentile":0.2861230329041575}},"tenDayPercentiles":[],"tenDayDecayingPercentileScore":0,"scoresByDay":[],"rankSummary":{"mean":2789,"median":2789,"max":2789,"min":2789},"percentileSummary":{"mean":0.2861230329041575,"median":0.2861230329041575,"max":0.2861230329041575,"min":0.2861230329041575}}