{"name":"owoky","scoreData":{"2020-10-04":{"id":76561199880622370,"name":"owoky","score":10500,"level":4,"character":8,"platform":48,"runframes":6786,"runend":1019,"unknown1":4294967177,"unknown2":2672,"rank":3338,"percentile":55.577742279020235}},"tenDayPercentiles":[],"tenDayDecayingPercentileScore":0,"scoresByDay":[],"rankSummary":{"mean":3338,"median":3338,"max":3338,"min":3338},"percentileSummary":{"mean":55.577742279020235,"median":55.577742279020235,"max":55.577742279020235,"min":55.577742279020235}}