{"name":"OxonoRPG","scoreData":{"2020-10-04":{"id":76561198931192560,"name":"OxonoRPG","score":0,"level":1,"character":0,"platform":18,"runframes":974,"runend":1022,"unknown1":4294962761,"unknown2":79,"rank":7404,"percentile":1.4510117145899954}},"tenDayPercentiles":[],"tenDayDecayingPercentileScore":0,"scoresByDay":[],"rankSummary":{"mean":7404,"median":7404,"max":7404,"min":7404},"percentileSummary":{"mean":1.4510117145899954,"median":1.4510117145899954,"max":1.4510117145899954,"min":1.4510117145899954}}