{"name":"OxylusFirnen","scoreData":{"2020-10-31":{"id":76561198083092590,"name":"OxylusFirnen","score":6100,"level":1,"character":7,"platform":48,"runframes":4198,"runend":1022,"unknown1":205,"unknown2":4294964181,"rank":4402,"percentile":7.405848937513156}},"tenDayPercentiles":[],"tenDayDecayingPercentileScore":0,"scoresByDay":[],"rankSummary":{"mean":4402,"median":4402,"max":4402,"min":4402},"percentileSummary":{"mean":7.405848937513156,"median":7.405848937513156,"max":7.405848937513156,"min":7.405848937513156}}