{"name":"Oystee","scoreData":{"2020-11-14":{"id":76561198086693550,"name":"Oystee","score":184025,"level":8,"character":5,"platform":18,"runframes":51388,"runend":1015,"unknown1":1888,"unknown2":792,"rank":397,"percentile":90.82271147161066}},"tenDayPercentiles":[90.82271147161066],"tenDayDecayingPercentileScore":39.09619921181925,"scoresByDay":[39.09619921181925],"rankSummary":{"mean":397,"median":397,"max":397,"min":397},"percentileSummary":{"mean":90.82271147161066,"median":90.82271147161066,"max":90.82271147161066,"min":90.82271147161066}}