{"name":"Ozymandias^","scoreData":{"2020-10-30":{"id":3456360799012558000,"name":"Ozymandias^","score":54500,"level":10,"character":19,"platform":18,"runframes":46996,"runend":1013,"unknown1":3039,"unknown2":3,"rank":314,"percentile":93.40913876605602}},"tenDayPercentiles":[],"tenDayDecayingPercentileScore":0,"scoresByDay":[],"rankSummary":{"mean":314,"median":314,"max":314,"min":314},"percentileSummary":{"mean":93.40913876605602,"median":93.40913876605602,"max":93.40913876605602,"min":93.40913876605602}}