{"name":"Ozymandiasm267","scoreData":{"2020-10-04":{"id":4306009232560642000,"name":"Ozymandiasm267","score":7800,"level":4,"character":0,"platform":18,"runframes":20057,"runend":1019,"unknown1":4294964815,"unknown2":42,"rank":3545,"percentile":52.822151224707135}},"tenDayPercentiles":[],"tenDayDecayingPercentileScore":0,"scoresByDay":[],"rankSummary":{"mean":3545,"median":3545,"max":3545,"min":3545},"percentileSummary":{"mean":52.822151224707135,"median":52.822151224707135,"max":52.822151224707135,"min":52.822151224707135}}