{"name":"ʇ ɟ ı ɥ s | s ʜ ɪ ғ ᴛ","scoreData":{"2020-10-17":{"id":4171177688331841000,"name":"ʇ ɟ ı ɥ s | s ʜ ɪ ғ ᴛ","score":1000,"level":2,"character":2,"platform":18,"runframes":2912,"runend":1021,"unknown1":4294967027,"unknown2":819,"rank":4979,"percentile":14.876880984952123}},"tenDayDecayingPercentileMean":null,"rankSummary":{"mean":4979,"median":4979,"max":4979,"min":4979},"percentileSummary":{"mean":14.876880984952123,"median":14.876880984952123,"max":14.876880984952123,"min":14.876880984952123}}