{"name":"I81_OU812nice","scoreData":{"2020-11-10":{"id":76561198014292510,"name":"I81_OU812nice","score":2300,"level":2,"character":0,"platform":48,"runframes":4386,"runend":1021,"unknown1":2116,"unknown2":4294966182,"rank":4091,"percentile":6.53564899451554}},"tenDayPercentiles":[6.53564899451554],"tenDayDecayingPercentileScore":2.2788398964488126,"scoresByDay":[2.2788398964488126],"rankSummary":{"mean":4091,"median":4091,"max":4091,"min":4091},"percentileSummary":{"mean":6.53564899451554,"median":6.53564899451554,"max":6.53564899451554,"min":6.53564899451554}}