{"name":"I C K Y","scoreData":{"2020-10-07":{"id":76561198050723840,"name":"I C K Y","score":8100,"level":3,"character":0,"platform":18,"runframes":10810,"runend":1020,"unknown1":4294966702,"unknown2":412,"rank":2496,"percentile":61.75659104843654}},"tenDayPercentiles":[],"tenDayDecayingPercentileScore":0,"scoresByDay":[],"rankSummary":{"mean":2496,"median":2496,"max":2496,"min":2496},"percentileSummary":{"mean":61.75659104843654,"median":61.75659104843654,"max":61.75659104843654,"min":61.75659104843654}}