{"name":"I Don’t Know","scoreData":{"2020-11-12":{"id":76561198582473120,"name":"I Don’t Know","score":1500,"level":1,"character":3,"platform":18,"runframes":1982,"runend":1022,"unknown1":4294964108,"unknown2":4294964426,"rank":4196,"percentile":1.6181988742964393}},"tenDayPercentiles":[1.6181988742964393],"tenDayDecayingPercentileScore":0.5642310592612586,"scoresByDay":[0.5642310592612586],"rankSummary":{"mean":4196,"median":4196,"max":4196,"min":4196},"percentileSummary":{"mean":1.6181988742964393,"median":1.6181988742964393,"max":1.6181988742964393,"min":1.6181988742964393}}