{"name":"I HECK CINNAMON","scoreData":{"2020-10-08":{"id":3515536981021130000,"name":"I HECK CINNAMON","score":18500,"level":3,"character":6,"platform":18,"runframes":17060,"runend":1020,"unknown1":4294965262,"unknown2":426,"rank":3403,"percentile":46.33222905821107}},"tenDayPercentiles":[],"tenDayDecayingPercentileScore":0,"scoresByDay":[],"rankSummary":{"mean":3403,"median":3403,"max":3403,"min":3403},"percentileSummary":{"mean":46.33222905821107,"median":46.33222905821107,"max":46.33222905821107,"min":46.33222905821107}}