{"name":"I'MEVIL","scoreData":{"2020-11-10":{"id":3551407350834535400,"name":"I'MEVIL","score":5600,"level":4,"character":14,"platform":18,"runframes":11560,"runend":1019,"unknown1":4294965023,"unknown2":236,"rank":2495,"percentile":43.0073126142596}},"tenDayPercentiles":[43.0073126142596],"tenDayDecayingPercentileScore":14.995722675233093,"scoresByDay":[14.995722675233093],"rankSummary":{"mean":2495,"median":2495,"max":2495,"min":2495},"percentileSummary":{"mean":43.0073126142596,"median":43.0073126142596,"max":43.0073126142596,"min":43.0073126142596}}