{"name":"i_like_ferrets86","scoreData":{"2020-11-01":{"id":76561198989380060,"name":"i_like_ferrets86","score":7800,"level":3,"character":10,"platform":48,"runframes":13332,"runend":1020,"unknown1":4294965456,"unknown2":4294963732,"rank":3002,"percentile":36.216790648246544}},"tenDayPercentiles":[],"tenDayDecayingPercentileScore":0,"scoresByDay":[],"rankSummary":{"mean":3002,"median":3002,"max":3002,"min":3002},"percentileSummary":{"mean":36.216790648246544,"median":36.216790648246544,"max":36.216790648246544,"min":36.216790648246544}}