{"name":"ia","scoreData":{"2020-10-06":{"id":76561198024959710,"name":"ia","score":5800,"level":1,"character":0,"platform":18,"runframes":2594,"runend":1022,"unknown1":4945,"unknown2":321,"rank":6300,"percentile":7.2994849153789545}},"tenDayPercentiles":[],"tenDayDecayingPercentileScore":0,"scoresByDay":[],"rankSummary":{"mean":6300,"median":6300,"max":6300,"min":6300},"percentileSummary":{"mean":7.2994849153789545,"median":7.2994849153789545,"max":7.2994849153789545,"min":7.2994849153789545}}