{"name":"iamtheipat","scoreData":{"2020-09-15":{"id":5391207645285519000,"name":"iamtheipat","score":7700,"level":1,"character":2,"platform":48,"runframes":2182,"runend":1022,"unknown1":279,"unknown2":160,"rank":1510,"percentile":16.90528634361233}},"tenDayPercentiles":[],"tenDayDecayingPercentileScore":0,"scoresByDay":[],"rankSummary":{"mean":1510,"median":1510,"max":1510,"min":1510},"percentileSummary":{"mean":16.90528634361233,"median":16.90528634361233,"max":16.90528634361233,"min":16.90528634361233}}