{"name":"IcarusTheProphet","scoreData":{"2020-11-09":{"id":5450441348657724000,"name":"IcarusTheProphet","score":7500,"level":8,"character":5,"platform":48,"runframes":21052,"runend":1015,"unknown1":2232,"unknown2":1895,"rank":942,"percentile":78.43227137290855}},"tenDayPercentiles":[78.43227137290855],"tenDayDecayingPercentileScore":27.347642035805645,"scoresByDay":[27.347642035805645],"rankSummary":{"mean":942,"median":942,"max":942,"min":942},"percentileSummary":{"mean":78.43227137290855,"median":78.43227137290855,"max":78.43227137290855,"min":78.43227137290855}}