{"name":"ICE IS ONTO ME","scoreData":{"2020-09-29":{"id":76561197972800060,"name":"ICE IS ONTO ME","score":4200,"level":1,"character":3,"platform":18,"runframes":1196,"runend":1022,"unknown1":4294965631,"unknown2":4294966086,"rank":5335,"percentile":4.6137339055793944}},"tenDayDecayingPercentileMean":null,"rankSummary":{"mean":5335,"median":5335,"max":5335,"min":5335},"percentileSummary":{"mean":4.6137339055793944,"median":4.6137339055793944,"max":4.6137339055793944,"min":4.6137339055793944}}