{"name":"ICE CUBE","scoreData":{"2020-10-21":{"id":2265957839626220300,"name":"ICE CUBE","score":0,"level":1,"character":7,"platform":18,"runframes":948,"runend":1022,"unknown1":4294966378,"unknown2":4294966125,"rank":5313,"percentile":1.0432190760059683}},"tenDayPercentiles":[],"tenDayDecayingPercentileScore":0,"scoresByDay":[],"rankSummary":{"mean":5313,"median":5313,"max":5313,"min":5313},"percentileSummary":{"mean":1.0432190760059683,"median":1.0432190760059683,"max":1.0432190760059683,"min":1.0432190760059683}}