{"name":"IceCKryss","scoreData":{"2020-10-31":{"id":7873024110590874000,"name":"IceCKryss","score":82050,"level":12,"character":14,"platform":48,"runframes":147544,"runend":1011,"unknown1":241,"unknown2":1299,"rank":226,"percentile":95.26614769619188}},"tenDayPercentiles":[],"tenDayDecayingPercentileScore":0,"scoresByDay":[],"rankSummary":{"mean":226,"median":226,"max":226,"min":226},"percentileSummary":{"mean":95.26614769619188,"median":95.26614769619188,"max":95.26614769619188,"min":95.26614769619188}}