{"name":"IceToSeeYou","scoreData":{"2020-09-29":{"id":76561198006785980,"name":"IceToSeeYou","score":8100,"level":1,"character":1,"platform":18,"runframes":1072,"runend":1022,"unknown1":1593,"unknown2":2,"rank":4906,"percentile":12.285407725321889}},"tenDayPercentiles":[],"tenDayDecayingPercentileScore":0,"scoresByDay":[],"rankSummary":{"mean":4906,"median":4906,"max":4906,"min":4906},"percentileSummary":{"mean":12.285407725321889,"median":12.285407725321889,"max":12.285407725321889,"min":12.285407725321889}}