{"name":"Ickglockma","scoreData":{"2020-10-20":{"id":3064104261730244000,"name":"Ickglockma","score":19300,"level":2,"character":0,"platform":18,"runframes":9555,"runend":1021,"unknown1":1044,"unknown2":328,"rank":4561,"percentile":15.555555555555557}},"tenDayPercentiles":[],"tenDayDecayingPercentileScore":0,"scoresByDay":[],"rankSummary":{"mean":4561,"median":4561,"max":4561,"min":4561},"percentileSummary":{"mean":15.555555555555557,"median":15.555555555555557,"max":15.555555555555557,"min":15.555555555555557}}