{"name":"iconthegreatest","scoreData":{"2020-09-16":{"id":7064242258414206000,"name":"iconthegreatest","score":3500,"level":1,"character":3,"platform":48,"runframes":1283,"runend":1022,"unknown1":4294964869,"unknown2":4294966724,"rank":2947,"percentile":4.536616979909269}},"tenDayPercentiles":[],"tenDayDecayingPercentileScore":0,"scoresByDay":[],"rankSummary":{"mean":2947,"median":2947,"max":2947,"min":2947},"percentileSummary":{"mean":4.536616979909269,"median":4.536616979909269,"max":4.536616979909269,"min":4.536616979909269}}