{"name":"icy","scoreData":{"2020-10-02":{"id":76561197992028560,"name":"icy","score":0,"level":1,"character":2,"platform":18,"runframes":450,"runend":1022,"unknown1":1173,"unknown2":551,"rank":7457,"percentile":0.09379606056545242}},"tenDayPercentiles":[],"tenDayDecayingPercentileScore":0,"scoresByDay":[],"rankSummary":{"mean":7457,"median":7457,"max":7457,"min":7457},"percentileSummary":{"mean":0.09379606056545242,"median":0.09379606056545242,"max":0.09379606056545242,"min":0.09379606056545242}}