{"name":"Identityyy","scoreData":{"2020-09-23":{"id":621700254274715900,"name":"Identityyy","score":3000,"level":3,"character":7,"platform":48,"runframes":20813,"runend":1020,"unknown1":4294966684,"unknown2":244,"rank":1567,"percentile":34.91271820448878}},"tenDayPercentiles":[],"tenDayDecayingPercentileScore":0,"scoresByDay":[],"rankSummary":{"mean":1567,"median":1567,"max":1567,"min":1567},"percentileSummary":{"mean":34.91271820448878,"median":34.91271820448878,"max":34.91271820448878,"min":34.91271820448878}}