{"name":"Identicality","scoreData":{"2020-11-13":{"id":76561198272220500,"name":"Identicality","score":11900,"level":3,"character":0,"platform":48,"runframes":15298,"runend":1020,"unknown1":4294966478,"unknown2":4294964761,"rank":3032,"percentile":27.83333333333333}},"tenDayPercentiles":[27.83333333333333],"tenDayDecayingPercentileScore":11.981337345,"scoresByDay":[11.981337345],"rankSummary":{"mean":3032,"median":3032,"max":3032,"min":3032},"percentileSummary":{"mean":27.83333333333333,"median":27.83333333333333,"max":27.83333333333333,"min":27.83333333333333}}