{"name":"IEatStuff","scoreData":{"2020-10-17":{"id":4152230717866350600,"name":"IEatStuff","score":15925,"level":5,"character":10,"platform":18,"runframes":9840,"runend":1018,"unknown1":4294963157,"unknown2":4294962331,"rank":2217,"percentile":62.106703146374834}},"tenDayPercentiles":[],"tenDayDecayingPercentileScore":0,"scoresByDay":[],"rankSummary":{"mean":2217,"median":2217,"max":2217,"min":2217},"percentileSummary":{"mean":62.106703146374834,"median":62.106703146374834,"max":62.106703146374834,"min":62.106703146374834}}