{"name":"iFudge","scoreData":{"2020-10-16":{"id":6727049990545380000,"name":"iFudge","score":600,"level":1,"character":6,"platform":48,"runframes":1574,"runend":1022,"unknown1":4294965653,"unknown2":206,"rank":5416,"percentile":3.424291064740501}},"tenDayPercentiles":[],"tenDayDecayingPercentileScore":0,"scoresByDay":[],"rankSummary":{"mean":5416,"median":5416,"max":5416,"min":5416},"percentileSummary":{"mean":3.424291064740501,"median":3.424291064740501,"max":3.424291064740501,"min":3.424291064740501}}