{"name":"IG-JYnXX","scoreData":{"2020-10-10":{"id":76561198038984540,"name":"IG-JYnXX","score":1200,"level":1,"character":2,"platform":48,"runframes":2166,"runend":1022,"unknown1":4294965184,"unknown2":410,"rank":6101,"percentile":7.519708914493634}},"tenDayPercentiles":[],"tenDayDecayingPercentileScore":0,"scoresByDay":[],"rankSummary":{"mean":6101,"median":6101,"max":6101,"min":6101},"percentileSummary":{"mean":7.519708914493634,"median":7.519708914493634,"max":7.519708914493634,"min":7.519708914493634}}