{"name":"IgglePiggle","scoreData":{"2020-09-17":{"id":7962536201170540000,"name":"IgglePiggle","score":19000,"level":3,"character":3,"platform":48,"runframes":13680,"runend":1020,"unknown1":562,"unknown2":481,"rank":1007,"percentile":64.41457375309515}},"tenDayPercentiles":[],"tenDayDecayingPercentileScore":0,"scoresByDay":[],"rankSummary":{"mean":1007,"median":1007,"max":1007,"min":1007},"percentileSummary":{"mean":64.41457375309515,"median":64.41457375309515,"max":64.41457375309515,"min":64.41457375309515}}