{"name":"IhoriCh","scoreData":{"2020-10-04":{"id":76561198277167890,"name":"IhoriCh","score":9500,"level":2,"character":4,"platform":18,"runframes":3995,"runend":1021,"unknown1":4294964728,"unknown2":5,"rank":5311,"percentile":29.313099041533548}},"tenDayPercentiles":[],"tenDayDecayingPercentileScore":0,"scoresByDay":[],"rankSummary":{"mean":5311,"median":5311,"max":5311,"min":5311},"percentileSummary":{"mean":29.313099041533548,"median":29.313099041533548,"max":29.313099041533548,"min":29.313099041533548}}