{"name":"II_-JAY-_lI","scoreData":{"2020-09-16":{"id":8892010214291222000,"name":"II_-JAY-_lI","score":11800,"level":4,"character":4,"platform":48,"runframes":23825,"runend":1019,"unknown1":4294965729,"unknown2":1083,"rank":676,"percentile":78.12702527543746}},"tenDayPercentiles":[],"tenDayDecayingPercentileScore":0,"scoresByDay":[],"rankSummary":{"mean":676,"median":676,"max":676,"min":676},"percentileSummary":{"mean":78.12702527543746,"median":78.12702527543746,"max":78.12702527543746,"min":78.12702527543746}}