{"name":"IICEHF","scoreData":{"2020-10-01":{"id":76561198068654060,"name":"IICEHF","score":3000,"level":3,"character":4,"platform":18,"runframes":11291,"runend":1020,"unknown1":2541,"unknown2":4294965536,"rank":4562,"percentile":40.72004159085001}},"tenDayPercentiles":[],"tenDayDecayingPercentileScore":0,"scoresByDay":[],"rankSummary":{"mean":4562,"median":4562,"max":4562,"min":4562},"percentileSummary":{"mean":40.72004159085001,"median":40.72004159085001,"max":40.72004159085001,"min":40.72004159085001}}