{"name":"iikkaaaa","scoreData":{"2020-10-03":{"id":76561199077934200,"name":"iikkaaaa","score":4200,"level":1,"character":0,"platform":18,"runframes":2767,"runend":1022,"unknown1":1757,"unknown2":207,"rank":7496,"percentile":5.102557609521398}},"tenDayPercentiles":[],"tenDayDecayingPercentileScore":0,"scoresByDay":[],"rankSummary":{"mean":7496,"median":7496,"max":7496,"min":7496},"percentileSummary":{"mean":5.102557609521398,"median":5.102557609521398,"max":5.102557609521398,"min":5.102557609521398}}