{"name":"IJ0BR4NI","scoreData":{"2020-10-20":{"id":76561198048036050,"name":"IJ0BR4NI","score":6000,"level":2,"character":2,"platform":48,"runframes":7767,"runend":1021,"unknown1":4294966844,"unknown2":1147,"rank":4966,"percentile":8.055555555555557}},"tenDayPercentiles":[],"tenDayDecayingPercentileScore":0,"scoresByDay":[],"rankSummary":{"mean":4966,"median":4966,"max":4966,"min":4966},"percentileSummary":{"mean":8.055555555555557,"median":8.055555555555557,"max":8.055555555555557,"min":8.055555555555557}}