{"name":"iknockstuffdown","scoreData":{"2020-10-01":{"id":76561199078711890,"name":"iknockstuffdown","score":10000,"level":3,"character":0,"platform":48,"runframes":11318,"runend":1020,"unknown1":4294964235,"unknown2":112,"rank":4098,"percentile":46.750714842734595}},"tenDayPercentiles":[],"tenDayDecayingPercentileScore":0,"scoresByDay":[],"rankSummary":{"mean":4098,"median":4098,"max":4098,"min":4098},"percentileSummary":{"mean":46.750714842734595,"median":46.750714842734595,"max":46.750714842734595,"min":46.750714842734595}}