{"name":"iKootra","scoreData":{"2020-10-06":{"id":76561198205748880,"name":"iKootra","score":24600,"level":3,"character":3,"platform":48,"runframes":18106,"runend":1020,"unknown1":56,"unknown2":212,"rank":3068,"percentile":54.863870493009564}},"tenDayPercentiles":[],"tenDayDecayingPercentileScore":0,"scoresByDay":[],"rankSummary":{"mean":3068,"median":3068,"max":3068,"min":3068},"percentileSummary":{"mean":54.863870493009564,"median":54.863870493009564,"max":54.863870493009564,"min":54.863870493009564}}