{"name":"Il Doge di Bergamo","scoreData":{"2020-10-07":{"id":3061799144850283000,"name":"Il Doge di Bergamo","score":4400,"level":1,"character":2,"platform":18,"runframes":2517,"runend":1022,"unknown1":4294963592,"unknown2":34,"rank":5734,"percentile":12.124463519313295}},"tenDayDecayingPercentileMean":null,"rankSummary":{"mean":5734,"median":5734,"max":5734,"min":5734},"percentileSummary":{"mean":12.124463519313295,"median":12.124463519313295,"max":12.124463519313295,"min":12.124463519313295}}