{"name":"ildoradollar","scoreData":{"2020-09-29":{"id":2067846379579677000,"name":"ildoradollar","score":15900,"level":3,"character":0,"platform":18,"runframes":15670,"runend":1020,"unknown1":1851,"unknown2":77,"rank":2934,"percentile":47.55007153075823}},"tenDayPercentiles":[],"tenDayDecayingPercentileScore":0,"scoresByDay":[],"rankSummary":{"mean":2934,"median":2934,"max":2934,"min":2934},"percentileSummary":{"mean":47.55007153075823,"median":47.55007153075823,"max":47.55007153075823,"min":47.55007153075823}}