{"name":"ilyOryx","scoreData":{"2020-09-21":{"id":441653524250699200,"name":"ilyOryx","score":1500,"level":1,"character":0,"platform":48,"runframes":3774,"runend":1022,"unknown1":1389,"unknown2":135,"rank":2315,"percentile":7.328794553464164}},"tenDayPercentiles":[],"tenDayDecayingPercentileScore":0,"scoresByDay":[],"rankSummary":{"mean":2315,"median":2315,"max":2315,"min":2315},"percentileSummary":{"mean":7.328794553464164,"median":7.328794553464164,"max":7.328794553464164,"min":7.328794553464164}}