{"name":"ilytrisstan","scoreData":{"2020-10-04":{"id":76561197964100020,"name":"ilytrisstan","score":2500,"level":2,"character":2,"platform":48,"runframes":6777,"runend":1021,"unknown1":4294961354,"unknown2":4294960868,"rank":6305,"percentile":16.080937167199153}},"tenDayPercentiles":[],"tenDayDecayingPercentileScore":0,"scoresByDay":[],"rankSummary":{"mean":6305,"median":6305,"max":6305,"min":6305},"percentileSummary":{"mean":16.080937167199153,"median":16.080937167199153,"max":16.080937167199153,"min":16.080937167199153}}