{"name":"imaqtklaus","scoreData":{"2020-10-10":{"id":76561198151810420,"name":"imaqtklaus","score":1300,"level":1,"character":0,"platform":18,"runframes":5542,"runend":1022,"unknown1":3458,"unknown2":374,"rank":6057,"percentile":8.186779866585809}},"tenDayPercentiles":[],"tenDayDecayingPercentileScore":0,"scoresByDay":[],"rankSummary":{"mean":6057,"median":6057,"max":6057,"min":6057},"percentileSummary":{"mean":8.186779866585809,"median":8.186779866585809,"max":8.186779866585809,"min":8.186779866585809}}