{"name":"ImAWalrus9","scoreData":{"2020-09-16":{"id":4531234827953388000,"name":"ImAWalrus9","score":5600,"level":1,"character":2,"platform":48,"runframes":2378,"runend":1022,"unknown1":998,"unknown2":182,"rank":2772,"percentile":10.207388204795848}},"tenDayPercentiles":[],"tenDayDecayingPercentileScore":0,"scoresByDay":[],"rankSummary":{"mean":2772,"median":2772,"max":2772,"min":2772},"percentileSummary":{"mean":10.207388204795848,"median":10.207388204795848,"max":10.207388204795848,"min":10.207388204795848}}