{"name":"imitablerabbit","scoreData":{"2020-09-19":{"id":8144839566767738000,"name":"imitablerabbit","score":8100,"level":2,"character":0,"platform":48,"runframes":7022,"runend":1021,"unknown1":177,"unknown2":273,"rank":1562,"percentile":47.89719626168224}},"tenDayPercentiles":[],"tenDayDecayingPercentileScore":0,"scoresByDay":[],"rankSummary":{"mean":1562,"median":1562,"max":1562,"min":1562},"percentileSummary":{"mean":47.89719626168224,"median":47.89719626168224,"max":47.89719626168224,"min":47.89719626168224}}