{"name":"ImStreetBum","scoreData":{"2020-10-10":{"id":76561198880674020,"name":"ImStreetBum","score":2100,"level":1,"character":2,"platform":18,"runframes":2851,"runend":1022,"unknown1":3051,"unknown2":503,"rank":5719,"percentile":13.311097634930263}},"tenDayPercentiles":[],"tenDayDecayingPercentileScore":0,"scoresByDay":[],"rankSummary":{"mean":5719,"median":5719,"max":5719,"min":5719},"percentileSummary":{"mean":13.311097634930263,"median":13.311097634930263,"max":13.311097634930263,"min":13.311097634930263}}