{"name":"IN_fusion1210","scoreData":{"2020-11-19":{"id":76561198085781120,"name":"IN_fusion1210","score":10700,"level":3,"character":9,"platform":48,"runframes":35718,"runend":1020,"unknown1":4294965624,"unknown2":4294964563,"rank":2530,"percentile":35.25345622119815}},"tenDayPercentiles":[35.25345622119815],"tenDayDecayingPercentileScore":25.699769585253453,"scoresByDay":[25.699769585253453],"rankSummary":{"mean":2530,"median":2530,"max":2530,"min":2530},"percentileSummary":{"mean":35.25345622119815,"median":35.25345622119815,"max":35.25345622119815,"min":35.25345622119815}}