{"name":"inc","scoreData":{"2020-09-29":{"id":1873045258576593200,"name":"inc","score":2200,"level":2,"character":4,"platform":18,"runframes":5071,"runend":1021,"unknown1":2001,"unknown2":4294966820,"rank":4542,"percentile":18.79470672389128}},"tenDayPercentiles":[],"tenDayDecayingPercentileScore":0,"scoresByDay":[],"rankSummary":{"mean":4542,"median":4542,"max":4542,"min":4542},"percentileSummary":{"mean":18.79470672389128,"median":18.79470672389128,"max":18.79470672389128,"min":18.79470672389128}}