{"name":"indianfolks","scoreData":{"2020-10-12":{"id":76561198027163100,"name":"indianfolks","score":6500,"level":3,"character":3,"platform":48,"runframes":7030,"runend":1020,"unknown1":4294966916,"unknown2":4294965465,"rank":3462,"percentile":42.162433155080215}},"tenDayPercentiles":[],"tenDayDecayingPercentileScore":0,"scoresByDay":[],"rankSummary":{"mean":3462,"median":3462,"max":3462,"min":3462},"percentileSummary":{"mean":42.162433155080215,"median":42.162433155080215,"max":42.162433155080215,"min":42.162433155080215}}