{"name":"IndigoClockwork","scoreData":{"2020-10-29":{"id":7541729033669430000,"name":"IndigoClockwork","score":32100,"level":3,"character":10,"platform":48,"runframes":16795,"runend":1020,"unknown1":4294964760,"unknown2":13,"rank":1476,"percentile":69.16161404975956}},"tenDayPercentiles":[],"tenDayDecayingPercentileScore":0,"scoresByDay":[],"rankSummary":{"mean":1476,"median":1476,"max":1476,"min":1476},"percentileSummary":{"mean":69.16161404975956,"median":69.16161404975956,"max":69.16161404975956,"min":69.16161404975956}}