{"name":"IndieGeek","scoreData":{"2020-10-04":{"id":76561198056158560,"name":"IndieGeek","score":2000,"level":3,"character":2,"platform":18,"runframes":6833,"runend":1020,"unknown1":4294960501,"unknown2":281,"rank":5133,"percentile":31.68264110756124}},"tenDayPercentiles":[],"tenDayDecayingPercentileScore":0,"scoresByDay":[],"rankSummary":{"mean":5133,"median":5133,"max":5133,"min":5133},"percentileSummary":{"mean":31.68264110756124,"median":31.68264110756124,"max":31.68264110756124,"min":31.68264110756124}}