{"name":"IndieGamePlus","scoreData":{"2020-10-24":{"id":76561198289076580,"name":"IndieGamePlus","score":9800,"level":2,"character":7,"platform":18,"runframes":8529,"runend":1021,"unknown1":1592,"unknown2":36,"rank":3816,"percentile":28.98361876396129}},"tenDayPercentiles":[],"tenDayDecayingPercentileScore":0,"scoresByDay":[],"rankSummary":{"mean":3816,"median":3816,"max":3816,"min":3816},"percentileSummary":{"mean":28.98361876396129,"median":28.98361876396129,"max":28.98361876396129,"min":28.98361876396129}}