{"name":"inevitabledoubt","scoreData":{"2020-09-30":{"id":6864698114822053000,"name":"inevitabledoubt","score":10100,"level":1,"character":0,"platform":18,"runframes":4169,"runend":1022,"unknown1":4294964073,"unknown2":4294960441,"rank":6156,"percentile":20.313309166235115}},"tenDayPercentiles":[],"tenDayDecayingPercentileScore":0,"scoresByDay":[],"rankSummary":{"mean":6156,"median":6156,"max":6156,"min":6156},"percentileSummary":{"mean":20.313309166235115,"median":20.313309166235115,"max":20.313309166235115,"min":20.313309166235115}}