{"name":"infested_d","scoreData":{"2020-10-10":{"id":76561198005110670,"name":"infested_d","score":5000,"level":2,"character":0,"platform":48,"runframes":9967,"runend":1021,"unknown1":3047,"unknown2":84,"rank":4334,"percentile":34.3086719223772}},"tenDayPercentiles":[],"tenDayDecayingPercentileScore":0,"scoresByDay":[],"rankSummary":{"mean":4334,"median":4334,"max":4334,"min":4334},"percentileSummary":{"mean":34.3086719223772,"median":34.3086719223772,"max":34.3086719223772,"min":34.3086719223772}}