{"name":"Infinity4ever18","scoreData":{"2020-09-19":{"id":6579355455571274000,"name":"Infinity4ever18","score":4100,"level":2,"character":0,"platform":48,"runframes":4016,"runend":1021,"unknown1":603,"unknown2":31,"rank":1900,"percentile":36.61548731642189}},"tenDayPercentiles":[],"tenDayDecayingPercentileScore":0,"scoresByDay":[],"rankSummary":{"mean":1900,"median":1900,"max":1900,"min":1900},"percentileSummary":{"mean":36.61548731642189,"median":36.61548731642189,"max":36.61548731642189,"min":36.61548731642189}}