{"name":"ingrm","scoreData":{"2020-10-02":{"id":76561198139992130,"name":"ingrm","score":15200,"level":2,"character":6,"platform":18,"runframes":5831,"runend":1021,"unknown1":4294966806,"unknown2":14,"rank":4147,"percentile":44.44593327080263}},"tenDayPercentiles":[],"tenDayDecayingPercentileScore":0,"scoresByDay":[],"rankSummary":{"mean":4147,"median":4147,"max":4147,"min":4147},"percentileSummary":{"mean":44.44593327080263,"median":44.44593327080263,"max":44.44593327080263,"min":44.44593327080263}}