{"name":"iniOr","scoreData":{"2020-09-29":{"id":76561198256571230,"name":"iniOr","score":7100,"level":1,"character":0,"platform":18,"runframes":8354,"runend":1022,"unknown1":4294966407,"unknown2":1328,"rank":5097,"percentile":8.869814020028613}},"tenDayPercentiles":[],"tenDayDecayingPercentileScore":0,"scoresByDay":[],"rankSummary":{"mean":5097,"median":5097,"max":5097,"min":5097},"percentileSummary":{"mean":8.869814020028613,"median":8.869814020028613,"max":8.869814020028613,"min":8.869814020028613}}