{"name":"InkSnah","scoreData":{"2020-09-21":{"id":7370502107108910000,"name":"InkSnah","score":2900,"level":1,"character":0,"platform":48,"runframes":4490,"runend":1022,"unknown1":671,"unknown2":800,"rank":2153,"percentile":13.816579895875051}},"tenDayPercentiles":[],"tenDayDecayingPercentileScore":0,"scoresByDay":[],"rankSummary":{"mean":2153,"median":2153,"max":2153,"min":2153},"percentileSummary":{"mean":13.816579895875051,"median":13.816579895875051,"max":13.816579895875051,"min":13.816579895875051}}