{"name":"insane psycopath cannibal","scoreData":{"2020-10-01":{"id":1787199462709446000,"name":"insane psycopath cannibal","score":19175,"level":5,"character":7,"platform":18,"runframes":13635,"runend":1018,"unknown1":4294964160,"unknown2":39,"rank":2038,"percentile":73.52482453860151}},"tenDayPercentiles":[],"tenDayDecayingPercentileScore":0,"scoresByDay":[],"rankSummary":{"mean":2038,"median":2038,"max":2038,"min":2038},"percentileSummary":{"mean":73.52482453860151,"median":73.52482453860151,"max":73.52482453860151,"min":73.52482453860151}}