{"name":"Insanity","scoreData":{"2020-10-19":{"id":76561197987387980,"name":"Insanity","score":2300,"level":2,"character":2,"platform":18,"runframes":3849,"runend":1021,"unknown1":165,"unknown2":92,"rank":4695,"percentile":12.228870605833947}},"tenDayPercentiles":[],"tenDayDecayingPercentileScore":0,"scoresByDay":[],"rankSummary":{"mean":4695,"median":4695,"max":4695,"min":4695},"percentileSummary":{"mean":12.228870605833947,"median":12.228870605833947,"max":12.228870605833947,"min":12.228870605833947}}