{"name":"Insolint","scoreData":{"2020-10-13":{"id":76561198086000940,"name":"Insolint","score":5500,"level":2,"character":7,"platform":48,"runframes":4017,"runend":1021,"unknown1":4294967070,"unknown2":4294964191,"rank":4851,"percentile":17.306052855924975}},"tenDayPercentiles":[],"tenDayDecayingPercentileScore":0,"scoresByDay":[],"rankSummary":{"mean":4851,"median":4851,"max":4851,"min":4851},"percentileSummary":{"mean":17.306052855924975,"median":17.306052855924975,"max":17.306052855924975,"min":17.306052855924975}}