{"name":"invader1237","scoreData":{"2020-11-18":{"id":76561198293774460,"name":"invader1237","score":1800,"level":1,"character":0,"platform":48,"runframes":1572,"runend":1022,"unknown1":1489,"unknown2":2147,"rank":3918,"percentile":2.4651394422310773}},"tenDayPercentiles":[2.4651394422310773],"tenDayDecayingPercentileScore":1.9967629482071727,"scoresByDay":[1.9967629482071727],"rankSummary":{"mean":3918,"median":3918,"max":3918,"min":3918},"percentileSummary":{"mean":2.4651394422310773,"median":2.4651394422310773,"max":2.4651394422310773,"min":2.4651394422310773}}