{"name":"Inventarium","scoreData":{"2020-10-24":{"id":76561199013300020,"name":"Inventarium","score":10900,"level":3,"character":18,"platform":48,"runframes":10632,"runend":1020,"unknown1":4294964278,"unknown2":4294963842,"rank":3007,"percentile":44.04318689501117}},"tenDayPercentiles":[],"tenDayDecayingPercentileScore":0,"scoresByDay":[],"rankSummary":{"mean":3007,"median":3007,"max":3007,"min":3007},"percentileSummary":{"mean":44.04318689501117,"median":44.04318689501117,"max":44.04318689501117,"min":44.04318689501117}}