{"name":"Ionic Magnus","scoreData":{"2020-11-11":{"id":76561198031417970,"name":"Ionic Magnus","score":8100,"level":4,"character":4,"platform":18,"runframes":15140,"runend":1019,"unknown1":245,"unknown2":294,"rank":2998,"percentile":32.62140287769785}},"tenDayPercentiles":[32.62140287769785],"tenDayDecayingPercentileScore":12.63819985474371,"scoresByDay":[12.63819985474371],"rankSummary":{"mean":2998,"median":2998,"max":2998,"min":2998},"percentileSummary":{"mean":32.62140287769785,"median":32.62140287769785,"max":32.62140287769785,"min":32.62140287769785}}