{"name":"iPaytooWin","scoreData":{"2020-09-20":{"id":6115829843393610000,"name":"iPaytooWin","score":15000,"level":2,"character":0,"platform":48,"runframes":9759,"runend":1021,"unknown1":315,"unknown2":160,"rank":1493,"percentile":49.83187626092804}},"tenDayPercentiles":[],"tenDayDecayingPercentileScore":0,"scoresByDay":[],"rankSummary":{"mean":1493,"median":1493,"max":1493,"min":1493},"percentileSummary":{"mean":49.83187626092804,"median":49.83187626092804,"max":49.83187626092804,"min":49.83187626092804}}