{"name":"ireachy","scoreData":{"2020-10-03":{"id":76561197997005250,"name":"ireachy","score":10200,"level":2,"character":1,"platform":48,"runframes":7706,"runend":1021,"unknown1":4109,"unknown2":4294964807,"rank":5064,"percentile":35.89516333248923}},"tenDayPercentiles":[],"tenDayDecayingPercentileScore":0,"scoresByDay":[],"rankSummary":{"mean":5064,"median":5064,"max":5064,"min":5064},"percentileSummary":{"mean":35.89516333248923,"median":35.89516333248923,"max":35.89516333248923,"min":35.89516333248923}}