{"name":"iron_storm33","scoreData":{"2020-09-26":{"id":77463694092912510,"name":"iron_storm33","score":12100,"level":2,"character":0,"platform":48,"runframes":6868,"runend":1021,"unknown1":4294965987,"unknown2":4294965574,"rank":2005,"percentile":22.774566473988443}},"tenDayPercentiles":[],"tenDayDecayingPercentileScore":0,"scoresByDay":[],"rankSummary":{"mean":2005,"median":2005,"max":2005,"min":2005},"percentileSummary":{"mean":22.774566473988443,"median":22.774566473988443,"max":22.774566473988443,"min":22.774566473988443}}