{"name":"Ironicism","scoreData":{"2020-09-30":{"id":76561197998292670,"name":"Ironicism","score":13000,"level":2,"character":7,"platform":18,"runframes":8814,"runend":1021,"unknown1":1832,"unknown2":4486,"rank":4757,"percentile":38.425686172967374}},"tenDayPercentiles":[],"tenDayDecayingPercentileScore":0,"scoresByDay":[],"rankSummary":{"mean":4757,"median":4757,"max":4757,"min":4757},"percentileSummary":{"mean":38.425686172967374,"median":38.425686172967374,"max":38.425686172967374,"min":38.425686172967374}}