{"name":"Irzuth","scoreData":{"2020-11-10":{"id":7133092007288689000,"name":"Irzuth","score":5150,"level":3,"character":0,"platform":18,"runframes":16009,"runend":1020,"unknown1":4294965983,"unknown2":4294965477,"rank":2967,"percentile":32.22120658135283}},"tenDayPercentiles":[32.22120658135283],"tenDayDecayingPercentileScore":12.483155609917736,"scoresByDay":[12.483155609917736],"rankSummary":{"mean":2967,"median":2967,"max":2967,"min":2967},"percentileSummary":{"mean":32.22120658135283,"median":32.22120658135283,"max":32.22120658135283,"min":32.22120658135283}}