{"name":"IsaacKWTD","scoreData":{"2020-09-28":{"id":4136113305453289500,"name":"IsaacKWTD","score":2600,"level":1,"character":7,"platform":48,"runframes":3202,"runend":1022,"unknown1":1550,"unknown2":142,"rank":2052,"percentile":4.958294717330858}},"tenDayPercentiles":[],"tenDayDecayingPercentileScore":0,"scoresByDay":[],"rankSummary":{"mean":2052,"median":2052,"max":2052,"min":2052},"percentileSummary":{"mean":4.958294717330858,"median":4.958294717330858,"max":4.958294717330858,"min":4.958294717330858}}