{"name":"isaacdexter","scoreData":{"2020-10-19":{"id":6899216932401451000,"name":"isaacdexter","score":1300,"level":1,"character":7,"platform":18,"runframes":4141,"runend":1022,"unknown1":4294966988,"unknown2":4294965808,"rank":5089,"percentile":4.861630516080766}},"tenDayPercentiles":[],"tenDayDecayingPercentileScore":0,"scoresByDay":[],"rankSummary":{"mean":5089,"median":5089,"max":5089,"min":5089},"percentileSummary":{"mean":4.861630516080766,"median":4.861630516080766,"max":4.861630516080766,"min":4.861630516080766}}