{"name":"isadoraengelke","scoreData":{"2020-10-05":{"id":76561198935109520,"name":"isadoraengelke","score":5800,"level":2,"character":5,"platform":18,"runframes":6797,"runend":1021,"unknown1":1121,"unknown2":70,"rank":4794,"percentile":29.63887257780388}},"tenDayPercentiles":[],"tenDayDecayingPercentileScore":0,"scoresByDay":[],"rankSummary":{"mean":4794,"median":4794,"max":4794,"min":4794},"percentileSummary":{"mean":29.63887257780388,"median":29.63887257780388,"max":29.63887257780388,"min":29.63887257780388}}