{"name":"IServerError","scoreData":{"2020-10-13":{"id":76561198864262110,"name":"IServerError","score":7200,"level":3,"character":4,"platform":48,"runframes":28926,"runend":1020,"unknown1":860,"unknown2":455,"rank":3026,"percentile":48.42284739982949}},"tenDayPercentiles":[],"tenDayDecayingPercentileScore":0,"scoresByDay":[],"rankSummary":{"mean":3026,"median":3026,"max":3026,"min":3026},"percentileSummary":{"mean":48.42284739982949,"median":48.42284739982949,"max":48.42284739982949,"min":48.42284739982949}}