{"name":"ishbu","scoreData":{"2020-10-29":{"id":76561198115629060,"name":"ishbu","score":5800,"level":1,"character":0,"platform":18,"runframes":2759,"runend":1022,"unknown1":8,"unknown2":4294967269,"rank":4141,"percentile":13.443445536274297}},"tenDayPercentiles":[],"tenDayDecayingPercentileScore":0,"scoresByDay":[],"rankSummary":{"mean":4141,"median":4141,"max":4141,"min":4141},"percentileSummary":{"mean":13.443445536274297,"median":13.443445536274297,"max":13.443445536274297,"min":13.443445536274297}}