{"name":"It's Dingle!","scoreData":{"2020-10-04":{"id":76561198031561340,"name":"It's Dingle!","score":1500,"level":1,"character":1,"platform":18,"runframes":2154,"runend":1022,"unknown1":3284,"unknown2":2753,"rank":7033,"percentile":6.389776357827486}},"tenDayPercentiles":[],"tenDayDecayingPercentileScore":0,"scoresByDay":[],"rankSummary":{"mean":7033,"median":7033,"max":7033,"min":7033},"percentileSummary":{"mean":6.389776357827486,"median":6.389776357827486,"max":6.389776357827486,"min":6.389776357827486}}