{"name":"It's not Melee","scoreData":{"2020-10-05":{"id":76561197990983520,"name":"It's not Melee","score":5300,"level":2,"character":7,"platform":18,"runframes":6277,"runend":1021,"unknown1":4294962341,"unknown2":27,"rank":4840,"percentile":28.963593658250147}},"tenDayPercentiles":[],"tenDayDecayingPercentileScore":0,"scoresByDay":[],"rankSummary":{"mean":4840,"median":4840,"max":4840,"min":4840},"percentileSummary":{"mean":28.963593658250147,"median":28.963593658250147,"max":28.963593658250147,"min":28.963593658250147}}