{"name":"ItDoesDeath","scoreData":{"2020-11-10":{"id":76561198025176530,"name":"ItDoesDeath","score":11250,"level":3,"character":2,"platform":48,"runframes":19492,"runend":1020,"unknown1":4294966507,"unknown2":4294963165,"rank":2599,"percentile":40.63071297989032}},"tenDayPercentiles":[40.63071297989032],"tenDayDecayingPercentileScore":15.741170691087758,"scoresByDay":[15.741170691087758],"rankSummary":{"mean":2599,"median":2599,"max":2599,"min":2599},"percentileSummary":{"mean":40.63071297989032,"median":40.63071297989032,"max":40.63071297989032,"min":40.63071297989032}}