{"name":"Itrytobreathe","scoreData":{"2020-09-18":{"id":193434787964675170,"name":"Itrytobreathe","score":23975,"level":7,"character":7,"platform":48,"runframes":30235,"runend":1016,"unknown1":140,"unknown2":64,"rank":352,"percentile":87.44635193133047}},"tenDayPercentiles":[],"tenDayDecayingPercentileScore":0,"scoresByDay":[],"rankSummary":{"mean":352,"median":352,"max":352,"min":352},"percentileSummary":{"mean":87.44635193133047,"median":87.44635193133047,"max":87.44635193133047,"min":87.44635193133047}}