{"name":"Its-A-Me-Nino","scoreData":{"2020-10-01":{"id":76561198119088420,"name":"Its-A-Me-Nino","score":6000,"level":3,"character":5,"platform":18,"runframes":7170,"runend":1020,"unknown1":835,"unknown2":1898,"rank":4393,"percentile":42.91655835716143}},"tenDayPercentiles":[],"tenDayDecayingPercentileScore":0,"scoresByDay":[],"rankSummary":{"mean":4393,"median":4393,"max":4393,"min":4393},"percentileSummary":{"mean":42.91655835716143,"median":42.91655835716143,"max":42.91655835716143,"min":42.91655835716143}}