{"name":"its-OK-not-OK","scoreData":{"2020-09-21":{"id":8635192524576096000,"name":"its-OK-not-OK","score":5500,"level":3,"character":2,"platform":48,"runframes":6721,"runend":1020,"unknown1":4294966517,"unknown2":4294967050,"rank":1358,"percentile":45.65478574289147}},"tenDayPercentiles":[],"tenDayDecayingPercentileScore":0,"scoresByDay":[],"rankSummary":{"mean":1358,"median":1358,"max":1358,"min":1358},"percentileSummary":{"mean":45.65478574289147,"median":45.65478574289147,"max":45.65478574289147,"min":45.65478574289147}}