{"name":"Its_Nescius","scoreData":{"2020-10-05":{"id":76561198146663000,"name":"Its_Nescius","score":23900,"level":4,"character":4,"platform":48,"runframes":11264,"runend":1019,"unknown1":608,"unknown2":789,"rank":2954,"percentile":56.650029359953024}},"tenDayPercentiles":[],"tenDayDecayingPercentileScore":0,"scoresByDay":[],"rankSummary":{"mean":2954,"median":2954,"max":2954,"min":2954},"percentileSummary":{"mean":56.650029359953024,"median":56.650029359953024,"max":56.650029359953024,"min":56.650029359953024}}