{"name":"ItsJuicyKoala","scoreData":{"2020-09-29":{"id":2286799653870199600,"name":"ItsJuicyKoala","score":3000,"level":1,"character":0,"platform":18,"runframes":1149,"runend":1022,"unknown1":4294966673,"unknown2":28,"rank":5492,"percentile":1.80615164520745}},"tenDayPercentiles":[],"tenDayDecayingPercentileScore":0,"scoresByDay":[],"rankSummary":{"mean":5492,"median":5492,"max":5492,"min":5492},"percentileSummary":{"mean":1.80615164520745,"median":1.80615164520745,"max":1.80615164520745,"min":1.80615164520745}}