{"name":"ItSmEaGaiN","scoreData":{"2020-10-15":{"id":76561198064811470,"name":"ItSmEaGaiN","score":4100,"level":2,"character":3,"platform":18,"runframes":6035,"runend":1021,"unknown1":1239,"unknown2":1499,"rank":5025,"percentile":12.732325864165361}},"tenDayPercentiles":[],"tenDayDecayingPercentileScore":0,"scoresByDay":[],"rankSummary":{"mean":5025,"median":5025,"max":5025,"min":5025},"percentileSummary":{"mean":12.732325864165361,"median":12.732325864165361,"max":12.732325864165361,"min":12.732325864165361}}