{"name":"ITZZ_CLTCHY","scoreData":{"2020-10-28":{"id":5016574736169738000,"name":"ITZZ_CLTCHY","score":8900,"level":4,"character":3,"platform":48,"runframes":16527,"runend":1019,"unknown1":4294966093,"unknown2":4294963244,"rank":2898,"percentile":41.129851656167446}},"tenDayPercentiles":[],"tenDayDecayingPercentileScore":0,"scoresByDay":[],"rankSummary":{"mean":2898,"median":2898,"max":2898,"min":2898},"percentileSummary":{"mean":41.129851656167446,"median":41.129851656167446,"max":41.129851656167446,"min":41.129851656167446}}