{"name":"IvanCoHe","scoreData":{"2020-10-03":{"id":76561198868268590,"name":"IvanCoHe","score":500,"level":2,"character":7,"platform":18,"runframes":5315,"runend":1021,"unknown1":4294961184,"unknown2":4294961668,"rank":6733,"percentile":14.763231197771589}},"tenDayPercentiles":[],"tenDayDecayingPercentileScore":0,"scoresByDay":[],"rankSummary":{"mean":6733,"median":6733,"max":6733,"min":6733},"percentileSummary":{"mean":14.763231197771589,"median":14.763231197771589,"max":14.763231197771589,"min":14.763231197771589}}