{"name":"Ivan Wong","scoreData":{"2020-10-03":{"id":6898186654859748000,"name":"Ivan Wong","score":7100,"level":1,"character":2,"platform":18,"runframes":1525,"runend":1022,"unknown1":2363,"unknown2":62,"rank":7326,"percentile":7.255001266143324}},"tenDayDecayingPercentileMean":null,"rankSummary":{"mean":7326,"median":7326,"max":7326,"min":7326},"percentileSummary":{"mean":7.255001266143324,"median":7.255001266143324,"max":7.255001266143324,"min":7.255001266143324}}