{"name":"Ivolution","scoreData":{"2020-09-30":{"id":4130512128123984400,"name":"Ivolution","score":2300,"level":1,"character":2,"platform":18,"runframes":3262,"runend":1022,"unknown1":4294964229,"unknown2":4294963978,"rank":7536,"percentile":2.446918694976702}},"tenDayPercentiles":[],"tenDayDecayingPercentileScore":0,"scoresByDay":[],"rankSummary":{"mean":7536,"median":7536,"max":7536,"min":7536},"percentileSummary":{"mean":2.446918694976702,"median":2.446918694976702,"max":2.446918694976702,"min":2.446918694976702}}