{"name":"IWB83","scoreData":{"2020-10-23":{"id":76561198025457490,"name":"IWB83","score":2500,"level":2,"character":0,"platform":48,"runframes":4766,"runend":1021,"unknown1":4294965715,"unknown2":4294967156,"rank":4506,"percentile":13.713847921854054}},"tenDayPercentiles":[],"tenDayDecayingPercentileScore":0,"scoresByDay":[],"rankSummary":{"mean":4506,"median":4506,"max":4506,"min":4506},"percentileSummary":{"mean":13.713847921854054,"median":13.713847921854054,"max":13.713847921854054,"min":13.713847921854054}}