{"name":"iwiws","scoreData":{"2020-10-02":{"id":3244509473435240400,"name":"iwiws","score":10000,"level":2,"character":0,"platform":18,"runframes":6164,"runend":1021,"unknown1":4294964924,"unknown2":4294961704,"rank":4575,"percentile":38.71097413908616}},"tenDayPercentiles":[],"tenDayDecayingPercentileScore":0,"scoresByDay":[],"rankSummary":{"mean":4575,"median":4575,"max":4575,"min":4575},"percentileSummary":{"mean":38.71097413908616,"median":38.71097413908616,"max":38.71097413908616,"min":38.71097413908616}}