{"name":"-cle-","scoreData":{"2020-09-30":{"id":76561197975032820,"name":"-cle-","score":4500,"level":1,"character":0,"platform":18,"runframes":1688,"runend":1022,"unknown1":1683,"unknown2":571,"rank":7291,"percentile":5.61885033661315}},"tenDayPercentiles":[],"tenDayDecayingPercentileScore":0,"scoresByDay":[],"rankSummary":{"mean":7291,"median":7291,"max":7291,"min":7291},"percentileSummary":{"mean":5.61885033661315,"median":5.61885033661315,"max":5.61885033661315,"min":5.61885033661315}}