{"name":"-CorTalk-","scoreData":{"2020-10-07":{"id":76561197988627090,"name":"-CorTalk-","score":3500,"level":1,"character":3,"platform":18,"runframes":4271,"runend":1022,"unknown1":4294964577,"unknown2":4294962130,"rank":5909,"percentile":9.442060085836914}},"tenDayPercentiles":[],"tenDayDecayingPercentileScore":0,"scoresByDay":[],"rankSummary":{"mean":5909,"median":5909,"max":5909,"min":5909},"percentileSummary":{"mean":9.442060085836914,"median":9.442060085836914,"max":9.442060085836914,"min":9.442060085836914}}