{"name":"-GMC","scoreData":{"2020-10-02":{"id":76561198082381060,"name":"-GMC","score":5300,"level":1,"character":0,"platform":18,"runframes":3155,"runend":1022,"unknown1":4294965519,"unknown2":101,"rank":6355,"percentile":14.859975881013}},"tenDayPercentiles":[],"tenDayDecayingPercentileScore":0,"scoresByDay":[],"rankSummary":{"mean":6355,"median":6355,"max":6355,"min":6355},"percentileSummary":{"mean":14.859975881013,"median":14.859975881013,"max":14.859975881013,"min":14.859975881013}}