{"name":"-hg- ىcąяєd","scoreData":{"2020-10-13":{"id":76561198035638050,"name":"-hg- ىcąяєd","score":21500,"level":4,"character":3,"platform":18,"runframes":17316,"runend":1019,"unknown1":4294965063,"unknown2":357,"rank":1971,"percentile":66.41091219096333}},"tenDayDecayingPercentileMean":null,"rankSummary":{"mean":1971,"median":1971,"max":1971,"min":1971},"percentileSummary":{"mean":66.41091219096333,"median":66.41091219096333,"max":66.41091219096333,"min":66.41091219096333}}