{"name":"я пернул","scoreData":{"2020-10-07":{"id":76561198486662850,"name":"я пернул","score":8800,"level":3,"character":4,"platform":18,"runframes":16185,"runend":1020,"unknown1":3550,"unknown2":4294966575,"rank":2436,"percentile":62.67627222562845}},"tenDayDecayingPercentileMean":null,"rankSummary":{"mean":2436,"median":2436,"max":2436,"min":2436},"percentileSummary":{"mean":62.67627222562845,"median":62.67627222562845,"max":62.67627222562845,"min":62.67627222562845}}