{"name":"yagam666","scoreData":{"2020-09-15":{"id":5249890707724148000,"name":"yagam666","score":2300,"level":2,"character":0,"platform":48,"runframes":9294,"runend":1021,"unknown1":4294966343,"unknown2":4294966434,"rank":1298,"percentile":28.57929515418502}},"tenDayPercentiles":[],"tenDayDecayingPercentileScore":0,"scoresByDay":[],"rankSummary":{"mean":1298,"median":1298,"max":1298,"min":1298},"percentileSummary":{"mean":28.57929515418502,"median":28.57929515418502,"max":28.57929515418502,"min":28.57929515418502}}