{"name":"Yagho Vilela","scoreData":{"2020-11-21":{"id":76561199062688210,"name":"Yagho Vilela","score":41600,"level":4,"character":3,"platform":18,"runframes":26169,"runend":1019,"unknown1":4294966766,"unknown2":4294963998,"rank":1886,"percentile":54.58925560105999}},"tenDayPercentiles":[],"tenDayDecayingPercentileScore":0,"scoresByDay":[],"rankSummary":{"mean":1886,"median":1886,"max":1886,"min":1886},"percentileSummary":{"mean":54.58925560105999,"median":54.58925560105999,"max":54.58925560105999,"min":54.58925560105999}}