{"name":"yaghiyah.brenner","scoreData":{"2020-11-22":{"id":76561198891895260,"name":"yaghiyah.brenner","score":0,"level":1,"character":3,"platform":18,"runframes":1080,"runend":1022,"unknown1":4294965063,"unknown2":4294965804,"rank":3990,"percentile":0.2500625156289118}},"tenDayPercentiles":[],"tenDayDecayingPercentileScore":0,"scoresByDay":[],"rankSummary":{"mean":3990,"median":3990,"max":3990,"min":3990},"percentileSummary":{"mean":0.2500625156289118,"median":0.2500625156289118,"max":0.2500625156289118,"min":0.2500625156289118}}