{"name":"Yah5us","scoreData":{"2020-10-02":{"id":76561198376677890,"name":"Yah5us","score":33700,"level":10,"character":2,"platform":18,"runframes":65301,"runend":1013,"unknown1":4294967173,"unknown2":78,"rank":158,"percentile":97.89628835588906}},"tenDayPercentiles":[],"tenDayDecayingPercentileScore":0,"scoresByDay":[],"rankSummary":{"mean":158,"median":158,"max":158,"min":158},"percentileSummary":{"mean":97.89628835588906,"median":97.89628835588906,"max":97.89628835588906,"min":97.89628835588906}}