{"name":"Yahweh_Tres","scoreData":{"2020-11-03":{"id":76561198202130780,"name":"Yahweh_Tres","score":22600,"level":4,"character":4,"platform":48,"runframes":15465,"runend":1019,"unknown1":715,"unknown2":4294966020,"rank":2662,"percentile":40.84037349933304}},"tenDayPercentiles":[],"tenDayDecayingPercentileScore":0,"scoresByDay":[],"rankSummary":{"mean":2662,"median":2662,"max":2662,"min":2662},"percentileSummary":{"mean":40.84037349933304,"median":40.84037349933304,"max":40.84037349933304,"min":40.84037349933304}}