{"name":"yakiell771","scoreData":{"2020-10-14":{"id":76561198121180210,"name":"yakiell771","score":30250,"level":5,"character":5,"platform":48,"runframes":28922,"runend":1018,"unknown1":4294966135,"unknown2":2488,"rank":1587,"percentile":71.33044107013738}},"tenDayPercentiles":[],"tenDayDecayingPercentileScore":0,"scoresByDay":[],"rankSummary":{"mean":1587,"median":1587,"max":1587,"min":1587},"percentileSummary":{"mean":71.33044107013738,"median":71.33044107013738,"max":71.33044107013738,"min":71.33044107013738}}