{"name":"yalldumb","scoreData":{"2020-10-14":{"id":76561198420590690,"name":"yalldumb","score":9999999,"level":1,"character":7,"platform":18,"runframes":379,"runend":1022,"unknown1":705,"unknown2":1322,"rank":3813,"percentile":31.091829356471436}},"tenDayPercentiles":[],"tenDayDecayingPercentileScore":0,"scoresByDay":[],"rankSummary":{"mean":3813,"median":3813,"max":3813,"min":3813},"percentileSummary":{"mean":31.091829356471436,"median":31.091829356471436,"max":31.091829356471436,"min":31.091829356471436}}