{"name":"Yan","scoreData":{"2020-10-31":{"id":76561199043485950,"name":"Yan","score":10200,"level":1,"character":3,"platform":18,"runframes":6917,"runend":1022,"unknown1":8,"unknown2":311,"rank":4017,"percentile":15.505996212918163}},"tenDayPercentiles":[],"tenDayDecayingPercentileScore":0,"scoresByDay":[],"rankSummary":{"mean":4017,"median":4017,"max":4017,"min":4017},"percentileSummary":{"mean":15.505996212918163,"median":15.505996212918163,"max":15.505996212918163,"min":15.505996212918163}}