{"name":"YangMC","scoreData":{"2020-10-03":{"id":76561198112611090,"name":"YangMC","score":8500,"level":2,"character":2,"platform":18,"runframes":9075,"runend":1021,"unknown1":7572,"unknown2":54,"rank":5431,"percentile":31.248417320840716}},"tenDayPercentiles":[],"tenDayDecayingPercentileScore":0,"scoresByDay":[],"rankSummary":{"mean":5431,"median":5431,"max":5431,"min":5431},"percentileSummary":{"mean":31.248417320840716,"median":31.248417320840716,"max":31.248417320840716,"min":31.248417320840716}}