{"name":"yaren729","scoreData":{"2020-09-30":{"id":76561197993882110,"name":"yaren729","score":500,"level":1,"character":0,"platform":18,"runframes":2182,"runend":1022,"unknown1":4018,"unknown2":732,"rank":7656,"percentile":0.8933195235629228}},"tenDayPercentiles":[],"tenDayDecayingPercentileScore":0,"scoresByDay":[],"rankSummary":{"mean":7656,"median":7656,"max":7656,"min":7656},"percentileSummary":{"mean":0.8933195235629228,"median":0.8933195235629228,"max":0.8933195235629228,"min":0.8933195235629228}}