{"name":"YaysForDays","scoreData":{"2020-10-28":{"id":76561198139142060,"name":"YaysForDays","score":28200,"level":3,"character":0,"platform":18,"runframes":17887,"runend":1020,"unknown1":3167,"unknown2":671,"rank":2973,"percentile":39.60577118471855}},"tenDayPercentiles":[],"tenDayDecayingPercentileScore":0,"scoresByDay":[],"rankSummary":{"mean":2973,"median":2973,"max":2973,"min":2973},"percentileSummary":{"mean":39.60577118471855,"median":39.60577118471855,"max":39.60577118471855,"min":39.60577118471855}}