{"name":"Yazixx","scoreData":{"2020-10-31":{"id":4573605522126069000,"name":"Yazixx","score":5300,"level":5,"character":8,"platform":18,"runframes":20000,"runend":1018,"unknown1":4294964107,"unknown2":282,"rank":1507,"percentile":68.3147485798443}},"tenDayPercentiles":[],"tenDayDecayingPercentileScore":0,"scoresByDay":[],"rankSummary":{"mean":1507,"median":1507,"max":1507,"min":1507},"percentileSummary":{"mean":68.3147485798443,"median":68.3147485798443,"max":68.3147485798443,"min":68.3147485798443}}