{"name":"yeah_naw_yeah","scoreData":{"2020-11-06":{"id":76561198041232320,"name":"yeah_naw_yeah","score":1600,"level":1,"character":0,"platform":48,"runframes":1443,"runend":1022,"unknown1":4294966023,"unknown2":1405,"rank":4430,"percentile":2.3373759647188592}},"tenDayPercentiles":[],"tenDayDecayingPercentileScore":0,"scoresByDay":[],"rankSummary":{"mean":4430,"median":4430,"max":4430,"min":4430},"percentileSummary":{"mean":2.3373759647188592,"median":2.3373759647188592,"max":2.3373759647188592,"min":2.3373759647188592}}