{"name":"yeahfreeman","scoreData":{"2020-10-02":{"id":76561198116805340,"name":"yeahfreeman","score":2700,"level":4,"character":2,"platform":18,"runframes":19477,"runend":1019,"unknown1":2789,"unknown2":2719,"rank":2988,"percentile":59.975881012997455}},"tenDayPercentiles":[],"tenDayDecayingPercentileScore":0,"scoresByDay":[],"rankSummary":{"mean":2988,"median":2988,"max":2988,"min":2988},"percentileSummary":{"mean":59.975881012997455,"median":59.975881012997455,"max":59.975881012997455,"min":59.975881012997455}}