{"name":"Yeebies","scoreData":{"2020-09-29":{"id":1875194640004402400,"name":"Yeebies","score":24300,"level":4,"character":0,"platform":18,"runframes":22282,"runend":1019,"unknown1":4294963160,"unknown2":13,"rank":1994,"percentile":64.35979971387697}},"tenDayPercentiles":[],"tenDayDecayingPercentileScore":0,"scoresByDay":[],"rankSummary":{"mean":1994,"median":1994,"max":1994,"min":1994},"percentileSummary":{"mean":64.35979971387697,"median":64.35979971387697,"max":64.35979971387697,"min":64.35979971387697}}