{"name":"Yeferson_89","scoreData":{"2020-09-19":{"id":6137563569466111000,"name":"Yeferson_89","score":5100,"level":2,"character":0,"platform":48,"runframes":5116,"runend":1021,"unknown1":4294967150,"unknown2":4294965359,"rank":1833,"percentile":38.851802403204275}},"tenDayPercentiles":[],"tenDayDecayingPercentileScore":0,"scoresByDay":[],"rankSummary":{"mean":1833,"median":1833,"max":1833,"min":1833},"percentileSummary":{"mean":38.851802403204275,"median":38.851802403204275,"max":38.851802403204275,"min":38.851802403204275}}