{"name":"Yer Dad","scoreData":{"2020-10-11":{"id":76561197993529400,"name":"Yer Dad","score":9500,"level":3,"character":0,"platform":18,"runframes":20952,"runend":1020,"unknown1":4294962695,"unknown2":4294961562,"rank":4234,"percentile":33.33858267716535}},"tenDayDecayingPercentileMean":null,"rankSummary":{"mean":4234,"median":4234,"max":4234,"min":4234},"percentileSummary":{"mean":33.33858267716535,"median":33.33858267716535,"max":33.33858267716535,"min":33.33858267716535}}