{"name":"Yggdaniel","scoreData":{"2020-10-01":{"id":76561198099117890,"name":"Yggdaniel","score":7200,"level":3,"character":0,"platform":48,"runframes":21238,"runend":1020,"unknown1":4294961054,"unknown2":4294960454,"rank":4302,"percentile":44.09929815440603}},"tenDayPercentiles":[],"tenDayDecayingPercentileScore":0,"scoresByDay":[],"rankSummary":{"mean":4302,"median":4302,"max":4302,"min":4302},"percentileSummary":{"mean":44.09929815440603,"median":44.09929815440603,"max":44.09929815440603,"min":44.09929815440603}}