{"name":"Yirmind","scoreData":{"2020-10-22":{"id":76561198119415950,"name":"Yirmind","score":16400,"level":3,"character":5,"platform":18,"runframes":12613,"runend":1020,"unknown1":4294965987,"unknown2":140,"rank":3612,"percentile":31.95779159600528}},"tenDayPercentiles":[],"tenDayDecayingPercentileScore":0,"scoresByDay":[],"rankSummary":{"mean":3612,"median":3612,"max":3612,"min":3612},"percentileSummary":{"mean":31.95779159600528,"median":31.95779159600528,"max":31.95779159600528,"min":31.95779159600528}}