{"name":"Ymer_Dryss","scoreData":{"2020-09-15":{"id":1747144233957444000,"name":"Ymer_Dryss","score":0,"level":1,"character":3,"platform":48,"runframes":1280,"runend":1022,"unknown1":1571,"unknown2":669,"rank":1804,"percentile":0.7158590308370094}},"tenDayPercentiles":[],"tenDayDecayingPercentileScore":0,"scoresByDay":[],"rankSummary":{"mean":1804,"median":1804,"max":1804,"min":1804},"percentileSummary":{"mean":0.7158590308370094,"median":0.7158590308370094,"max":0.7158590308370094,"min":0.7158590308370094}}