{"name":"yoboypizza25","scoreData":{"2020-11-21":{"id":76561198055969260,"name":"yoboypizza25","score":700,"level":3,"character":2,"platform":48,"runframes":3610,"runend":1020,"unknown1":4294965483,"unknown2":4294966150,"rank":3237,"percentile":22.042881233437726}},"tenDayPercentiles":[22.042881233437726],"tenDayDecayingPercentileScore":19.838593110093953,"scoresByDay":[19.838593110093953],"rankSummary":{"mean":3237,"median":3237,"max":3237,"min":3237},"percentileSummary":{"mean":22.042881233437726,"median":22.042881233437726,"max":22.042881233437726,"min":22.042881233437726}}