{"name":"yohio","scoreData":{"2020-10-03":{"id":76561197986871360,"name":"yohio","score":1800,"level":1,"character":0,"platform":18,"runframes":3902,"runend":1022,"unknown1":4294963358,"unknown2":89,"rank":7628,"percentile":3.4312484173208446}},"tenDayPercentiles":[],"tenDayDecayingPercentileScore":0,"scoresByDay":[],"rankSummary":{"mean":7628,"median":7628,"max":7628,"min":7628},"percentileSummary":{"mean":3.4312484173208446,"median":3.4312484173208446,"max":3.4312484173208446,"min":3.4312484173208446}}