{"name":"Yonaku","scoreData":{"2020-09-30":{"id":76561198105186400,"name":"Yonaku","score":8300,"level":1,"character":0,"platform":18,"runframes":3393,"runend":1022,"unknown1":4294963523,"unknown2":911,"rank":6400,"percentile":17.154324184360433}},"tenDayPercentiles":[],"tenDayDecayingPercentileScore":0,"scoresByDay":[],"rankSummary":{"mean":6400,"median":6400,"max":6400,"min":6400},"percentileSummary":{"mean":17.154324184360433,"median":17.154324184360433,"max":17.154324184360433,"min":17.154324184360433}}