{"name":"Yoo bro","scoreData":{"2020-10-04":{"id":5580391623008397000,"name":"Yoo bro","score":16400,"level":4,"character":4,"platform":18,"runframes":18998,"runend":1019,"unknown1":4294966913,"unknown2":1348,"rank":2725,"percentile":63.73801916932907}},"tenDayPercentiles":[],"tenDayDecayingPercentileScore":0,"scoresByDay":[],"rankSummary":{"mean":2725,"median":2725,"max":2725,"min":2725},"percentileSummary":{"mean":63.73801916932907,"median":63.73801916932907,"max":63.73801916932907,"min":63.73801916932907}}