{"name":"yoshi85858555","scoreData":{"2020-10-25":{"id":76561198031866460,"name":"yoshi85858555","score":111925,"level":18,"character":0,"platform":48,"runframes":64969,"runend":1005,"unknown1":2506,"unknown2":3068,"rank":138,"percentile":97.53153153153153}},"tenDayPercentiles":[],"tenDayDecayingPercentileScore":0,"scoresByDay":[],"rankSummary":{"mean":138,"median":138,"max":138,"min":138},"percentileSummary":{"mean":97.53153153153153,"median":97.53153153153153,"max":97.53153153153153,"min":97.53153153153153}}