{"name":"yoshimitz707","scoreData":{"2020-09-16":{"id":2766136833719110700,"name":"yoshimitz707","score":16000,"level":2,"character":0,"platform":48,"runframes":11573,"runend":1021,"unknown1":4294966217,"unknown2":4294966033,"rank":1736,"percentile":43.77835385612443}},"tenDayPercentiles":[],"tenDayDecayingPercentileScore":0,"scoresByDay":[],"rankSummary":{"mean":1736,"median":1736,"max":1736,"min":1736},"percentileSummary":{"mean":43.77835385612443,"median":43.77835385612443,"max":43.77835385612443,"min":43.77835385612443}}