{"name":"YOTASAURUS","scoreData":{"2020-09-16":{"id":2032310419741494500,"name":"YOTASAURUS","score":5800,"level":1,"character":3,"platform":48,"runframes":3385,"runend":1022,"unknown1":887,"unknown2":393,"rank":2761,"percentile":10.563836681788715}},"tenDayPercentiles":[],"tenDayDecayingPercentileScore":0,"scoresByDay":[],"rankSummary":{"mean":2761,"median":2761,"max":2761,"min":2761},"percentileSummary":{"mean":10.563836681788715,"median":10.563836681788715,"max":10.563836681788715,"min":10.563836681788715}}