{"name":"YouGotOutFoxedHa","scoreData":{"2020-11-16":{"id":76561198073896960,"name":"YouGotOutFoxedHa","score":5300,"level":1,"character":3,"platform":48,"runframes":4179,"runend":1022,"unknown1":2398,"unknown2":2077,"rank":3226,"percentile":17.39241803278688}},"tenDayPercentiles":[17.39241803278688],"tenDayDecayingPercentileScore":9.243044031762292,"scoresByDay":[9.243044031762292],"rankSummary":{"mean":3226,"median":3226,"max":3226,"min":3226},"percentileSummary":{"mean":17.39241803278688,"median":17.39241803278688,"max":17.39241803278688,"min":17.39241803278688}}