{"name":"yougotBodyedkid4","scoreData":{"2020-10-25":{"id":76561198800094350,"name":"yougotBodyedkid4","score":2500,"level":2,"character":3,"platform":48,"runframes":6314,"runend":1021,"unknown1":82,"unknown2":547,"rank":4621,"percentile":16.756756756756758}},"tenDayPercentiles":[],"tenDayDecayingPercentileScore":0,"scoresByDay":[],"rankSummary":{"mean":4621,"median":4621,"max":4621,"min":4621},"percentileSummary":{"mean":16.756756756756758,"median":16.756756756756758,"max":16.756756756756758,"min":16.756756756756758}}