{"name":"young_star_gun","scoreData":{"2020-09-23":{"id":1854775735690616800,"name":"young_star_gun","score":2000,"level":2,"character":2,"platform":48,"runframes":8852,"runend":1021,"unknown1":1224,"unknown2":1320,"rank":2306,"percentile":4.197838736492102}},"tenDayPercentiles":[],"tenDayDecayingPercentileScore":0,"scoresByDay":[],"rankSummary":{"mean":2306,"median":2306,"max":2306,"min":2306},"percentileSummary":{"mean":4.197838736492102,"median":4.197838736492102,"max":4.197838736492102,"min":4.197838736492102}}