{"name":"Youngster_Chad","scoreData":{"2020-10-03":{"id":76561198004030830,"name":"Youngster_Chad","score":10300,"level":2,"character":2,"platform":18,"runframes":5841,"runend":1021,"unknown1":7502,"unknown2":135,"rank":5039,"percentile":36.211699164345404}},"tenDayPercentiles":[],"tenDayDecayingPercentileScore":0,"scoresByDay":[],"rankSummary":{"mean":5039,"median":5039,"max":5039,"min":5039},"percentileSummary":{"mean":36.211699164345404,"median":36.211699164345404,"max":36.211699164345404,"min":36.211699164345404}}