{"name":"YoungRush18","scoreData":{"2020-10-15":{"id":76561198297113310,"name":"YoungRush18","score":18300,"level":2,"character":3,"platform":18,"runframes":9527,"runend":1021,"unknown1":4294964036,"unknown2":4294965544,"rank":3903,"percentile":32.22164321695328}},"tenDayPercentiles":[],"tenDayDecayingPercentileScore":0,"scoresByDay":[],"rankSummary":{"mean":3903,"median":3903,"max":3903,"min":3903},"percentileSummary":{"mean":32.22164321695328,"median":32.22164321695328,"max":32.22164321695328,"min":32.22164321695328}}