{"name":"your cool dad","scoreData":{"2020-09-30":{"id":76561197997721380,"name":"your cool dad","score":5100,"level":2,"character":0,"platform":18,"runframes":4685,"runend":1021,"unknown1":4294965418,"unknown2":2272,"rank":5546,"percentile":28.210771620921804}},"tenDayPercentiles":[],"tenDayDecayingPercentileScore":0,"scoresByDay":[],"rankSummary":{"mean":5546,"median":5546,"max":5546,"min":5546},"percentileSummary":{"mean":28.210771620921804,"median":28.210771620921804,"max":28.210771620921804,"min":28.210771620921804}}