{"name":"YourLocalScout2","scoreData":{"2020-10-14":{"id":76561198027196450,"name":"YourLocalScout2","score":500,"level":1,"character":3,"platform":48,"runframes":667,"runend":1022,"unknown1":1817,"unknown2":496,"rank":4886,"percentile":11.695589298626174}},"tenDayPercentiles":[],"tenDayDecayingPercentileScore":0,"scoresByDay":[],"rankSummary":{"mean":4886,"median":4886,"max":4886,"min":4886},"percentileSummary":{"mean":11.695589298626174,"median":11.695589298626174,"max":11.695589298626174,"min":11.695589298626174}}