{"name":"Yourluxrunout","scoreData":{"2020-09-20":{"id":0,"name":"Yourluxrunout","score":10700,"level":2,"character":3,"platform":48,"runframes":13082,"runend":1021,"unknown1":4294965456,"unknown2":4294966121,"rank":1623,"percentile":45.46065904505716}},"tenDayPercentiles":[],"tenDayDecayingPercentileScore":0,"scoresByDay":[],"rankSummary":{"mean":1623,"median":1623,"max":1623,"min":1623},"percentileSummary":{"mean":45.46065904505716,"median":45.46065904505716,"max":45.46065904505716,"min":45.46065904505716}}