{"name":"yoyomajiin","scoreData":{"2020-10-22":{"id":1377608783976082000,"name":"yoyomajiin","score":31425,"level":15,"character":0,"platform":18,"runframes":42112,"runend":1008,"unknown1":4294966485,"unknown2":4294965414,"rank":186,"percentile":96.51403806293574}},"tenDayPercentiles":[],"tenDayDecayingPercentileScore":0,"scoresByDay":[],"rankSummary":{"mean":186,"median":186,"max":186,"min":186},"percentileSummary":{"mean":96.51403806293574,"median":96.51403806293574,"max":96.51403806293574,"min":96.51403806293574}}