{"name":"YT_ArctiZ_Titan","scoreData":{"2020-10-29":{"id":76561198376638430,"name":"YT_ArctiZ_Titan","score":1500,"level":2,"character":3,"platform":48,"runframes":1952,"runend":1021,"unknown1":4294963812,"unknown2":4294964024,"rank":4023,"percentile":15.910516412293546}},"tenDayPercentiles":[],"tenDayDecayingPercentileScore":0,"scoresByDay":[],"rankSummary":{"mean":4023,"median":4023,"max":4023,"min":4023},"percentileSummary":{"mean":15.910516412293546,"median":15.910516412293546,"max":15.910516412293546,"min":15.910516412293546}}