{"name":"YT_DarkSkill","scoreData":{"2020-09-18":{"id":4600445212440695300,"name":"YT_DarkSkill","score":500,"level":1,"character":0,"platform":48,"runframes":2250,"runend":1022,"unknown1":4294967126,"unknown2":4294967168,"rank":2684,"percentile":4.041487839771094}},"tenDayPercentiles":[],"tenDayDecayingPercentileScore":0,"scoresByDay":[],"rankSummary":{"mean":2684,"median":2684,"max":2684,"min":2684},"percentileSummary":{"mean":4.041487839771094,"median":4.041487839771094,"max":4.041487839771094,"min":4.041487839771094}}