{"name":"yufengcheng2691","scoreData":{"2020-10-12":{"id":76561198150779870,"name":"yufengcheng2691","score":0,"level":1,"character":3,"platform":18,"runframes":1044,"runend":1022,"unknown1":4294967126,"unknown2":1092,"rank":5983,"percentile":0.03342245989304615}},"tenDayPercentiles":[],"tenDayDecayingPercentileScore":0,"scoresByDay":[],"rankSummary":{"mean":5983,"median":5983,"max":5983,"min":5983},"percentileSummary":{"mean":0.03342245989304615,"median":0.03342245989304615,"max":0.03342245989304615,"min":0.03342245989304615}}