{"name":"yummytatoe","scoreData":{"2020-10-19":{"id":1147635714759657300,"name":"yummytatoe","score":22250,"level":6,"character":5,"platform":48,"runframes":25390,"runend":1017,"unknown1":4294966279,"unknown2":4294964226,"rank":1102,"percentile":79.41286462228871}},"tenDayPercentiles":[],"tenDayDecayingPercentileScore":0,"scoresByDay":[],"rankSummary":{"mean":1102,"median":1102,"max":1102,"min":1102},"percentileSummary":{"mean":79.41286462228871,"median":79.41286462228871,"max":79.41286462228871,"min":79.41286462228871}}