{"name":"Yumyo0121","scoreData":{"2020-11-01":{"id":76561198011356960,"name":"Yumyo0121","score":34300,"level":4,"character":3,"platform":48,"runframes":18011,"runend":1019,"unknown1":4294967048,"unknown2":4294965880,"rank":1657,"percentile":64.80340063761955}},"tenDayPercentiles":[],"tenDayDecayingPercentileScore":0,"scoresByDay":[],"rankSummary":{"mean":1657,"median":1657,"max":1657,"min":1657},"percentileSummary":{"mean":64.80340063761955,"median":64.80340063761955,"max":64.80340063761955,"min":64.80340063761955}}