{"name":"Yung Beberon(Agasdus)","scoreData":{"2020-10-01":{"id":76561198104915650,"name":"Yung Beberon(Agasdus)","score":500,"level":1,"character":0,"platform":18,"runframes":1720,"runend":1022,"unknown1":4294962970,"unknown2":4294960493,"rank":7506,"percentile":2.456459578892648}},"tenDayPercentiles":[],"tenDayDecayingPercentileScore":0,"scoresByDay":[],"rankSummary":{"mean":7506,"median":7506,"max":7506,"min":7506},"percentileSummary":{"mean":2.456459578892648,"median":2.456459578892648,"max":2.456459578892648,"min":2.456459578892648}}