{"name":"yung-KENOBI","scoreData":{"2020-11-20":{"id":2512727963134384600,"name":"yung-KENOBI","score":59450,"level":5,"character":12,"platform":48,"runframes":39960,"runend":1018,"unknown1":1297,"unknown2":328,"rank":1672,"percentile":58.63861386138614}},"tenDayPercentiles":[58.63861386138614],"tenDayDecayingPercentileScore":52.774752475247524,"scoresByDay":[52.774752475247524],"rankSummary":{"mean":1672,"median":1672,"max":1672,"min":1672},"percentileSummary":{"mean":58.63861386138614,"median":58.63861386138614,"max":58.63861386138614,"min":58.63861386138614}}