{"name":"yuto","scoreData":{"2020-10-03":{"id":7849313603099741000,"name":"yuto","score":6700,"level":1,"character":0,"platform":18,"runframes":5926,"runend":1022,"unknown1":4294962765,"unknown2":4294960255,"rank":7359,"percentile":6.837173968093197}},"tenDayPercentiles":[],"tenDayDecayingPercentileScore":0,"scoresByDay":[],"rankSummary":{"mean":7359,"median":7359,"max":7359,"min":7359},"percentileSummary":{"mean":6.837173968093197,"median":6.837173968093197,"max":6.837173968093197,"min":6.837173968093197}}