{"name":"Yvonadabadoo","scoreData":{"2020-10-04":{"id":6894617169305786000,"name":"Yvonadabadoo","score":16700,"level":4,"character":0,"platform":18,"runframes":14063,"runend":1019,"unknown1":1993,"unknown2":3124,"rank":2688,"percentile":64.23056443024494}},"tenDayPercentiles":[],"tenDayDecayingPercentileScore":0,"scoresByDay":[],"rankSummary":{"mean":2688,"median":2688,"max":2688,"min":2688},"percentileSummary":{"mean":64.23056443024494,"median":64.23056443024494,"max":64.23056443024494,"min":64.23056443024494}}