{"name":"B.D.Joe","scoreData":{"2020-09-30":{"id":76561197982827890,"name":"B.D.Joe","score":4700,"level":2,"character":2,"platform":18,"runframes":11501,"runend":1021,"unknown1":591,"unknown2":1393,"rank":5588,"percentile":27.667011910926988}},"tenDayDecayingPercentileMean":null,"rankSummary":{"mean":5588,"median":5588,"max":5588,"min":5588},"percentileSummary":{"mean":27.667011910926988,"median":27.667011910926988,"max":27.667011910926988,"min":27.667011910926988}}