{"name":"B0ssJ0e","scoreData":{"2020-10-23":{"id":76561197979857400,"name":"B0ssJ0e","score":6700,"level":1,"character":3,"platform":18,"runframes":1272,"runend":1022,"unknown1":3264,"unknown2":4294967217,"rank":4967,"percentile":4.884121815744109}},"tenDayPercentiles":[],"tenDayDecayingPercentileScore":0,"scoresByDay":[],"rankSummary":{"mean":4967,"median":4967,"max":4967,"min":4967},"percentileSummary":{"mean":4.884121815744109,"median":4.884121815744109,"max":4.884121815744109,"min":4.884121815744109}}