{"name":"B1polrC0nf1dencE","scoreData":{"2020-09-20":{"id":8592665822236684000,"name":"B1polrC0nf1dencE","score":7100,"level":2,"character":6,"platform":48,"runframes":3131,"runend":1021,"unknown1":1125,"unknown2":1731,"rank":1938,"percentile":34.86886348352387}},"tenDayPercentiles":[],"tenDayDecayingPercentileScore":0,"scoresByDay":[],"rankSummary":{"mean":1938,"median":1938,"max":1938,"min":1938},"percentileSummary":{"mean":34.86886348352387,"median":34.86886348352387,"max":34.86886348352387,"min":34.86886348352387}}