{"name":"Ba5isti","scoreData":{"2020-11-09":{"id":76561198128240690,"name":"Ba5isti","score":19975,"level":9,"character":7,"platform":18,"runframes":54791,"runend":1014,"unknown1":4294967103,"unknown2":4294963111,"rank":660,"percentile":84.89571395828558}},"tenDayPercentiles":[84.89571395828558],"tenDayDecayingPercentileScore":29.601305114150822,"scoresByDay":[29.601305114150822],"rankSummary":{"mean":660,"median":660,"max":660,"min":660},"percentileSummary":{"mean":84.89571395828558,"median":84.89571395828558,"max":84.89571395828558,"min":84.89571395828558}}