{"name":"Bababoomboombuttbaby","scoreData":{"2020-09-30":{"id":4980199156870595000,"name":"Bababoomboombuttbaby","score":5500,"level":2,"character":0,"platform":18,"runframes":2190,"runend":1021,"unknown1":930,"unknown2":2045,"rank":5506,"percentile":28.72863801139306}},"tenDayPercentiles":[],"tenDayDecayingPercentileScore":0,"scoresByDay":[],"rankSummary":{"mean":5506,"median":5506,"max":5506,"min":5506},"percentileSummary":{"mean":28.72863801139306,"median":28.72863801139306,"max":28.72863801139306,"min":28.72863801139306}}