{"name":"Babeester","scoreData":{"2020-10-19":{"id":76561198010868740,"name":"Babeester","score":17000,"level":4,"character":0,"platform":18,"runframes":11711,"runend":1019,"unknown1":2049,"unknown2":2379,"rank":2405,"percentile":55.048616305160806}},"tenDayPercentiles":[],"tenDayDecayingPercentileScore":0,"scoresByDay":[],"rankSummary":{"mean":2405,"median":2405,"max":2405,"min":2405},"percentileSummary":{"mean":55.048616305160806,"median":55.048616305160806,"max":55.048616305160806,"min":55.048616305160806}}