{"name":"Bableb","scoreData":{"2020-10-02":{"id":76561198002007040,"name":"Bableb","score":7200,"level":1,"character":2,"platform":18,"runframes":7656,"runend":1022,"unknown1":4294965898,"unknown2":4294960973,"rank":6083,"percentile":18.504622805842146}},"tenDayPercentiles":[],"tenDayDecayingPercentileScore":0,"scoresByDay":[],"rankSummary":{"mean":6083,"median":6083,"max":6083,"min":6083},"percentileSummary":{"mean":18.504622805842146,"median":18.504622805842146,"max":18.504622805842146,"min":18.504622805842146}}