{"name":"babytiny5","scoreData":{"2020-09-30":{"id":8638284264842981000,"name":"babytiny5","score":7350,"level":3,"character":14,"platform":18,"runframes":12702,"runend":1020,"unknown1":4294966394,"unknown2":502,"rank":3530,"percentile":54.311237700673225}},"tenDayPercentiles":[],"tenDayDecayingPercentileScore":0,"scoresByDay":[],"rankSummary":{"mean":3530,"median":3530,"max":3530,"min":3530},"percentileSummary":{"mean":54.311237700673225,"median":54.311237700673225,"max":54.311237700673225,"min":54.311237700673225}}