{"name":"BabyBoyKisses","scoreData":{"2020-11-16":{"id":76561198094775220,"name":"BabyBoyKisses","score":1500,"level":1,"character":7,"platform":48,"runframes":4080,"runend":1022,"unknown1":4294964366,"unknown2":4294964553,"rank":3821,"percentile":2.1516393442622928}},"tenDayPercentiles":[2.1516393442622928],"tenDayDecayingPercentileScore":1.5685450819672115,"scoresByDay":[1.5685450819672115],"rankSummary":{"mean":3821,"median":3821,"max":3821,"min":3821},"percentileSummary":{"mean":2.1516393442622928,"median":2.1516393442622928,"max":2.1516393442622928,"min":2.1516393442622928}}