{"name":"Bacchus_X_","scoreData":{"2020-09-16":{"id":262493791451084350,"name":"Bacchus_X_","score":9400,"level":2,"character":3,"platform":48,"runframes":9416,"runend":1021,"unknown1":294,"unknown2":465,"rank":2313,"percentile":25.081011017498383}},"tenDayPercentiles":[],"tenDayDecayingPercentileScore":0,"scoresByDay":[],"rankSummary":{"mean":2313,"median":2313,"max":2313,"min":2313},"percentileSummary":{"mean":25.081011017498383,"median":25.081011017498383,"max":25.081011017498383,"min":25.081011017498383}}