{"name":"BackFlip59","scoreData":{"2020-10-08":{"id":76561198025444560,"name":"BackFlip59","score":30075,"level":6,"character":14,"platform":18,"runframes":26633,"runend":1017,"unknown1":400,"unknown2":4294963110,"rank":1204,"percentile":81.02224325603407}},"tenDayPercentiles":[],"tenDayDecayingPercentileScore":0,"scoresByDay":[],"rankSummary":{"mean":1204,"median":1204,"max":1204,"min":1204},"percentileSummary":{"mean":81.02224325603407,"median":81.02224325603407,"max":81.02224325603407,"min":81.02224325603407}}