{"name":"Bacon Games","scoreData":{"2020-10-27":{"id":76561198093568220,"name":"Bacon Games","score":41650,"level":5,"character":9,"platform":18,"runframes":32712,"runend":1018,"unknown1":4294966808,"unknown2":221,"rank":1117,"percentile":77.57685352622062}},"tenDayDecayingPercentileMean":null,"rankSummary":{"mean":1117,"median":1117,"max":1117,"min":1117},"percentileSummary":{"mean":77.57685352622062,"median":77.57685352622062,"max":77.57685352622062,"min":77.57685352622062}}