{"name":"bad","scoreData":{"2020-10-10":{"id":76561198064987540,"name":"bad","score":15400,"level":3,"character":6,"platform":18,"runframes":17660,"runend":1020,"unknown1":4294965852,"unknown2":472,"rank":2009,"percentile":69.5573074590661}},"tenDayPercentiles":[],"tenDayDecayingPercentileScore":0,"scoresByDay":[],"rankSummary":{"mean":2009,"median":2009,"max":2009,"min":2009},"percentileSummary":{"mean":69.5573074590661,"median":69.5573074590661,"max":69.5573074590661,"min":69.5573074590661}}