{"name":"badbadpiggies","scoreData":{"2020-10-26":{"id":76561198208773580,"name":"badbadpiggies","score":18600,"level":4,"character":18,"platform":18,"runframes":10292,"runend":1019,"unknown1":2966,"unknown2":472,"rank":2594,"percentile":48.754940711462446}},"tenDayPercentiles":[],"tenDayDecayingPercentileScore":0,"scoresByDay":[],"rankSummary":{"mean":2594,"median":2594,"max":2594,"min":2594},"percentileSummary":{"mean":48.754940711462446,"median":48.754940711462446,"max":48.754940711462446,"min":48.754940711462446}}