{"name":"Bag_Raider","scoreData":{"2020-09-22":{"id":9165165928822824000,"name":"Bag_Raider","score":500,"level":1,"character":3,"platform":48,"runframes":1587,"runend":1022,"unknown1":4294965385,"unknown2":106,"rank":2062,"percentile":16.287571080422424}},"tenDayPercentiles":[],"tenDayDecayingPercentileScore":0,"scoresByDay":[],"rankSummary":{"mean":2062,"median":2062,"max":2062,"min":2062},"percentileSummary":{"mean":16.287571080422424,"median":16.287571080422424,"max":16.287571080422424,"min":16.287571080422424}}