{"name":"bagel","scoreData":{"2020-11-20":{"id":6313396857453840000,"name":"bagel","score":40100,"level":4,"character":0,"platform":18,"runframes":21278,"runend":1019,"unknown1":3421,"unknown2":3755,"rank":2189,"percentile":45.84158415841584}},"tenDayPercentiles":[45.84158415841584],"tenDayDecayingPercentileScore":41.257425742574256,"scoresByDay":[41.257425742574256],"rankSummary":{"mean":2189,"median":2189,"max":2189,"min":2189},"percentileSummary":{"mean":45.84158415841584,"median":45.84158415841584,"max":45.84158415841584,"min":45.84158415841584}}