{"name":"Baggaba85","scoreData":{"2020-09-25":{"id":5013150572541416000,"name":"Baggaba85","score":25800,"level":4,"character":10,"platform":48,"runframes":15838,"runend":1019,"unknown1":4294966152,"unknown2":189,"rank":666,"percentile":71.06179286335944}},"tenDayPercentiles":[],"tenDayDecayingPercentileScore":0,"scoresByDay":[],"rankSummary":{"mean":666,"median":666,"max":666,"min":666},"percentileSummary":{"mean":71.06179286335944,"median":71.06179286335944,"max":71.06179286335944,"min":71.06179286335944}}