{"name":"BajoBajopants","scoreData":{"2020-09-15":{"id":1328154840943007700,"name":"BajoBajopants","score":5300,"level":1,"character":2,"platform":48,"runframes":1704,"runend":1022,"unknown1":4294967177,"unknown2":4294967061,"rank":1641,"percentile":9.691629955947135}},"tenDayPercentiles":[],"tenDayDecayingPercentileScore":0,"scoresByDay":[],"rankSummary":{"mean":1641,"median":1641,"max":1641,"min":1641},"percentileSummary":{"mean":9.691629955947135,"median":9.691629955947135,"max":9.691629955947135,"min":9.691629955947135}}