{"name":"baked_monchi","scoreData":{"2020-10-05":{"id":76561198321006080,"name":"baked_monchi","score":11600,"level":2,"character":18,"platform":48,"runframes":7900,"runend":1021,"unknown1":4294962535,"unknown2":537,"rank":4314,"percentile":36.68526130358192}},"tenDayPercentiles":[],"tenDayDecayingPercentileScore":0,"scoresByDay":[],"rankSummary":{"mean":4314,"median":4314,"max":4314,"min":4314},"percentileSummary":{"mean":36.68526130358192,"median":36.68526130358192,"max":36.68526130358192,"min":36.68526130358192}}