{"name":"Bakkies","scoreData":{"2020-10-17":{"id":555957144672035840,"name":"Bakkies","score":2000,"level":1,"character":3,"platform":18,"runframes":4089,"runend":1022,"unknown1":4294964276,"unknown2":4294965350,"rank":5434,"percentile":7.096443228454177}},"tenDayPercentiles":[],"tenDayDecayingPercentileScore":0,"scoresByDay":[],"rankSummary":{"mean":5434,"median":5434,"max":5434,"min":5434},"percentileSummary":{"mean":7.096443228454177,"median":7.096443228454177,"max":7.096443228454177,"min":7.096443228454177}}