{"name":"bakounine59","scoreData":{"2020-10-29":{"id":76561198087652600,"name":"bakounine59","score":1500,"level":1,"character":4,"platform":48,"runframes":2367,"runend":1022,"unknown1":4294965333,"unknown2":4294967013,"rank":4686,"percentile":2.048923269914283}},"tenDayPercentiles":[],"tenDayDecayingPercentileScore":0,"scoresByDay":[],"rankSummary":{"mean":4686,"median":4686,"max":4686,"min":4686},"percentileSummary":{"mean":2.048923269914283,"median":2.048923269914283,"max":2.048923269914283,"min":2.048923269914283}}