{"name":"Balile","scoreData":{"2020-09-30":{"id":76561198094615620,"name":"Balile","score":16300,"level":2,"character":1,"platform":18,"runframes":105639,"runend":1021,"unknown1":650,"unknown2":614,"rank":4481,"percentile":41.99896426721905}},"tenDayPercentiles":[],"tenDayDecayingPercentileScore":0,"scoresByDay":[],"rankSummary":{"mean":4481,"median":4481,"max":4481,"min":4481},"percentileSummary":{"mean":41.99896426721905,"median":41.99896426721905,"max":41.99896426721905,"min":41.99896426721905}}