{"name":"Balik","scoreData":{"2020-09-29":{"id":76561198878119800,"name":"Balik","score":3000,"level":1,"character":0,"platform":18,"runframes":854,"runend":1022,"unknown1":721,"unknown2":2,"rank":5519,"percentile":1.3233190271816966}},"tenDayPercentiles":[],"tenDayDecayingPercentileScore":0,"scoresByDay":[],"rankSummary":{"mean":5519,"median":5519,"max":5519,"min":5519},"percentileSummary":{"mean":1.3233190271816966,"median":1.3233190271816966,"max":1.3233190271816966,"min":1.3233190271816966}}