{"name":"Ballos","scoreData":{"2020-11-09":{"id":76561198066043250,"name":"Ballos","score":9200,"level":2,"character":3,"platform":18,"runframes":12659,"runend":1021,"unknown1":2774,"unknown2":1852,"rank":3158,"percentile":27.641531056612422}},"tenDayPercentiles":[27.641531056612422],"tenDayDecayingPercentileScore":9.638005930795327,"scoresByDay":[9.638005930795327],"rankSummary":{"mean":3158,"median":3158,"max":3158,"min":3158},"percentileSummary":{"mean":27.641531056612422,"median":27.641531056612422,"max":27.641531056612422,"min":27.641531056612422}}