{"name":"balla_cala","scoreData":{"2020-10-06":{"id":3552746348696281000,"name":"balla_cala","score":13400,"level":2,"character":0,"platform":18,"runframes":8088,"runend":1021,"unknown1":599,"unknown2":753,"rank":4836,"percentile":28.844738778513616}},"tenDayPercentiles":[],"tenDayDecayingPercentileScore":0,"scoresByDay":[],"rankSummary":{"mean":4836,"median":4836,"max":4836,"min":4836},"percentileSummary":{"mean":28.844738778513616,"median":28.844738778513616,"max":28.844738778513616,"min":28.844738778513616}}