{"name":"BANANALANDON","scoreData":{"2020-11-08":{"id":76561197995623650,"name":"BANANALANDON","score":13400,"level":3,"character":3,"platform":18,"runframes":17853,"runend":1020,"unknown1":4294966107,"unknown2":9,"rank":2195,"percentile":53.46765641569459}},"tenDayPercentiles":[],"tenDayDecayingPercentileScore":0,"scoresByDay":[],"rankSummary":{"mean":2195,"median":2195,"max":2195,"min":2195},"percentileSummary":{"mean":53.46765641569459,"median":53.46765641569459,"max":53.46765641569459,"min":53.46765641569459}}