{"name":"Banana B Bandit","scoreData":{"2020-10-27":{"id":76561197999410770,"name":"Banana B Bandit","score":4000,"level":2,"character":4,"platform":18,"runframes":2612,"runend":1021,"unknown1":3116,"unknown2":238,"rank":4522,"percentile":9.16214587100663}},"tenDayDecayingPercentileMean":null,"rankSummary":{"mean":4522,"median":4522,"max":4522,"min":4522},"percentileSummary":{"mean":9.16214587100663,"median":9.16214587100663,"max":9.16214587100663,"min":9.16214587100663}}