{"name":"Banana Shiki","scoreData":{"2020-10-26":{"id":76561198045892850,"name":"Banana Shiki","score":9700,"level":2,"character":7,"platform":18,"runframes":7074,"runend":1021,"unknown1":1042,"unknown2":263,"rank":4051,"percentile":19.96047430830039}},"tenDayPercentiles":[],"tenDayDecayingPercentileScore":0,"scoresByDay":[],"rankSummary":{"mean":4051,"median":4051,"max":4051,"min":4051},"percentileSummary":{"mean":19.96047430830039,"median":19.96047430830039,"max":19.96047430830039,"min":19.96047430830039}}