{"name":"Bananass","scoreData":{"2020-10-06":{"id":8123062233723078000,"name":"Bananass","score":8300,"level":2,"character":0,"platform":18,"runframes":6756,"runend":1021,"unknown1":2882,"unknown2":4294967282,"rank":5376,"percentile":20.897718910963945}},"tenDayPercentiles":[],"tenDayDecayingPercentileScore":0,"scoresByDay":[],"rankSummary":{"mean":5376,"median":5376,"max":5376,"min":5376},"percentileSummary":{"mean":20.897718910963945,"median":20.897718910963945,"max":20.897718910963945,"min":20.897718910963945}}