{"name":"bana","scoreData":{"2020-11-22":{"id":3414726373115411000,"name":"bana","score":6900,"level":2,"character":7,"platform":18,"runframes":3307,"runend":1021,"unknown1":4294963598,"unknown2":4294965439,"rank":3187,"percentile":20.330082520630157}},"tenDayPercentiles":[],"tenDayDecayingPercentileScore":0,"scoresByDay":[],"rankSummary":{"mean":3187,"median":3187,"max":3187,"min":3187},"percentileSummary":{"mean":20.330082520630157,"median":20.330082520630157,"max":20.330082520630157,"min":20.330082520630157}}