{"name":"Banane91991_XIX","scoreData":{"2020-11-16":{"id":76561198108324060,"name":"Banane91991_XIX","score":10500,"level":3,"character":3,"platform":48,"runframes":19037,"runend":1020,"unknown1":4294965828,"unknown2":91,"rank":2241,"percentile":42.622950819672134}},"tenDayPercentiles":[42.622950819672134],"tenDayDecayingPercentileScore":31.07213114754099,"scoresByDay":[31.07213114754099],"rankSummary":{"mean":2241,"median":2241,"max":2241,"min":2241},"percentileSummary":{"mean":42.622950819672134,"median":42.622950819672134,"max":42.622950819672134,"min":42.622950819672134}}