{"name":"BanefulQueen","scoreData":{"2020-10-12":{"id":76561198035765800,"name":"BanefulQueen","score":9900,"level":2,"character":3,"platform":48,"runframes":4766,"runend":1021,"unknown1":4294962269,"unknown2":481,"rank":4042,"percentile":32.469919786096256}},"tenDayPercentiles":[],"tenDayDecayingPercentileScore":0,"scoresByDay":[],"rankSummary":{"mean":4042,"median":4042,"max":4042,"min":4042},"percentileSummary":{"mean":32.469919786096256,"median":32.469919786096256,"max":32.469919786096256,"min":32.469919786096256}}