{"name":"BangBandini","scoreData":{"2020-10-05":{"id":76561198118462460,"name":"BangBandini","score":18950,"level":5,"character":2,"platform":48,"runframes":30892,"runend":1018,"unknown1":4294966041,"unknown2":193,"rank":2412,"percentile":64.60657662947739}},"tenDayPercentiles":[],"tenDayDecayingPercentileScore":0,"scoresByDay":[],"rankSummary":{"mean":2412,"median":2412,"max":2412,"min":2412},"percentileSummary":{"mean":64.60657662947739,"median":64.60657662947739,"max":64.60657662947739,"min":64.60657662947739}}