{"name":"BankRolle26","scoreData":{"2020-10-08":{"id":76561197992768270,"name":"BankRolle26","score":11500,"level":4,"character":4,"platform":48,"runframes":15112,"runend":1019,"unknown1":4294962425,"unknown2":133,"rank":2714,"percentile":57.20145133301783}},"tenDayPercentiles":[],"tenDayDecayingPercentileScore":0,"scoresByDay":[],"rankSummary":{"mean":2714,"median":2714,"max":2714,"min":2714},"percentileSummary":{"mean":57.20145133301783,"median":57.20145133301783,"max":57.20145133301783,"min":57.20145133301783}}