{"name":"Barbed_Tiger","scoreData":{"2020-10-26":{"id":76561198217649330,"name":"Barbed_Tiger","score":1300,"level":1,"character":3,"platform":18,"runframes":1695,"runend":1022,"unknown1":973,"unknown2":4294966879,"rank":4832,"percentile":4.525691699604735}},"tenDayPercentiles":[],"tenDayDecayingPercentileScore":0,"scoresByDay":[],"rankSummary":{"mean":4832,"median":4832,"max":4832,"min":4832},"percentileSummary":{"mean":4.525691699604735,"median":4.525691699604735,"max":4.525691699604735,"min":4.525691699604735}}