{"name":"baref00t","scoreData":{"2020-10-02":{"id":76561198074612700,"name":"baref00t","score":9400,"level":2,"character":3,"platform":18,"runframes":11125,"runend":1021,"unknown1":4294962884,"unknown2":4294961437,"rank":4675,"percentile":37.3710304167225}},"tenDayPercentiles":[],"tenDayDecayingPercentileScore":0,"scoresByDay":[],"rankSummary":{"mean":4675,"median":4675,"max":4675,"min":4675},"percentileSummary":{"mean":37.3710304167225,"median":37.3710304167225,"max":37.3710304167225,"min":37.3710304167225}}