{"name":"barfbarf","scoreData":{"2020-09-17":{"id":2718297998776136700,"name":"barfbarf","score":14175,"level":8,"character":0,"platform":48,"runframes":29015,"runend":1015,"unknown1":4294965598,"unknown2":4294965723,"rank":63,"percentile":97.80686239830209}},"tenDayPercentiles":[],"tenDayDecayingPercentileScore":0,"scoresByDay":[],"rankSummary":{"mean":63,"median":63,"max":63,"min":63},"percentileSummary":{"mean":97.80686239830209,"median":97.80686239830209,"max":97.80686239830209,"min":97.80686239830209}}