{"name":"BaronVonSpock","scoreData":{"2020-09-19":{"id":6291356691770373000,"name":"BaronVonSpock","score":12300,"level":4,"character":7,"platform":48,"runframes":11759,"runend":1019,"unknown1":399,"unknown2":13,"rank":764,"percentile":74.53271028037383}},"tenDayPercentiles":[],"tenDayDecayingPercentileScore":0,"scoresByDay":[],"rankSummary":{"mean":764,"median":764,"max":764,"min":764},"percentileSummary":{"mean":74.53271028037383,"median":74.53271028037383,"max":74.53271028037383,"min":74.53271028037383}}