{"name":"BARTEK2252","scoreData":{"2020-09-27":{"id":3198785044980266500,"name":"BARTEK2252","score":4000,"level":1,"character":0,"platform":48,"runframes":2532,"runend":1022,"unknown1":4294966651,"unknown2":2,"rank":2193,"percentile":12.319999999999993}},"tenDayPercentiles":[],"tenDayDecayingPercentileScore":0,"scoresByDay":[],"rankSummary":{"mean":2193,"median":2193,"max":2193,"min":2193},"percentileSummary":{"mean":12.319999999999993,"median":12.319999999999993,"max":12.319999999999993,"min":12.319999999999993}}