{"name":"bartekkryza","scoreData":{"2020-10-06":{"id":76561199994334540,"name":"bartekkryza","score":23100,"level":3,"character":0,"platform":18,"runframes":15244,"runend":1020,"unknown1":4294965851,"unknown2":4294964855,"rank":3114,"percentile":54.186902133922}},"tenDayPercentiles":[],"tenDayDecayingPercentileScore":0,"scoresByDay":[],"rankSummary":{"mean":3114,"median":3114,"max":3114,"min":3114},"percentileSummary":{"mean":54.186902133922,"median":54.186902133922,"max":54.186902133922,"min":54.186902133922}}