{"name":"Baschi-","scoreData":{"2020-09-28":{"id":8750274204207584000,"name":"Baschi-","score":7000,"level":1,"character":0,"platform":48,"runframes":2404,"runend":1022,"unknown1":4294965432,"unknown2":4294965375,"rank":1873,"percentile":13.253012048192772}},"tenDayPercentiles":[],"tenDayDecayingPercentileScore":0,"scoresByDay":[],"rankSummary":{"mean":1873,"median":1873,"max":1873,"min":1873},"percentileSummary":{"mean":13.253012048192772,"median":13.253012048192772,"max":13.253012048192772,"min":13.253012048192772}}