{"name":"baseboy93","scoreData":{"2020-10-09":{"id":76561198188667890,"name":"baseboy93","score":58575,"level":6,"character":8,"platform":18,"runframes":47852,"runend":1017,"unknown1":2709,"unknown2":179,"rank":1665,"percentile":73.46938775510205}},"tenDayPercentiles":[],"tenDayDecayingPercentileScore":0,"scoresByDay":[],"rankSummary":{"mean":1665,"median":1665,"max":1665,"min":1665},"percentileSummary":{"mean":73.46938775510205,"median":73.46938775510205,"max":73.46938775510205,"min":73.46938775510205}}