{"name":"Based Disciple","scoreData":{"2020-10-22":{"id":76561197978785620,"name":"Based Disciple","score":42500,"level":4,"character":0,"platform":18,"runframes":30643,"runend":1019,"unknown1":998,"unknown2":2164,"rank":2163,"percentile":59.26135293009233}},"tenDayPercentiles":[],"tenDayDecayingPercentileScore":0,"scoresByDay":[],"rankSummary":{"mean":2163,"median":2163,"max":2163,"min":2163},"percentileSummary":{"mean":59.26135293009233,"median":59.26135293009233,"max":59.26135293009233,"min":59.26135293009233}}