{"name":"baseketball_guys","scoreData":{"2020-11-18":{"id":76561198012824300,"name":"baseketball_guys","score":44650,"level":6,"character":7,"platform":48,"runframes":39709,"runend":1017,"unknown1":3295,"unknown2":3622,"rank":1292,"percentile":67.85358565737052}},"tenDayPercentiles":[67.85358565737052],"tenDayDecayingPercentileScore":44.518737549800804,"scoresByDay":[44.518737549800804],"rankSummary":{"mean":1292,"median":1292,"max":1292,"min":1292},"percentileSummary":{"mean":67.85358565737052,"median":67.85358565737052,"max":67.85358565737052,"min":67.85358565737052}}