{"name":"basicph","scoreData":{"2020-09-15":{"id":703901215380330100,"name":"basicph","score":3200,"level":2,"character":0,"platform":48,"runframes":8632,"runend":1021,"unknown1":4294966947,"unknown2":4294966129,"rank":1258,"percentile":30.78193832599119}},"tenDayPercentiles":[],"tenDayDecayingPercentileScore":0,"scoresByDay":[],"rankSummary":{"mean":1258,"median":1258,"max":1258,"min":1258},"percentileSummary":{"mean":30.78193832599119,"median":30.78193832599119,"max":30.78193832599119,"min":30.78193832599119}}