{"name":"BaskinDobbins","scoreData":{"2020-10-01":{"id":76561198064377120,"name":"BaskinDobbins","score":10800,"level":2,"character":2,"platform":18,"runframes":13757,"runend":1021,"unknown1":4294964900,"unknown2":316,"rank":4916,"percentile":36.11905380816221}},"tenDayPercentiles":[],"tenDayDecayingPercentileScore":0,"scoresByDay":[],"rankSummary":{"mean":4916,"median":4916,"max":4916,"min":4916},"percentileSummary":{"mean":36.11905380816221,"median":36.11905380816221,"max":36.11905380816221,"min":36.11905380816221}}