{"name":"BaStarD[ôÔ]","scoreData":{"2020-09-29":{"id":76561198042611940,"name":"BaStarD[ôÔ]","score":8500,"level":1,"character":2,"platform":18,"runframes":1667,"runend":1022,"unknown1":4294965396,"unknown2":190,"rank":4843,"percentile":13.412017167381975}},"tenDayPercentiles":[],"tenDayDecayingPercentileScore":0,"scoresByDay":[],"rankSummary":{"mean":4843,"median":4843,"max":4843,"min":4843},"percentileSummary":{"mean":13.412017167381975,"median":13.412017167381975,"max":13.412017167381975,"min":13.412017167381975}}