{"name":"BathsaltAddict0","scoreData":{"2020-11-20":{"id":9143389446875736000,"name":"BathsaltAddict0","score":8500,"level":1,"character":7,"platform":48,"runframes":3135,"runend":1022,"unknown1":4294963529,"unknown2":29,"rank":3880,"percentile":3.9851485148514882}},"tenDayPercentiles":[],"tenDayDecayingPercentileScore":0,"scoresByDay":[],"rankSummary":{"mean":3880,"median":3880,"max":3880,"min":3880},"percentileSummary":{"mean":3.9851485148514882,"median":3.9851485148514882,"max":3.9851485148514882,"min":3.9851485148514882}}