{"name":"batmanginger","scoreData":{"2020-10-18":{"id":76561198059215470,"name":"batmanginger","score":3300,"level":3,"character":0,"platform":48,"runframes":14194,"runend":1020,"unknown1":4294965846,"unknown2":6,"rank":5041,"percentile":14.979757085020239}},"tenDayPercentiles":[],"tenDayDecayingPercentileScore":0,"scoresByDay":[],"rankSummary":{"mean":5041,"median":5041,"max":5041,"min":5041},"percentileSummary":{"mean":14.979757085020239,"median":14.979757085020239,"max":14.979757085020239,"min":14.979757085020239}}