{"name":"BattleBlocken","scoreData":{"2020-10-06":{"id":76561198425057400,"name":"BattleBlocken","score":6600,"level":3,"character":7,"platform":18,"runframes":15713,"runend":1020,"unknown1":4294966245,"unknown2":4294961113,"rank":3819,"percentile":43.81162619573216}},"tenDayPercentiles":[],"tenDayDecayingPercentileScore":0,"scoresByDay":[],"rankSummary":{"mean":3819,"median":3819,"max":3819,"min":3819},"percentileSummary":{"mean":43.81162619573216,"median":43.81162619573216,"max":43.81162619573216,"min":43.81162619573216}}