{"name":"BaumGott04","scoreData":{"2020-10-16":{"id":76561198069302370,"name":"BaumGott04","score":7625,"level":9,"character":4,"platform":48,"runframes":23323,"runend":1014,"unknown1":4294965968,"unknown2":4294963268,"rank":302,"percentile":94.63171036204744}},"tenDayPercentiles":[],"tenDayDecayingPercentileScore":0,"scoresByDay":[],"rankSummary":{"mean":302,"median":302,"max":302,"min":302},"percentileSummary":{"mean":94.63171036204744,"median":94.63171036204744,"max":94.63171036204744,"min":94.63171036204744}}