{"name":"Baumkultur","scoreData":{"2020-09-29":{"id":2154256305429729500,"name":"Baumkultur","score":7100,"level":2,"character":0,"platform":18,"runframes":9481,"runend":1021,"unknown1":4294965250,"unknown2":4294965834,"rank":3995,"percentile":28.576537911301855}},"tenDayPercentiles":[],"tenDayDecayingPercentileScore":0,"scoresByDay":[],"rankSummary":{"mean":3995,"median":3995,"max":3995,"min":3995},"percentileSummary":{"mean":28.576537911301855,"median":28.576537911301855,"max":28.576537911301855,"min":28.576537911301855}}