{"name":"Bawws","scoreData":{"2020-11-21":{"id":76561198368207950,"name":"Bawws","score":2000,"level":2,"character":4,"platform":18,"runframes":10610,"runend":1021,"unknown1":4294964902,"unknown2":165,"rank":3631,"percentile":12.551192483738859}},"tenDayPercentiles":[12.551192483738859],"tenDayDecayingPercentileScore":11.296073235364974,"scoresByDay":[11.296073235364974],"rankSummary":{"mean":3631,"median":3631,"max":3631,"min":3631},"percentileSummary":{"mean":12.551192483738859,"median":12.551192483738859,"max":12.551192483738859,"min":12.551192483738859}}