{"name":"Bayes","scoreData":{"2020-10-01":{"id":76561198047681680,"name":"Bayes","score":4000,"level":1,"character":0,"platform":18,"runframes":2328,"runend":1022,"unknown1":250,"unknown2":5807,"rank":6660,"percentile":13.452040551078753}},"tenDayPercentiles":[],"tenDayDecayingPercentileScore":0,"scoresByDay":[],"rankSummary":{"mean":6660,"median":6660,"max":6660,"min":6660},"percentileSummary":{"mean":13.452040551078753,"median":13.452040551078753,"max":13.452040551078753,"min":13.452040551078753}}