{"name":"BCG++","scoreData":{"2020-09-29":{"id":76561198059210340,"name":"BCG++","score":18500,"level":3,"character":0,"platform":18,"runframes":24656,"runend":1020,"unknown1":1219,"unknown2":4294966387,"rank":2815,"percentile":49.67811158798283}},"tenDayDecayingPercentileMean":null,"rankSummary":{"mean":2815,"median":2815,"max":2815,"min":2815},"percentileSummary":{"mean":49.67811158798283,"median":49.67811158798283,"max":49.67811158798283,"min":49.67811158798283}}