{"name":"BearClash72","scoreData":{"2020-11-02":{"id":76561198036562690,"name":"BearClash72","score":271875,"level":13,"character":18,"platform":18,"runframes":105873,"runend":1010,"unknown1":1714,"unknown2":390,"rank":471,"percentile":89.49251061927119}},"tenDayPercentiles":[],"tenDayDecayingPercentileScore":0,"scoresByDay":[],"rankSummary":{"mean":471,"median":471,"max":471,"min":471},"percentileSummary":{"mean":89.49251061927119,"median":89.49251061927119,"max":89.49251061927119,"min":89.49251061927119}}