{"name":"Bearded_Pigmy","scoreData":{"2020-10-18":{"id":76561198009654110,"name":"Bearded_Pigmy","score":66100,"level":10,"character":6,"platform":48,"runframes":45610,"runend":1013,"unknown1":4294965434,"unknown2":4294965893,"rank":706,"percentile":88.10728744939271}},"tenDayPercentiles":[],"tenDayDecayingPercentileScore":0,"scoresByDay":[],"rankSummary":{"mean":706,"median":706,"max":706,"min":706},"percentileSummary":{"mean":88.10728744939271,"median":88.10728744939271,"max":88.10728744939271,"min":88.10728744939271}}