{"name":"Bearbum435","scoreData":{"2020-11-13":{"id":76561198037776830,"name":"Bearbum435","score":30500,"level":3,"character":8,"platform":48,"runframes":14423,"runend":1020,"unknown1":4294966572,"unknown2":951,"rank":2218,"percentile":47.21428571428572}},"tenDayPercentiles":[47.21428571428572],"tenDayDecayingPercentileScore":20.324201843571437,"scoresByDay":[20.324201843571437],"rankSummary":{"mean":2218,"median":2218,"max":2218,"min":2218},"percentileSummary":{"mean":47.21428571428572,"median":47.21428571428572,"max":47.21428571428572,"min":47.21428571428572}}