{"name":"Beat_This_Wheat","scoreData":{"2020-11-19":{"id":76561198064826080,"name":"Beat_This_Wheat","score":0,"level":1,"character":15,"platform":48,"runframes":894,"runend":1022,"unknown1":240,"unknown2":4294966398,"rank":3841,"percentile":1.6897081413210486}},"tenDayPercentiles":[1.6897081413210486],"tenDayDecayingPercentileScore":1.5207373271889437,"scoresByDay":[1.5207373271889437],"rankSummary":{"mean":3841,"median":3841,"max":3841,"min":3841},"percentileSummary":{"mean":1.6897081413210486,"median":1.6897081413210486,"max":1.6897081413210486,"min":1.6897081413210486}}