{"name":"bee535amused","scoreData":{"2020-09-21":{"id":2980150158643194400,"name":"bee535amused","score":600,"level":1,"character":2,"platform":48,"runframes":2296,"runend":1022,"unknown1":4294967023,"unknown2":4294965308,"rank":2479,"percentile":0.7609130957148551}},"tenDayPercentiles":[],"tenDayDecayingPercentileScore":0,"scoresByDay":[],"rankSummary":{"mean":2479,"median":2479,"max":2479,"min":2479},"percentileSummary":{"mean":0.7609130957148551,"median":0.7609130957148551,"max":0.7609130957148551,"min":0.7609130957148551}}