{"name":"BeeftipsMcgee","scoreData":{"2020-10-25":{"id":493469719751506750,"name":"BeeftipsMcgee","score":17500,"level":3,"character":7,"platform":18,"runframes":16169,"runend":1020,"unknown1":682,"unknown2":2829,"rank":3349,"percentile":39.675675675675684}},"tenDayPercentiles":[],"tenDayDecayingPercentileScore":0,"scoresByDay":[],"rankSummary":{"mean":3349,"median":3349,"max":3349,"min":3349},"percentileSummary":{"mean":39.675675675675684,"median":39.675675675675684,"max":39.675675675675684,"min":39.675675675675684}}