{"name":"beefy wario","scoreData":{"2020-10-08":{"id":7217206830590342000,"name":"beefy wario","score":2300,"level":2,"character":0,"platform":18,"runframes":11627,"runend":1021,"unknown1":4294965419,"unknown2":13,"rank":5959,"percentile":6.010411736867013}},"tenDayDecayingPercentileMean":null,"rankSummary":{"mean":5959,"median":5959,"max":5959,"min":5959},"percentileSummary":{"mean":6.010411736867013,"median":6.010411736867013,"max":6.010411736867013,"min":6.010411736867013}}