{"name":"beertjie","scoreData":{"2020-09-30":{"id":76561197966643970,"name":"beertjie","score":800,"level":3,"character":0,"platform":18,"runframes":10278,"runend":1020,"unknown1":4294961167,"unknown2":4294962233,"rank":4149,"percentile":46.2972553081305}},"tenDayPercentiles":[],"tenDayDecayingPercentileScore":0,"scoresByDay":[],"rankSummary":{"mean":4149,"median":4149,"max":4149,"min":4149},"percentileSummary":{"mean":46.2972553081305,"median":46.2972553081305,"max":46.2972553081305,"min":46.2972553081305}}