{"name":"Beesafree","scoreData":{"2020-10-07":{"id":5200558054693137000,"name":"Beesafree","score":7600,"level":2,"character":0,"platform":18,"runframes":8355,"runend":1021,"unknown1":4294964298,"unknown2":237,"rank":3817,"percentile":41.50827713059473}},"tenDayPercentiles":[],"tenDayDecayingPercentileScore":0,"scoresByDay":[],"rankSummary":{"mean":3817,"median":3817,"max":3817,"min":3817},"percentileSummary":{"mean":41.50827713059473,"median":41.50827713059473,"max":41.50827713059473,"min":41.50827713059473}}