{"name":"BEHOLDTHEORANGE","scoreData":{"2020-09-17":{"id":2338181266878726000,"name":"BEHOLDTHEORANGE","score":27900,"level":3,"character":1,"platform":48,"runframes":11839,"runend":1020,"unknown1":889,"unknown2":473,"rank":726,"percentile":74.35443933498408}},"tenDayPercentiles":[],"tenDayDecayingPercentileScore":0,"scoresByDay":[],"rankSummary":{"mean":726,"median":726,"max":726,"min":726},"percentileSummary":{"mean":74.35443933498408,"median":74.35443933498408,"max":74.35443933498408,"min":74.35443933498408}}