{"name":"belfasthoop01","scoreData":{"2020-09-21":{"id":8768960614757147000,"name":"belfasthoop01","score":1600,"level":3,"character":7,"platform":48,"runframes":5911,"runend":1020,"unknown1":4294966957,"unknown2":250,"rank":1521,"percentile":39.12695234281137}},"tenDayPercentiles":[],"tenDayDecayingPercentileScore":0,"scoresByDay":[],"rankSummary":{"mean":1521,"median":1521,"max":1521,"min":1521},"percentileSummary":{"mean":39.12695234281137,"median":39.12695234281137,"max":39.12695234281137,"min":39.12695234281137}}