{"name":"Belrosh","scoreData":{"2020-10-01":{"id":76561198919261710,"name":"Belrosh","score":18300,"level":4,"character":10,"platform":18,"runframes":13494,"runend":1019,"unknown1":4294966904,"unknown2":4038,"rank":2813,"percentile":63.45204055107877}},"tenDayPercentiles":[],"tenDayDecayingPercentileScore":0,"scoresByDay":[],"rankSummary":{"mean":2813,"median":2813,"max":2813,"min":2813},"percentileSummary":{"mean":63.45204055107877,"median":63.45204055107877,"max":63.45204055107877,"min":63.45204055107877}}