{"name":"benallyp","scoreData":{"2020-10-17":{"id":76561198040581630,"name":"benallyp","score":0,"level":1,"character":7,"platform":18,"runframes":683,"runend":1022,"unknown1":34,"unknown2":4294961794,"rank":5815,"percentile":0.581395348837205}},"tenDayPercentiles":[],"tenDayDecayingPercentileScore":0,"scoresByDay":[],"rankSummary":{"mean":5815,"median":5815,"max":5815,"min":5815},"percentileSummary":{"mean":0.581395348837205,"median":0.581395348837205,"max":0.581395348837205,"min":0.581395348837205}}