{"name":"benbirch92","scoreData":{"2020-09-30":{"id":76561198147665000,"name":"benbirch92","score":18650,"level":4,"character":2,"platform":48,"runframes":15442,"runend":1019,"unknown1":4294964797,"unknown2":3710,"rank":1678,"percentile":78.28845157949249}},"tenDayPercentiles":[],"tenDayDecayingPercentileScore":0,"scoresByDay":[],"rankSummary":{"mean":1678,"median":1678,"max":1678,"min":1678},"percentileSummary":{"mean":78.28845157949249,"median":78.28845157949249,"max":78.28845157949249,"min":78.28845157949249}}