{"name":"bendyshtraw","scoreData":{"2020-10-02":{"id":76561198025903420,"name":"bendyshtraw","score":2000,"level":1,"character":3,"platform":18,"runframes":1870,"runend":1022,"unknown1":4294965935,"unknown2":47,"rank":6919,"percentile":7.302693286881961}},"tenDayPercentiles":[],"tenDayDecayingPercentileScore":0,"scoresByDay":[],"rankSummary":{"mean":6919,"median":6919,"max":6919,"min":6919},"percentileSummary":{"mean":7.302693286881961,"median":7.302693286881961,"max":7.302693286881961,"min":7.302693286881961}}