{"name":"benjarvus42","scoreData":{"2020-09-23":{"id":990665569516529500,"name":"benjarvus42","score":8500,"level":3,"character":2,"platform":48,"runframes":12772,"runend":1020,"unknown1":4294966143,"unknown2":181,"rank":1324,"percentile":45.01246882793018}},"tenDayPercentiles":[],"tenDayDecayingPercentileScore":0,"scoresByDay":[],"rankSummary":{"mean":1324,"median":1324,"max":1324,"min":1324},"percentileSummary":{"mean":45.01246882793018,"median":45.01246882793018,"max":45.01246882793018,"min":45.01246882793018}}