{"name":"BennyPLS","scoreData":{"2020-11-09":{"id":76561198024981520,"name":"BennyPLS","score":0,"level":1,"character":7,"platform":17,"runframes":540,"runend":1022,"unknown1":4294964454,"unknown2":4294964008,"rank":4356,"percentile":0.18336007334403348}},"tenDayPercentiles":[],"tenDayDecayingPercentileScore":0,"scoresByDay":[],"rankSummary":{"mean":4356,"median":4356,"max":4356,"min":4356},"percentileSummary":{"mean":0.18336007334403348,"median":0.18336007334403348,"max":0.18336007334403348,"min":0.18336007334403348}}