{"name":"Benski_101","scoreData":{"2020-10-21":{"id":1740125708282598100,"name":"Benski_101","score":1500,"level":1,"character":7,"platform":48,"runframes":2914,"runend":1022,"unknown1":1583,"unknown2":478,"rank":5135,"percentile":4.359165424739203}},"tenDayPercentiles":[],"tenDayDecayingPercentileScore":0,"scoresByDay":[],"rankSummary":{"mean":5135,"median":5135,"max":5135,"min":5135},"percentileSummary":{"mean":4.359165424739203,"median":4.359165424739203,"max":4.359165424739203,"min":4.359165424739203}}