{"name":"Bensch","scoreData":{"2020-11-13":{"id":2465045273565509600,"name":"Bensch","score":10200,"level":3,"character":0,"platform":18,"runframes":10176,"runend":1020,"unknown1":4294965756,"unknown2":1541,"rank":3106,"percentile":26.07142857142857}},"tenDayPercentiles":[26.07142857142857],"tenDayDecayingPercentileScore":12.469883464285715,"scoresByDay":[12.469883464285715],"rankSummary":{"mean":3106,"median":3106,"max":3106,"min":3106},"percentileSummary":{"mean":26.07142857142857,"median":26.07142857142857,"max":26.07142857142857,"min":26.07142857142857}}