{"name":"benzopil","scoreData":{"2020-09-15":{"id":8613840226522601000,"name":"benzopil","score":3700,"level":2,"character":0,"platform":48,"runframes":9844,"runend":1021,"unknown1":1310,"unknown2":206,"rank":1235,"percentile":32.048458149779734}},"tenDayPercentiles":[],"tenDayDecayingPercentileScore":0,"scoresByDay":[],"rankSummary":{"mean":1235,"median":1235,"max":1235,"min":1235},"percentileSummary":{"mean":32.048458149779734,"median":32.048458149779734,"max":32.048458149779734,"min":32.048458149779734}}