{"name":"BeoTeK","scoreData":{"2020-10-02":{"id":553973079669384960,"name":"BeoTeK","score":500,"level":1,"character":2,"platform":48,"runframes":1520,"runend":1022,"unknown1":4294966959,"unknown2":514,"rank":7267,"percentile":2.6396891330564074}},"tenDayPercentiles":[],"tenDayDecayingPercentileScore":0,"scoresByDay":[],"rankSummary":{"mean":7267,"median":7267,"max":7267,"min":7267},"percentileSummary":{"mean":2.6396891330564074,"median":2.6396891330564074,"max":2.6396891330564074,"min":2.6396891330564074}}