{"name":"ber","scoreData":{"2020-10-27":{"id":76561198089125500,"name":"ber","score":97325,"level":16,"character":17,"platform":18,"runframes":56067,"runend":1007,"unknown1":1507,"unknown2":745,"rank":113,"percentile":97.74964838255977}},"tenDayPercentiles":[],"tenDayDecayingPercentileScore":0,"scoresByDay":[],"rankSummary":{"mean":113,"median":113,"max":113,"min":113},"percentileSummary":{"mean":97.74964838255977,"median":97.74964838255977,"max":97.74964838255977,"min":97.74964838255977}}