{"name":"Bermonator","scoreData":{"2020-10-03":{"id":76561197967146100,"name":"Bermonator","score":1000,"level":1,"character":7,"platform":18,"runframes":1134,"runend":1022,"unknown1":3029,"unknown2":225,"rank":7764,"percentile":1.7092934920233063}},"tenDayPercentiles":[],"tenDayDecayingPercentileScore":0,"scoresByDay":[],"rankSummary":{"mean":7764,"median":7764,"max":7764,"min":7764},"percentileSummary":{"mean":1.7092934920233063,"median":1.7092934920233063,"max":1.7092934920233063,"min":1.7092934920233063}}