{"name":"BerryBranFlakes","scoreData":{"2020-10-03":{"id":76561198033422020,"name":"BerryBranFlakes","score":11000,"level":2,"character":0,"platform":48,"runframes":3246,"runend":1021,"unknown1":4294965512,"unknown2":175,"rank":4845,"percentile":38.668017219549256}},"tenDayPercentiles":[],"tenDayDecayingPercentileScore":0,"scoresByDay":[],"rankSummary":{"mean":4845,"median":4845,"max":4845,"min":4845},"percentileSummary":{"mean":38.668017219549256,"median":38.668017219549256,"max":38.668017219549256,"min":38.668017219549256}}