{"name":"BesConstantine","scoreData":{"2020-10-03":{"id":76561198031229470,"name":"BesConstantine","score":10200,"level":2,"character":3,"platform":18,"runframes":9215,"runend":1021,"unknown1":4316,"unknown2":1266,"rank":5060,"percentile":35.94580906558622}},"tenDayPercentiles":[],"tenDayDecayingPercentileScore":0,"scoresByDay":[],"rankSummary":{"mean":5060,"median":5060,"max":5060,"min":5060},"percentileSummary":{"mean":35.94580906558622,"median":35.94580906558622,"max":35.94580906558622,"min":35.94580906558622}}