{"name":"Beshu","scoreData":{"2020-10-01":{"id":76561198009439470,"name":"Beshu","score":20100,"level":3,"character":0,"platform":18,"runframes":11149,"runend":1020,"unknown1":34,"unknown2":4294965307,"rank":3588,"percentile":53.37925656355601}},"tenDayPercentiles":[],"tenDayDecayingPercentileScore":0,"scoresByDay":[],"rankSummary":{"mean":3588,"median":3588,"max":3588,"min":3588},"percentileSummary":{"mean":53.37925656355601,"median":53.37925656355601,"max":53.37925656355601,"min":53.37925656355601}}