{"name":"Besselking_MEB","scoreData":{"2020-10-11":{"id":6671712359366552000,"name":"Besselking_MEB","score":17300,"level":3,"character":4,"platform":48,"runframes":14750,"runend":1020,"unknown1":2416,"unknown2":59,"rank":3859,"percentile":39.24409448818898}},"tenDayPercentiles":[],"tenDayDecayingPercentileScore":0,"scoresByDay":[],"rankSummary":{"mean":3859,"median":3859,"max":3859,"min":3859},"percentileSummary":{"mean":39.24409448818898,"median":39.24409448818898,"max":39.24409448818898,"min":39.24409448818898}}