{"name":"BeSteady","scoreData":{"2020-09-30":{"id":76561198051625840,"name":"BeSteady","score":18800,"level":2,"character":0,"platform":18,"runframes":10662,"runend":1021,"unknown1":935,"unknown2":142,"rank":4383,"percentile":43.26773692387364}},"tenDayPercentiles":[],"tenDayDecayingPercentileScore":0,"scoresByDay":[],"rankSummary":{"mean":4383,"median":4383,"max":4383,"min":4383},"percentileSummary":{"mean":43.26773692387364,"median":43.26773692387364,"max":43.26773692387364,"min":43.26773692387364}}