{"name":"Best1nTheWor1d","scoreData":{"2020-10-09":{"id":76561198085179410,"name":"Best1nTheWor1d","score":8200,"level":2,"character":0,"platform":18,"runframes":6528,"runend":1021,"unknown1":4294963818,"unknown2":4294963701,"rank":5033,"percentile":19.7704081632653}},"tenDayPercentiles":[],"tenDayDecayingPercentileScore":0,"scoresByDay":[],"rankSummary":{"mean":5033,"median":5033,"max":5033,"min":5033},"percentileSummary":{"mean":19.7704081632653,"median":19.7704081632653,"max":19.7704081632653,"min":19.7704081632653}}