{"name":"betbag2","scoreData":{"2020-09-30":{"id":76561198002255440,"name":"betbag2","score":3000,"level":1,"character":4,"platform":18,"runframes":1271,"runend":1022,"unknown1":4294961939,"unknown2":1203,"rank":7470,"percentile":3.3013982392542687}},"tenDayPercentiles":[],"tenDayDecayingPercentileScore":0,"scoresByDay":[],"rankSummary":{"mean":7470,"median":7470,"max":7470,"min":7470},"percentileSummary":{"mean":3.3013982392542687,"median":3.3013982392542687,"max":3.3013982392542687,"min":3.3013982392542687}}