{"name":"BFM","scoreData":{"2020-10-07":{"id":76561198025918740,"name":"BFM","score":8100,"level":2,"character":0,"platform":18,"runframes":9188,"runend":1021,"unknown1":1339,"unknown2":39,"rank":3712,"percentile":43.11771919068056}},"tenDayPercentiles":[],"tenDayDecayingPercentileScore":0,"scoresByDay":[],"rankSummary":{"mean":3712,"median":3712,"max":3712,"min":3712},"percentileSummary":{"mean":43.11771919068056,"median":43.11771919068056,"max":43.11771919068056,"min":43.11771919068056}}