{"name":"bgstoned6","scoreData":{"2020-11-04":{"id":76561198041639280,"name":"bgstoned6","score":5500,"level":2,"character":6,"platform":18,"runframes":9487,"runend":1021,"unknown1":1877,"unknown2":241,"rank":3814,"percentile":15.05903319224771}},"tenDayPercentiles":[],"tenDayDecayingPercentileScore":0,"scoresByDay":[],"rankSummary":{"mean":3814,"median":3814,"max":3814,"min":3814},"percentileSummary":{"mean":15.05903319224771,"median":15.05903319224771,"max":15.05903319224771,"min":15.05903319224771}}