{"name":"BHPirkle","scoreData":{"2020-10-27":{"id":4619610286022479000,"name":"BHPirkle","score":13200,"level":3,"character":0,"platform":48,"runframes":8731,"runend":1020,"unknown1":4294966761,"unknown2":825,"rank":2788,"percentile":44.002411091018686}},"tenDayPercentiles":[],"tenDayDecayingPercentileScore":0,"scoresByDay":[],"rankSummary":{"mean":2788,"median":2788,"max":2788,"min":2788},"percentileSummary":{"mean":44.002411091018686,"median":44.002411091018686,"max":44.002411091018686,"min":44.002411091018686}}