{"name":"BIBO AND 01'S BF","scoreData":{"2020-10-01":{"id":76561198406100370,"name":"BIBO AND 01'S BF","score":9500,"level":2,"character":3,"platform":18,"runframes":5967,"runend":1021,"unknown1":231,"unknown2":4294967217,"rank":4992,"percentile":35.13127112035352}},"tenDayDecayingPercentileMean":null,"rankSummary":{"mean":4992,"median":4992,"max":4992,"min":4992},"percentileSummary":{"mean":35.13127112035352,"median":35.13127112035352,"max":35.13127112035352,"min":35.13127112035352}}