{"name":"Bicuits","scoreData":{"2020-10-01":{"id":5524754280327097000,"name":"Bicuits","score":4400,"level":1,"character":2,"platform":18,"runframes":2334,"runend":1022,"unknown1":6269,"unknown2":49,"rank":6460,"percentile":16.051468676891076}},"tenDayPercentiles":[],"tenDayDecayingPercentileScore":0,"scoresByDay":[],"rankSummary":{"mean":6460,"median":6460,"max":6460,"min":6460},"percentileSummary":{"mean":16.051468676891076,"median":16.051468676891076,"max":16.051468676891076,"min":16.051468676891076}}