{"name":"Biers","scoreData":{"2020-11-02":{"id":76561198018539820,"name":"Biers","score":1300,"level":2,"character":2,"platform":18,"runframes":5814,"runend":1021,"unknown1":3135,"unknown2":926,"rank":4239,"percentile":5.2537446903644}},"tenDayPercentiles":[],"tenDayDecayingPercentileScore":0,"scoresByDay":[],"rankSummary":{"mean":4239,"median":4239,"max":4239,"min":4239},"percentileSummary":{"mean":5.2537446903644,"median":5.2537446903644,"max":5.2537446903644,"min":5.2537446903644}}