{"name":"Big Nuts Dan","scoreData":{"2020-10-09":{"id":3233916079341653000,"name":"Big Nuts Dan","score":5800,"level":2,"character":3,"platform":18,"runframes":12278,"runend":1021,"unknown1":672,"unknown2":4294965709,"rank":5230,"percentile":16.629464285714292}},"tenDayDecayingPercentileMean":null,"rankSummary":{"mean":5230,"median":5230,"max":5230,"min":5230},"percentileSummary":{"mean":16.629464285714292,"median":16.629464285714292,"max":16.629464285714292,"min":16.629464285714292}}