{"name":"Big Iron","scoreData":{"2020-10-01":{"id":76561198128110740,"name":"Big Iron","score":18500,"level":4,"character":0,"platform":18,"runframes":23439,"runend":1019,"unknown1":1164,"unknown2":395,"rank":2803,"percentile":63.582011957369374}},"tenDayDecayingPercentileMean":null,"rankSummary":{"mean":2803,"median":2803,"max":2803,"min":2803},"percentileSummary":{"mean":63.582011957369374,"median":63.582011957369374,"max":63.582011957369374,"min":63.582011957369374}}