{"name":"big-bee123","scoreData":{"2020-10-03":{"id":76561198109779650,"name":"big-bee123","score":8200,"level":2,"character":2,"platform":48,"runframes":10353,"runend":1021,"unknown1":3743,"unknown2":165,"rank":5515,"percentile":30.184856925804}},"tenDayPercentiles":[],"tenDayDecayingPercentileScore":0,"scoresByDay":[],"rankSummary":{"mean":5515,"median":5515,"max":5515,"min":5515},"percentileSummary":{"mean":30.184856925804,"median":30.184856925804,"max":30.184856925804,"min":30.184856925804}}