{"name":"BIG_PIMPIN420","scoreData":{"2020-09-22":{"id":3753952400615011300,"name":"BIG_PIMPIN420","score":5500,"level":2,"character":10,"platform":48,"runframes":10007,"runend":1021,"unknown1":4294967050,"unknown2":1109,"rank":1421,"percentile":42.323314378554024}},"tenDayPercentiles":[],"tenDayDecayingPercentileScore":0,"scoresByDay":[],"rankSummary":{"mean":1421,"median":1421,"max":1421,"min":1421},"percentileSummary":{"mean":42.323314378554024,"median":42.323314378554024,"max":42.323314378554024,"min":42.323314378554024}}