{"name":"Big man cookie cutter","scoreData":{"2020-11-21":{"id":76561197979648260,"name":"Big man cookie cutter","score":251300,"level":21,"character":19,"platform":18,"runframes":127081,"runend":1002,"unknown1":530,"unknown2":329,"rank":37,"percentile":99.13273909901228}},"tenDayPercentiles":[99.13273909901228],"tenDayDecayingPercentileScore":89.21946518911106,"scoresByDay":[89.21946518911106],"rankSummary":{"mean":37,"median":37,"max":37,"min":37},"percentileSummary":{"mean":99.13273909901228,"median":99.13273909901228,"max":99.13273909901228,"min":99.13273909901228}}