{"name":"BIG AL","scoreData":{"2020-09-29":{"id":76561198163828400,"name":"BIG AL","score":9300,"level":1,"character":4,"platform":18,"runframes":1750,"runend":1022,"unknown1":1972,"unknown2":34,"rank":4746,"percentile":15.146638054363379}},"tenDayPercentiles":[],"tenDayDecayingPercentileScore":0,"scoresByDay":[],"rankSummary":{"mean":4746,"median":4746,"max":4746,"min":4746},"percentileSummary":{"mean":15.146638054363379,"median":15.146638054363379,"max":15.146638054363379,"min":15.146638054363379}}