{"name":"Big_Bootee_Judy","scoreData":{"2020-10-27":{"id":76561198249155170,"name":"Big_Bootee_Judy","score":4500,"level":1,"character":0,"platform":48,"runframes":7766,"runend":1022,"unknown1":3199,"unknown2":429,"rank":4739,"percentile":4.802089612216193}},"tenDayPercentiles":[],"tenDayDecayingPercentileScore":0,"scoresByDay":[],"rankSummary":{"mean":4739,"median":4739,"max":4739,"min":4739},"percentileSummary":{"mean":4.802089612216193,"median":4.802089612216193,"max":4.802089612216193,"min":4.802089612216193}}