{"name":"bigblair10","scoreData":{"2020-10-12":{"id":7449595818305043000,"name":"bigblair10","score":0,"level":1,"character":3,"platform":48,"runframes":1145,"runend":1022,"unknown1":2051,"unknown2":2435,"rank":5873,"percentile":1.8716577540106982}},"tenDayPercentiles":[],"tenDayDecayingPercentileScore":0,"scoresByDay":[],"rankSummary":{"mean":5873,"median":5873,"max":5873,"min":5873},"percentileSummary":{"mean":1.8716577540106982,"median":1.8716577540106982,"max":1.8716577540106982,"min":1.8716577540106982}}