{"name":"Bigboiapap","scoreData":{"2020-10-05":{"id":76561198276110560,"name":"Bigboiapap","score":0,"level":1,"character":3,"platform":18,"runframes":4890,"runend":1022,"unknown1":4294964960,"unknown2":5,"rank":6771,"percentile":0.6165590135055794}},"tenDayPercentiles":[],"tenDayDecayingPercentileScore":0,"scoresByDay":[],"rankSummary":{"mean":6771,"median":6771,"max":6771,"min":6771},"percentileSummary":{"mean":0.6165590135055794,"median":0.6165590135055794,"max":0.6165590135055794,"min":0.6165590135055794}}