{"name":"BigCity","scoreData":{"2020-11-12":{"id":76561198308334910,"name":"BigCity","score":24750,"level":5,"character":3,"platform":18,"runframes":13877,"runend":1018,"unknown1":3477,"unknown2":197,"rank":1063,"percentile":75.093808630394}},"tenDayPercentiles":[75.093808630394],"tenDayDecayingPercentileScore":32.32542228939963,"scoresByDay":[32.32542228939963],"rankSummary":{"mean":1063,"median":1063,"max":1063,"min":1063},"percentileSummary":{"mean":75.093808630394,"median":75.093808630394,"max":75.093808630394,"min":75.093808630394}}