{"name":"bigcuddlyteddy","scoreData":{"2020-11-01":{"id":7410741197455005000,"name":"bigcuddlyteddy","score":73800,"level":13,"character":4,"platform":18,"runframes":76939,"runend":1010,"unknown1":1421,"unknown2":1082,"rank":209,"percentile":95.57917109458023}},"tenDayPercentiles":[],"tenDayDecayingPercentileScore":0,"scoresByDay":[],"rankSummary":{"mean":209,"median":209,"max":209,"min":209},"percentileSummary":{"mean":95.57917109458023,"median":95.57917109458023,"max":95.57917109458023,"min":95.57917109458023}}