{"name":"bigdaddy025","scoreData":{"2020-10-17":{"id":3531592822044403000,"name":"bigdaddy025","score":6500,"level":2,"character":0,"platform":48,"runframes":13216,"runend":1021,"unknown1":4294965896,"unknown2":9,"rank":4152,"percentile":29.018467852257174}},"tenDayPercentiles":[],"tenDayDecayingPercentileScore":0,"scoresByDay":[],"rankSummary":{"mean":4152,"median":4152,"max":4152,"min":4152},"percentileSummary":{"mean":29.018467852257174,"median":29.018467852257174,"max":29.018467852257174,"min":29.018467852257174}}