{"name":"bigjoe2903","scoreData":{"2020-10-01":{"id":138960262826274320,"name":"bigjoe2903","score":12400,"level":3,"character":1,"platform":48,"runframes":18989,"runend":1020,"unknown1":4294963084,"unknown2":127,"rank":3931,"percentile":48.92123732778789}},"tenDayPercentiles":[],"tenDayDecayingPercentileScore":0,"scoresByDay":[],"rankSummary":{"mean":3931,"median":3931,"max":3931,"min":3931},"percentileSummary":{"mean":48.92123732778789,"median":48.92123732778789,"max":48.92123732778789,"min":48.92123732778789}}