{"name":"bigjack274","scoreData":{"2020-09-30":{"id":76561197964895330,"name":"bigjack274","score":20450,"level":4,"character":6,"platform":48,"runframes":27496,"runend":1019,"unknown1":3464,"unknown2":695,"rank":1642,"percentile":78.75453133091662}},"tenDayPercentiles":[],"tenDayDecayingPercentileScore":0,"scoresByDay":[],"rankSummary":{"mean":1642,"median":1642,"max":1642,"min":1642},"percentileSummary":{"mean":78.75453133091662,"median":78.75453133091662,"max":78.75453133091662,"min":78.75453133091662}}