{"name":"BigLJG","scoreData":{"2020-09-24":{"id":5559473186539030000,"name":"BigLJG","score":7700,"level":1,"character":0,"platform":48,"runframes":2281,"runend":1022,"unknown1":4294966282,"unknown2":435,"rank":2070,"percentile":10.277536860364265}},"tenDayPercentiles":[],"tenDayDecayingPercentileScore":0,"scoresByDay":[],"rankSummary":{"mean":2070,"median":2070,"max":2070,"min":2070},"percentileSummary":{"mean":10.277536860364265,"median":10.277536860364265,"max":10.277536860364265,"min":10.277536860364265}}