{"name":"BigManBigPlan","scoreData":{"2020-10-04":{"id":76561198226100380,"name":"BigManBigPlan","score":2100,"level":1,"character":3,"platform":18,"runframes":3024,"runend":1022,"unknown1":3131,"unknown2":666,"rank":6925,"percentile":7.827476038338659}},"tenDayPercentiles":[],"tenDayDecayingPercentileScore":0,"scoresByDay":[],"rankSummary":{"mean":6925,"median":6925,"max":6925,"min":6925},"percentileSummary":{"mean":7.827476038338659,"median":7.827476038338659,"max":7.827476038338659,"min":7.827476038338659}}