{"name":"BigRizzle","scoreData":{"2020-11-04":{"id":7831214661268911000,"name":"BigRizzle","score":17600,"level":3,"character":7,"platform":18,"runframes":13721,"runend":1020,"unknown1":4294965488,"unknown2":4294966234,"rank":2840,"percentile":36.75651592782357}},"tenDayPercentiles":[],"tenDayDecayingPercentileScore":0,"scoresByDay":[],"rankSummary":{"mean":2840,"median":2840,"max":2840,"min":2840},"percentileSummary":{"mean":36.75651592782357,"median":36.75651592782357,"max":36.75651592782357,"min":36.75651592782357}}