{"name":"BigRedLump","scoreData":{"2020-09-18":{"id":7435208049117128000,"name":"BigRedLump","score":7200,"level":3,"character":1,"platform":48,"runframes":13703,"runend":1020,"unknown1":584,"unknown2":1547,"rank":1743,"percentile":37.6967095851216}},"tenDayPercentiles":[],"tenDayDecayingPercentileScore":0,"scoresByDay":[],"rankSummary":{"mean":1743,"median":1743,"max":1743,"min":1743},"percentileSummary":{"mean":37.6967095851216,"median":37.6967095851216,"max":37.6967095851216,"min":37.6967095851216}}