{"name":"BigSmoke306","scoreData":{"2020-10-04":{"id":76561198066125820,"name":"BigSmoke306","score":6200,"level":2,"character":0,"platform":18,"runframes":7235,"runend":1021,"unknown1":2317,"unknown2":118,"rank":5593,"percentile":25.559105431309902}},"tenDayPercentiles":[],"tenDayDecayingPercentileScore":0,"scoresByDay":[],"rankSummary":{"mean":5593,"median":5593,"max":5593,"min":5593},"percentileSummary":{"mean":25.559105431309902,"median":25.559105431309902,"max":25.559105431309902,"min":25.559105431309902}}