{"name":"BigTimeGamer_247","scoreData":{"2020-10-09":{"id":76561198059844880,"name":"BigTimeGamer_247","score":1800,"level":3,"character":4,"platform":48,"runframes":17496,"runend":1020,"unknown1":4294963624,"unknown2":694,"rank":4297,"percentile":31.505102040816325}},"tenDayPercentiles":[],"tenDayDecayingPercentileScore":0,"scoresByDay":[],"rankSummary":{"mean":4297,"median":4297,"max":4297,"min":4297},"percentileSummary":{"mean":31.505102040816325,"median":31.505102040816325,"max":31.505102040816325,"min":31.505102040816325}}