{"name":"BigTushyPal","scoreData":{"2020-11-07":{"id":76561198338325730,"name":"BigTushyPal","score":6200,"level":2,"character":1,"platform":48,"runframes":7680,"runend":1021,"unknown1":4294963802,"unknown2":4294965602,"rank":3871,"percentile":18.96984924623115}},"tenDayPercentiles":[],"tenDayDecayingPercentileScore":0,"scoresByDay":[],"rankSummary":{"mean":3871,"median":3871,"max":3871,"min":3871},"percentileSummary":{"mean":18.96984924623115,"median":18.96984924623115,"max":18.96984924623115,"min":18.96984924623115}}