{"name":"Bigwilly3733","scoreData":{"2020-11-17":{"id":5359300607574869000,"name":"Bigwilly3733","score":500,"level":1,"character":3,"platform":18,"runframes":2423,"runend":1022,"unknown1":849,"unknown2":407,"rank":3870,"percentile":1.2506380806534025}},"tenDayPercentiles":[1.2506380806534025],"tenDayDecayingPercentileScore":1.013016845329256,"scoresByDay":[1.013016845329256],"rankSummary":{"mean":3870,"median":3870,"max":3870,"min":3870},"percentileSummary":{"mean":1.2506380806534025,"median":1.2506380806534025,"max":1.2506380806534025,"min":1.2506380806534025}}