{"name":"BigWaveyyyPapi","scoreData":{"2020-10-08":{"id":76561198081353800,"name":"BigWaveyyyPapi","score":16900,"level":3,"character":3,"platform":48,"runframes":20060,"runend":1020,"unknown1":4294964989,"unknown2":352,"rank":3510,"percentile":44.644265657043704}},"tenDayPercentiles":[],"tenDayDecayingPercentileScore":0,"scoresByDay":[],"rankSummary":{"mean":3510,"median":3510,"max":3510,"min":3510},"percentileSummary":{"mean":44.644265657043704,"median":44.644265657043704,"max":44.644265657043704,"min":44.644265657043704}}