{"name":"Biird","scoreData":{"2020-10-19":{"id":76561197988823920,"name":"Biird","score":800,"level":1,"character":7,"platform":18,"runframes":2747,"runend":1022,"unknown1":1176,"unknown2":4294966861,"rank":5161,"percentile":3.515332834704566}},"tenDayPercentiles":[],"tenDayDecayingPercentileScore":0,"scoresByDay":[],"rankSummary":{"mean":5161,"median":5161,"max":5161,"min":5161},"percentileSummary":{"mean":3.515332834704566,"median":3.515332834704566,"max":3.515332834704566,"min":3.515332834704566}}