{"name":"Bilaboxi","scoreData":{"2020-09-15":{"id":1610219321504467200,"name":"Bilaboxi","score":24700,"level":3,"character":2,"platform":48,"runframes":11486,"runend":1020,"unknown1":4294966786,"unknown2":184,"rank":629,"percentile":65.41850220264317}},"tenDayPercentiles":[],"tenDayDecayingPercentileScore":0,"scoresByDay":[],"rankSummary":{"mean":629,"median":629,"max":629,"min":629},"percentileSummary":{"mean":65.41850220264317,"median":65.41850220264317,"max":65.41850220264317,"min":65.41850220264317}}