{"name":"Bilbro Swaggins","scoreData":{"2020-10-01":{"id":76561198025080700,"name":"Bilbro Swaggins","score":10300,"level":4,"character":2,"platform":18,"runframes":14820,"runend":1019,"unknown1":4294963290,"unknown2":4294965583,"rank":3308,"percentile":57.01845593969327}},"tenDayPercentiles":[],"tenDayDecayingPercentileScore":0,"scoresByDay":[],"rankSummary":{"mean":3308,"median":3308,"max":3308,"min":3308},"percentileSummary":{"mean":57.01845593969327,"median":57.01845593969327,"max":57.01845593969327,"min":57.01845593969327}}