{"name":"bilboswaggenz","scoreData":{"2020-09-19":{"id":2836805979371774500,"name":"bilboswaggenz","score":1000,"level":1,"character":2,"platform":48,"runframes":1393,"runend":1022,"unknown1":639,"unknown2":630,"rank":2894,"percentile":3.4379172229639465}},"tenDayPercentiles":[],"tenDayDecayingPercentileScore":0,"scoresByDay":[],"rankSummary":{"mean":2894,"median":2894,"max":2894,"min":2894},"percentileSummary":{"mean":3.4379172229639465,"median":3.4379172229639465,"max":3.4379172229639465,"min":3.4379172229639465}}