{"name":"Billsobey","scoreData":{"2020-09-17":{"id":7289131899298399000,"name":"Billsobey","score":22800,"level":3,"character":0,"platform":48,"runframes":15561,"runend":1020,"unknown1":4294967157,"unknown2":201,"rank":889,"percentile":68.58860983374602}},"tenDayPercentiles":[],"tenDayDecayingPercentileScore":0,"scoresByDay":[],"rankSummary":{"mean":889,"median":889,"max":889,"min":889},"percentileSummary":{"mean":68.58860983374602,"median":68.58860983374602,"max":68.58860983374602,"min":68.58860983374602}}