{"name":"Bilseph","scoreData":{"2020-10-05":{"id":76561197998391730,"name":"Bilseph","score":4700,"level":2,"character":0,"platform":48,"runframes":6239,"runend":1021,"unknown1":4136,"unknown2":18,"rank":4901,"percentile":28.068115091015855}},"tenDayPercentiles":[],"tenDayDecayingPercentileScore":0,"scoresByDay":[],"rankSummary":{"mean":4901,"median":4901,"max":4901,"min":4901},"percentileSummary":{"mean":28.068115091015855,"median":28.068115091015855,"max":28.068115091015855,"min":28.068115091015855}}