{"name":"Binfield756","scoreData":{"2020-10-30":{"id":76561198263637280,"name":"Binfield756","score":1100,"level":1,"character":10,"platform":48,"runframes":2397,"runend":1022,"unknown1":2333,"unknown2":531,"rank":4556,"percentile":4.085070541166559}},"tenDayPercentiles":[],"tenDayDecayingPercentileScore":0,"scoresByDay":[],"rankSummary":{"mean":4556,"median":4556,"max":4556,"min":4556},"percentileSummary":{"mean":4.085070541166559,"median":4.085070541166559,"max":4.085070541166559,"min":4.085070541166559}}