{"name":"BingBong","scoreData":{"2020-10-22":{"id":76561198034312100,"name":"BingBong","score":15000,"level":4,"character":16,"platform":18,"runframes":13360,"runend":1019,"unknown1":2704,"unknown2":1563,"rank":2800,"percentile":47.25833804409271}},"tenDayPercentiles":[],"tenDayDecayingPercentileScore":0,"scoresByDay":[],"rankSummary":{"mean":2800,"median":2800,"max":2800,"min":2800},"percentileSummary":{"mean":47.25833804409271,"median":47.25833804409271,"max":47.25833804409271,"min":47.25833804409271}}