{"name":"Bioriginal","scoreData":{"2020-10-11":{"id":76561197972350620,"name":"Bioriginal","score":1500,"level":2,"character":0,"platform":48,"runframes":4262,"runend":1021,"unknown1":4294967198,"unknown2":4294964254,"rank":5398,"percentile":15.00787401574803}},"tenDayPercentiles":[],"tenDayDecayingPercentileScore":0,"scoresByDay":[],"rankSummary":{"mean":5398,"median":5398,"max":5398,"min":5398},"percentileSummary":{"mean":15.00787401574803,"median":15.00787401574803,"max":15.00787401574803,"min":15.00787401574803}}