{"name":"birdy247","scoreData":{"2020-10-02":{"id":76561198043333970,"name":"birdy247","score":8700,"level":1,"character":2,"platform":48,"runframes":7164,"runend":1022,"unknown1":3107,"unknown2":694,"rank":5953,"percentile":20.246549644914907}},"tenDayPercentiles":[],"tenDayDecayingPercentileScore":0,"scoresByDay":[],"rankSummary":{"mean":5953,"median":5953,"max":5953,"min":5953},"percentileSummary":{"mean":20.246549644914907,"median":20.246549644914907,"max":20.246549644914907,"min":20.246549644914907}}