{"name":"BishopsHorn","scoreData":{"2020-09-16":{"id":4085776318818051000,"name":"BishopsHorn","score":15700,"level":2,"character":0,"platform":48,"runframes":5106,"runend":1021,"unknown1":4294966613,"unknown2":4294964838,"rank":1752,"percentile":43.2598833441348}},"tenDayPercentiles":[],"tenDayDecayingPercentileScore":0,"scoresByDay":[],"rankSummary":{"mean":1752,"median":1752,"max":1752,"min":1752},"percentileSummary":{"mean":43.2598833441348,"median":43.2598833441348,"max":43.2598833441348,"min":43.2598833441348}}