{"name":"BismarckBeats ><CC>†","scoreData":{"2020-10-01":{"id":76561199062141630,"name":"BismarckBeats ><CC>†","score":6300,"level":2,"character":2,"platform":18,"runframes":10350,"runend":1021,"unknown1":7020,"unknown2":3647,"rank":5138,"percentile":33.23368858851052}},"tenDayDecayingPercentileMean":null,"rankSummary":{"mean":5138,"median":5138,"max":5138,"min":5138},"percentileSummary":{"mean":33.23368858851052,"median":33.23368858851052,"max":33.23368858851052,"min":33.23368858851052}}