{"name":"bizboyz120","scoreData":{"2020-09-15":{"id":7171964297807884000,"name":"bizboyz120","score":6900,"level":1,"character":0,"platform":48,"runframes":4386,"runend":1022,"unknown1":4294966994,"unknown2":152,"rank":1551,"percentile":14.647577092511014}},"tenDayPercentiles":[],"tenDayDecayingPercentileScore":0,"scoresByDay":[],"rankSummary":{"mean":1551,"median":1551,"max":1551,"min":1551},"percentileSummary":{"mean":14.647577092511014,"median":14.647577092511014,"max":14.647577092511014,"min":14.647577092511014}}