{"name":"bizzyb_lv","scoreData":{"2020-10-30":{"id":7525756255064723000,"name":"bizzyb_lv","score":3600,"level":1,"character":2,"platform":48,"runframes":10591,"runend":1022,"unknown1":4294966725,"unknown2":432,"rank":4365,"percentile":8.106969888397558}},"tenDayPercentiles":[],"tenDayDecayingPercentileScore":0,"scoresByDay":[],"rankSummary":{"mean":4365,"median":4365,"max":4365,"min":4365},"percentileSummary":{"mean":8.106969888397558,"median":8.106969888397558,"max":8.106969888397558,"min":8.106969888397558}}