{"name":"Bk","scoreData":{"2020-10-02":{"id":76561198126678460,"name":"Bk","score":14200,"level":2,"character":3,"platform":18,"runframes":5764,"runend":1021,"unknown1":4574,"unknown2":148,"rank":4202,"percentile":43.70896422350261}},"tenDayPercentiles":[],"tenDayDecayingPercentileScore":0,"scoresByDay":[],"rankSummary":{"mean":4202,"median":4202,"max":4202,"min":4202},"percentileSummary":{"mean":43.70896422350261,"median":43.70896422350261,"max":43.70896422350261,"min":43.70896422350261}}