{"name":"bkbroiler","scoreData":{"2020-10-06":{"id":1260466248675008800,"name":"bkbroiler","score":3400,"level":3,"character":7,"platform":18,"runframes":10631,"runend":1020,"unknown1":620,"unknown2":4294967236,"rank":4008,"percentile":41.03016924208978}},"tenDayPercentiles":[],"tenDayDecayingPercentileScore":0,"scoresByDay":[],"rankSummary":{"mean":4008,"median":4008,"max":4008,"min":4008},"percentileSummary":{"mean":41.03016924208978,"median":41.03016924208978,"max":41.03016924208978,"min":41.03016924208978}}