{"name":"bklink86","scoreData":{"2020-10-03":{"id":1076759026007249700,"name":"bklink86","score":1900,"level":2,"character":0,"platform":48,"runframes":3984,"runend":1021,"unknown1":1237,"unknown2":377,"rank":6573,"percentile":16.789060521651052}},"tenDayPercentiles":[],"tenDayDecayingPercentileScore":0,"scoresByDay":[],"rankSummary":{"mean":6573,"median":6573,"max":6573,"min":6573},"percentileSummary":{"mean":16.789060521651052,"median":16.789060521651052,"max":16.789060521651052,"min":16.789060521651052}}