{"name":"Bl4ckfire-CJ","scoreData":{"2020-09-25":{"id":524206320190774700,"name":"Bl4ckfire-CJ","score":9650,"level":3,"character":7,"platform":48,"runframes":18096,"runend":1020,"unknown1":4294966736,"unknown2":193,"rank":1181,"percentile":48.651000870322015}},"tenDayPercentiles":[],"tenDayDecayingPercentileScore":0,"scoresByDay":[],"rankSummary":{"mean":1181,"median":1181,"max":1181,"min":1181},"percentileSummary":{"mean":48.651000870322015,"median":48.651000870322015,"max":48.651000870322015,"min":48.651000870322015}}