{"name":"blackmessia","scoreData":{"2020-10-04":{"id":76561197985402270,"name":"blackmessia","score":0,"level":1,"character":3,"platform":48,"runframes":1283,"runend":1022,"unknown1":4294966265,"unknown2":38,"rank":7458,"percentile":0.7321618743344089}},"tenDayPercentiles":[],"tenDayDecayingPercentileScore":0,"scoresByDay":[],"rankSummary":{"mean":7458,"median":7458,"max":7458,"min":7458},"percentileSummary":{"mean":0.7321618743344089,"median":0.7321618743344089,"max":0.7321618743344089,"min":0.7321618743344089}}