{"name":"blackbox2020","scoreData":{"2020-11-19":{"id":76561198066881460,"name":"blackbox2020","score":11700,"level":2,"character":4,"platform":18,"runframes":11257,"runend":1021,"unknown1":4294965222,"unknown2":512,"rank":3009,"percentile":22.99027137736816}},"tenDayPercentiles":[22.99027137736816],"tenDayDecayingPercentileScore":20.691244239631345,"scoresByDay":[20.691244239631345],"rankSummary":{"mean":3009,"median":3009,"max":3009,"min":3009},"percentileSummary":{"mean":22.99027137736816,"median":22.99027137736816,"max":22.99027137736816,"min":22.99027137736816}}