{"name":"blacksheepwool","scoreData":{"2020-10-27":{"id":76561198125534620,"name":"blacksheepwool","score":29800,"level":3,"character":6,"platform":18,"runframes":19709,"runend":1020,"unknown1":4294964541,"unknown2":316,"rank":2072,"percentile":58.388587502511555}},"tenDayPercentiles":[],"tenDayDecayingPercentileScore":0,"scoresByDay":[],"rankSummary":{"mean":2072,"median":2072,"max":2072,"min":2072},"percentileSummary":{"mean":58.388587502511555,"median":58.388587502511555,"max":58.388587502511555,"min":58.388587502511555}}