{"name":"BlackSwordMan07","scoreData":{"2020-10-02":{"id":1062694619045842200,"name":"BlackSwordMan07","score":2500,"level":2,"character":0,"platform":48,"runframes":3547,"runend":1021,"unknown1":2851,"unknown2":4294963919,"rank":5763,"percentile":22.792442717405876}},"tenDayPercentiles":[],"tenDayDecayingPercentileScore":0,"scoresByDay":[],"rankSummary":{"mean":5763,"median":5763,"max":5763,"min":5763},"percentileSummary":{"mean":22.792442717405876,"median":22.792442717405876,"max":22.792442717405876,"min":22.792442717405876}}