{"name":"blackdragon328","scoreData":{"2020-11-19":{"id":6158947912415358000,"name":"blackdragon328","score":1500,"level":1,"character":5,"platform":18,"runframes":4779,"runend":1022,"unknown1":4294966670,"unknown2":131,"rank":3752,"percentile":3.9682539682539613}},"tenDayPercentiles":[],"tenDayDecayingPercentileScore":0,"scoresByDay":[],"rankSummary":{"mean":3752,"median":3752,"max":3752,"min":3752},"percentileSummary":{"mean":3.9682539682539613,"median":3.9682539682539613,"max":3.9682539682539613,"min":3.9682539682539613}}