{"name":"blackout","scoreData":{"2020-10-10":{"id":76561197971823730,"name":"blackout","score":2900,"level":1,"character":3,"platform":18,"runframes":3057,"runend":1022,"unknown1":3023,"unknown2":474,"rank":5465,"percentile":17.161916312916915}},"tenDayPercentiles":[],"tenDayDecayingPercentileScore":0,"scoresByDay":[],"rankSummary":{"mean":5465,"median":5465,"max":5465,"min":5465},"percentileSummary":{"mean":17.161916312916915,"median":17.161916312916915,"max":17.161916312916915,"min":17.161916312916915}}