{"name":"blackwater227","scoreData":{"2020-10-11":{"id":76561198093157230,"name":"blackwater227","score":72975,"level":6,"character":14,"platform":48,"runframes":72277,"runend":1017,"unknown1":4294966819,"unknown2":917,"rank":1103,"percentile":82.64566929133858}},"tenDayPercentiles":[],"tenDayDecayingPercentileScore":0,"scoresByDay":[],"rankSummary":{"mean":1103,"median":1103,"max":1103,"min":1103},"percentileSummary":{"mean":82.64566929133858,"median":82.64566929133858,"max":82.64566929133858,"min":82.64566929133858}}