{"name":"blah blah blathnir","scoreData":{"2020-10-25":{"id":8458693883246584000,"name":"blah blah blathnir","score":3675,"level":6,"character":16,"platform":18,"runframes":54802,"runend":1017,"unknown1":2861,"unknown2":4294966448,"rank":1435,"percentile":74.16216216216216}},"tenDayPercentiles":[],"tenDayDecayingPercentileScore":0,"scoresByDay":[],"rankSummary":{"mean":1435,"median":1435,"max":1435,"min":1435},"percentileSummary":{"mean":74.16216216216216,"median":74.16216216216216,"max":74.16216216216216,"min":74.16216216216216}}