{"name":"Blake_Dragon12","scoreData":{"2020-11-10":{"id":76561198105923800,"name":"Blake_Dragon12","score":8300,"level":4,"character":2,"platform":48,"runframes":19917,"runend":1019,"unknown1":2846,"unknown2":1522,"rank":2402,"percentile":45.132541133455206}},"tenDayPercentiles":[45.132541133455206],"tenDayDecayingPercentileScore":15.736744040162252,"scoresByDay":[15.736744040162252],"rankSummary":{"mean":2402,"median":2402,"max":2402,"min":2402},"percentileSummary":{"mean":45.132541133455206,"median":45.132541133455206,"max":45.132541133455206,"min":45.132541133455206}}