{"name":"BlaKecks","scoreData":{"2020-10-04":{"id":76561198113942960,"name":"BlaKecks","score":2100,"level":1,"character":3,"platform":18,"runframes":3527,"runend":1022,"unknown1":2263,"unknown2":272,"rank":6928,"percentile":7.787539936102235}},"tenDayPercentiles":[],"tenDayDecayingPercentileScore":0,"scoresByDay":[],"rankSummary":{"mean":6928,"median":6928,"max":6928,"min":6928},"percentileSummary":{"mean":7.787539936102235,"median":7.787539936102235,"max":7.787539936102235,"min":7.787539936102235}}