{"name":"BlakeElite","scoreData":{"2020-09-23":{"id":9212772693879914000,"name":"BlakeElite","score":8100,"level":2,"character":7,"platform":48,"runframes":10388,"runend":1021,"unknown1":4294966799,"unknown2":348,"rank":2004,"percentile":16.749792186201162}},"tenDayPercentiles":[],"tenDayDecayingPercentileScore":0,"scoresByDay":[],"rankSummary":{"mean":2004,"median":2004,"max":2004,"min":2004},"percentileSummary":{"mean":16.749792186201162,"median":16.749792186201162,"max":16.749792186201162,"min":16.749792186201162}}