{"name":"Blanc","scoreData":{"2020-10-19":{"id":76561197988955840,"name":"Blanc","score":20900,"level":4,"character":3,"platform":18,"runframes":12937,"runend":1019,"unknown1":4294963722,"unknown2":4294962360,"rank":2249,"percentile":57.96559461480928}},"tenDayPercentiles":[],"tenDayDecayingPercentileScore":0,"scoresByDay":[],"rankSummary":{"mean":2249,"median":2249,"max":2249,"min":2249},"percentileSummary":{"mean":57.96559461480928,"median":57.96559461480928,"max":57.96559461480928,"min":57.96559461480928}}