{"name":"blatz42","scoreData":{"2020-11-05":{"id":5105865472699033000,"name":"blatz42","score":100,"level":1,"character":2,"platform":18,"runframes":1095,"runend":1022,"unknown1":447,"unknown2":647,"rank":4283,"percentile":4.802134281903065}},"tenDayPercentiles":[],"tenDayDecayingPercentileScore":0,"scoresByDay":[],"rankSummary":{"mean":4283,"median":4283,"max":4283,"min":4283},"percentileSummary":{"mean":4.802134281903065,"median":4.802134281903065,"max":4.802134281903065,"min":4.802134281903065}}