{"name":"Blawl","scoreData":{"2020-10-06":{"id":76561198108614240,"name":"Blawl","score":500,"level":1,"character":7,"platform":18,"runframes":1023,"runend":1022,"unknown1":3241,"unknown2":1915,"rank":6637,"percentile":2.339955849889634}},"tenDayPercentiles":[],"tenDayDecayingPercentileScore":0,"scoresByDay":[],"rankSummary":{"mean":6637,"median":6637,"max":6637,"min":6637},"percentileSummary":{"mean":2.339955849889634,"median":2.339955849889634,"max":2.339955849889634,"min":2.339955849889634}}