{"name":"Blazey0_0","scoreData":{"2020-11-19":{"id":2507868712382017000,"name":"Blazey0_0","score":14300,"level":4,"character":7,"platform":48,"runframes":22349,"runend":1019,"unknown1":4294966071,"unknown2":4294965901,"rank":1935,"percentile":50.486431131592425}},"tenDayPercentiles":[50.486431131592425],"tenDayDecayingPercentileScore":45.43778801843318,"scoresByDay":[45.43778801843318],"rankSummary":{"mean":1935,"median":1935,"max":1935,"min":1935},"percentileSummary":{"mean":50.486431131592425,"median":50.486431131592425,"max":50.486431131592425,"min":50.486431131592425}}