{"name":"BleakHorizons45","scoreData":{"2020-10-05":{"id":1226056971325434400,"name":"BleakHorizons45","score":7200,"level":2,"character":3,"platform":48,"runframes":9124,"runend":1021,"unknown1":2075,"unknown2":2873,"rank":4650,"percentile":31.75278919553729}},"tenDayPercentiles":[],"tenDayDecayingPercentileScore":0,"scoresByDay":[],"rankSummary":{"mean":4650,"median":4650,"max":4650,"min":4650},"percentileSummary":{"mean":31.75278919553729,"median":31.75278919553729,"max":31.75278919553729,"min":31.75278919553729}}