{"name":"Bleep","scoreData":{"2020-09-30":{"id":4969060019902022000,"name":"Bleep","score":14800,"level":2,"character":0,"platform":18,"runframes":6792,"runend":1021,"unknown1":6337,"unknown2":755,"rank":4594,"percentile":40.53599171413775}},"tenDayPercentiles":[],"tenDayDecayingPercentileScore":0,"scoresByDay":[],"rankSummary":{"mean":4594,"median":4594,"max":4594,"min":4594},"percentileSummary":{"mean":40.53599171413775,"median":40.53599171413775,"max":40.53599171413775,"min":40.53599171413775}}