{"name":"Blee Abugaia","scoreData":{"2020-10-05":{"id":76561198100930780,"name":"Blee Abugaia","score":24500,"level":4,"character":0,"platform":18,"runframes":28997,"runend":1019,"unknown1":4294964475,"unknown2":4294965662,"rank":2937,"percentile":56.89958896065767}},"tenDayPercentiles":[],"tenDayDecayingPercentileScore":0,"scoresByDay":[],"rankSummary":{"mean":2937,"median":2937,"max":2937,"min":2937},"percentileSummary":{"mean":56.89958896065767,"median":56.89958896065767,"max":56.89958896065767,"min":56.89958896065767}}