{"name":"blfy1234","scoreData":{"2020-11-13":{"id":76561198263044930,"name":"blfy1234","score":2000,"level":1,"character":2,"platform":48,"runframes":1247,"runend":1022,"unknown1":4294965787,"unknown2":4294963341,"rank":4092,"percentile":2.595238095238102}},"tenDayPercentiles":[2.595238095238102],"tenDayDecayingPercentileScore":1.1171649021428602,"scoresByDay":[1.1171649021428602],"rankSummary":{"mean":4092,"median":4092,"max":4092,"min":4092},"percentileSummary":{"mean":2.595238095238102,"median":2.595238095238102,"max":2.595238095238102,"min":2.595238095238102}}