{"name":"Bligzar","scoreData":{"2020-10-01":{"id":76561197970352260,"name":"Bligzar","score":3900,"level":2,"character":0,"platform":18,"runframes":14151,"runend":1021,"unknown1":4294964332,"unknown2":4294965602,"rank":5219,"percentile":32.180920197556546}},"tenDayPercentiles":[],"tenDayDecayingPercentileScore":0,"scoresByDay":[],"rankSummary":{"mean":5219,"median":5219,"max":5219,"min":5219},"percentileSummary":{"mean":32.180920197556546,"median":32.180920197556546,"max":32.180920197556546,"min":32.180920197556546}}