{"name":"Blobolb","scoreData":{"2020-10-05":{"id":76561198001081280,"name":"Blobolb","score":60175,"level":7,"character":0,"platform":18,"runframes":47497,"runend":1016,"unknown1":1411,"unknown2":356,"rank":840,"percentile":87.68349970640047}},"tenDayPercentiles":[],"tenDayDecayingPercentileScore":0,"scoresByDay":[],"rankSummary":{"mean":840,"median":840,"max":840,"min":840},"percentileSummary":{"mean":87.68349970640047,"median":87.68349970640047,"max":87.68349970640047,"min":87.68349970640047}}