{"name":"Blobcat","scoreData":{"2020-10-01":{"id":76561198071311970,"name":"Blobcat","score":25625,"level":5,"character":7,"platform":18,"runframes":30690,"runend":1018,"unknown1":4294964308,"unknown2":1193,"rank":1827,"percentile":76.2672212113335}},"tenDayPercentiles":[],"tenDayDecayingPercentileScore":0,"scoresByDay":[],"rankSummary":{"mean":1827,"median":1827,"max":1827,"min":1827},"percentileSummary":{"mean":76.2672212113335,"median":76.2672212113335,"max":76.2672212113335,"min":76.2672212113335}}