{"name":"blonkk20","scoreData":{"2020-11-13":{"id":1435921006076969200,"name":"blonkk20","score":2500,"level":3,"character":3,"platform":48,"runframes":7731,"runend":1020,"unknown1":0,"unknown2":0,"rank":3341,"percentile":20.47619047619048}},"tenDayPercentiles":[20.47619047619048],"tenDayDecayingPercentileScore":7.932895727142861,"scoresByDay":[7.932895727142861],"rankSummary":{"mean":3341,"median":3341,"max":3341,"min":3341},"percentileSummary":{"mean":20.47619047619048,"median":20.47619047619048,"max":20.47619047619048,"min":20.47619047619048}}