{"name":"Blood_Soul78","scoreData":{"2020-10-13":{"id":8404372367758323000,"name":"Blood_Soul78","score":26000,"level":4,"character":7,"platform":48,"runframes":24514,"runend":1019,"unknown1":4864,"unknown2":273,"rank":1893,"percentile":67.74083546462063}},"tenDayPercentiles":[],"tenDayDecayingPercentileScore":0,"scoresByDay":[],"rankSummary":{"mean":1893,"median":1893,"max":1893,"min":1893},"percentileSummary":{"mean":67.74083546462063,"median":67.74083546462063,"max":67.74083546462063,"min":67.74083546462063}}