{"name":"Blooping","scoreData":{"2020-10-02":{"id":76561197980437070,"name":"Blooping","score":3300,"level":3,"character":12,"platform":18,"runframes":6257,"runend":1020,"unknown1":2179,"unknown2":4294962329,"rank":3838,"percentile":48.586359372906344}},"tenDayPercentiles":[],"tenDayDecayingPercentileScore":0,"scoresByDay":[],"rankSummary":{"mean":3838,"median":3838,"max":3838,"min":3838},"percentileSummary":{"mean":48.586359372906344,"median":48.586359372906344,"max":48.586359372906344,"min":48.586359372906344}}