{"name":"Bloodfallen014","scoreData":{"2020-11-19":{"id":76561197983965570,"name":"Bloodfallen014","score":5000,"level":2,"character":0,"platform":48,"runframes":7890,"runend":1021,"unknown1":3148,"unknown2":788,"rank":3356,"percentile":14.106502816180239}},"tenDayPercentiles":[14.106502816180239],"tenDayDecayingPercentileScore":10.283640552995395,"scoresByDay":[10.283640552995395],"rankSummary":{"mean":3356,"median":3356,"max":3356,"min":3356},"percentileSummary":{"mean":14.106502816180239,"median":14.106502816180239,"max":14.106502816180239,"min":14.106502816180239}}