{"name":"bloodborne0909","scoreData":{"2020-09-22":{"id":788930189198766800,"name":"bloodborne0909","score":1000,"level":2,"character":3,"platform":48,"runframes":4379,"runend":1021,"unknown1":22,"unknown2":899,"rank":1694,"percentile":31.23476848090982}},"tenDayPercentiles":[],"tenDayDecayingPercentileScore":0,"scoresByDay":[],"rankSummary":{"mean":1694,"median":1694,"max":1694,"min":1694},"percentileSummary":{"mean":31.23476848090982,"median":31.23476848090982,"max":31.23476848090982,"min":31.23476848090982}}