{"name":"BlueNeonGhost","scoreData":{"2020-10-05":{"id":76561197993920000,"name":"BlueNeonGhost","score":16700,"level":4,"character":0,"platform":48,"runframes":18387,"runend":1019,"unknown1":3703,"unknown2":1589,"rank":3244,"percentile":52.39283617146213}},"tenDayPercentiles":[],"tenDayDecayingPercentileScore":0,"scoresByDay":[],"rankSummary":{"mean":3244,"median":3244,"max":3244,"min":3244},"percentileSummary":{"mean":52.39283617146213,"median":52.39283617146213,"max":52.39283617146213,"min":52.39283617146213}}