{"name":"bluej416","scoreData":{"2020-10-02":{"id":76561198012942450,"name":"bluej416","score":3700,"level":3,"character":7,"platform":18,"runframes":8996,"runend":1020,"unknown1":650,"unknown2":918,"rank":3803,"percentile":49.05533967573362}},"tenDayPercentiles":[],"tenDayDecayingPercentileScore":0,"scoresByDay":[],"rankSummary":{"mean":3803,"median":3803,"max":3803,"min":3803},"percentileSummary":{"mean":49.05533967573362,"median":49.05533967573362,"max":49.05533967573362,"min":49.05533967573362}}