{"name":"bluefrog10420","scoreData":{"2020-09-17":{"id":7863270736398562000,"name":"bluefrog10420","score":6500,"level":5,"character":7,"platform":48,"runframes":10534,"runend":1018,"unknown1":4294965560,"unknown2":199,"rank":248,"percentile":91.26282278033251}},"tenDayPercentiles":[],"tenDayDecayingPercentileScore":0,"scoresByDay":[],"rankSummary":{"mean":248,"median":248,"max":248,"min":248},"percentileSummary":{"mean":91.26282278033251,"median":91.26282278033251,"max":91.26282278033251,"min":91.26282278033251}}