{"name":"blue_penguin26","scoreData":{"2020-10-13":{"id":76561197998507520,"name":"blue_penguin26","score":16000,"level":2,"character":2,"platform":18,"runframes":7734,"runend":1021,"unknown1":4294967177,"unknown2":533,"rank":3672,"percentile":37.40835464620631}},"tenDayPercentiles":[],"tenDayDecayingPercentileScore":0,"scoresByDay":[],"rankSummary":{"mean":3672,"median":3672,"max":3672,"min":3672},"percentileSummary":{"mean":37.40835464620631,"median":37.40835464620631,"max":37.40835464620631,"min":37.40835464620631}}