{"name":"Blufunk","scoreData":{"2020-11-07":{"id":8604718886921051000,"name":"Blufunk","score":6200,"level":4,"character":0,"platform":48,"runframes":17240,"runend":1019,"unknown1":966,"unknown2":33,"rank":2871,"percentile":39.90787269681743}},"tenDayPercentiles":[],"tenDayDecayingPercentileScore":0,"scoresByDay":[],"rankSummary":{"mean":2871,"median":2871,"max":2871,"min":2871},"percentileSummary":{"mean":39.90787269681743,"median":39.90787269681743,"max":39.90787269681743,"min":39.90787269681743}}