{"name":"Bluntseeker","scoreData":{"2020-10-03":{"id":76561198092552860,"name":"Bluntseeker","score":9400,"level":1,"character":4,"platform":18,"runframes":6660,"runend":1022,"unknown1":4294962796,"unknown2":4294963547,"rank":7043,"percentile":10.838186882755124}},"tenDayPercentiles":[],"tenDayDecayingPercentileScore":0,"scoresByDay":[],"rankSummary":{"mean":7043,"median":7043,"max":7043,"min":7043},"percentileSummary":{"mean":10.838186882755124,"median":10.838186882755124,"max":10.838186882755124,"min":10.838186882755124}}