{"name":"BLZ MAN","scoreData":{"2020-10-07":{"id":76561198067935260,"name":"BLZ MAN","score":3000,"level":1,"character":2,"platform":18,"runframes":1865,"runend":1022,"unknown1":1289,"unknown2":5432,"rank":6154,"percentile":5.68669527896995}},"tenDayPercentiles":[],"tenDayDecayingPercentileScore":0,"scoresByDay":[],"rankSummary":{"mean":6154,"median":6154,"max":6154,"min":6154},"percentileSummary":{"mean":5.68669527896995,"median":5.68669527896995,"max":5.68669527896995,"min":5.68669527896995}}