{"name":"bnix","scoreData":{"2020-10-02":{"id":76561198884008400,"name":"bnix","score":8900,"level":4,"character":2,"platform":18,"runframes":11384,"runend":1019,"unknown1":4294967180,"unknown2":344,"rank":2731,"percentile":63.41953637947206}},"tenDayPercentiles":[],"tenDayDecayingPercentileScore":0,"scoresByDay":[],"rankSummary":{"mean":2731,"median":2731,"max":2731,"min":2731},"percentileSummary":{"mean":63.41953637947206,"median":63.41953637947206,"max":63.41953637947206,"min":63.41953637947206}}