{"name":"BoatLawyer","scoreData":{"2020-09-23":{"id":3191806915874561000,"name":"BoatLawyer","score":3000,"level":2,"character":4,"platform":48,"runframes":5425,"runend":1021,"unknown1":1062,"unknown2":296,"rank":2249,"percentile":6.5669160432252625}},"tenDayPercentiles":[],"tenDayDecayingPercentileScore":0,"scoresByDay":[],"rankSummary":{"mean":2249,"median":2249,"max":2249,"min":2249},"percentileSummary":{"mean":6.5669160432252625,"median":6.5669160432252625,"max":6.5669160432252625,"min":6.5669160432252625}}