{"name":"Bob41599","scoreData":{"2020-09-29":{"id":1064569804134897500,"name":"Bob41599","score":8000,"level":1,"character":0,"platform":18,"runframes":1171,"runend":1022,"unknown1":4294963908,"unknown2":4294966333,"rank":4925,"percentile":11.945636623748214}},"tenDayPercentiles":[],"tenDayDecayingPercentileScore":0,"scoresByDay":[],"rankSummary":{"mean":4925,"median":4925,"max":4925,"min":4925},"percentileSummary":{"mean":11.945636623748214,"median":11.945636623748214,"max":11.945636623748214,"min":11.945636623748214}}