{"name":"Bob_Kaaz","scoreData":{"2020-11-19":{"id":4980199156870595000,"name":"Bob_Kaaz","score":22150,"level":5,"character":17,"platform":18,"runframes":38560,"runend":1018,"unknown1":4294964490,"unknown2":4294965002,"rank":1610,"percentile":58.80696364567332}},"tenDayPercentiles":[],"tenDayDecayingPercentileScore":0,"scoresByDay":[],"rankSummary":{"mean":1610,"median":1610,"max":1610,"min":1610},"percentileSummary":{"mean":58.80696364567332,"median":58.80696364567332,"max":58.80696364567332,"min":58.80696364567332}}