{"name":"Boba-Superfett","scoreData":{"2020-10-14":{"id":2031073616825245200,"name":"Boba-Superfett","score":3700,"level":1,"character":3,"platform":48,"runframes":2039,"runend":1022,"unknown1":4294966014,"unknown2":5,"rank":4307,"percentile":22.16196673897325}},"tenDayPercentiles":[],"tenDayDecayingPercentileScore":0,"scoresByDay":[],"rankSummary":{"mean":4307,"median":4307,"max":4307,"min":4307},"percentileSummary":{"mean":22.16196673897325,"median":22.16196673897325,"max":22.16196673897325,"min":22.16196673897325}}