{"name":"Bobi Rossi","scoreData":{"2020-11-03":{"id":76561198043205470,"name":"Bobi Rossi","score":44250,"level":6,"character":0,"platform":18,"runframes":47866,"runend":1017,"unknown1":4294966576,"unknown2":69,"rank":1624,"percentile":63.91729657625611}},"tenDayDecayingPercentileMean":null,"rankSummary":{"mean":1624,"median":1624,"max":1624,"min":1624},"percentileSummary":{"mean":63.91729657625611,"median":63.91729657625611,"max":63.91729657625611,"min":63.91729657625611}}