{"name":"Bobs_youre_uncle","scoreData":{"2020-09-21":{"id":5836427061137543000,"name":"Bobs_youre_uncle","score":4600,"level":2,"character":3,"platform":48,"runframes":4934,"runend":1021,"unknown1":388,"unknown2":296,"rank":1840,"percentile":26.351621946335598}},"tenDayPercentiles":[],"tenDayDecayingPercentileScore":0,"scoresByDay":[],"rankSummary":{"mean":1840,"median":1840,"max":1840,"min":1840},"percentileSummary":{"mean":26.351621946335598,"median":26.351621946335598,"max":26.351621946335598,"min":26.351621946335598}}