{"name":"BobSemple151","scoreData":{"2020-09-27":{"id":8057477916515694000,"name":"BobSemple151","score":1700,"level":1,"character":2,"platform":48,"runframes":2381,"runend":1022,"unknown1":948,"unknown2":677,"rank":2454,"percentile":1.8800000000000097}},"tenDayPercentiles":[],"tenDayDecayingPercentileScore":0,"scoresByDay":[],"rankSummary":{"mean":2454,"median":2454,"max":2454,"min":2454},"percentileSummary":{"mean":1.8800000000000097,"median":1.8800000000000097,"max":1.8800000000000097,"min":1.8800000000000097}}