{"name":"Boca_Boys_RSM","scoreData":{"2020-11-02":{"id":76561198162054270,"name":"Boca_Boys_RSM","score":10900,"level":2,"character":3,"platform":48,"runframes":14409,"runend":1021,"unknown1":594,"unknown2":1001,"rank":3807,"percentile":14.911692376481113}},"tenDayPercentiles":[],"tenDayDecayingPercentileScore":0,"scoresByDay":[],"rankSummary":{"mean":3807,"median":3807,"max":3807,"min":3807},"percentileSummary":{"mean":14.911692376481113,"median":14.911692376481113,"max":14.911692376481113,"min":14.911692376481113}}