{"name":"BodmonDim_17","scoreData":{"2020-10-14":{"id":76561198206455000,"name":"BodmonDim_17","score":0,"level":1,"character":2,"platform":48,"runframes":1618,"runend":1022,"unknown1":547,"unknown2":680,"rank":5488,"percentile":0.8134490238611676}},"tenDayPercentiles":[],"tenDayDecayingPercentileScore":0,"scoresByDay":[],"rankSummary":{"mean":5488,"median":5488,"max":5488,"min":5488},"percentileSummary":{"mean":0.8134490238611676,"median":0.8134490238611676,"max":0.8134490238611676,"min":0.8134490238611676}}