{"name":"Bogdna","scoreData":{"2020-10-17":{"id":76561198254654240,"name":"Bogdna","score":41225,"level":7,"character":10,"platform":48,"runframes":34215,"runend":1016,"unknown1":4294965010,"unknown2":913,"rank":898,"percentile":84.66142270861833}},"tenDayPercentiles":[],"tenDayDecayingPercentileScore":0,"scoresByDay":[],"rankSummary":{"mean":898,"median":898,"max":898,"min":898},"percentileSummary":{"mean":84.66142270861833,"median":84.66142270861833,"max":84.66142270861833,"min":84.66142270861833}}