{"name":"BohusK","scoreData":{"2020-10-02":{"id":76561198234375620,"name":"BohusK","score":4100,"level":1,"character":0,"platform":18,"runframes":4715,"runend":1022,"unknown1":286,"unknown2":13,"rank":6536,"percentile":12.434677743534778}},"tenDayPercentiles":[],"tenDayDecayingPercentileScore":0,"scoresByDay":[],"rankSummary":{"mean":6536,"median":6536,"max":6536,"min":6536},"percentileSummary":{"mean":12.434677743534778,"median":12.434677743534778,"max":12.434677743534778,"min":12.434677743534778}}