{"name":"Boilej","scoreData":{"2020-09-30":{"id":76561198170227340,"name":"Boilej","score":9700,"level":1,"character":2,"platform":18,"runframes":3011,"runend":1022,"unknown1":71,"unknown2":248,"rank":6213,"percentile":19.575349559813574}},"tenDayPercentiles":[],"tenDayDecayingPercentileScore":0,"scoresByDay":[],"rankSummary":{"mean":6213,"median":6213,"max":6213,"min":6213},"percentileSummary":{"mean":19.575349559813574,"median":19.575349559813574,"max":19.575349559813574,"min":19.575349559813574}}