{"name":"Bolasboy","scoreData":{"2020-10-09":{"id":7052681529755065000,"name":"Bolasboy","score":7700,"level":2,"character":2,"platform":48,"runframes":11467,"runend":1021,"unknown1":4294967012,"unknown2":4294964463,"rank":5079,"percentile":19.036989795918373}},"tenDayPercentiles":[],"tenDayDecayingPercentileScore":0,"scoresByDay":[],"rankSummary":{"mean":5079,"median":5079,"max":5079,"min":5079},"percentileSummary":{"mean":19.036989795918373,"median":19.036989795918373,"max":19.036989795918373,"min":19.036989795918373}}