{"name":"Bologna Jabroni","scoreData":{"2020-10-03":{"id":76561198996462780,"name":"Bologna Jabroni","score":7000,"level":2,"character":1,"platform":18,"runframes":9421,"runend":1021,"unknown1":4294966124,"unknown2":998,"rank":5762,"percentile":27.05748290706508}},"tenDayPercentiles":[],"tenDayDecayingPercentileScore":0,"scoresByDay":[],"rankSummary":{"mean":5762,"median":5762,"max":5762,"min":5762},"percentileSummary":{"mean":27.05748290706508,"median":27.05748290706508,"max":27.05748290706508,"min":27.05748290706508}}