{"name":"Bombom","scoreData":{"2020-11-21":{"id":76561198102227520,"name":"Bombom","score":144875,"level":18,"character":7,"platform":18,"runframes":149477,"runend":1005,"unknown1":4294967115,"unknown2":8,"rank":101,"percentile":97.59094194170079}},"tenDayPercentiles":[97.59094194170079],"tenDayDecayingPercentileScore":87.83184774753072,"scoresByDay":[87.83184774753072],"rankSummary":{"mean":101,"median":101,"max":101,"min":101},"percentileSummary":{"mean":97.59094194170079,"median":97.59094194170079,"max":97.59094194170079,"min":97.59094194170079}}