{"name":"Bombandealer","scoreData":{"2020-10-04":{"id":4347335869584016000,"name":"Bombandealer","score":3300,"level":2,"character":2,"platform":18,"runframes":6852,"runend":1021,"unknown1":4294964910,"unknown2":4294966214,"rank":6131,"percentile":18.39723109691161}},"tenDayPercentiles":[],"tenDayDecayingPercentileScore":0,"scoresByDay":[],"rankSummary":{"mean":6131,"median":6131,"max":6131,"min":6131},"percentileSummary":{"mean":18.39723109691161,"median":18.39723109691161,"max":18.39723109691161,"min":18.39723109691161}}