{"name":"Bone Moe","scoreData":{"2020-10-17":{"id":6186696999645673000,"name":"Bone Moe","score":28200,"level":4,"character":4,"platform":18,"runframes":28928,"runend":1019,"unknown1":4294964235,"unknown2":1104,"rank":2437,"percentile":58.34473324213406}},"tenDayPercentiles":[],"tenDayDecayingPercentileScore":0,"scoresByDay":[],"rankSummary":{"mean":2437,"median":2437,"max":2437,"min":2437},"percentileSummary":{"mean":58.34473324213406,"median":58.34473324213406,"max":58.34473324213406,"min":58.34473324213406}}