{"name":"Bonez","scoreData":{"2020-10-04":{"id":76561198017480110,"name":"Bonez","score":1200,"level":1,"character":3,"platform":18,"runframes":2590,"runend":1022,"unknown1":1428,"unknown2":2452,"rank":7064,"percentile":5.97710330138446}},"tenDayPercentiles":[],"tenDayDecayingPercentileScore":0,"scoresByDay":[],"rankSummary":{"mean":7064,"median":7064,"max":7064,"min":7064},"percentileSummary":{"mean":5.97710330138446,"median":5.97710330138446,"max":5.97710330138446,"min":5.97710330138446}}