{"name":"BoneBreak43","scoreData":{"2020-11-16":{"id":3463057812710705000,"name":"BoneBreak43","score":12000,"level":4,"character":2,"platform":48,"runframes":20060,"runend":1019,"unknown1":230,"unknown2":230,"rank":1996,"percentile":48.89856557377049}},"tenDayPercentiles":[48.89856557377049],"tenDayDecayingPercentileScore":28.87411398565574,"scoresByDay":[28.87411398565574],"rankSummary":{"mean":1996,"median":1996,"max":1996,"min":1996},"percentileSummary":{"mean":48.89856557377049,"median":48.89856557377049,"max":48.89856557377049,"min":48.89856557377049}}