{"name":"Bonesdog","scoreData":{"2020-10-11":{"id":76561198013392420,"name":"Bonesdog","score":2000,"level":1,"character":4,"platform":18,"runframes":1480,"runend":1022,"unknown1":3844,"unknown2":851,"rank":6221,"percentile":2.0472440944881924}},"tenDayPercentiles":[],"tenDayDecayingPercentileScore":0,"scoresByDay":[],"rankSummary":{"mean":6221,"median":6221,"max":6221,"min":6221},"percentileSummary":{"mean":2.0472440944881924,"median":2.0472440944881924,"max":2.0472440944881924,"min":2.0472440944881924}}