{"name":"Bonnie_Clyde69","scoreData":{"2020-11-15":{"id":76561199030602820,"name":"Bonnie_Clyde69","score":6900,"level":1,"character":4,"platform":48,"runframes":4673,"runend":1022,"unknown1":1240,"unknown2":478,"rank":3920,"percentile":8.92400650708808}},"tenDayPercentiles":[8.92400650708808],"tenDayDecayingPercentileScore":4.742582942133397,"scoresByDay":[4.742582942133397],"rankSummary":{"mean":3920,"median":3920,"max":3920,"min":3920},"percentileSummary":{"mean":8.92400650708808,"median":8.92400650708808,"max":8.92400650708808,"min":8.92400650708808}}