{"name":"BONO-FREAK-FACE","scoreData":{"2020-09-22":{"id":7168563243068318000,"name":"BONO-FREAK-FACE","score":0,"level":1,"character":0,"platform":48,"runframes":787,"runend":1022,"unknown1":4294966971,"unknown2":39,"rank":2396,"percentile":2.721364744110474}},"tenDayPercentiles":[],"tenDayDecayingPercentileScore":0,"scoresByDay":[],"rankSummary":{"mean":2396,"median":2396,"max":2396,"min":2396},"percentileSummary":{"mean":2.721364744110474,"median":2.721364744110474,"max":2.721364744110474,"min":2.721364744110474}}