{"name":"Boohats","scoreData":{"2020-10-07":{"id":7420929729678569000,"name":"Boohats","score":5300,"level":2,"character":2,"platform":48,"runframes":3300,"runend":1021,"unknown1":4294963566,"unknown2":4294961538,"rank":4363,"percentile":33.139178418148376}},"tenDayPercentiles":[],"tenDayDecayingPercentileScore":0,"scoresByDay":[],"rankSummary":{"mean":4363,"median":4363,"max":4363,"min":4363},"percentileSummary":{"mean":33.139178418148376,"median":33.139178418148376,"max":33.139178418148376,"min":33.139178418148376}}