{"name":"boomerswa","scoreData":{"2020-10-02":{"id":76561198059183460,"name":"boomerswa","score":7600,"level":1,"character":3,"platform":48,"runframes":2523,"runend":1022,"unknown1":2438,"unknown2":388,"rank":6017,"percentile":19.38898566260218}},"tenDayPercentiles":[],"tenDayDecayingPercentileScore":0,"scoresByDay":[],"rankSummary":{"mean":6017,"median":6017,"max":6017,"min":6017},"percentileSummary":{"mean":19.38898566260218,"median":19.38898566260218,"max":19.38898566260218,"min":19.38898566260218}}