{"name":"BootyBeatDown","scoreData":{"2020-10-04":{"id":1150256426816590800,"name":"BootyBeatDown","score":10400,"level":2,"character":4,"platform":18,"runframes":11047,"runend":1021,"unknown1":1237,"unknown2":135,"rank":5277,"percentile":29.765708200213}},"tenDayPercentiles":[],"tenDayDecayingPercentileScore":0,"scoresByDay":[],"rankSummary":{"mean":5277,"median":5277,"max":5277,"min":5277},"percentileSummary":{"mean":29.765708200213,"median":29.765708200213,"max":29.765708200213,"min":29.765708200213}}