{"name":"borowilly","scoreData":{"2020-11-11":{"id":14255497959679097000,"name":"borowilly","score":5000,"level":2,"character":0,"platform":48,"runframes":2334,"runend":1021,"unknown1":412,"unknown2":485,"rank":4069,"percentile":8.543165467625897}},"tenDayPercentiles":[8.543165467625897],"tenDayDecayingPercentileScore":2.9788176087679856,"scoresByDay":[2.9788176087679856],"rankSummary":{"mean":4069,"median":4069,"max":4069,"min":4069},"percentileSummary":{"mean":8.543165467625897,"median":8.543165467625897,"max":8.543165467625897,"min":8.543165467625897}}