{"name":"BoscoDosco","scoreData":{"2020-10-12":{"id":76561198014928500,"name":"BoscoDosco","score":13900,"level":3,"character":0,"platform":48,"runframes":23250,"runend":1020,"unknown1":4294964365,"unknown2":1643,"rank":2876,"percentile":51.955213903743314}},"tenDayPercentiles":[],"tenDayDecayingPercentileScore":0,"scoresByDay":[],"rankSummary":{"mean":2876,"median":2876,"max":2876,"min":2876},"percentileSummary":{"mean":51.955213903743314,"median":51.955213903743314,"max":51.955213903743314,"min":51.955213903743314}}