{"name":"BossC","scoreData":{"2020-10-03":{"id":76561198272341060,"name":"BossC","score":3750150,"level":12,"character":13,"platform":18,"runframes":0,"runend":1011,"unknown1":4294966215,"unknown2":104,"rank":112,"percentile":98.59458090655862}},"tenDayPercentiles":[],"tenDayDecayingPercentileScore":0,"scoresByDay":[],"rankSummary":{"mean":112,"median":112,"max":112,"min":112},"percentileSummary":{"mean":98.59458090655862,"median":98.59458090655862,"max":98.59458090655862,"min":98.59458090655862}}