{"name":"BOT_Shadow_","scoreData":{"2020-10-11":{"id":76561198281262200,"name":"BOT_Shadow_","score":22600,"level":5,"character":4,"platform":48,"runframes":20753,"runend":1018,"unknown1":4294965981,"unknown2":4294965743,"rank":1876,"percentile":70.4724409448819}},"tenDayPercentiles":[],"tenDayDecayingPercentileScore":0,"scoresByDay":[],"rankSummary":{"mean":1876,"median":1876,"max":1876,"min":1876},"percentileSummary":{"mean":70.4724409448819,"median":70.4724409448819,"max":70.4724409448819,"min":70.4724409448819}}