{"name":"Bottomless Pit","scoreData":{"2020-10-09":{"id":7966078710107559000,"name":"Bottomless Pit","score":1500,"level":1,"character":7,"platform":18,"runframes":1073,"runend":1022,"unknown1":4294964369,"unknown2":4294964229,"rank":6163,"percentile":1.753826530612244}},"tenDayDecayingPercentileMean":null,"rankSummary":{"mean":6163,"median":6163,"max":6163,"min":6163},"percentileSummary":{"mean":1.753826530612244,"median":1.753826530612244,"max":1.753826530612244,"min":1.753826530612244}}