{"name":"boujazzy","scoreData":{"2020-09-21":{"id":696074952503470200,"name":"boujazzy","score":700,"level":1,"character":2,"platform":48,"runframes":1975,"runend":1022,"unknown1":4294966443,"unknown2":55,"rank":2475,"percentile":0.9211053263916682}},"tenDayPercentiles":[],"tenDayDecayingPercentileScore":0,"scoresByDay":[],"rankSummary":{"mean":2475,"median":2475,"max":2475,"min":2475},"percentileSummary":{"mean":0.9211053263916682,"median":0.9211053263916682,"max":0.9211053263916682,"min":0.9211053263916682}}