{"name":"BouncinBabyBren","scoreData":{"2020-10-05":{"id":76561197989500000,"name":"BouncinBabyBren","score":3700,"level":1,"character":2,"platform":48,"runframes":5185,"runend":1022,"unknown1":4294962111,"unknown2":19,"rank":5872,"percentile":13.813857897827361}},"tenDayPercentiles":[],"tenDayDecayingPercentileScore":0,"scoresByDay":[],"rankSummary":{"mean":5872,"median":5872,"max":5872,"min":5872},"percentileSummary":{"mean":13.813857897827361,"median":13.813857897827361,"max":13.813857897827361,"min":13.813857897827361}}