{"name":"BoxyBlue","scoreData":{"2020-10-11":{"id":76561198025200640,"name":"BoxyBlue","score":17800,"level":4,"character":0,"platform":18,"runframes":15661,"runend":1019,"unknown1":5058,"unknown2":2189,"rank":2873,"percentile":54.77165354330709}},"tenDayPercentiles":[],"tenDayDecayingPercentileScore":0,"scoresByDay":[],"rankSummary":{"mean":2873,"median":2873,"max":2873,"min":2873},"percentileSummary":{"mean":54.77165354330709,"median":54.77165354330709,"max":54.77165354330709,"min":54.77165354330709}}