{"name":"Boycey83","scoreData":{"2020-11-14":{"id":76561198067463860,"name":"Boycey83","score":48450,"level":11,"character":0,"platform":48,"runframes":50670,"runend":1012,"unknown1":4294966884,"unknown2":316,"rank":241,"percentile":94.4380069524913}},"tenDayPercentiles":[94.4380069524913],"tenDayDecayingPercentileScore":55.7646987253766,"scoresByDay":[55.7646987253766],"rankSummary":{"mean":241,"median":241,"max":241,"min":241},"percentileSummary":{"mean":94.4380069524913,"median":94.4380069524913,"max":94.4380069524913,"min":94.4380069524913}}