{"name":"BPS","scoreData":{"2020-09-30":{"id":76561198294056620,"name":"BPS","score":16400,"level":2,"character":0,"platform":18,"runframes":7872,"runend":1021,"unknown1":4294964722,"unknown2":4294965452,"rank":4475,"percentile":42.07664422578975}},"tenDayPercentiles":[],"tenDayDecayingPercentileScore":0,"scoresByDay":[],"rankSummary":{"mean":4475,"median":4475,"max":4475,"min":4475},"percentileSummary":{"mean":42.07664422578975,"median":42.07664422578975,"max":42.07664422578975,"min":42.07664422578975}}