{"name":"[BR] ApenasUmFa","scoreData":{"2020-11-17":{"id":76561198038132860,"name":"[BR] ApenasUmFa","score":3000,"level":2,"character":0,"platform":18,"runframes":5118,"runend":1021,"unknown1":4294966842,"unknown2":4294963969,"rank":3485,"percentile":11.077080142930058}},"tenDayDecayingPercentileMean":null,"rankSummary":{"mean":3485,"median":3485,"max":3485,"min":3485},"percentileSummary":{"mean":11.077080142930058,"median":11.077080142930058,"max":11.077080142930058,"min":11.077080142930058}}