{"name":"Br0k3n-_-V3n0m","scoreData":{"2020-10-04":{"id":76561198025129700,"name":"Br0k3n-_-V3n0m","score":9500,"level":4,"character":3,"platform":48,"runframes":8700,"runend":1019,"unknown1":4294966075,"unknown2":1173,"rank":3422,"percentile":54.459531416400424}},"tenDayPercentiles":[],"tenDayDecayingPercentileScore":0,"scoresByDay":[],"rankSummary":{"mean":3422,"median":3422,"max":3422,"min":3422},"percentileSummary":{"mean":54.459531416400424,"median":54.459531416400424,"max":54.459531416400424,"min":54.459531416400424}}