{"name":"Brad✓","scoreData":{"2020-10-05":{"id":14457585865755802000,"name":"Brad✓","score":2200,"level":1,"character":0,"platform":18,"runframes":7781,"runend":1022,"unknown1":4294965920,"unknown2":4294962616,"rank":6112,"percentile":10.290663534938346}},"tenDayPercentiles":[],"tenDayDecayingPercentileScore":0,"scoresByDay":[],"rankSummary":{"mean":6112,"median":6112,"max":6112,"min":6112},"percentileSummary":{"mean":10.290663534938346,"median":10.290663534938346,"max":10.290663534938346,"min":10.290663534938346}}