{"name":"bradybearr","scoreData":{"2020-09-22":{"id":6578812503475881000,"name":"bradybearr","score":10000,"level":4,"character":1,"platform":48,"runframes":9383,"runend":1019,"unknown1":4294966550,"unknown2":481,"rank":872,"percentile":64.62225832656377}},"tenDayPercentiles":[],"tenDayDecayingPercentileScore":0,"scoresByDay":[],"rankSummary":{"mean":872,"median":872,"max":872,"min":872},"percentileSummary":{"mean":64.62225832656377,"median":64.62225832656377,"max":64.62225832656377,"min":64.62225832656377}}