{"name":"Bradmo","scoreData":{"2020-11-06":{"id":76561198045078600,"name":"Bradmo","score":13450,"level":7,"character":16,"platform":18,"runframes":17829,"runend":1016,"unknown1":645,"unknown2":942,"rank":1246,"percentile":72.54685777287762}},"tenDayPercentiles":[],"tenDayDecayingPercentileScore":0,"scoresByDay":[],"rankSummary":{"mean":1246,"median":1246,"max":1246,"min":1246},"percentileSummary":{"mean":72.54685777287762,"median":72.54685777287762,"max":72.54685777287762,"min":72.54685777287762}}