{"name":"BrainDead","scoreData":{"2020-10-29":{"id":76561197991769980,"name":"BrainDead","score":14600,"level":2,"character":18,"platform":18,"runframes":10664,"runend":1021,"unknown1":220,"unknown2":4294964123,"rank":3313,"percentile":30.75475642901945}},"tenDayPercentiles":[],"tenDayDecayingPercentileScore":0,"scoresByDay":[],"rankSummary":{"mean":3313,"median":3313,"max":3313,"min":3313},"percentileSummary":{"mean":30.75475642901945,"median":30.75475642901945,"max":30.75475642901945,"min":30.75475642901945}}