{"name":"Brainless_me","scoreData":{"2020-09-20":{"id":5807933743331822000,"name":"Brainless_me","score":18225,"level":6,"character":2,"platform":48,"runframes":28911,"runend":1017,"unknown1":134,"unknown2":1319,"rank":517,"percentile":82.64963012777405}},"tenDayPercentiles":[],"tenDayDecayingPercentileScore":0,"scoresByDay":[],"rankSummary":{"mean":517,"median":517,"max":517,"min":517},"percentileSummary":{"mean":82.64963012777405,"median":82.64963012777405,"max":82.64963012777405,"min":82.64963012777405}}