{"name":"brandxbeer","scoreData":{"2020-09-16":{"id":2664874409587334000,"name":"brandxbeer","score":9750,"level":4,"character":0,"platform":48,"runframes":18826,"runend":1019,"unknown1":770,"unknown2":1319,"rank":712,"percentile":76.96046662346079}},"tenDayPercentiles":[],"tenDayDecayingPercentileScore":0,"scoresByDay":[],"rankSummary":{"mean":712,"median":712,"max":712,"min":712},"percentileSummary":{"mean":76.96046662346079,"median":76.96046662346079,"max":76.96046662346079,"min":76.96046662346079}}