{"name":"Brazy","scoreData":{"2020-11-21":{"id":4431734783157702700,"name":"Brazy","score":39300,"level":4,"character":3,"platform":18,"runframes":12130,"runend":1019,"unknown1":1455,"unknown2":76,"rank":1917,"percentile":53.84244760298723}},"tenDayPercentiles":[53.84244760298723],"tenDayDecayingPercentileScore":48.45820284268851,"scoresByDay":[48.45820284268851],"rankSummary":{"mean":1917,"median":1917,"max":1917,"min":1917},"percentileSummary":{"mean":53.84244760298723,"median":53.84244760298723,"max":53.84244760298723,"min":53.84244760298723}}