{"name":"Bread Boy","scoreData":{"2020-10-11":{"id":76561197972288770,"name":"Bread Boy","score":29075,"level":7,"character":2,"platform":18,"runframes":30942,"runend":1016,"unknown1":4294963141,"unknown2":4294961644,"rank":1006,"percentile":84.1732283464567}},"tenDayPercentiles":[],"tenDayDecayingPercentileScore":0,"scoresByDay":[],"rankSummary":{"mean":1006,"median":1006,"max":1006,"min":1006},"percentileSummary":{"mean":84.1732283464567,"median":84.1732283464567,"max":84.1732283464567,"min":84.1732283464567}}