{"name":"breeman","scoreData":{"2020-10-09":{"id":6337811521149539000,"name":"breeman","score":7900,"level":3,"character":0,"platform":18,"runframes":16171,"runend":1020,"unknown1":39,"unknown2":3339,"rank":4162,"percentile":33.65752551020408}},"tenDayPercentiles":[],"tenDayDecayingPercentileScore":0,"scoresByDay":[],"rankSummary":{"mean":4162,"median":4162,"max":4162,"min":4162},"percentileSummary":{"mean":33.65752551020408,"median":33.65752551020408,"max":33.65752551020408,"min":33.65752551020408}}