{"name":"breiter-arm323","scoreData":{"2020-10-25":{"id":76561198000403710,"name":"breiter-arm323","score":5300,"level":2,"character":0,"platform":48,"runframes":9222,"runend":1021,"unknown1":645,"unknown2":4294966075,"rank":4539,"percentile":18.234234234234236}},"tenDayPercentiles":[],"tenDayDecayingPercentileScore":0,"scoresByDay":[],"rankSummary":{"mean":4539,"median":4539,"max":4539,"min":4539},"percentileSummary":{"mean":18.234234234234236,"median":18.234234234234236,"max":18.234234234234236,"min":18.234234234234236}}