{"name":"brekk [LAL][Hun]","scoreData":{"2020-10-06":{"id":4839324381128533000,"name":"brekk [LAL][Hun]","score":16400,"level":2,"character":0,"platform":18,"runframes":15737,"runend":1021,"unknown1":4294967236,"unknown2":4294962658,"rank":4450,"percentile":34.52538631346579}},"tenDayDecayingPercentileMean":null,"rankSummary":{"mean":4450,"median":4450,"max":4450,"min":4450},"percentileSummary":{"mean":34.52538631346579,"median":34.52538631346579,"max":34.52538631346579,"min":34.52538631346579}}