{"name":"brentnorniella","scoreData":{"2020-09-16":{"id":5617611527191951000,"name":"brentnorniella","score":20800,"level":2,"character":3,"platform":48,"runframes":6402,"runend":1021,"unknown1":956,"unknown2":388,"rank":1417,"percentile":54.11535968891769}},"tenDayPercentiles":[],"tenDayDecayingPercentileScore":0,"scoresByDay":[],"rankSummary":{"mean":1417,"median":1417,"max":1417,"min":1417},"percentileSummary":{"mean":54.11535968891769,"median":54.11535968891769,"max":54.11535968891769,"min":54.11535968891769}}