{"name":"BrettFart","scoreData":{"2020-10-26":{"id":4129411957289770000,"name":"BrettFart","score":1300,"level":1,"character":3,"platform":48,"runframes":1891,"runend":1022,"unknown1":2320,"unknown2":961,"rank":4843,"percentile":4.308300395256907}},"tenDayPercentiles":[],"tenDayDecayingPercentileScore":0,"scoresByDay":[],"rankSummary":{"mean":4843,"median":4843,"max":4843,"min":4843},"percentileSummary":{"mean":4.308300395256907,"median":4.308300395256907,"max":4.308300395256907,"min":4.308300395256907}}