{"name":"BrezLel","scoreData":{"2020-09-30":{"id":6162885317369062000,"name":"BrezLel","score":7600,"level":1,"character":4,"platform":18,"runframes":3084,"runend":1022,"unknown1":1785,"unknown2":4294964929,"rank":6619,"percentile":14.319005696530297}},"tenDayPercentiles":[],"tenDayDecayingPercentileScore":0,"scoresByDay":[],"rankSummary":{"mean":6619,"median":6619,"max":6619,"min":6619},"percentileSummary":{"mean":14.319005696530297,"median":14.319005696530297,"max":14.319005696530297,"min":14.319005696530297}}