{"name":"brianswst","scoreData":{"2020-09-16":{"id":8854645792317009000,"name":"brianswst","score":5600,"level":1,"character":0,"platform":48,"runframes":3671,"runend":1022,"unknown1":4294966260,"unknown2":2,"rank":2768,"percentile":10.337005832793253}},"tenDayPercentiles":[],"tenDayDecayingPercentileScore":0,"scoresByDay":[],"rankSummary":{"mean":2768,"median":2768,"max":2768,"min":2768},"percentileSummary":{"mean":10.337005832793253,"median":10.337005832793253,"max":10.337005832793253,"min":10.337005832793253}}