{"name":"bribbon","scoreData":{"2020-10-06":{"id":76561198165158620,"name":"bribbon","score":500,"level":1,"character":3,"platform":18,"runframes":1275,"runend":1022,"unknown1":4294962317,"unknown2":4294963303,"rank":6648,"percentile":2.1780721118469444}},"tenDayPercentiles":[],"tenDayDecayingPercentileScore":0,"scoresByDay":[],"rankSummary":{"mean":6648,"median":6648,"max":6648,"min":6648},"percentileSummary":{"mean":2.1780721118469444,"median":2.1780721118469444,"max":2.1780721118469444,"min":2.1780721118469444}}