{"name":"brickdude","scoreData":{"2020-10-01":{"id":76561197989065860,"name":"brickdude","score":15975,"level":5,"character":2,"platform":18,"runframes":21658,"runend":1018,"unknown1":4294964665,"unknown2":623,"rank":2139,"percentile":72.21211333506628}},"tenDayPercentiles":[],"tenDayDecayingPercentileScore":0,"scoresByDay":[],"rankSummary":{"mean":2139,"median":2139,"max":2139,"min":2139},"percentileSummary":{"mean":72.21211333506628,"median":72.21211333506628,"max":72.21211333506628,"min":72.21211333506628}}