{"name":"brickofclay","scoreData":{"2020-09-17":{"id":6534673712287856000,"name":"brickofclay","score":1000,"level":1,"character":0,"platform":48,"runframes":1834,"runend":1022,"unknown1":4294966920,"unknown2":97,"rank":2763,"percentile":2.2992571630703935}},"tenDayPercentiles":[],"tenDayDecayingPercentileScore":0,"scoresByDay":[],"rankSummary":{"mean":2763,"median":2763,"max":2763,"min":2763},"percentileSummary":{"mean":2.2992571630703935,"median":2.2992571630703935,"max":2.2992571630703935,"min":2.2992571630703935}}