{"name":"BridgeMonkeys","scoreData":{"2020-09-23":{"id":6987351958838407000,"name":"BridgeMonkeys","score":2500,"level":2,"character":0,"platform":48,"runframes":3997,"runend":1021,"unknown1":1568,"unknown2":4294966552,"rank":2277,"percentile":5.403158769742305}},"tenDayPercentiles":[],"tenDayDecayingPercentileScore":0,"scoresByDay":[],"rankSummary":{"mean":2277,"median":2277,"max":2277,"min":2277},"percentileSummary":{"mean":5.403158769742305,"median":5.403158769742305,"max":5.403158769742305,"min":5.403158769742305}}