{"name":"Bright Gray","scoreData":{"2020-11-10":{"id":76561198106864450,"name":"Bright Gray","score":500,"level":1,"character":7,"platform":18,"runframes":379,"runend":1022,"unknown1":4294965660,"unknown2":4294964743,"rank":4368,"percentile":0.2056672760511873}},"tenDayDecayingPercentileMean":null,"rankSummary":{"mean":4368,"median":4368,"max":4368,"min":4368},"percentileSummary":{"mean":0.2056672760511873,"median":0.2056672760511873,"max":0.2056672760511873,"min":0.2056672760511873}}