{"name":"Brockrangel","scoreData":{"2020-09-21":{"id":4629849096777936000,"name":"Brockrangel","score":36300,"level":5,"character":0,"platform":48,"runframes":21637,"runend":1018,"unknown1":4294965980,"unknown2":205,"rank":487,"percentile":80.53664397276732}},"tenDayPercentiles":[],"tenDayDecayingPercentileScore":0,"scoresByDay":[],"rankSummary":{"mean":487,"median":487,"max":487,"min":487},"percentileSummary":{"mean":80.53664397276732,"median":80.53664397276732,"max":80.53664397276732,"min":80.53664397276732}}