{"name":"Broccoli_raab","scoreData":{"2020-11-14":{"id":76561198158146240,"name":"Broccoli_raab","score":17650,"level":16,"character":4,"platform":18,"runframes":63800,"runend":1007,"unknown1":497,"unknown2":348,"rank":144,"percentile":96.68597914252607}},"tenDayPercentiles":[96.68597914252607],"tenDayDecayingPercentileScore":51.3828934414832,"scoresByDay":[51.3828934414832],"rankSummary":{"mean":144,"median":144,"max":144,"min":144},"percentileSummary":{"mean":96.68597914252607,"median":96.68597914252607,"max":96.68597914252607,"min":96.68597914252607}}