{"name":"BroHammer55","scoreData":{"2020-10-22":{"id":2002338965253145900,"name":"BroHammer55","score":19900,"level":2,"character":6,"platform":48,"runframes":8877,"runend":1021,"unknown1":4294967230,"unknown2":4294964601,"rank":4034,"percentile":24.006029771999252}},"tenDayPercentiles":[],"tenDayDecayingPercentileScore":0,"scoresByDay":[],"rankSummary":{"mean":4034,"median":4034,"max":4034,"min":4034},"percentileSummary":{"mean":24.006029771999252,"median":24.006029771999252,"max":24.006029771999252,"min":24.006029771999252}}