{"name":"BrokenSlinky","scoreData":{"2020-10-04":{"id":76561198062828460,"name":"BrokenSlinky","score":4000,"level":3,"character":5,"platform":18,"runframes":5780,"runend":1020,"unknown1":601,"unknown2":807,"rank":5009,"percentile":33.33333333333334}},"tenDayPercentiles":[],"tenDayDecayingPercentileScore":0,"scoresByDay":[],"rankSummary":{"mean":5009,"median":5009,"max":5009,"min":5009},"percentileSummary":{"mean":33.33333333333334,"median":33.33333333333334,"max":33.33333333333334,"min":33.33333333333334}}