{"name":"brokebackmark","scoreData":{"2020-09-29":{"id":76561198209093200,"name":"brokebackmark","score":9800,"level":2,"character":3,"platform":48,"runframes":8872,"runend":1021,"unknown1":4294966462,"unknown2":2098,"rank":3751,"percentile":32.93991416309014}},"tenDayPercentiles":[],"tenDayDecayingPercentileScore":0,"scoresByDay":[],"rankSummary":{"mean":3751,"median":3751,"max":3751,"min":3751},"percentileSummary":{"mean":32.93991416309014,"median":32.93991416309014,"max":32.93991416309014,"min":32.93991416309014}}