{"name":"BROL","scoreData":{"2020-11-13":{"id":4455430830814646000,"name":"BROL","score":500,"level":2,"character":10,"platform":18,"runframes":4879,"runend":1021,"unknown1":4294967039,"unknown2":29,"rank":3775,"percentile":10.142857142857139}},"tenDayPercentiles":[10.142857142857139],"tenDayDecayingPercentileScore":5.390330142857141,"scoresByDay":[5.390330142857141],"rankSummary":{"mean":3775,"median":3775,"max":3775,"min":3775},"percentileSummary":{"mean":10.142857142857139,"median":10.142857142857139,"max":10.142857142857139,"min":10.142857142857139}}