{"name":"BromeVoh","scoreData":{"2020-10-07":{"id":3506442269364716500,"name":"BromeVoh","score":21600,"level":4,"character":0,"platform":18,"runframes":31915,"runend":1019,"unknown1":3451,"unknown2":125,"rank":1405,"percentile":78.47946045370938}},"tenDayPercentiles":[],"tenDayDecayingPercentileScore":0,"scoresByDay":[],"rankSummary":{"mean":1405,"median":1405,"max":1405,"min":1405},"percentileSummary":{"mean":78.47946045370938,"median":78.47946045370938,"max":78.47946045370938,"min":78.47946045370938}}