{"name":"Bronson","scoreData":{"2020-09-30":{"id":76561198042642750,"name":"Bronson","score":1700,"level":2,"character":1,"platform":18,"runframes":8812,"runend":1021,"unknown1":4294965190,"unknown2":4294966003,"rank":5807,"percentile":24.83169342309685}},"tenDayPercentiles":[],"tenDayDecayingPercentileScore":0,"scoresByDay":[],"rankSummary":{"mean":5807,"median":5807,"max":5807,"min":5807},"percentileSummary":{"mean":24.83169342309685,"median":24.83169342309685,"max":24.83169342309685,"min":24.83169342309685}}