{"name":"BRON","scoreData":{"2020-09-30":{"id":6535668233384868000,"name":"BRON","score":8900,"level":1,"character":3,"platform":18,"runframes":6906,"runend":1022,"unknown1":2241,"unknown2":81,"rank":6317,"percentile":18.228896944588286}},"tenDayPercentiles":[],"tenDayDecayingPercentileScore":0,"scoresByDay":[],"rankSummary":{"mean":6317,"median":6317,"max":6317,"min":6317},"percentileSummary":{"mean":18.228896944588286,"median":18.228896944588286,"max":18.228896944588286,"min":18.228896944588286}}