{"name":"Brookiez101","scoreData":{"2020-10-11":{"id":3047356954050514400,"name":"Brookiez101","score":12400,"level":1,"character":3,"platform":48,"runframes":6764,"runend":1022,"unknown1":5483,"unknown2":1129,"rank":5498,"percentile":13.433070866141733}},"tenDayPercentiles":[],"tenDayDecayingPercentileScore":0,"scoresByDay":[],"rankSummary":{"mean":5498,"median":5498,"max":5498,"min":5498},"percentileSummary":{"mean":13.433070866141733,"median":13.433070866141733,"max":13.433070866141733,"min":13.433070866141733}}