{"name":"brossentia","scoreData":{"2020-09-17":{"id":5284727209698108000,"name":"brossentia","score":17900,"level":3,"character":4,"platform":48,"runframes":18453,"runend":1020,"unknown1":23,"unknown2":36,"rank":1046,"percentile":63.035019455252915}},"tenDayPercentiles":[],"tenDayDecayingPercentileScore":0,"scoresByDay":[],"rankSummary":{"mean":1046,"median":1046,"max":1046,"min":1046},"percentileSummary":{"mean":63.035019455252915,"median":63.035019455252915,"max":63.035019455252915,"min":63.035019455252915}}