{"name":"Brother-zocker","scoreData":{"2020-09-19":{"id":3908831119225245700,"name":"Brother-zocker","score":500,"level":2,"character":0,"platform":48,"runframes":3713,"runend":1021,"unknown1":1443,"unknown2":499,"rank":2128,"percentile":29.005340453938587}},"tenDayPercentiles":[],"tenDayDecayingPercentileScore":0,"scoresByDay":[],"rankSummary":{"mean":2128,"median":2128,"max":2128,"min":2128},"percentileSummary":{"mean":29.005340453938587,"median":29.005340453938587,"max":29.005340453938587,"min":29.005340453938587}}