{"name":"Browny_13678","scoreData":{"2020-10-07":{"id":76561198787623790,"name":"Browny_13678","score":7900,"level":2,"character":7,"platform":48,"runframes":5845,"runend":1021,"unknown1":2675,"unknown2":568,"rank":3745,"percentile":42.61189454322501}},"tenDayPercentiles":[],"tenDayDecayingPercentileScore":0,"scoresByDay":[],"rankSummary":{"mean":3745,"median":3745,"max":3745,"min":3745},"percentileSummary":{"mean":42.61189454322501,"median":42.61189454322501,"max":42.61189454322501,"min":42.61189454322501}}