{"name":"Bruhn1980","scoreData":{"2020-11-12":{"id":76561198060447440,"name":"Bruhn1980","score":4100,"level":1,"character":7,"platform":18,"runframes":2708,"runend":1022,"unknown1":4294964071,"unknown2":4294963618,"rank":4092,"percentile":4.057223264540326}},"tenDayPercentiles":[4.057223264540326],"tenDayDecayingPercentileScore":1.9405573100375182,"scoresByDay":[1.9405573100375182],"rankSummary":{"mean":4092,"median":4092,"max":4092,"min":4092},"percentileSummary":{"mean":4.057223264540326,"median":4.057223264540326,"max":4.057223264540326,"min":4.057223264540326}}