{"name":"Brushwagg","scoreData":{"2020-10-03":{"id":76561198164137820,"name":"Brushwagg","score":6600,"level":2,"character":7,"platform":18,"runframes":5895,"runend":1021,"unknown1":4294966627,"unknown2":1750,"rank":5819,"percentile":26.335781210433012}},"tenDayPercentiles":[],"tenDayDecayingPercentileScore":0,"scoresByDay":[],"rankSummary":{"mean":5819,"median":5819,"max":5819,"min":5819},"percentileSummary":{"mean":26.335781210433012,"median":26.335781210433012,"max":26.335781210433012,"min":26.335781210433012}}