{"name":"Brutality of the Rat","scoreData":{"2020-10-02":{"id":76561198511142830,"name":"Brutality of the Rat","score":2000,"level":2,"character":3,"platform":18,"runframes":3375,"runend":1021,"unknown1":545,"unknown2":1179,"rank":5804,"percentile":22.243065791236774}},"tenDayDecayingPercentileMean":null,"rankSummary":{"mean":5804,"median":5804,"max":5804,"min":5804},"percentileSummary":{"mean":22.243065791236774,"median":22.243065791236774,"max":22.243065791236774,"min":22.243065791236774}}