{"name":"BTWjammar","scoreData":{"2020-10-13":{"id":76561199396388580,"name":"BTWjammar","score":3500,"level":2,"character":7,"platform":48,"runframes":4232,"runend":1021,"unknown1":2043,"unknown2":4294964517,"rank":5070,"percentile":13.572037510656429}},"tenDayPercentiles":[],"tenDayDecayingPercentileScore":0,"scoresByDay":[],"rankSummary":{"mean":5070,"median":5070,"max":5070,"min":5070},"percentileSummary":{"mean":13.572037510656429,"median":13.572037510656429,"max":13.572037510656429,"min":13.572037510656429}}