{"name":"bub64xp","scoreData":{"2020-10-18":{"id":76561198045011460,"name":"bub64xp","score":1600,"level":2,"character":7,"platform":48,"runframes":2417,"runend":1021,"unknown1":4294966743,"unknown2":4294961967,"rank":5522,"percentile":6.865721997300938}},"tenDayPercentiles":[],"tenDayDecayingPercentileScore":0,"scoresByDay":[],"rankSummary":{"mean":5522,"median":5522,"max":5522,"min":5522},"percentileSummary":{"mean":6.865721997300938,"median":6.865721997300938,"max":6.865721997300938,"min":6.865721997300938}}