{"name":"Bubble Cerberus","scoreData":{"2020-11-10":{"id":76561198037841920,"name":"Bubble Cerberus","score":49225,"level":7,"character":17,"platform":18,"runframes":44410,"runend":1016,"unknown1":643,"unknown2":643,"rank":1024,"percentile":76.62248628884826}},"tenDayDecayingPercentileMean":null,"rankSummary":{"mean":1024,"median":1024,"max":1024,"min":1024},"percentileSummary":{"mean":76.62248628884826,"median":76.62248628884826,"max":76.62248628884826,"min":76.62248628884826}}