{"name":"Bubble","scoreData":{"2020-10-19":{"id":76561197988779520,"name":"Bubble","score":12500,"level":4,"character":7,"platform":18,"runframes":21503,"runend":1019,"unknown1":4294965660,"unknown2":4294963283,"rank":2532,"percentile":52.67389678384443}},"tenDayPercentiles":[],"tenDayDecayingPercentileScore":0,"scoresByDay":[],"rankSummary":{"mean":2532,"median":2532,"max":2532,"min":2532},"percentileSummary":{"mean":52.67389678384443,"median":52.67389678384443,"max":52.67389678384443,"min":52.67389678384443}}