{"name":"bubla2009","scoreData":{"2020-10-10":{"id":76561198138096500,"name":"bubla2009","score":5500,"level":1,"character":0,"platform":48,"runframes":1675,"runend":1022,"unknown1":1467,"unknown2":967,"rank":5091,"percentile":22.83201940570042}},"tenDayPercentiles":[],"tenDayDecayingPercentileScore":0,"scoresByDay":[],"rankSummary":{"mean":5091,"median":5091,"max":5091,"min":5091},"percentileSummary":{"mean":22.83201940570042,"median":22.83201940570042,"max":22.83201940570042,"min":22.83201940570042}}