{"name":"bucarin","scoreData":{"2020-10-21":{"id":5525092485149110000,"name":"bucarin","score":5800,"level":2,"character":0,"platform":48,"runframes":7199,"runend":1021,"unknown1":2109,"unknown2":2742,"rank":4155,"percentile":22.615499254843513}},"tenDayPercentiles":[],"tenDayDecayingPercentileScore":0,"scoresByDay":[],"rankSummary":{"mean":4155,"median":4155,"max":4155,"min":4155},"percentileSummary":{"mean":22.615499254843513,"median":22.615499254843513,"max":22.615499254843513,"min":22.615499254843513}}