{"name":"Buddis1993","scoreData":{"2020-09-19":{"id":4204388333421571000,"name":"Buddis1993","score":7400,"level":1,"character":4,"platform":48,"runframes":5791,"runend":1022,"unknown1":4294965684,"unknown2":4294965632,"rank":2356,"percentile":21.395193591455268}},"tenDayPercentiles":[],"tenDayDecayingPercentileScore":0,"scoresByDay":[],"rankSummary":{"mean":2356,"median":2356,"max":2356,"min":2356},"percentileSummary":{"mean":21.395193591455268,"median":21.395193591455268,"max":21.395193591455268,"min":21.395193591455268}}