{"name":"buddhabro","scoreData":{"2020-10-09":{"id":7850183092091376000,"name":"buddhabro","score":10200,"level":4,"character":7,"platform":18,"runframes":26240,"runend":1019,"unknown1":656,"unknown2":2258,"rank":3301,"percentile":47.38520408163265}},"tenDayPercentiles":[],"tenDayDecayingPercentileScore":0,"scoresByDay":[],"rankSummary":{"mean":3301,"median":3301,"max":3301,"min":3301},"percentileSummary":{"mean":47.38520408163265,"median":47.38520408163265,"max":47.38520408163265,"min":47.38520408163265}}