{"name":"buerki648","scoreData":{"2020-09-19":{"id":8358910341022260000,"name":"buerki648","score":0,"level":1,"character":3,"platform":48,"runframes":431,"runend":1022,"unknown1":4294966652,"unknown2":318,"rank":2959,"percentile":1.2683578104138888}},"tenDayPercentiles":[],"tenDayDecayingPercentileScore":0,"scoresByDay":[],"rankSummary":{"mean":2959,"median":2959,"max":2959,"min":2959},"percentileSummary":{"mean":1.2683578104138888,"median":1.2683578104138888,"max":1.2683578104138888,"min":1.2683578104138888}}