{"name":"Buford","scoreData":{"2020-09-29":{"id":76561198044618660,"name":"Buford","score":2000,"level":2,"character":2,"platform":18,"runframes":6714,"runend":1021,"unknown1":4294965453,"unknown2":4294964753,"rank":4567,"percentile":18.347639484978544}},"tenDayPercentiles":[],"tenDayDecayingPercentileScore":0,"scoresByDay":[],"rankSummary":{"mean":4567,"median":4567,"max":4567,"min":4567},"percentileSummary":{"mean":18.347639484978544,"median":18.347639484978544,"max":18.347639484978544,"min":18.347639484978544}}