{"name":"Bugl","scoreData":{"2020-11-04":{"id":5434864622541157000,"name":"Bugl","score":31175,"level":5,"character":13,"platform":18,"runframes":31231,"runend":1018,"unknown1":197,"unknown2":4294963310,"rank":1580,"percentile":64.82512809088884}},"tenDayPercentiles":[],"tenDayDecayingPercentileScore":0,"scoresByDay":[],"rankSummary":{"mean":1580,"median":1580,"max":1580,"min":1580},"percentileSummary":{"mean":64.82512809088884,"median":64.82512809088884,"max":64.82512809088884,"min":64.82512809088884}}