{"name":"Builtinyellow01","scoreData":{"2020-11-22":{"id":6465503561230714000,"name":"Builtinyellow01","score":30700,"level":4,"character":0,"platform":48,"runframes":30237,"runend":1019,"unknown1":4294965877,"unknown2":4294964950,"rank":1036,"percentile":74.1185296324081}},"tenDayPercentiles":[],"tenDayDecayingPercentileScore":0,"scoresByDay":[],"rankSummary":{"mean":1036,"median":1036,"max":1036,"min":1036},"percentileSummary":{"mean":74.1185296324081,"median":74.1185296324081,"max":74.1185296324081,"min":74.1185296324081}}