{"name":"bumblebeeobesity","scoreData":{"2020-10-01":{"id":5648914402930988000,"name":"bumblebeeobesity","score":5700,"level":1,"character":0,"platform":48,"runframes":3501,"runend":1022,"unknown1":4294966301,"unknown2":4401,"rank":5737,"percentile":25.448401351702614}},"tenDayPercentiles":[],"tenDayDecayingPercentileScore":0,"scoresByDay":[],"rankSummary":{"mean":5737,"median":5737,"max":5737,"min":5737},"percentileSummary":{"mean":25.448401351702614,"median":25.448401351702614,"max":25.448401351702614,"min":25.448401351702614}}