{"name":"Bun","scoreData":{"2020-11-17":{"id":3262512257780452000,"name":"Bun","score":129075,"level":19,"character":18,"platform":18,"runframes":177458,"runend":1004,"unknown1":1147,"unknown2":60,"rank":40,"percentile":99.00459418070444}},"tenDayPercentiles":[99.00459418070444],"tenDayDecayingPercentileScore":80.1937212863706,"scoresByDay":[80.1937212863706],"rankSummary":{"mean":40,"median":40,"max":40,"min":40},"percentileSummary":{"mean":99.00459418070444,"median":99.00459418070444,"max":99.00459418070444,"min":99.00459418070444}}