{"name":"BundsAndThighs","scoreData":{"2020-10-06":{"id":4532243910608642000,"name":"BundsAndThighs","score":19700,"level":6,"character":4,"platform":48,"runframes":22053,"runend":1017,"unknown1":4294966798,"unknown2":1238,"rank":1264,"percentile":81.41280353200884}},"tenDayPercentiles":[],"tenDayDecayingPercentileScore":0,"scoresByDay":[],"rankSummary":{"mean":1264,"median":1264,"max":1264,"min":1264},"percentileSummary":{"mean":81.41280353200884,"median":81.41280353200884,"max":81.41280353200884,"min":81.41280353200884}}