{"name":"Bungolin","scoreData":{"2020-11-19":{"id":6996552562497075000,"name":"Bungolin","score":12000,"level":2,"character":7,"platform":18,"runframes":11257,"runend":1021,"unknown1":4294967142,"unknown2":2175,"rank":2991,"percentile":23.451100870455704}},"tenDayPercentiles":[23.451100870455704],"tenDayDecayingPercentileScore":17.095852534562212,"scoresByDay":[17.095852534562212],"rankSummary":{"mean":2991,"median":2991,"max":2991,"min":2991},"percentileSummary":{"mean":23.451100870455704,"median":23.451100870455704,"max":23.451100870455704,"min":23.451100870455704}}