{"name":"Bunnyhead","scoreData":{"2020-09-30":{"id":76561198073640530,"name":"Bunnyhead","score":6860,"level":3,"character":0,"platform":18,"runframes":20741,"runend":1020,"unknown1":4294962843,"unknown2":486,"rank":3576,"percentile":53.71569135163128}},"tenDayPercentiles":[],"tenDayDecayingPercentileScore":0,"scoresByDay":[],"rankSummary":{"mean":3576,"median":3576,"max":3576,"min":3576},"percentileSummary":{"mean":53.71569135163128,"median":53.71569135163128,"max":53.71569135163128,"min":53.71569135163128}}