{"name":"Bunooty","scoreData":{"2020-10-14":{"id":76561199702630690,"name":"Bunooty","score":11000,"level":4,"character":0,"platform":18,"runframes":15003,"runend":1019,"unknown1":4294963660,"unknown2":11,"rank":2470,"percentile":55.36876355748373}},"tenDayPercentiles":[],"tenDayDecayingPercentileScore":0,"scoresByDay":[],"rankSummary":{"mean":2470,"median":2470,"max":2470,"min":2470},"percentileSummary":{"mean":55.36876355748373,"median":55.36876355748373,"max":55.36876355748373,"min":55.36876355748373}}