{"name":"burgerack","scoreData":{"2020-11-08":{"id":3179585821076024300,"name":"burgerack","score":0,"level":1,"character":6,"platform":48,"runframes":834,"runend":1022,"unknown1":4294963382,"unknown2":4294963001,"rank":4681,"percentile":0.7423117709437861}},"tenDayPercentiles":[],"tenDayDecayingPercentileScore":0,"scoresByDay":[],"rankSummary":{"mean":4681,"median":4681,"max":4681,"min":4681},"percentileSummary":{"mean":0.7423117709437861,"median":0.7423117709437861,"max":0.7423117709437861,"min":0.7423117709437861}}