{"name":"Burger Beers","scoreData":{"2020-10-11":{"id":76561198072964510,"name":"Burger Beers","score":34500,"level":4,"character":6,"platform":18,"runframes":25086,"runend":1019,"unknown1":1065,"unknown2":1640,"rank":2242,"percentile":64.70866141732283}},"tenDayDecayingPercentileMean":null,"rankSummary":{"mean":2242,"median":2242,"max":2242,"min":2242},"percentileSummary":{"mean":64.70866141732283,"median":64.70866141732283,"max":64.70866141732283,"min":64.70866141732283}}