{"name":"burnot33","scoreData":{"2020-10-09":{"id":76561198047669180,"name":"burnot33","score":6400,"level":2,"character":3,"platform":48,"runframes":8555,"runend":1021,"unknown1":39,"unknown2":3122,"rank":5176,"percentile":17.490433673469383}},"tenDayPercentiles":[],"tenDayDecayingPercentileScore":0,"scoresByDay":[],"rankSummary":{"mean":5176,"median":5176,"max":5176,"min":5176},"percentileSummary":{"mean":17.490433673469383,"median":17.490433673469383,"max":17.490433673469383,"min":17.490433673469383}}