{"name":"bushidosam","scoreData":{"2020-09-28":{"id":5780969296691625000,"name":"bushidosam","score":12600,"level":3,"character":0,"platform":48,"runframes":111789,"runend":1020,"unknown1":4294965749,"unknown2":61,"rank":1459,"percentile":32.43744207599629}},"tenDayPercentiles":[],"tenDayDecayingPercentileScore":0,"scoresByDay":[],"rankSummary":{"mean":1459,"median":1459,"max":1459,"min":1459},"percentileSummary":{"mean":32.43744207599629,"median":32.43744207599629,"max":32.43744207599629,"min":32.43744207599629}}