{"name":"Butch","scoreData":{"2020-11-13":{"id":76561199065713660,"name":"Butch","score":27600,"level":2,"character":0,"platform":18,"runframes":10271,"runend":1021,"unknown1":2730,"unknown2":1023,"rank":3366,"percentile":19.88095238095238}},"tenDayPercentiles":[19.88095238095238],"tenDayDecayingPercentileScore":9.508997892857144,"scoresByDay":[9.508997892857144],"rankSummary":{"mean":3366,"median":3366,"max":3366,"min":3366},"percentileSummary":{"mean":19.88095238095238,"median":19.88095238095238,"max":19.88095238095238,"min":19.88095238095238}}