{"name":"Butt-Butt","scoreData":{"2020-11-22":{"id":2551046817862686000,"name":"Butt-Butt","score":18600,"level":2,"character":8,"platform":18,"runframes":6253,"runend":1021,"unknown1":4294965403,"unknown2":1211,"rank":2353,"percentile":41.18529632408102}},"tenDayPercentiles":[],"tenDayDecayingPercentileScore":0,"scoresByDay":[],"rankSummary":{"mean":2353,"median":2353,"max":2353,"min":2353},"percentileSummary":{"mean":41.18529632408102,"median":41.18529632408102,"max":41.18529632408102,"min":41.18529632408102}}