{"name":"Buttery Crumpets","scoreData":{"2020-10-05":{"id":76561198007075580,"name":"Buttery Crumpets","score":3700,"level":1,"character":2,"platform":18,"runframes":3309,"runend":1022,"unknown1":4294966404,"unknown2":4294964297,"rank":5914,"percentile":13.197298884321782}},"tenDayDecayingPercentileMean":null,"rankSummary":{"mean":5914,"median":5914,"max":5914,"min":5914},"percentileSummary":{"mean":13.197298884321782,"median":13.197298884321782,"max":13.197298884321782,"min":13.197298884321782}}