{"name":"buzz_is_dumb","scoreData":{"2020-11-16":{"id":76561198010201710,"name":"buzz_is_dumb","score":1800,"level":1,"character":0,"platform":18,"runframes":3558,"runend":1022,"unknown1":179,"unknown2":157,"rank":3662,"percentile":6.224385245901644}},"tenDayPercentiles":[6.224385245901644],"tenDayDecayingPercentileScore":4.083819159836069,"scoresByDay":[4.083819159836069],"rankSummary":{"mean":3662,"median":3662,"max":3662,"min":3662},"percentileSummary":{"mean":6.224385245901644,"median":6.224385245901644,"max":6.224385245901644,"min":6.224385245901644}}