{"name":"BWC100496","scoreData":{"2020-10-11":{"id":1072527063640867000,"name":"BWC100496","score":2300,"level":1,"character":0,"platform":48,"runframes":1781,"runend":1022,"unknown1":4294963752,"unknown2":4294962549,"rank":6129,"percentile":3.496062992125985}},"tenDayPercentiles":[],"tenDayDecayingPercentileScore":0,"scoresByDay":[],"rankSummary":{"mean":6129,"median":6129,"max":6129,"min":6129},"percentileSummary":{"mean":3.496062992125985,"median":3.496062992125985,"max":3.496062992125985,"min":3.496062992125985}}