{"name":"Bystander","scoreData":{"2020-10-28":{"id":76561198014144020,"name":"Bystander","score":14400,"level":4,"character":0,"platform":18,"runframes":15917,"runend":1019,"unknown1":4777,"unknown2":1838,"rank":2854,"percentile":42.023978866084136}},"tenDayPercentiles":[],"tenDayDecayingPercentileScore":0,"scoresByDay":[],"rankSummary":{"mean":2854,"median":2854,"max":2854,"min":2854},"percentileSummary":{"mean":42.023978866084136,"median":42.023978866084136,"max":42.023978866084136,"min":42.023978866084136}}