{"name":"BZB3644","scoreData":{"2020-09-20":{"id":759700444102123800,"name":"BZB3644","score":6800,"level":2,"character":0,"platform":48,"runframes":5439,"runend":1021,"unknown1":4294966036,"unknown2":4294965744,"rank":1983,"percentile":33.35574983187625}},"tenDayPercentiles":[],"tenDayDecayingPercentileScore":0,"scoresByDay":[],"rankSummary":{"mean":1983,"median":1983,"max":1983,"min":1983},"percentileSummary":{"mean":33.35574983187625,"median":33.35574983187625,"max":33.35574983187625,"min":33.35574983187625}}