{"name":"l0ngs0cks","scoreData":{"2020-10-31":{"id":76561197996568270,"name":"l0ngs0cks","score":4000,"level":1,"character":0,"platform":18,"runframes":3021,"runend":1022,"unknown1":2795,"unknown2":686,"rank":4533,"percentile":4.649694929518205}},"tenDayPercentiles":[],"tenDayDecayingPercentileScore":0,"scoresByDay":[],"rankSummary":{"mean":4533,"median":4533,"max":4533,"min":4533},"percentileSummary":{"mean":4.649694929518205,"median":4.649694929518205,"max":4.649694929518205,"min":4.649694929518205}}