{"name":"l3eastcx","scoreData":{"2020-09-19":{"id":4442038725562407400,"name":"l3eastcx","score":20700,"level":4,"character":5,"platform":48,"runframes":18573,"runend":1019,"unknown1":529,"unknown2":137,"rank":628,"percentile":79.0720961281709}},"tenDayPercentiles":[],"tenDayDecayingPercentileScore":0,"scoresByDay":[],"rankSummary":{"mean":628,"median":628,"max":628,"min":628},"percentileSummary":{"mean":79.0720961281709,"median":79.0720961281709,"max":79.0720961281709,"min":79.0720961281709}}