{"name":"labalov","scoreData":{"2020-10-12":{"id":76561198952592050,"name":"labalov","score":17400,"level":7,"character":0,"platform":18,"runframes":48967,"runend":1016,"unknown1":4294966536,"unknown2":667,"rank":594,"percentile":90.09024064171123}},"tenDayPercentiles":[],"tenDayDecayingPercentileScore":0,"scoresByDay":[],"rankSummary":{"mean":594,"median":594,"max":594,"min":594},"percentileSummary":{"mean":90.09024064171123,"median":90.09024064171123,"max":90.09024064171123,"min":90.09024064171123}}