{"name":"LAD","scoreData":{"2020-10-05":{"id":2795597864132419600,"name":"LAD","score":4300,"level":1,"character":3,"platform":18,"runframes":4445,"runend":1022,"unknown1":1915,"unknown2":516,"rank":5607,"percentile":17.704051673517313}},"tenDayPercentiles":[],"tenDayDecayingPercentileScore":0,"scoresByDay":[],"rankSummary":{"mean":5607,"median":5607,"max":5607,"min":5607},"percentileSummary":{"mean":17.704051673517313,"median":17.704051673517313,"max":17.704051673517313,"min":17.704051673517313}}