{"name":"Ladin","scoreData":{"2020-10-15":{"id":3595143993099818000,"name":"Ladin","score":11500,"level":2,"character":4,"platform":18,"runframes":3587,"runend":1021,"unknown1":3866,"unknown2":1182,"rank":4506,"percentile":21.747437901684904}},"tenDayPercentiles":[],"tenDayDecayingPercentileScore":0,"scoresByDay":[],"rankSummary":{"mean":4506,"median":4506,"max":4506,"min":4506},"percentileSummary":{"mean":21.747437901684904,"median":21.747437901684904,"max":21.747437901684904,"min":21.747437901684904}}