{"name":"Lady Aluna","scoreData":{"2020-11-22":{"id":76561198086402110,"name":"Lady Aluna","score":900,"level":2,"character":4,"platform":18,"runframes":11391,"runend":1021,"unknown1":549,"unknown2":103,"rank":3469,"percentile":13.27831957989497}},"tenDayPercentiles":[],"tenDayDecayingPercentileScore":0,"scoresByDay":[],"rankSummary":{"mean":3469,"median":3469,"max":3469,"min":3469},"percentileSummary":{"mean":13.27831957989497,"median":13.27831957989497,"max":13.27831957989497,"min":13.27831957989497}}