{"name":"Laffie1011","scoreData":{"2020-10-09":{"id":76561198044486750,"name":"Laffie1011","score":13100,"level":4,"character":0,"platform":18,"runframes":19435,"runend":1019,"unknown1":4062,"unknown2":606,"rank":3210,"percentile":48.83609693877551}},"tenDayPercentiles":[],"tenDayDecayingPercentileScore":0,"scoresByDay":[],"rankSummary":{"mean":3210,"median":3210,"max":3210,"min":3210},"percentileSummary":{"mean":48.83609693877551,"median":48.83609693877551,"max":48.83609693877551,"min":48.83609693877551}}