{"name":"lamda00","scoreData":{"2020-09-18":{"id":1640318403731693300,"name":"lamda00","score":700,"level":1,"character":0,"platform":48,"runframes":5437,"runend":1022,"unknown1":4294966538,"unknown2":4294964872,"rank":2628,"percentile":6.044349070100139}},"tenDayPercentiles":[],"tenDayDecayingPercentileScore":0,"scoresByDay":[],"rankSummary":{"mean":2628,"median":2628,"max":2628,"min":2628},"percentileSummary":{"mean":6.044349070100139,"median":6.044349070100139,"max":6.044349070100139,"min":6.044349070100139}}