{"name":"lamqtran","scoreData":{"2020-10-17":{"id":76561198002315980,"name":"lamqtran","score":1000,"level":2,"character":1,"platform":18,"runframes":5563,"runend":1021,"unknown1":4294965401,"unknown2":4294963025,"rank":4933,"percentile":15.663474692202456}},"tenDayPercentiles":[],"tenDayDecayingPercentileScore":0,"scoresByDay":[],"rankSummary":{"mean":4933,"median":4933,"max":4933,"min":4933},"percentileSummary":{"mean":15.663474692202456,"median":15.663474692202456,"max":15.663474692202456,"min":15.663474692202456}}