{"name":"LanceFrostfire","scoreData":{"2020-10-12":{"id":8042790344902829000,"name":"LanceFrostfire","score":148625,"level":18,"character":9,"platform":18,"runframes":79366,"runend":749,"unknown1":707,"unknown2":441,"rank":59,"percentile":99.0307486631016}},"tenDayPercentiles":[],"tenDayDecayingPercentileScore":0,"scoresByDay":[],"rankSummary":{"mean":59,"median":59,"max":59,"min":59},"percentileSummary":{"mean":99.0307486631016,"median":99.0307486631016,"max":99.0307486631016,"min":99.0307486631016}}