{"name":"landstuhl64","scoreData":{"2020-11-06":{"id":76561198030931410,"name":"landstuhl64","score":1500,"level":1,"character":0,"platform":18,"runframes":7143,"runend":1022,"unknown1":4294966367,"unknown2":4294965618,"rank":4449,"percentile":1.9184123484013185}},"tenDayPercentiles":[],"tenDayDecayingPercentileScore":0,"scoresByDay":[],"rankSummary":{"mean":4449,"median":4449,"max":4449,"min":4449},"percentileSummary":{"mean":1.9184123484013185,"median":1.9184123484013185,"max":1.9184123484013185,"min":1.9184123484013185}}