{"name":"LandontheNotable","scoreData":{"2020-10-20":{"id":76561197993891070,"name":"LandontheNotable","score":10300,"level":2,"character":2,"platform":18,"runframes":10500,"runend":1021,"unknown1":1318,"unknown2":669,"rank":4809,"percentile":10.962962962962962}},"tenDayPercentiles":[],"tenDayDecayingPercentileScore":0,"scoresByDay":[],"rankSummary":{"mean":4809,"median":4809,"max":4809,"min":4809},"percentileSummary":{"mean":10.962962962962962,"median":10.962962962962962,"max":10.962962962962962,"min":10.962962962962962}}