{"name":"Landooon","scoreData":{"2020-10-08":{"id":76561198027529950,"name":"Landooon","score":6900,"level":3,"character":19,"platform":18,"runframes":4835,"runend":1020,"unknown1":4294965557,"unknown2":31,"rank":4168,"percentile":34.2640795078088}},"tenDayPercentiles":[],"tenDayDecayingPercentileScore":0,"scoresByDay":[],"rankSummary":{"mean":4168,"median":4168,"max":4168,"min":4168},"percentileSummary":{"mean":34.2640795078088,"median":34.2640795078088,"max":34.2640795078088,"min":34.2640795078088}}