{"name":"Langle","scoreData":{"2020-10-03":{"id":76561198066352030,"name":"Langle","score":12500,"level":2,"character":3,"platform":18,"runframes":8807,"runend":1021,"unknown1":885,"unknown2":185,"rank":4461,"percentile":43.53000759685997}},"tenDayPercentiles":[],"tenDayDecayingPercentileScore":0,"scoresByDay":[],"rankSummary":{"mean":4461,"median":4461,"max":4461,"min":4461},"percentileSummary":{"mean":43.53000759685997,"median":43.53000759685997,"max":43.53000759685997,"min":43.53000759685997}}