{"name":"Lars Vader","scoreData":{"2020-10-25":{"id":76561197998602510,"name":"Lars Vader","score":12600,"level":2,"character":7,"platform":18,"runframes":10223,"runend":1021,"unknown1":26,"unknown2":168,"rank":4296,"percentile":22.612612612612608}},"tenDayPercentiles":[],"tenDayDecayingPercentileScore":0,"scoresByDay":[],"rankSummary":{"mean":4296,"median":4296,"max":4296,"min":4296},"percentileSummary":{"mean":22.612612612612608,"median":22.612612612612608,"max":22.612612612612608,"min":22.612612612612608}}