{"name":"LasagnaWestern","scoreData":{"2020-09-16":{"id":8423384616906333000,"name":"LasagnaWestern","score":12200,"level":2,"character":3,"platform":48,"runframes":7440,"runend":1021,"unknown1":1431,"unknown2":1652,"rank":2053,"percentile":33.50615683732988}},"tenDayPercentiles":[],"tenDayDecayingPercentileScore":0,"scoresByDay":[],"rankSummary":{"mean":2053,"median":2053,"max":2053,"min":2053},"percentileSummary":{"mean":33.50615683732988,"median":33.50615683732988,"max":33.50615683732988,"min":33.50615683732988}}