{"name":"laser \"hot dog\"","scoreData":{"2020-10-20":{"id":6160239861673424000,"name":"laser \"hot dog\"","score":60925,"level":13,"character":16,"platform":18,"runframes":78720,"runend":1010,"unknown1":4294964929,"unknown2":4294964592,"rank":210,"percentile":96.12962962962963}},"tenDayDecayingPercentileMean":null,"rankSummary":{"mean":210,"median":210,"max":210,"min":210},"percentileSummary":{"mean":96.12962962962963,"median":96.12962962962963,"max":96.12962962962963,"min":96.12962962962963}}