{"name":"Lasnage","scoreData":{"2020-09-29":{"id":134168988476243970,"name":"Lasnage","score":11600,"level":3,"character":0,"platform":18,"runframes":10267,"runend":1020,"unknown1":636,"unknown2":1673,"rank":3128,"percentile":44.080829756795424}},"tenDayPercentiles":[],"tenDayDecayingPercentileScore":0,"scoresByDay":[],"rankSummary":{"mean":3128,"median":3128,"max":3128,"min":3128},"percentileSummary":{"mean":44.080829756795424,"median":44.080829756795424,"max":44.080829756795424,"min":44.080829756795424}}