{"name":"Last Furry On Earth","scoreData":{"2020-10-01":{"id":76561197960507890,"name":"Last Furry On Earth","score":12100,"level":4,"character":3,"platform":18,"runframes":13393,"runend":1019,"unknown1":640,"unknown2":679,"rank":3211,"percentile":58.27917858071224}},"tenDayDecayingPercentileMean":null,"rankSummary":{"mean":3211,"median":3211,"max":3211,"min":3211},"percentileSummary":{"mean":58.27917858071224,"median":58.27917858071224,"max":58.27917858071224,"min":58.27917858071224}}