{"name":"Lastknonwhero","scoreData":{"2020-11-18":{"id":76561198067167890,"name":"Lastknonwhero","score":14500,"level":2,"character":5,"platform":18,"runframes":4708,"runend":1021,"unknown1":4294965016,"unknown2":4294964889,"rank":3260,"percentile":18.849601593625493}},"tenDayPercentiles":[18.849601593625493],"tenDayDecayingPercentileScore":16.964641434262944,"scoresByDay":[16.964641434262944],"rankSummary":{"mean":3260,"median":3260,"max":3260,"min":3260},"percentileSummary":{"mean":18.849601593625493,"median":18.849601593625493,"max":18.849601593625493,"min":18.849601593625493}}