{"name":"laszlar","scoreData":{"2020-10-17":{"id":76561198263224910,"name":"laszlar","score":2900,"level":1,"character":0,"platform":18,"runframes":2265,"runend":1022,"unknown1":4294966655,"unknown2":4294966811,"rank":5348,"percentile":8.567031463748293}},"tenDayPercentiles":[],"tenDayDecayingPercentileScore":0,"scoresByDay":[],"rankSummary":{"mean":5348,"median":5348,"max":5348,"min":5348},"percentileSummary":{"mean":8.567031463748293,"median":8.567031463748293,"max":8.567031463748293,"min":8.567031463748293}}