{"name":"LatteNeun","scoreData":{"2020-10-31":{"id":76561198006091500,"name":"LatteNeun","score":5100,"level":1,"character":2,"platform":18,"runframes":2395,"runend":1022,"unknown1":119,"unknown2":594,"rank":4468,"percentile":6.017252261729439}},"tenDayPercentiles":[],"tenDayDecayingPercentileScore":0,"scoresByDay":[],"rankSummary":{"mean":4468,"median":4468,"max":4468,"min":4468},"percentileSummary":{"mean":6.017252261729439,"median":6.017252261729439,"max":6.017252261729439,"min":6.017252261729439}}