{"name":"LauchLachs","scoreData":{"2020-10-10":{"id":76561198034093620,"name":"LauchLachs","score":11700,"level":3,"character":4,"platform":18,"runframes":13271,"runend":1020,"unknown1":1920,"unknown2":4294964813,"rank":2333,"percentile":64.64523953911461}},"tenDayPercentiles":[],"tenDayDecayingPercentileScore":0,"scoresByDay":[],"rankSummary":{"mean":2333,"median":2333,"max":2333,"min":2333},"percentileSummary":{"mean":64.64523953911461,"median":64.64523953911461,"max":64.64523953911461,"min":64.64523953911461}}