{"name":"LaurentDS","scoreData":{"2020-10-01":{"id":76561198033851260,"name":"LaurentDS","score":27000,"level":4,"character":1,"platform":18,"runframes":26427,"runend":1019,"unknown1":302,"unknown2":1128,"rank":2434,"percentile":68.3779568494931}},"tenDayPercentiles":[],"tenDayDecayingPercentileScore":0,"scoresByDay":[],"rankSummary":{"mean":2434,"median":2434,"max":2434,"min":2434},"percentileSummary":{"mean":68.3779568494931,"median":68.3779568494931,"max":68.3779568494931,"min":68.3779568494931}}