{"name":"LaVADraGoN","scoreData":{"2020-10-03":{"id":6291208196267257000,"name":"LaVADraGoN","score":7000,"level":2,"character":0,"platform":18,"runframes":6589,"runend":1021,"unknown1":5705,"unknown2":361,"rank":5758,"percentile":27.108128640162064}},"tenDayPercentiles":[],"tenDayDecayingPercentileScore":0,"scoresByDay":[],"rankSummary":{"mean":5758,"median":5758,"max":5758,"min":5758},"percentileSummary":{"mean":27.108128640162064,"median":27.108128640162064,"max":27.108128640162064,"min":27.108128640162064}}