{"name":"lazac-","scoreData":{"2020-10-27":{"id":828982470533018800,"name":"lazac-","score":19900,"level":3,"character":0,"platform":18,"runframes":13591,"runend":1020,"unknown1":4294964021,"unknown2":4294966855,"rank":2576,"percentile":48.26200522403054}},"tenDayPercentiles":[],"tenDayDecayingPercentileScore":0,"scoresByDay":[],"rankSummary":{"mean":2576,"median":2576,"max":2576,"min":2576},"percentileSummary":{"mean":48.26200522403054,"median":48.26200522403054,"max":48.26200522403054,"min":48.26200522403054}}