{"name":"LazyPacer","scoreData":{"2020-10-10":{"id":76561197992905890,"name":"LazyPacer","score":3000,"level":1,"character":4,"platform":18,"runframes":3606,"runend":1022,"unknown1":4294967094,"unknown2":3238,"rank":5428,"percentile":17.72286234081261}},"tenDayPercentiles":[],"tenDayDecayingPercentileScore":0,"scoresByDay":[],"rankSummary":{"mean":5428,"median":5428,"max":5428,"min":5428},"percentileSummary":{"mean":17.72286234081261,"median":17.72286234081261,"max":17.72286234081261,"min":17.72286234081261}}