{"name":"LazySocks","scoreData":{"2020-10-01":{"id":76561197999605230,"name":"LazySocks","score":0,"level":1,"character":1,"platform":18,"runframes":1963,"runend":1022,"unknown1":6402,"unknown2":4684,"rank":7577,"percentile":1.5336625942292699}},"tenDayPercentiles":[],"tenDayDecayingPercentileScore":0,"scoresByDay":[],"rankSummary":{"mean":7577,"median":7577,"max":7577,"min":7577},"percentileSummary":{"mean":1.5336625942292699,"median":1.5336625942292699,"max":1.5336625942292699,"min":1.5336625942292699}}