{"name":"LazyRat","scoreData":{"2020-10-09":{"id":76561198285268340,"name":"LazyRat","score":5300,"level":2,"character":7,"platform":18,"runframes":3434,"runend":1021,"unknown1":1332,"unknown2":536,"rank":5257,"percentile":16.198979591836732}},"tenDayPercentiles":[],"tenDayDecayingPercentileScore":0,"scoresByDay":[],"rankSummary":{"mean":5257,"median":5257,"max":5257,"min":5257},"percentileSummary":{"mean":16.198979591836732,"median":16.198979591836732,"max":16.198979591836732,"min":16.198979591836732}}