{"name":"LD_FLO","scoreData":{"2020-10-30":{"id":76561198042165500,"name":"LD_FLO","score":10100,"level":2,"character":0,"platform":18,"runframes":6694,"runend":1021,"unknown1":1303,"unknown2":333,"rank":3048,"percentile":35.83912402611075}},"tenDayPercentiles":[],"tenDayDecayingPercentileScore":0,"scoresByDay":[],"rankSummary":{"mean":3048,"median":3048,"max":3048,"min":3048},"percentileSummary":{"mean":35.83912402611075,"median":35.83912402611075,"max":35.83912402611075,"min":35.83912402611075}}