{"name":"Le Monke","scoreData":{"2020-10-15":{"id":7020630568280770000,"name":"Le Monke","score":6300,"level":2,"character":7,"platform":18,"runframes":6800,"runend":1021,"unknown1":2302,"unknown2":2068,"rank":4898,"percentile":14.938335938857037}},"tenDayPercentiles":[],"tenDayDecayingPercentileScore":0,"scoresByDay":[],"rankSummary":{"mean":4898,"median":4898,"max":4898,"min":4898},"percentileSummary":{"mean":14.938335938857037,"median":14.938335938857037,"max":14.938335938857037,"min":14.938335938857037}}