{"name":"le_wolfe","scoreData":{"2020-09-19":{"id":854244334672429700,"name":"le_wolfe","score":5900,"level":2,"character":1,"platform":48,"runframes":4549,"runend":1021,"unknown1":669,"unknown2":1576,"rank":1761,"percentile":41.255006675567415}},"tenDayPercentiles":[],"tenDayDecayingPercentileScore":0,"scoresByDay":[],"rankSummary":{"mean":1761,"median":1761,"max":1761,"min":1761},"percentileSummary":{"mean":41.255006675567415,"median":41.255006675567415,"max":41.255006675567415,"min":41.255006675567415}}