{"name":"Leafleopard","scoreData":{"2020-09-19":{"id":2302108826337350000,"name":"Leafleopard","score":13600,"level":2,"character":0,"platform":48,"runframes":6469,"runend":1021,"unknown1":4294966998,"unknown2":4294965127,"rank":1288,"percentile":57.04272363150868}},"tenDayPercentiles":[],"tenDayDecayingPercentileScore":0,"scoresByDay":[],"rankSummary":{"mean":1288,"median":1288,"max":1288,"min":1288},"percentileSummary":{"mean":57.04272363150868,"median":57.04272363150868,"max":57.04272363150868,"min":57.04272363150868}}