{"name":"Leander02lp","scoreData":{"2020-09-19":{"id":5239807052286347000,"name":"Leander02lp","score":9900,"level":1,"character":0,"platform":48,"runframes":5183,"runend":1022,"unknown1":152,"unknown2":65,"rank":2244,"percentile":25.133511348464623}},"tenDayPercentiles":[],"tenDayDecayingPercentileScore":0,"scoresByDay":[],"rankSummary":{"mean":2244,"median":2244,"max":2244,"min":2244},"percentileSummary":{"mean":25.133511348464623,"median":25.133511348464623,"max":25.133511348464623,"min":25.133511348464623}}