{"name":"Leavz","scoreData":{"2020-11-05":{"id":1973810546665101800,"name":"Leavz","score":8400,"level":2,"character":3,"platform":18,"runframes":6273,"runend":1021,"unknown1":4294966924,"unknown2":349,"rank":3186,"percentile":29.190751445086704}},"tenDayPercentiles":[],"tenDayDecayingPercentileScore":0,"scoresByDay":[],"rankSummary":{"mean":3186,"median":3186,"max":3186,"min":3186},"percentileSummary":{"mean":29.190751445086704,"median":29.190751445086704,"max":29.190751445086704,"min":29.190751445086704}}