{"name":"Leb87","scoreData":{"2020-10-01":{"id":2386341313971702000,"name":"Leb87","score":12600,"level":7,"character":3,"platform":48,"runframes":40788,"runend":1016,"unknown1":2570,"unknown2":585,"rank":1089,"percentile":85.85911099558098}},"tenDayPercentiles":[],"tenDayDecayingPercentileScore":0,"scoresByDay":[],"rankSummary":{"mean":1089,"median":1089,"max":1089,"min":1089},"percentileSummary":{"mean":85.85911099558098,"median":85.85911099558098,"max":85.85911099558098,"min":85.85911099558098}}