{"name":"Lebtrixx","scoreData":{"2020-10-24":{"id":76561198009053470,"name":"Lebtrixx","score":0,"level":1,"character":3,"platform":48,"runframes":658,"runend":1022,"unknown1":4294967271,"unknown2":4294967277,"rank":5311,"percentile":1.1541325390915915}},"tenDayPercentiles":[],"tenDayDecayingPercentileScore":0,"scoresByDay":[],"rankSummary":{"mean":5311,"median":5311,"max":5311,"min":5311},"percentileSummary":{"mean":1.1541325390915915,"median":1.1541325390915915,"max":1.1541325390915915,"min":1.1541325390915915}}