{"name":"Leckers101","scoreData":{"2020-09-24":{"id":5475387797577004000,"name":"Leckers101","score":5000,"level":3,"character":7,"platform":48,"runframes":7605,"runend":1020,"unknown1":699,"unknown2":238,"rank":1056,"percentile":54.249783174327845}},"tenDayPercentiles":[],"tenDayDecayingPercentileScore":0,"scoresByDay":[],"rankSummary":{"mean":1056,"median":1056,"max":1056,"min":1056},"percentileSummary":{"mean":54.249783174327845,"median":54.249783174327845,"max":54.249783174327845,"min":54.249783174327845}}