{"name":"Legless Thunder","scoreData":{"2020-10-03":{"id":76561197977644930,"name":"Legless Thunder","score":9300,"level":2,"character":3,"platform":18,"runframes":9763,"runend":1021,"unknown1":4294965506,"unknown2":623,"rank":5247,"percentile":33.578121043302104}},"tenDayPercentiles":[],"tenDayDecayingPercentileScore":0,"scoresByDay":[],"rankSummary":{"mean":5247,"median":5247,"max":5247,"min":5247},"percentileSummary":{"mean":33.578121043302104,"median":33.578121043302104,"max":33.578121043302104,"min":33.578121043302104}}