{"name":"lego200","scoreData":{"2020-09-27":{"id":1001022853777811200,"name":"lego200","score":8500,"level":1,"character":0,"platform":48,"runframes":3093,"runend":1022,"unknown1":4294966402,"unknown2":20,"rank":1827,"percentile":26.959999999999994}},"tenDayPercentiles":[],"tenDayDecayingPercentileScore":0,"scoresByDay":[],"rankSummary":{"mean":1827,"median":1827,"max":1827,"min":1827},"percentileSummary":{"mean":26.959999999999994,"median":26.959999999999994,"max":26.959999999999994,"min":26.959999999999994}}