{"name":"Leitch","scoreData":{"2020-10-20":{"id":76561197967580580,"name":"Leitch","score":21925,"level":5,"character":3,"platform":48,"runframes":21092,"runend":1018,"unknown1":1822,"unknown2":1412,"rank":2552,"percentile":52.75925925925926}},"tenDayPercentiles":[],"tenDayDecayingPercentileScore":0,"scoresByDay":[],"rankSummary":{"mean":2552,"median":2552,"max":2552,"min":2552},"percentileSummary":{"mean":52.75925925925926,"median":52.75925925925926,"max":52.75925925925926,"min":52.75925925925926}}