{"name":"Lejk1","scoreData":{"2020-10-05":{"id":76561198005171040,"name":"Lejk1","score":25200,"level":5,"character":4,"platform":18,"runframes":22739,"runend":1018,"unknown1":4294965668,"unknown2":4294961957,"rank":2349,"percentile":65.53141514973576}},"tenDayPercentiles":[],"tenDayDecayingPercentileScore":0,"scoresByDay":[],"rankSummary":{"mean":2349,"median":2349,"max":2349,"min":2349},"percentileSummary":{"mean":65.53141514973576,"median":65.53141514973576,"max":65.53141514973576,"min":65.53141514973576}}