{"name":"LemmeSmaassh","scoreData":{"2020-09-23":{"id":7342886476095249000,"name":"LemmeSmaassh","score":15800,"level":2,"character":1,"platform":48,"runframes":7616,"runend":1021,"unknown1":1362,"unknown2":133,"rank":1753,"percentile":27.18204488778055}},"tenDayPercentiles":[],"tenDayDecayingPercentileScore":0,"scoresByDay":[],"rankSummary":{"mean":1753,"median":1753,"max":1753,"min":1753},"percentileSummary":{"mean":27.18204488778055,"median":27.18204488778055,"max":27.18204488778055,"min":27.18204488778055}}