{"name":"LemmeSeeDemCakes","scoreData":{"2020-09-16":{"id":2336793156163093500,"name":"LemmeSeeDemCakes","score":8200,"level":2,"character":0,"platform":48,"runframes":4338,"runend":1021,"unknown1":4294965614,"unknown2":518,"rank":2386,"percentile":22.71548930654569}},"tenDayPercentiles":[],"tenDayDecayingPercentileScore":0,"scoresByDay":[],"rankSummary":{"mean":2386,"median":2386,"max":2386,"min":2386},"percentileSummary":{"mean":22.71548930654569,"median":22.71548930654569,"max":22.71548930654569,"min":22.71548930654569}}