{"name":"LemonNation","scoreData":{"2020-10-27":{"id":76561198391913680,"name":"LemonNation","score":49775,"level":6,"character":0,"platform":18,"runframes":38159,"runend":1017,"unknown1":4294965035,"unknown2":4294962594,"rank":835,"percentile":83.24291742013261}},"tenDayPercentiles":[],"tenDayDecayingPercentileScore":0,"scoresByDay":[],"rankSummary":{"mean":835,"median":835,"max":835,"min":835},"percentileSummary":{"mean":83.24291742013261,"median":83.24291742013261,"max":83.24291742013261,"min":83.24291742013261}}