{"name":"Leo Blumenthal","scoreData":{"2020-10-10":{"id":76561198396300050,"name":"Leo Blumenthal","score":32200,"level":3,"character":7,"platform":18,"runframes":14996,"runend":1020,"unknown1":55,"unknown2":4294961886,"rank":1345,"percentile":79.62401455427532}},"tenDayPercentiles":[],"tenDayDecayingPercentileScore":0,"scoresByDay":[],"rankSummary":{"mean":1345,"median":1345,"max":1345,"min":1345},"percentileSummary":{"mean":79.62401455427532,"median":79.62401455427532,"max":79.62401455427532,"min":79.62401455427532}}