{"name":"Leocano7","scoreData":{"2020-11-03":{"id":76561197962807040,"name":"Leocano7","score":4000,"level":2,"character":4,"platform":48,"runframes":3261,"runend":1021,"unknown1":2975,"unknown2":710,"rank":3918,"percentile":12.916851934192977}},"tenDayPercentiles":[],"tenDayDecayingPercentileScore":0,"scoresByDay":[],"rankSummary":{"mean":3918,"median":3918,"max":3918,"min":3918},"percentileSummary":{"mean":12.916851934192977,"median":12.916851934192977,"max":12.916851934192977,"min":12.916851934192977}}