{"name":"Leoleololeo55","scoreData":{"2020-10-18":{"id":76561198314632600,"name":"Leoleololeo55","score":22100,"level":5,"character":7,"platform":48,"runframes":25051,"runend":1018,"unknown1":4294965992,"unknown2":4294965463,"rank":2890,"percentile":51.26518218623482}},"tenDayPercentiles":[],"tenDayDecayingPercentileScore":0,"scoresByDay":[],"rankSummary":{"mean":2890,"median":2890,"max":2890,"min":2890},"percentileSummary":{"mean":51.26518218623482,"median":51.26518218623482,"max":51.26518218623482,"min":51.26518218623482}}