{"name":"Leon","scoreData":{"2020-10-07":{"id":76561198052331820,"name":"Leon","score":1000,"level":2,"character":7,"platform":18,"runframes":7183,"runend":1021,"unknown1":4294963541,"unknown2":4294964597,"rank":5139,"percentile":21.24463519313305}},"tenDayPercentiles":[],"tenDayDecayingPercentileScore":0,"scoresByDay":[],"rankSummary":{"mean":5139,"median":5139,"max":5139,"min":5139},"percentileSummary":{"mean":21.24463519313305,"median":21.24463519313305,"max":21.24463519313305,"min":21.24463519313305}}