{"name":"LeonDoesGame","scoreData":{"2020-11-18":{"id":3976820600653699600,"name":"LeonDoesGame","score":5900,"level":1,"character":0,"platform":48,"runframes":2498,"runend":1022,"unknown1":1278,"unknown2":198,"rank":3742,"percentile":6.847609561752989}},"tenDayPercentiles":[6.847609561752989],"tenDayDecayingPercentileScore":4.9919073705179295,"scoresByDay":[4.9919073705179295],"rankSummary":{"mean":3742,"median":3742,"max":3742,"min":3742},"percentileSummary":{"mean":6.847609561752989,"median":6.847609561752989,"max":6.847609561752989,"min":6.847609561752989}}