{"name":"LepoSccrub103","scoreData":{"2020-09-19":{"id":7409112332818708000,"name":"LepoSccrub103","score":8800,"level":2,"character":3,"platform":48,"runframes":9094,"runend":1021,"unknown1":4294967204,"unknown2":374,"rank":1513,"percentile":49.532710280373834}},"tenDayPercentiles":[],"tenDayDecayingPercentileScore":0,"scoresByDay":[],"rankSummary":{"mean":1513,"median":1513,"max":1513,"min":1513},"percentileSummary":{"mean":49.532710280373834,"median":49.532710280373834,"max":49.532710280373834,"min":49.532710280373834}}