{"name":"Leshiy","scoreData":{"2020-10-08":{"id":76561198005527550,"name":"Leshiy","score":12400,"level":2,"character":4,"platform":18,"runframes":4260,"runend":1021,"unknown1":4294966821,"unknown2":58,"rank":4565,"percentile":28.001262028711153}},"tenDayPercentiles":[],"tenDayDecayingPercentileScore":0,"scoresByDay":[],"rankSummary":{"mean":4565,"median":4565,"max":4565,"min":4565},"percentileSummary":{"mean":28.001262028711153,"median":28.001262028711153,"max":28.001262028711153,"min":28.001262028711153}}