{"name":"<^TaP^> F!r3$t0rm","scoreData":{"2020-09-30":{"id":76561198012537580,"name":"<^TaP^> F!r3$t0rm","score":6100,"level":1,"character":1,"platform":18,"runframes":4489,"runend":1022,"unknown1":1868,"unknown2":148,"rank":7007,"percentile":9.295701708959086}},"tenDayDecayingPercentileMean":null,"rankSummary":{"mean":7007,"median":7007,"max":7007,"min":7007},"percentileSummary":{"mean":9.295701708959086,"median":9.295701708959086,"max":9.295701708959086,"min":9.295701708959086}}