{"name":"<CODE STEEL>","scoreData":{"2020-10-05":{"id":511089691868491000,"name":"<CODE STEEL>","score":2800,"level":1,"character":3,"platform":18,"runframes":3814,"runend":1022,"unknown1":16,"unknown2":2083,"rank":5992,"percentile":12.052260716382861}},"tenDayDecayingPercentileMean":null,"rankSummary":{"mean":5992,"median":5992,"max":5992,"min":5992},"percentileSummary":{"mean":12.052260716382861,"median":12.052260716382861,"max":12.052260716382861,"min":12.052260716382861}}