{"name":"LetalToast","scoreData":{"2020-10-07":{"id":76561198046958300,"name":"LetalToast","score":4300,"level":2,"character":7,"platform":18,"runframes":4207,"runend":1021,"unknown1":4294962771,"unknown2":1,"rank":4543,"percentile":30.380134886572648}},"tenDayPercentiles":[],"tenDayDecayingPercentileScore":0,"scoresByDay":[],"rankSummary":{"mean":4543,"median":4543,"max":4543,"min":4543},"percentileSummary":{"mean":30.380134886572648,"median":30.380134886572648,"max":30.380134886572648,"min":30.380134886572648}}