{"name":"LeTonho","scoreData":{"2020-10-01":{"id":3956180139640041000,"name":"LeTonho","score":4800,"level":1,"character":3,"platform":18,"runframes":5492,"runend":1022,"unknown1":4294967293,"unknown2":4294962010,"rank":6202,"percentile":19.40473095918898}},"tenDayPercentiles":[],"tenDayDecayingPercentileScore":0,"scoresByDay":[],"rankSummary":{"mean":6202,"median":6202,"max":6202,"min":6202},"percentileSummary":{"mean":19.40473095918898,"median":19.40473095918898,"max":19.40473095918898,"min":19.40473095918898}}