{"name":"levibarbee","scoreData":{"2020-10-24":{"id":76561198271168770,"name":"levibarbee","score":2000,"level":1,"character":0,"platform":18,"runframes":4027,"runend":1022,"unknown1":4294964956,"unknown2":4294966519,"rank":4965,"percentile":7.594936708860757}},"tenDayPercentiles":[],"tenDayDecayingPercentileScore":0,"scoresByDay":[],"rankSummary":{"mean":4965,"median":4965,"max":4965,"min":4965},"percentileSummary":{"mean":7.594936708860757,"median":7.594936708860757,"max":7.594936708860757,"min":7.594936708860757}}