{"name":"LewisMcCaff1888","scoreData":{"2020-09-20":{"id":4180521840301754400,"name":"LewisMcCaff1888","score":8700,"level":1,"character":4,"platform":48,"runframes":8326,"runend":1022,"unknown1":4294965751,"unknown2":4294965136,"rank":2469,"percentile":17.014122394082037}},"tenDayPercentiles":[],"tenDayDecayingPercentileScore":0,"scoresByDay":[],"rankSummary":{"mean":2469,"median":2469,"max":2469,"min":2469},"percentileSummary":{"mean":17.014122394082037,"median":17.014122394082037,"max":17.014122394082037,"min":17.014122394082037}}