{"name":"lewisthomas","scoreData":{"2020-10-05":{"id":7713835852933465000,"name":"lewisthomas","score":28400,"level":3,"character":0,"platform":18,"runframes":15740,"runend":1020,"unknown1":4294964715,"unknown2":87,"rank":3460,"percentile":49.22196124486201}},"tenDayPercentiles":[],"tenDayDecayingPercentileScore":0,"scoresByDay":[],"rankSummary":{"mean":3460,"median":3460,"max":3460,"min":3460},"percentileSummary":{"mean":49.22196124486201,"median":49.22196124486201,"max":49.22196124486201,"min":49.22196124486201}}