{"name":"lexleolia20091","scoreData":{"2020-10-17":{"id":76561197974899040,"name":"lexleolia20091","score":2300,"level":2,"character":0,"platform":18,"runframes":5895,"runend":1021,"unknown1":4294965740,"unknown2":4294963249,"rank":4696,"percentile":19.716142270861837}},"tenDayPercentiles":[],"tenDayDecayingPercentileScore":0,"scoresByDay":[],"rankSummary":{"mean":4696,"median":4696,"max":4696,"min":4696},"percentileSummary":{"mean":19.716142270861837,"median":19.716142270861837,"max":19.716142270861837,"min":19.716142270861837}}