{"name":"LFCorDIE96","scoreData":{"2020-10-07":{"id":76561197999674720,"name":"LFCorDIE96","score":15000,"level":4,"character":7,"platform":48,"runframes":13185,"runend":1019,"unknown1":4294963108,"unknown2":1651,"rank":1586,"percentile":75.7050889025138}},"tenDayPercentiles":[],"tenDayDecayingPercentileScore":0,"scoresByDay":[],"rankSummary":{"mean":1586,"median":1586,"max":1586,"min":1586},"percentileSummary":{"mean":75.7050889025138,"median":75.7050889025138,"max":75.7050889025138,"min":75.7050889025138}}