{"name":"Lichex_xd","scoreData":{"2020-09-25":{"id":706591454900896400,"name":"Lichex_xd","score":7700,"level":2,"character":1,"platform":48,"runframes":3203,"runend":1021,"unknown1":1581,"unknown2":1026,"rank":1416,"percentile":38.42471714534378}},"tenDayPercentiles":[],"tenDayDecayingPercentileScore":0,"scoresByDay":[],"rankSummary":{"mean":1416,"median":1416,"max":1416,"min":1416},"percentileSummary":{"mean":38.42471714534378,"median":38.42471714534378,"max":38.42471714534378,"min":38.42471714534378}}