{"name":"lidded_bolt","scoreData":{"2020-11-03":{"id":76561198207068800,"name":"lidded_bolt","score":9500,"level":2,"character":3,"platform":48,"runframes":6874,"runend":1021,"unknown1":345,"unknown2":4294965757,"rank":3762,"percentile":16.385060026678516}},"tenDayPercentiles":[],"tenDayDecayingPercentileScore":0,"scoresByDay":[],"rankSummary":{"mean":3762,"median":3762,"max":3762,"min":3762},"percentileSummary":{"mean":16.385060026678516,"median":16.385060026678516,"max":16.385060026678516,"min":16.385060026678516}}