{"name":"Lie-Fi","scoreData":{"2020-10-12":{"id":76561198024223040,"name":"Lie-Fi","score":4300,"level":1,"character":0,"platform":18,"runframes":2453,"runend":1022,"unknown1":4294964528,"unknown2":458,"rank":5416,"percentile":9.508689839572199}},"tenDayPercentiles":[],"tenDayDecayingPercentileScore":0,"scoresByDay":[],"rankSummary":{"mean":5416,"median":5416,"max":5416,"min":5416},"percentileSummary":{"mean":9.508689839572199,"median":9.508689839572199,"max":9.508689839572199,"min":9.508689839572199}}