{"name":"Lil' Zoomer","scoreData":{"2020-10-02":{"id":76561198018801540,"name":"Lil' Zoomer","score":13500,"level":2,"character":0,"platform":18,"runframes":6312,"runend":1021,"unknown1":4294966775,"unknown2":258,"rank":4282,"percentile":42.63700924561168}},"tenDayDecayingPercentileMean":null,"rankSummary":{"mean":4282,"median":4282,"max":4282,"min":4282},"percentileSummary":{"mean":42.63700924561168,"median":42.63700924561168,"max":42.63700924561168,"min":42.63700924561168}}