{"name":"lil ofc","scoreData":{"2020-10-04":{"id":76561199019730480,"name":"lil ofc","score":15200,"level":4,"character":0,"platform":18,"runframes":13375,"runend":1019,"unknown1":1144,"unknown2":4746,"rank":2850,"percentile":62.07401490947817}},"tenDayDecayingPercentileMean":null,"rankSummary":{"mean":2850,"median":2850,"max":2850,"min":2850},"percentileSummary":{"mean":62.07401490947817,"median":62.07401490947817,"max":62.07401490947817,"min":62.07401490947817}}