{"name":"lIl-Soup-lIl","scoreData":{"2020-10-03":{"id":8547890541525921000,"name":"lIl-Soup-lIl","score":7700,"level":1,"character":3,"platform":48,"runframes":1350,"runend":1022,"unknown1":838,"unknown2":4294965049,"rank":7238,"percentile":8.36920739427704}},"tenDayPercentiles":[],"tenDayDecayingPercentileScore":0,"scoresByDay":[],"rankSummary":{"mean":7238,"median":7238,"max":7238,"min":7238},"percentileSummary":{"mean":8.36920739427704,"median":8.36920739427704,"max":8.36920739427704,"min":8.36920739427704}}