{"name":"Lil_Na_Na69","scoreData":{"2020-10-02":{"id":76561198171836750,"name":"Lil_Na_Na69","score":4600,"level":3,"character":7,"platform":48,"runframes":5953,"runend":1020,"unknown1":4294965879,"unknown2":224,"rank":3730,"percentile":50.033498593059086}},"tenDayPercentiles":[],"tenDayDecayingPercentileScore":0,"scoresByDay":[],"rankSummary":{"mean":3730,"median":3730,"max":3730,"min":3730},"percentileSummary":{"mean":50.033498593059086,"median":50.033498593059086,"max":50.033498593059086,"min":50.033498593059086}}