{"name":"lil_marvino65","scoreData":{"2020-10-03":{"id":76561197971268540,"name":"lil_marvino65","score":7700,"level":2,"character":3,"platform":48,"runframes":6660,"runend":1021,"unknown1":4294965255,"unknown2":3828,"rank":5603,"percentile":29.070650797670297}},"tenDayPercentiles":[],"tenDayDecayingPercentileScore":0,"scoresByDay":[],"rankSummary":{"mean":5603,"median":5603,"max":5603,"min":5603},"percentileSummary":{"mean":29.070650797670297,"median":29.070650797670297,"max":29.070650797670297,"min":29.070650797670297}}