{"name":"Lil_Tezu","scoreData":{"2020-09-16":{"id":3181783036632908300,"name":"Lil_Tezu","score":5000,"level":1,"character":1,"platform":48,"runframes":2486,"runend":1022,"unknown1":1585,"unknown2":131,"rank":2856,"percentile":7.485418016850289}},"tenDayPercentiles":[],"tenDayDecayingPercentileScore":0,"scoresByDay":[],"rankSummary":{"mean":2856,"median":2856,"max":2856,"min":2856},"percentileSummary":{"mean":7.485418016850289,"median":7.485418016850289,"max":7.485418016850289,"min":7.485418016850289}}