{"name":"Lil_SCHNlGGLET","scoreData":{"2020-11-10":{"id":76561198213264820,"name":"Lil_SCHNlGGLET","score":4900,"level":3,"character":7,"platform":48,"runframes":17284,"runend":1020,"unknown1":4294966428,"unknown2":330,"rank":2996,"percentile":31.558500914076788}},"tenDayPercentiles":[],"tenDayDecayingPercentileScore":0,"scoresByDay":[],"rankSummary":{"mean":2996,"median":2996,"max":2996,"min":2996},"percentileSummary":{"mean":31.558500914076788,"median":31.558500914076788,"max":31.558500914076788,"min":31.558500914076788}}