{"name":"LilPump_is_mymom","scoreData":{"2020-10-18":{"id":76561197968173810,"name":"LilPump_is_mymom","score":42900,"level":4,"character":0,"platform":48,"runframes":25117,"runend":1019,"unknown1":2749,"unknown2":4294967067,"rank":3193,"percentile":46.15384615384615}},"tenDayPercentiles":[],"tenDayDecayingPercentileScore":0,"scoresByDay":[],"rankSummary":{"mean":3193,"median":3193,"max":3193,"min":3193},"percentileSummary":{"mean":46.15384615384615,"median":46.15384615384615,"max":46.15384615384615,"min":46.15384615384615}}