{"name":"LilSuccler","scoreData":{"2020-09-24":{"id":1660394640393665500,"name":"LilSuccler","score":15700,"level":5,"character":1,"platform":48,"runframes":17530,"runend":1018,"unknown1":4294966390,"unknown2":682,"rank":461,"percentile":80.05203816131831}},"tenDayPercentiles":[],"tenDayDecayingPercentileScore":0,"scoresByDay":[],"rankSummary":{"mean":461,"median":461,"max":461,"min":461},"percentileSummary":{"mean":80.05203816131831,"median":80.05203816131831,"max":80.05203816131831,"min":80.05203816131831}}