{"name":"Limpus","scoreData":{"2020-10-01":{"id":76561197979454270,"name":"Limpus","score":4100,"level":1,"character":2,"platform":18,"runframes":3294,"runend":1022,"unknown1":4294962862,"unknown2":2,"rank":6613,"percentile":14.062906160644658}},"tenDayPercentiles":[],"tenDayDecayingPercentileScore":0,"scoresByDay":[],"rankSummary":{"mean":6613,"median":6613,"max":6613,"min":6613},"percentileSummary":{"mean":14.062906160644658,"median":14.062906160644658,"max":14.062906160644658,"min":14.062906160644658}}