{"name":"linkap","scoreData":{"2020-11-07":{"id":76561197999092960,"name":"linkap","score":13200,"level":4,"character":4,"platform":48,"runframes":19656,"runend":1019,"unknown1":4294963363,"unknown2":550,"rank":2696,"percentile":43.57202680067002}},"tenDayPercentiles":[],"tenDayDecayingPercentileScore":0,"scoresByDay":[],"rankSummary":{"mean":2696,"median":2696,"max":2696,"min":2696},"percentileSummary":{"mean":43.57202680067002,"median":43.57202680067002,"max":43.57202680067002,"min":43.57202680067002}}