{"name":"Lio","scoreData":{"2020-09-30":{"id":76561198085742180,"name":"Lio","score":2900,"level":3,"character":0,"platform":18,"runframes":12450,"runend":1020,"unknown1":4294960360,"unknown2":4294962151,"rank":3919,"percentile":49.27498705334023}},"tenDayPercentiles":[],"tenDayDecayingPercentileScore":0,"scoresByDay":[],"rankSummary":{"mean":3919,"median":3919,"max":3919,"min":3919},"percentileSummary":{"mean":49.27498705334023,"median":49.27498705334023,"max":49.27498705334023,"min":49.27498705334023}}