{"name":"LiquiD_SpinZ","scoreData":{"2020-11-08":{"id":76561197996498560,"name":"LiquiD_SpinZ","score":2000,"level":1,"character":0,"platform":48,"runframes":1825,"runend":1022,"unknown1":4294966327,"unknown2":57,"rank":4076,"percentile":13.573700954400849}},"tenDayPercentiles":[],"tenDayDecayingPercentileScore":0,"scoresByDay":[],"rankSummary":{"mean":4076,"median":4076,"max":4076,"min":4076},"percentileSummary":{"mean":13.573700954400849,"median":13.573700954400849,"max":13.573700954400849,"min":13.573700954400849}}