{"name":"Liro","scoreData":{"2020-10-01":{"id":8314332061046296000,"name":"Liro","score":17600,"level":4,"character":0,"platform":18,"runframes":12271,"runend":1019,"unknown1":2867,"unknown2":491,"rank":2858,"percentile":62.86716922277099}},"tenDayPercentiles":[],"tenDayDecayingPercentileScore":0,"scoresByDay":[],"rankSummary":{"mean":2858,"median":2858,"max":2858,"min":2858},"percentileSummary":{"mean":62.86716922277099,"median":62.86716922277099,"max":62.86716922277099,"min":62.86716922277099}}