{"name":"Lisa Lisa's Ass","scoreData":{"2020-10-02":{"id":76561198092112540,"name":"Lisa Lisa's Ass","score":1500,"level":3,"character":13,"platform":18,"runframes":8440,"runend":1020,"unknown1":214,"unknown2":47,"rank":3997,"percentile":46.45584885434811}},"tenDayDecayingPercentileMean":null,"rankSummary":{"mean":3997,"median":3997,"max":3997,"min":3997},"percentileSummary":{"mean":46.45584885434811,"median":46.45584885434811,"max":46.45584885434811,"min":46.45584885434811}}