{"name":"LiteFlare","scoreData":{"2020-11-15":{"id":5537195855352239000,"name":"LiteFlare","score":11400,"level":2,"character":2,"platform":48,"runframes":14935,"runend":1021,"unknown1":4294966615,"unknown2":651,"rank":3150,"percentile":26.81849872182198}},"tenDayPercentiles":[26.81849872182198],"tenDayDecayingPercentileScore":17.595617011387407,"scoresByDay":[17.595617011387407],"rankSummary":{"mean":3150,"median":3150,"max":3150,"min":3150},"percentileSummary":{"mean":26.81849872182198,"median":26.81849872182198,"max":26.81849872182198,"min":26.81849872182198}}