{"name":"lito1128","scoreData":{"2020-10-02":{"id":76561198331039150,"name":"lito1128","score":8000,"level":1,"character":3,"platform":18,"runframes":5779,"runend":1022,"unknown1":4294966035,"unknown2":338,"rank":5989,"percentile":19.76416990486399}},"tenDayPercentiles":[],"tenDayDecayingPercentileScore":0,"scoresByDay":[],"rankSummary":{"mean":5989,"median":5989,"max":5989,"min":5989},"percentileSummary":{"mean":19.76416990486399,"median":19.76416990486399,"max":19.76416990486399,"min":19.76416990486399}}