{"name":"little_lexo18","scoreData":{"2020-11-21":{"id":76561198012378580,"name":"little_lexo18","score":11200,"level":2,"character":0,"platform":48,"runframes":6327,"runend":1021,"unknown1":4294965284,"unknown2":4294965333,"rank":3289,"percentile":20.790171043122143}},"tenDayPercentiles":[],"tenDayDecayingPercentileScore":0,"scoresByDay":[],"rankSummary":{"mean":3289,"median":3289,"max":3289,"min":3289},"percentileSummary":{"mean":20.790171043122143,"median":20.790171043122143,"max":20.790171043122143,"min":20.790171043122143}}