{"name":"Little_UNDRTKR","scoreData":{"2020-10-19":{"id":76561198064469840,"name":"Little_UNDRTKR","score":12600,"level":3,"character":7,"platform":48,"runframes":12336,"runend":1020,"unknown1":2788,"unknown2":296,"rank":3442,"percentile":35.658189977561705}},"tenDayPercentiles":[],"tenDayDecayingPercentileScore":0,"scoresByDay":[],"rankSummary":{"mean":3442,"median":3442,"max":3442,"min":3442},"percentileSummary":{"mean":35.658189977561705,"median":35.658189977561705,"max":35.658189977561705,"min":35.658189977561705}}