{"name":"Live_by_foma","scoreData":{"2020-09-26":{"id":5681725540025353000,"name":"Live_by_foma","score":20865,"level":9,"character":18,"platform":48,"runframes":80792,"runend":1014,"unknown1":1120,"unknown2":428,"rank":179,"percentile":93.14065510597302}},"tenDayPercentiles":[],"tenDayDecayingPercentileScore":0,"scoresByDay":[],"rankSummary":{"mean":179,"median":179,"max":179,"min":179},"percentileSummary":{"mean":93.14065510597302,"median":93.14065510597302,"max":93.14065510597302,"min":93.14065510597302}}