{"name":"liveon4","scoreData":{"2020-10-02":{"id":76561198368981800,"name":"liveon4","score":4700,"level":2,"character":2,"platform":18,"runframes":7588,"runend":1021,"unknown1":4294963291,"unknown2":33,"rank":5545,"percentile":25.713520032158655}},"tenDayPercentiles":[],"tenDayDecayingPercentileScore":0,"scoresByDay":[],"rankSummary":{"mean":5545,"median":5545,"max":5545,"min":5545},"percentileSummary":{"mean":25.713520032158655,"median":25.713520032158655,"max":25.713520032158655,"min":25.713520032158655}}