{"name":"LivelySprouts","scoreData":{"2020-09-29":{"id":76561197990059870,"name":"LivelySprouts","score":3500,"level":1,"character":2,"platform":18,"runframes":2728,"runend":1022,"unknown1":2415,"unknown2":469,"rank":5412,"percentile":3.2367668097281808}},"tenDayPercentiles":[],"tenDayDecayingPercentileScore":0,"scoresByDay":[],"rankSummary":{"mean":5412,"median":5412,"max":5412,"min":5412},"percentileSummary":{"mean":3.2367668097281808,"median":3.2367668097281808,"max":3.2367668097281808,"min":3.2367668097281808}}