{"name":"Lix","scoreData":{"2020-11-05":{"id":6074224850955655000,"name":"Lix","score":44125,"level":5,"character":19,"platform":18,"runframes":37968,"runend":1018,"unknown1":1308,"unknown2":4294964993,"rank":1596,"percentile":64.53979546465095}},"tenDayPercentiles":[],"tenDayDecayingPercentileScore":0,"scoresByDay":[],"rankSummary":{"mean":1596,"median":1596,"max":1596,"min":1596},"percentileSummary":{"mean":64.53979546465095,"median":64.53979546465095,"max":64.53979546465095,"min":64.53979546465095}}