{"name":"Llamakazi","scoreData":{"2020-09-30":{"id":76561198424847150,"name":"Llamakazi","score":7400,"level":4,"character":0,"platform":18,"runframes":25857,"runend":1019,"unknown1":3915,"unknown2":726,"rank":2007,"percentile":74.0290005178664}},"tenDayPercentiles":[],"tenDayDecayingPercentileScore":0,"scoresByDay":[],"rankSummary":{"mean":2007,"median":2007,"max":2007,"min":2007},"percentileSummary":{"mean":74.0290005178664,"median":74.0290005178664,"max":74.0290005178664,"min":74.0290005178664}}