{"name":"llSRILANKOll","scoreData":{"2020-10-10":{"id":4283393113850170400,"name":"llSRILANKOll","score":58325,"level":6,"character":8,"platform":18,"runframes":33305,"runend":1017,"unknown1":3646,"unknown2":298,"rank":408,"percentile":93.82959369314736}},"tenDayPercentiles":[],"tenDayDecayingPercentileScore":0,"scoresByDay":[],"rankSummary":{"mean":408,"median":408,"max":408,"min":408},"percentileSummary":{"mean":93.82959369314736,"median":93.82959369314736,"max":93.82959369314736,"min":93.82959369314736}}