{"name":"Lo-fright Longscare","scoreData":{"2020-10-14":{"id":76561198816008130,"name":"Lo-fright Longscare","score":66775,"level":7,"character":7,"platform":18,"runframes":60824,"runend":1016,"unknown1":4294966012,"unknown2":1415,"rank":606,"percentile":89.06362979031091}},"tenDayDecayingPercentileMean":null,"rankSummary":{"mean":606,"median":606,"max":606,"min":606},"percentileSummary":{"mean":89.06362979031091,"median":89.06362979031091,"max":89.06362979031091,"min":89.06362979031091}}