{"name":"Lo Min","scoreData":{"2020-10-26":{"id":76561198197954030,"name":"Lo Min","score":500,"level":1,"character":0,"platform":18,"runframes":972,"runend":1022,"unknown1":4294965422,"unknown2":4294962418,"rank":5027,"percentile":0.6719367588932812}},"tenDayPercentiles":[],"tenDayDecayingPercentileScore":0,"scoresByDay":[],"rankSummary":{"mean":5027,"median":5027,"max":5027,"min":5027},"percentileSummary":{"mean":0.6719367588932812,"median":0.6719367588932812,"max":0.6719367588932812,"min":0.6719367588932812}}