{"name":"lobogdan","scoreData":{"2020-09-29":{"id":76561198356462600,"name":"lobogdan","score":5000,"level":1,"character":0,"platform":18,"runframes":1867,"runend":1022,"unknown1":309,"unknown2":4294965167,"rank":5291,"percentile":5.400572246065806}},"tenDayPercentiles":[],"tenDayDecayingPercentileScore":0,"scoresByDay":[],"rankSummary":{"mean":5291,"median":5291,"max":5291,"min":5291},"percentileSummary":{"mean":5.400572246065806,"median":5.400572246065806,"max":5.400572246065806,"min":5.400572246065806}}