{"name":"Lobotomite","scoreData":{"2020-10-05":{"id":76561198170688580,"name":"Lobotomite","score":3500,"level":2,"character":5,"platform":18,"runframes":2918,"runend":1021,"unknown1":4269,"unknown2":56,"rank":5129,"percentile":24.721080446271287}},"tenDayPercentiles":[],"tenDayDecayingPercentileScore":0,"scoresByDay":[],"rankSummary":{"mean":5129,"median":5129,"max":5129,"min":5129},"percentileSummary":{"mean":24.721080446271287,"median":24.721080446271287,"max":24.721080446271287,"min":24.721080446271287}}