{"name":"LoboTriumph","scoreData":{"2020-10-12":{"id":4760569181636077000,"name":"LoboTriumph","score":9800,"level":1,"character":0,"platform":48,"runframes":3788,"runend":1022,"unknown1":1308,"unknown2":504,"rank":5258,"percentile":12.149064171122987}},"tenDayPercentiles":[],"tenDayDecayingPercentileScore":0,"scoresByDay":[],"rankSummary":{"mean":5258,"median":5258,"max":5258,"min":5258},"percentileSummary":{"mean":12.149064171122987,"median":12.149064171122987,"max":12.149064171122987,"min":12.149064171122987}}