{"name":"lochoko","scoreData":{"2020-09-17":{"id":1211578325749277200,"name":"lochoko","score":13600,"level":2,"character":0,"platform":48,"runframes":6871,"runend":1021,"unknown1":2252,"unknown2":1679,"rank":1634,"percentile":42.2355854262469}},"tenDayPercentiles":[],"tenDayDecayingPercentileScore":0,"scoresByDay":[],"rankSummary":{"mean":1634,"median":1634,"max":1634,"min":1634},"percentileSummary":{"mean":42.2355854262469,"median":42.2355854262469,"max":42.2355854262469,"min":42.2355854262469}}