{"name":"Locovato420","scoreData":{"2020-10-26":{"id":76561198072417950,"name":"Locovato420","score":8400,"level":1,"character":0,"platform":48,"runframes":5197,"runend":1022,"unknown1":4294965249,"unknown2":4294962620,"rank":4656,"percentile":8.003952569169954}},"tenDayPercentiles":[],"tenDayDecayingPercentileScore":0,"scoresByDay":[],"rankSummary":{"mean":4656,"median":4656,"max":4656,"min":4656},"percentileSummary":{"mean":8.003952569169954,"median":8.003952569169954,"max":8.003952569169954,"min":8.003952569169954}}