{"name":"LocOfSpades","scoreData":{"2020-09-26":{"id":5273072081315968000,"name":"LocOfSpades","score":5400,"level":1,"character":0,"platform":48,"runframes":2982,"runend":1022,"unknown1":762,"unknown2":959,"rank":2468,"percentile":4.932562620423894}},"tenDayPercentiles":[],"tenDayDecayingPercentileScore":0,"scoresByDay":[],"rankSummary":{"mean":2468,"median":2468,"max":2468,"min":2468},"percentileSummary":{"mean":4.932562620423894,"median":4.932562620423894,"max":4.932562620423894,"min":4.932562620423894}}