{"name":"locust abortion technician","scoreData":{"2020-10-08":{"id":452308899795370100,"name":"locust abortion technician","score":14700,"level":2,"character":3,"platform":18,"runframes":9513,"runend":1021,"unknown1":1832,"unknown2":1094,"rank":4432,"percentile":30.099384761003307}},"tenDayPercentiles":[],"tenDayDecayingPercentileScore":0,"scoresByDay":[],"rankSummary":{"mean":4432,"median":4432,"max":4432,"min":4432},"percentileSummary":{"mean":30.099384761003307,"median":30.099384761003307,"max":30.099384761003307,"min":30.099384761003307}}