{"name":"loess","scoreData":{"2020-10-01":{"id":1240169391815174400,"name":"loess","score":3000,"level":1,"character":0,"platform":18,"runframes":2717,"runend":1022,"unknown1":3890,"unknown2":914,"rank":7083,"percentile":7.9542500649857}},"tenDayPercentiles":[],"tenDayDecayingPercentileScore":0,"scoresByDay":[],"rankSummary":{"mean":7083,"median":7083,"max":7083,"min":7083},"percentileSummary":{"mean":7.9542500649857,"median":7.9542500649857,"max":7.9542500649857,"min":7.9542500649857}}