{"name":"LoganBearr6","scoreData":{"2020-10-04":{"id":76561199886035580,"name":"LoganBearr6","score":500,"level":1,"character":3,"platform":48,"runframes":2544,"runend":1022,"unknown1":2030,"unknown2":957,"rank":7117,"percentile":5.271565495207668}},"tenDayPercentiles":[],"tenDayDecayingPercentileScore":0,"scoresByDay":[],"rankSummary":{"mean":7117,"median":7117,"max":7117,"min":7117},"percentileSummary":{"mean":5.271565495207668,"median":5.271565495207668,"max":5.271565495207668,"min":5.271565495207668}}