{"name":"Logeboge4","scoreData":{"2020-10-19":{"id":1357392860250978800,"name":"Logeboge4","score":11600,"level":3,"character":5,"platform":48,"runframes":9951,"runend":1020,"unknown1":4294966001,"unknown2":4294962451,"rank":3509,"percentile":34.4053851907255}},"tenDayPercentiles":[],"tenDayDecayingPercentileScore":0,"scoresByDay":[],"rankSummary":{"mean":3509,"median":3509,"max":3509,"min":3509},"percentileSummary":{"mean":34.4053851907255,"median":34.4053851907255,"max":34.4053851907255,"min":34.4053851907255}}