{"name":"Loggers","scoreData":{"2020-10-01":{"id":76561198271990860,"name":"Loggers","score":4800,"level":1,"character":0,"platform":18,"runframes":3044,"runend":1022,"unknown1":4294963172,"unknown2":1745,"rank":6219,"percentile":19.183779568494927}},"tenDayPercentiles":[],"tenDayDecayingPercentileScore":0,"scoresByDay":[],"rankSummary":{"mean":6219,"median":6219,"max":6219,"min":6219},"percentileSummary":{"mean":19.183779568494927,"median":19.183779568494927,"max":19.183779568494927,"min":19.183779568494927}}