{"name":"logio99","scoreData":{"2020-11-21":{"id":3910013203899923500,"name":"logio99","score":19000,"level":4,"character":7,"platform":48,"runframes":19936,"runend":1019,"unknown1":4294965815,"unknown2":4294964383,"rank":2417,"percentile":41.797157311491205}},"tenDayPercentiles":[],"tenDayDecayingPercentileScore":0,"scoresByDay":[],"rankSummary":{"mean":2417,"median":2417,"max":2417,"min":2417},"percentileSummary":{"mean":41.797157311491205,"median":41.797157311491205,"max":41.797157311491205,"min":41.797157311491205}}