{"name":"Logstar Go!","scoreData":{"2020-10-26":{"id":76561198038864060,"name":"Logstar Go!","score":32125,"level":5,"character":0,"platform":18,"runframes":26090,"runend":1018,"unknown1":2680,"unknown2":4294966173,"rank":1877,"percentile":62.92490118577075}},"tenDayDecayingPercentileMean":null,"rankSummary":{"mean":1877,"median":1877,"max":1877,"min":1877},"percentileSummary":{"mean":62.92490118577075,"median":62.92490118577075,"max":62.92490118577075,"min":62.92490118577075}}