{"name":"logurt","scoreData":{"2020-11-19":{"id":76561198094810560,"name":"logurt","score":8000,"level":2,"character":16,"platform":18,"runframes":6625,"runend":1021,"unknown1":4294964078,"unknown2":4294965491,"rank":3224,"percentile":17.485919098822322}},"tenDayPercentiles":[17.485919098822322],"tenDayDecayingPercentileScore":15.73732718894009,"scoresByDay":[15.73732718894009],"rankSummary":{"mean":3224,"median":3224,"max":3224,"min":3224},"percentileSummary":{"mean":17.485919098822322,"median":17.485919098822322,"max":17.485919098822322,"min":17.485919098822322}}