{"name":"Lolox2626","scoreData":{"2020-09-26":{"id":948707467076569900,"name":"Lolox2626","score":700,"level":3,"character":0,"platform":48,"runframes":10849,"runend":1020,"unknown1":521,"unknown2":976,"rank":1821,"percentile":29.86512524084779}},"tenDayPercentiles":[],"tenDayDecayingPercentileScore":0,"scoresByDay":[],"rankSummary":{"mean":1821,"median":1821,"max":1821,"min":1821},"percentileSummary":{"mean":29.86512524084779,"median":29.86512524084779,"max":29.86512524084779,"min":29.86512524084779}}