{"name":"Lombard26","scoreData":{"2020-10-26":{"id":76561198041033120,"name":"Lombard26","score":0,"level":1,"character":7,"platform":48,"runframes":318,"runend":1022,"unknown1":4294966550,"unknown2":1621,"rank":5056,"percentile":0.09881422924901528}},"tenDayPercentiles":[],"tenDayDecayingPercentileScore":0,"scoresByDay":[],"rankSummary":{"mean":5056,"median":5056,"max":5056,"min":5056},"percentileSummary":{"mean":0.09881422924901528,"median":0.09881422924901528,"max":0.09881422924901528,"min":0.09881422924901528}}