{"name":"LoneWolfeGaming","scoreData":{"2020-10-08":{"id":5068315290019143000,"name":"LoneWolfeGaming","score":7900,"level":3,"character":2,"platform":48,"runframes":7915,"runend":1020,"unknown1":4294965116,"unknown2":768,"rank":4120,"percentile":35.02129673450071}},"tenDayPercentiles":[],"tenDayDecayingPercentileScore":0,"scoresByDay":[],"rankSummary":{"mean":4120,"median":4120,"max":4120,"min":4120},"percentileSummary":{"mean":35.02129673450071,"median":35.02129673450071,"max":35.02129673450071,"min":35.02129673450071}}