{"name":"Loogi","scoreData":{"2020-10-22":{"id":76561197971314670,"name":"Loogi","score":124675,"level":7,"character":0,"platform":18,"runframes":53844,"runend":1016,"unknown1":4294966420,"unknown2":4294965709,"rank":645,"percentile":87.86508385151686}},"tenDayPercentiles":[],"tenDayDecayingPercentileScore":0,"scoresByDay":[],"rankSummary":{"mean":645,"median":645,"max":645,"min":645},"percentileSummary":{"mean":87.86508385151686,"median":87.86508385151686,"max":87.86508385151686,"min":87.86508385151686}}