{"name":"Lootkan","scoreData":{"2020-11-08":{"id":76561198049949020,"name":"Lootkan","score":80825,"level":7,"character":0,"platform":18,"runframes":45382,"runend":1016,"unknown1":4294965896,"unknown2":465,"rank":394,"percentile":91.66489925768823}},"tenDayPercentiles":[],"tenDayDecayingPercentileScore":0,"scoresByDay":[],"rankSummary":{"mean":394,"median":394,"max":394,"min":394},"percentileSummary":{"mean":91.66489925768823,"median":91.66489925768823,"max":91.66489925768823,"min":91.66489925768823}}