{"name":"LORDVEX","scoreData":{"2020-10-01":{"id":76561198294604540,"name":"LORDVEX","score":9700,"level":4,"character":2,"platform":18,"runframes":20177,"runend":1019,"unknown1":4294966366,"unknown2":21,"rank":3333,"percentile":56.69352742396673}},"tenDayPercentiles":[],"tenDayDecayingPercentileScore":0,"scoresByDay":[],"rankSummary":{"mean":3333,"median":3333,"max":3333,"min":3333},"percentileSummary":{"mean":56.69352742396673,"median":56.69352742396673,"max":56.69352742396673,"min":56.69352742396673}}