{"name":"LordMhora","scoreData":{"2020-09-16":{"id":3386212503246982000,"name":"LordMhora","score":6700,"level":2,"character":2,"platform":48,"runframes":5308,"runend":1021,"unknown1":992,"unknown2":1533,"rank":2452,"percentile":20.576798444588462}},"tenDayPercentiles":[],"tenDayDecayingPercentileScore":0,"scoresByDay":[],"rankSummary":{"mean":2452,"median":2452,"max":2452,"min":2452},"percentileSummary":{"mean":20.576798444588462,"median":20.576798444588462,"max":20.576798444588462,"min":20.576798444588462}}