{"name":"Lord Alpaca","scoreData":{"2020-11-16":{"id":724253302591725200,"name":"Lord Alpaca","score":9600,"level":1,"character":18,"platform":18,"runframes":7182,"runend":1022,"unknown1":4294966373,"unknown2":4294965822,"rank":3018,"percentile":22.720286885245898}},"tenDayDecayingPercentileMean":null,"rankSummary":{"mean":3018,"median":3018,"max":3018,"min":3018},"percentileSummary":{"mean":22.720286885245898,"median":22.720286885245898,"max":22.720286885245898,"min":22.720286885245898}}