{"name":"Lord Freezer","scoreData":{"2020-10-11":{"id":76561198045761170,"name":"Lord Freezer","score":56275,"level":8,"character":0,"platform":18,"runframes":73328,"runend":1015,"unknown1":2971,"unknown2":2049,"rank":720,"percentile":88.67716535433071}},"tenDayDecayingPercentileMean":null,"rankSummary":{"mean":720,"median":720,"max":720,"min":720},"percentileSummary":{"mean":88.67716535433071,"median":88.67716535433071,"max":88.67716535433071,"min":88.67716535433071}}