{"name":"LordMetallix","scoreData":{"2020-10-02":{"id":6355276108877416000,"name":"LordMetallix","score":4200,"level":4,"character":0,"platform":18,"runframes":6873,"runend":1019,"unknown1":2884,"unknown2":150,"rank":2954,"percentile":60.4314618786011}},"tenDayPercentiles":[],"tenDayDecayingPercentileScore":0,"scoresByDay":[],"rankSummary":{"mean":2954,"median":2954,"max":2954,"min":2954},"percentileSummary":{"mean":60.4314618786011,"median":60.4314618786011,"max":60.4314618786011,"min":60.4314618786011}}