{"name":"Los Blokkos Betonos","scoreData":{"2020-10-06":{"id":6817537753387979000,"name":"Los Blokkos Betonos","score":24500,"level":3,"character":5,"platform":18,"runframes":11918,"runend":1020,"unknown1":4294967078,"unknown2":4294964415,"rank":3071,"percentile":54.81972038263429}},"tenDayPercentiles":[],"tenDayDecayingPercentileScore":0,"scoresByDay":[],"rankSummary":{"mean":3071,"median":3071,"max":3071,"min":3071},"percentileSummary":{"mean":54.81972038263429,"median":54.81972038263429,"max":54.81972038263429,"min":54.81972038263429}}