{"name":"LOST","scoreData":{"2020-10-03":{"id":76561197970334780,"name":"LOST","score":3000,"level":2,"character":3,"platform":18,"runframes":9436,"runend":1021,"unknown1":2417,"unknown2":267,"rank":6414,"percentile":18.80222841225627}},"tenDayPercentiles":[],"tenDayDecayingPercentileScore":0,"scoresByDay":[],"rankSummary":{"mean":6414,"median":6414,"max":6414,"min":6414},"percentileSummary":{"mean":18.80222841225627,"median":18.80222841225627,"max":18.80222841225627,"min":18.80222841225627}}