{"name":"LOST_NoAimmm","scoreData":{"2020-10-31":{"id":518043998498857100,"name":"LOST_NoAimmm","score":12100,"level":2,"character":6,"platform":48,"runframes":3546,"runend":1021,"unknown1":4294967235,"unknown2":88,"rank":3441,"percentile":27.624658110666942}},"tenDayPercentiles":[],"tenDayDecayingPercentileScore":0,"scoresByDay":[],"rankSummary":{"mean":3441,"median":3441,"max":3441,"min":3441},"percentileSummary":{"mean":27.624658110666942,"median":27.624658110666942,"max":27.624658110666942,"min":27.624658110666942}}