{"name":"LotosMax1098","scoreData":{"2020-10-01":{"id":7667481426354609000,"name":"LotosMax1098","score":3600,"level":1,"character":2,"platform":18,"runframes":2737,"runend":1022,"unknown1":20,"unknown2":150,"rank":6860,"percentile":10.852612425266443}},"tenDayPercentiles":[],"tenDayDecayingPercentileScore":0,"scoresByDay":[],"rankSummary":{"mean":6860,"median":6860,"max":6860,"min":6860},"percentileSummary":{"mean":10.852612425266443,"median":10.852612425266443,"max":10.852612425266443,"min":10.852612425266443}}