{"name":"Lou-P-Garou","scoreData":{"2020-09-21":{"id":3884817342236944000,"name":"Lou-P-Garou","score":8600,"level":3,"character":0,"platform":48,"runframes":14176,"runend":1020,"unknown1":1567,"unknown2":779,"rank":1248,"percentile":50.0600720865038}},"tenDayPercentiles":[],"tenDayDecayingPercentileScore":0,"scoresByDay":[],"rankSummary":{"mean":1248,"median":1248,"max":1248,"min":1248},"percentileSummary":{"mean":50.0600720865038,"median":50.0600720865038,"max":50.0600720865038,"min":50.0600720865038}}