{"name":"Loupkiller","scoreData":{"2020-10-08":{"id":76561198002435070,"name":"Loupkiller","score":47625,"level":8,"character":0,"platform":18,"runframes":46802,"runend":1015,"unknown1":4294964899,"unknown2":4294964059,"rank":442,"percentile":93.0430667297681}},"tenDayPercentiles":[],"tenDayDecayingPercentileScore":0,"scoresByDay":[],"rankSummary":{"mean":442,"median":442,"max":442,"min":442},"percentileSummary":{"mean":93.0430667297681,"median":93.0430667297681,"max":93.0430667297681,"min":93.0430667297681}}