{"name":"Loutre404","scoreData":{"2020-09-19":{"id":948707467076569900,"name":"Loutre404","score":4800,"level":2,"character":7,"platform":48,"runframes":2397,"runend":1021,"unknown1":4294966354,"unknown2":4294965305,"rank":1852,"percentile":38.21762349799733}},"tenDayPercentiles":[],"tenDayDecayingPercentileScore":0,"scoresByDay":[],"rankSummary":{"mean":1852,"median":1852,"max":1852,"min":1852},"percentileSummary":{"mean":38.21762349799733,"median":38.21762349799733,"max":38.21762349799733,"min":38.21762349799733}}