{"name":"LovePotionNum9","scoreData":{"2020-09-30":{"id":76561198044387230,"name":"LovePotionNum9","score":7000,"level":2,"character":0,"platform":18,"runframes":12834,"runend":1021,"unknown1":5444,"unknown2":217,"rank":5366,"percentile":30.541170378042466}},"tenDayPercentiles":[],"tenDayDecayingPercentileScore":0,"scoresByDay":[],"rankSummary":{"mean":5366,"median":5366,"max":5366,"min":5366},"percentileSummary":{"mean":30.541170378042466,"median":30.541170378042466,"max":30.541170378042466,"min":30.541170378042466}}