{"name":"Low Mane","scoreData":{"2020-09-29":{"id":76561197993627000,"name":"Low Mane","score":24500,"level":3,"character":0,"platform":18,"runframes":7633,"runend":1020,"unknown1":4294965289,"unknown2":4294966521,"rank":2642,"percentile":52.77181688125894}},"tenDayDecayingPercentileMean":null,"rankSummary":{"mean":2642,"median":2642,"max":2642,"min":2642},"percentileSummary":{"mean":52.77181688125894,"median":52.77181688125894,"max":52.77181688125894,"min":52.77181688125894}}