{"name":"[LoX] Johnzy!","scoreData":{"2020-10-06":{"id":7676888130498184000,"name":"[LoX] Johnzy!","score":34325,"level":6,"character":7,"platform":18,"runframes":18130,"runend":1017,"unknown1":1619,"unknown2":1917,"rank":1180,"percentile":82.64900662251657}},"tenDayDecayingPercentileMean":null,"rankSummary":{"mean":1180,"median":1180,"max":1180,"min":1180},"percentileSummary":{"mean":82.64900662251657,"median":82.64900662251657,"max":82.64900662251657,"min":82.64900662251657}}