{"name":"Lt_Jim--Dangle","scoreData":{"2020-11-03":{"id":4227094285560459300,"name":"Lt_Jim--Dangle","score":6500,"level":1,"character":3,"platform":48,"runframes":3264,"runend":1022,"unknown1":4294965157,"unknown2":4294963689,"rank":4101,"percentile":8.848377056469545}},"tenDayPercentiles":[],"tenDayDecayingPercentileScore":0,"scoresByDay":[],"rankSummary":{"mean":4101,"median":4101,"max":4101,"min":4101},"percentileSummary":{"mean":8.848377056469545,"median":8.848377056469545,"max":8.848377056469545,"min":8.848377056469545}}