{"name":"Lu","scoreData":{"2020-09-30":{"id":3427330798675491300,"name":"Lu","score":8100,"level":1,"character":0,"platform":18,"runframes":3731,"runend":1022,"unknown1":3002,"unknown2":4294964672,"rank":6525,"percentile":15.53599171413775}},"tenDayPercentiles":[],"tenDayDecayingPercentileScore":0,"scoresByDay":[],"rankSummary":{"mean":6525,"median":6525,"max":6525,"min":6525},"percentileSummary":{"mean":15.53599171413775,"median":15.53599171413775,"max":15.53599171413775,"min":15.53599171413775}}