{"name":"luanaxpcunha","scoreData":{"2020-10-11":{"id":8218596585333176000,"name":"luanaxpcunha","score":1500,"level":1,"character":0,"platform":18,"runframes":1047,"runend":1022,"unknown1":4294964577,"unknown2":2,"rank":6260,"percentile":1.4330708661417333}},"tenDayPercentiles":[],"tenDayDecayingPercentileScore":0,"scoresByDay":[],"rankSummary":{"mean":6260,"median":6260,"max":6260,"min":6260},"percentileSummary":{"mean":1.4330708661417333,"median":1.4330708661417333,"max":1.4330708661417333,"min":1.4330708661417333}}