{"name":"Lucaslouch","scoreData":{"2020-11-12":{"id":7515437188235233000,"name":"Lucaslouch","score":58725,"level":5,"character":5,"platform":48,"runframes":37105,"runend":1018,"unknown1":4294964890,"unknown2":373,"rank":921,"percentile":78.42401500938087}},"tenDayPercentiles":[78.42401500938087],"tenDayDecayingPercentileScore":27.344763219849916,"scoresByDay":[27.344763219849916],"rankSummary":{"mean":921,"median":921,"max":921,"min":921},"percentileSummary":{"mean":78.42401500938087,"median":78.42401500938087,"max":78.42401500938087,"min":78.42401500938087}}