{"name":"Luchathulhu Esq.","scoreData":{"2020-10-03":{"id":76561198041804450,"name":"Luchathulhu Esq.","score":5300,"level":1,"character":0,"platform":18,"runframes":5271,"runend":1022,"unknown1":271,"unknown2":113,"rank":7450,"percentile":5.6849835401367415}},"tenDayDecayingPercentileMean":null,"rankSummary":{"mean":7450,"median":7450,"max":7450,"min":7450},"percentileSummary":{"mean":5.6849835401367415,"median":5.6849835401367415,"max":5.6849835401367415,"min":5.6849835401367415}}