{"name":"lufia22","scoreData":{"2020-10-03":{"id":76561198381892700,"name":"lufia22","score":5900,"level":3,"character":0,"platform":18,"runframes":14067,"runend":1020,"unknown1":4294964671,"unknown2":6,"rank":2509,"percentile":68.24512534818942}},"tenDayPercentiles":[],"tenDayDecayingPercentileScore":0,"scoresByDay":[],"rankSummary":{"mean":2509,"median":2509,"max":2509,"min":2509},"percentileSummary":{"mean":68.24512534818942,"median":68.24512534818942,"max":68.24512534818942,"min":68.24512534818942}}