{"name":"luipeosoyspike07","scoreData":{"2020-09-16":{"id":7818634257025181000,"name":"luipeosoyspike07","score":10100,"level":2,"character":2,"platform":48,"runframes":9234,"runend":1021,"unknown1":2007,"unknown2":175,"rank":2241,"percentile":27.414128321451713}},"tenDayPercentiles":[],"tenDayDecayingPercentileScore":0,"scoresByDay":[],"rankSummary":{"mean":2241,"median":2241,"max":2241,"min":2241},"percentileSummary":{"mean":27.414128321451713,"median":27.414128321451713,"max":27.414128321451713,"min":27.414128321451713}}