{"name":"luis452x","scoreData":{"2020-10-11":{"id":8201446088840880000,"name":"luis452x","score":13900,"level":3,"character":0,"platform":48,"runframes":14935,"runend":1020,"unknown1":4673,"unknown2":719,"rank":4029,"percentile":36.566929133858274}},"tenDayPercentiles":[],"tenDayDecayingPercentileScore":0,"scoresByDay":[],"rankSummary":{"mean":4029,"median":4029,"max":4029,"min":4029},"percentileSummary":{"mean":36.566929133858274,"median":36.566929133858274,"max":36.566929133858274,"min":36.566929133858274}}