{"name":"luizreal05","scoreData":{"2020-11-20":{"id":5720250531869370000,"name":"luizreal05","score":6700,"level":1,"character":4,"platform":48,"runframes":4231,"runend":1022,"unknown1":4294966735,"unknown2":1962,"rank":3909,"percentile":3.2673267326732685}},"tenDayPercentiles":[],"tenDayDecayingPercentileScore":0,"scoresByDay":[],"rankSummary":{"mean":3909,"median":3909,"max":3909,"min":3909},"percentileSummary":{"mean":3.2673267326732685,"median":3.2673267326732685,"max":3.2673267326732685,"min":3.2673267326732685}}