{"name":"LukeTheHun","scoreData":{"2020-09-16":{"id":8241440587057123000,"name":"LukeTheHun","score":8000,"level":1,"character":2,"platform":48,"runframes":4204,"runend":1022,"unknown1":1566,"unknown2":169,"rank":2618,"percentile":15.197666882696055}},"tenDayPercentiles":[],"tenDayDecayingPercentileScore":0,"scoresByDay":[],"rankSummary":{"mean":2618,"median":2618,"max":2618,"min":2618},"percentileSummary":{"mean":15.197666882696055,"median":15.197666882696055,"max":15.197666882696055,"min":15.197666882696055}}