{"name":"luke1999cole7","scoreData":{"2020-09-28":{"id":5758114139195147000,"name":"luke1999cole7","score":2800,"level":1,"character":5,"platform":48,"runframes":2996,"runend":1022,"unknown1":4294966323,"unknown2":4294967030,"rank":2044,"percentile":5.329008341056536}},"tenDayPercentiles":[],"tenDayDecayingPercentileScore":0,"scoresByDay":[],"rankSummary":{"mean":2044,"median":2044,"max":2044,"min":2044},"percentileSummary":{"mean":5.329008341056536,"median":5.329008341056536,"max":5.329008341056536,"min":5.329008341056536}}