{"name":"luke0107","scoreData":{"2020-09-25":{"id":4242730547601328000,"name":"luke0107","score":5600,"level":3,"character":7,"platform":48,"runframes":5765,"runend":1020,"unknown1":4294966299,"unknown2":648,"rank":1261,"percentile":45.16971279373369}},"tenDayPercentiles":[],"tenDayDecayingPercentileScore":0,"scoresByDay":[],"rankSummary":{"mean":1261,"median":1261,"max":1261,"min":1261},"percentileSummary":{"mean":45.16971279373369,"median":45.16971279373369,"max":45.16971279373369,"min":45.16971279373369}}