{"name":"lukenluken","scoreData":{"2020-10-04":{"id":8385842509987842000,"name":"lukenluken","score":11900,"level":4,"character":15,"platform":48,"runframes":14196,"runend":1019,"unknown1":4294964404,"unknown2":16,"rank":3182,"percentile":57.65441959531417}},"tenDayPercentiles":[],"tenDayDecayingPercentileScore":0,"scoresByDay":[],"rankSummary":{"mean":3182,"median":3182,"max":3182,"min":3182},"percentileSummary":{"mean":57.65441959531417,"median":57.65441959531417,"max":57.65441959531417,"min":57.65441959531417}}