{"name":"Lukewarm Water","scoreData":{"2020-10-14":{"id":76561197993157580,"name":"Lukewarm Water","score":68575,"level":6,"character":7,"platform":18,"runframes":36896,"runend":1017,"unknown1":4294965827,"unknown2":1467,"rank":784,"percentile":85.84598698481562}},"tenDayDecayingPercentileMean":null,"rankSummary":{"mean":784,"median":784,"max":784,"min":784},"percentileSummary":{"mean":85.84598698481562,"median":85.84598698481562,"max":85.84598698481562,"min":85.84598698481562}}