{"name":"lukerobocop","scoreData":{"2020-10-05":{"id":76561197999605230,"name":"lukerobocop","score":400,"level":2,"character":0,"platform":48,"runframes":6838,"runend":1021,"unknown1":4294965374,"unknown2":4294960914,"rank":5320,"percentile":21.917204932472117}},"tenDayPercentiles":[],"tenDayDecayingPercentileScore":0,"scoresByDay":[],"rankSummary":{"mean":5320,"median":5320,"max":5320,"min":5320},"percentileSummary":{"mean":21.917204932472117,"median":21.917204932472117,"max":21.917204932472117,"min":21.917204932472117}}