{"name":"Luma","scoreData":{"2020-10-29":{"id":3497872915689579500,"name":"Luma","score":8400,"level":2,"character":7,"platform":18,"runframes":2566,"runend":1021,"unknown1":4294965543,"unknown2":4,"rank":3774,"percentile":21.116454108300232}},"tenDayPercentiles":[],"tenDayDecayingPercentileScore":0,"scoresByDay":[],"rankSummary":{"mean":3774,"median":3774,"max":3774,"min":3774},"percentileSummary":{"mean":21.116454108300232,"median":21.116454108300232,"max":21.116454108300232,"min":21.116454108300232}}