{"name":"Lumenero","scoreData":{"2020-10-03":{"id":76561198043808670,"name":"Lumenero","score":4200,"level":2,"character":0,"platform":18,"runframes":5272,"runend":1021,"unknown1":6078,"unknown2":34,"rank":6224,"percentile":21.207900734363122}},"tenDayPercentiles":[],"tenDayDecayingPercentileScore":0,"scoresByDay":[],"rankSummary":{"mean":6224,"median":6224,"max":6224,"min":6224},"percentileSummary":{"mean":21.207900734363122,"median":21.207900734363122,"max":21.207900734363122,"min":21.207900734363122}}