{"name":"Lumi","scoreData":{"2020-10-08":{"id":76561198395552350,"name":"Lumi","score":7500,"level":2,"character":13,"platform":18,"runframes":4743,"runend":1021,"unknown1":250,"unknown2":146,"rank":5366,"percentile":15.365199558289959}},"tenDayPercentiles":[],"tenDayDecayingPercentileScore":0,"scoresByDay":[],"rankSummary":{"mean":5366,"median":5366,"max":5366,"min":5366},"percentileSummary":{"mean":15.365199558289959,"median":15.365199558289959,"max":15.365199558289959,"min":15.365199558289959}}