{"name":"Luna","scoreData":{"2020-11-07":{"id":76561198081851710,"name":"Luna","score":3500,"level":2,"character":0,"platform":18,"runframes":4490,"runend":1021,"unknown1":4294963306,"unknown2":4294963815,"rank":3986,"percentile":16.561976549413743}},"tenDayPercentiles":[],"tenDayDecayingPercentileScore":0,"scoresByDay":[],"rankSummary":{"mean":3986,"median":3986,"max":3986,"min":3986},"percentileSummary":{"mean":16.561976549413743,"median":16.561976549413743,"max":16.561976549413743,"min":16.561976549413743}}