{"name":"lunchtabler","scoreData":{"2020-09-18":{"id":5280886165131467000,"name":"lunchtabler","score":5600,"level":2,"character":0,"platform":48,"runframes":7148,"runend":1021,"unknown1":1180,"unknown2":1484,"rank":2097,"percentile":25.035765379113016}},"tenDayPercentiles":[],"tenDayDecayingPercentileScore":0,"scoresByDay":[],"rankSummary":{"mean":2097,"median":2097,"max":2097,"min":2097},"percentileSummary":{"mean":25.035765379113016,"median":25.035765379113016,"max":25.035765379113016,"min":25.035765379113016}}