{"name":"Lupz","scoreData":{"2020-11-13":{"id":76561198096191310,"name":"Lupz","score":5900,"level":3,"character":7,"platform":18,"runframes":15058,"runend":1020,"unknown1":4294963888,"unknown2":137,"rank":3265,"percentile":22.285714285714292}},"tenDayPercentiles":[22.285714285714292],"tenDayDecayingPercentileScore":9.593269251428577,"scoresByDay":[9.593269251428577],"rankSummary":{"mean":3265,"median":3265,"max":3265,"min":3265},"percentileSummary":{"mean":22.285714285714292,"median":22.285714285714292,"max":22.285714285714292,"min":22.285714285714292}}