{"name":"LURUDURU","scoreData":{"2020-09-17":{"id":8748974721858216000,"name":"LURUDURU","score":14400,"level":2,"character":1,"platform":48,"runframes":17167,"runend":1021,"unknown1":254,"unknown2":86,"rank":1615,"percentile":42.90767598160594}},"tenDayPercentiles":[],"tenDayDecayingPercentileScore":0,"scoresByDay":[],"rankSummary":{"mean":1615,"median":1615,"max":1615,"min":1615},"percentileSummary":{"mean":42.90767598160594,"median":42.90767598160594,"max":42.90767598160594,"min":42.90767598160594}}