{"name":"J-Hawgg","scoreData":{"2020-09-22":{"id":2380046843590092000,"name":"J-Hawgg","score":3500,"level":2,"character":2,"platform":48,"runframes":4805,"runend":1021,"unknown1":4294965685,"unknown2":7,"rank":1514,"percentile":38.54589764419172}},"tenDayPercentiles":[],"tenDayDecayingPercentileScore":0,"scoresByDay":[],"rankSummary":{"mean":1514,"median":1514,"max":1514,"min":1514},"percentileSummary":{"mean":38.54589764419172,"median":38.54589764419172,"max":38.54589764419172,"min":38.54589764419172}}