{"name":"J0NCC06","scoreData":{"2020-09-18":{"id":7212933173059417000,"name":"J0NCC06","score":2200,"level":1,"character":3,"platform":48,"runframes":7107,"runend":1022,"unknown1":4294967147,"unknown2":4294966517,"rank":2507,"percentile":10.37195994277539}},"tenDayPercentiles":[],"tenDayDecayingPercentileScore":0,"scoresByDay":[],"rankSummary":{"mean":2507,"median":2507,"max":2507,"min":2507},"percentileSummary":{"mean":10.37195994277539,"median":10.37195994277539,"max":10.37195994277539,"min":10.37195994277539}}