{"name":"j.ethen","scoreData":{"2020-09-30":{"id":76561197967580580,"name":"j.ethen","score":5000,"level":1,"character":3,"platform":18,"runframes":1589,"runend":1022,"unknown1":2374,"unknown2":2268,"rank":7231,"percentile":6.395649922320047}},"tenDayPercentiles":[],"tenDayDecayingPercentileScore":0,"scoresByDay":[],"rankSummary":{"mean":7231,"median":7231,"max":7231,"min":7231},"percentileSummary":{"mean":6.395649922320047,"median":6.395649922320047,"max":6.395649922320047,"min":6.395649922320047}}