{"name":"jaayymmz00","scoreData":{"2020-10-20":{"id":76561199733544600,"name":"jaayymmz00","score":33275,"level":11,"character":2,"platform":48,"runframes":29629,"runend":1012,"unknown1":4294964869,"unknown2":173,"rank":320,"percentile":94.0925925925926}},"tenDayPercentiles":[],"tenDayDecayingPercentileScore":0,"scoresByDay":[],"rankSummary":{"mean":320,"median":320,"max":320,"min":320},"percentileSummary":{"mean":94.0925925925926,"median":94.0925925925926,"max":94.0925925925926,"min":94.0925925925926}}