{"name":"Jaazzy314","scoreData":{"2020-11-21":{"id":76561199028366930,"name":"Jaazzy314","score":18300,"level":4,"character":2,"platform":48,"runframes":13664,"runend":1019,"unknown1":4294966411,"unknown2":339,"rank":2434,"percentile":41.38761744158034}},"tenDayPercentiles":[],"tenDayDecayingPercentileScore":0,"scoresByDay":[],"rankSummary":{"mean":2434,"median":2434,"max":2434,"min":2434},"percentileSummary":{"mean":41.38761744158034,"median":41.38761744158034,"max":41.38761744158034,"min":41.38761744158034}}