{"name":"jabularx","scoreData":{"2020-11-21":{"id":76561198009556740,"name":"jabularx","score":3300,"level":2,"character":3,"platform":48,"runframes":3353,"runend":1021,"unknown1":4294964015,"unknown2":4294965072,"rank":3526,"percentile":15.08070344495303}},"tenDayPercentiles":[15.08070344495303],"tenDayDecayingPercentileScore":13.572633100457727,"scoresByDay":[13.572633100457727],"rankSummary":{"mean":3526,"median":3526,"max":3526,"min":3526},"percentileSummary":{"mean":15.08070344495303,"median":15.08070344495303,"max":15.08070344495303,"min":15.08070344495303}}