{"name":"Jac2012","scoreData":{"2020-09-30":{"id":76561198096767250,"name":"Jac2012","score":21400,"level":2,"character":2,"platform":18,"runframes":11759,"runend":1021,"unknown1":308,"unknown2":25,"rank":4315,"percentile":44.148109787674784}},"tenDayPercentiles":[],"tenDayDecayingPercentileScore":0,"scoresByDay":[],"rankSummary":{"mean":4315,"median":4315,"max":4315,"min":4315},"percentileSummary":{"mean":44.148109787674784,"median":44.148109787674784,"max":44.148109787674784,"min":44.148109787674784}}