{"name":"jacasasnovasr","scoreData":{"2020-10-10":{"id":76561197970329310,"name":"jacasasnovasr","score":3000,"level":1,"character":0,"platform":18,"runframes":3249,"runend":1022,"unknown1":4294966259,"unknown2":33,"rank":5429,"percentile":17.70770163735598}},"tenDayPercentiles":[],"tenDayDecayingPercentileScore":0,"scoresByDay":[],"rankSummary":{"mean":5429,"median":5429,"max":5429,"min":5429},"percentileSummary":{"mean":17.70770163735598,"median":17.70770163735598,"max":17.70770163735598,"min":17.70770163735598}}