{"name":"JackRonald","scoreData":{"2020-10-05":{"id":76561198101330350,"name":"JackRonald","score":25800,"level":2,"character":0,"platform":18,"runframes":8679,"runend":1021,"unknown1":4189,"unknown2":76,"rank":4068,"percentile":40.29653552554316}},"tenDayPercentiles":[],"tenDayDecayingPercentileScore":0,"scoresByDay":[],"rankSummary":{"mean":4068,"median":4068,"max":4068,"min":4068},"percentileSummary":{"mean":40.29653552554316,"median":40.29653552554316,"max":40.29653552554316,"min":40.29653552554316}}