{"name":"Jackary_Zackary","scoreData":{"2020-09-30":{"id":76561198207293630,"name":"Jackary_Zackary","score":10200,"level":1,"character":7,"platform":48,"runframes":4829,"runend":1022,"unknown1":3238,"unknown2":992,"rank":6125,"percentile":20.714655618850344}},"tenDayPercentiles":[],"tenDayDecayingPercentileScore":0,"scoresByDay":[],"rankSummary":{"mean":6125,"median":6125,"max":6125,"min":6125},"percentileSummary":{"mean":20.714655618850344,"median":20.714655618850344,"max":20.714655618850344,"min":20.714655618850344}}