{"name":"JackofNoTrades85","scoreData":{"2020-11-20":{"id":76561198028206780,"name":"JackofNoTrades85","score":23650,"level":7,"character":3,"platform":48,"runframes":19621,"runend":1016,"unknown1":572,"unknown2":2595,"rank":1243,"percentile":69.25742574257426}},"tenDayPercentiles":[],"tenDayDecayingPercentileScore":0,"scoresByDay":[],"rankSummary":{"mean":1243,"median":1243,"max":1243,"min":1243},"percentileSummary":{"mean":69.25742574257426,"median":69.25742574257426,"max":69.25742574257426,"min":69.25742574257426}}