{"name":"Jack n' the box","scoreData":{"2020-09-29":{"id":76561198892132780,"name":"Jack n' the box","score":7600,"level":1,"character":0,"platform":18,"runframes":8926,"runend":1022,"unknown1":3513,"unknown2":4294965648,"rank":5058,"percentile":9.567238912732478}},"tenDayPercentiles":[],"tenDayDecayingPercentileScore":0,"scoresByDay":[],"rankSummary":{"mean":5058,"median":5058,"max":5058,"min":5058},"percentileSummary":{"mean":9.567238912732478,"median":9.567238912732478,"max":9.567238912732478,"min":9.567238912732478}}