{"name":"Jackoba","scoreData":{"2020-10-03":{"id":3180944699331543600,"name":"Jackoba","score":2700,"level":2,"character":2,"platform":18,"runframes":3962,"runend":1021,"unknown1":1277,"unknown2":42,"rank":6449,"percentile":18.359078247657635}},"tenDayPercentiles":[],"tenDayDecayingPercentileScore":0,"scoresByDay":[],"rankSummary":{"mean":6449,"median":6449,"max":6449,"min":6449},"percentileSummary":{"mean":18.359078247657635,"median":18.359078247657635,"max":18.359078247657635,"min":18.359078247657635}}