{"name":"JackTheFox__","scoreData":{"2020-10-02":{"id":76561197971348750,"name":"JackTheFox__","score":8000,"level":2,"character":3,"platform":18,"runframes":6660,"runend":1021,"unknown1":4294964798,"unknown2":220,"rank":5061,"percentile":32.19884764839877}},"tenDayPercentiles":[],"tenDayDecayingPercentileScore":0,"scoresByDay":[],"rankSummary":{"mean":5061,"median":5061,"max":5061,"min":5061},"percentileSummary":{"mean":32.19884764839877,"median":32.19884764839877,"max":32.19884764839877,"min":32.19884764839877}}