{"name":"jacobjd1","scoreData":{"2020-10-04":{"id":76561198254686720,"name":"jacobjd1","score":5500,"level":1,"character":7,"platform":18,"runframes":4806,"runend":1022,"unknown1":6666,"unknown2":4729,"rank":6784,"percentile":9.704472843450489}},"tenDayPercentiles":[],"tenDayDecayingPercentileScore":0,"scoresByDay":[],"rankSummary":{"mean":6784,"median":6784,"max":6784,"min":6784},"percentileSummary":{"mean":9.704472843450489,"median":9.704472843450489,"max":9.704472843450489,"min":9.704472843450489}}