{"name":"JaCovid","scoreData":{"2020-10-28":{"id":1509701440360431000,"name":"JaCovid","score":9000,"level":2,"character":4,"platform":18,"runframes":6959,"runend":1021,"unknown1":4294964642,"unknown2":4294965053,"rank":3956,"percentile":19.630156472261746}},"tenDayPercentiles":[],"tenDayDecayingPercentileScore":0,"scoresByDay":[],"rankSummary":{"mean":3956,"median":3956,"max":3956,"min":3956},"percentileSummary":{"mean":19.630156472261746,"median":19.630156472261746,"max":19.630156472261746,"min":19.630156472261746}}