{"name":"jacqueschen","scoreData":{"2020-10-17":{"id":76561198065610130,"name":"jacqueschen","score":13200,"level":3,"character":3,"platform":18,"runframes":12206,"runend":1020,"unknown1":4294966474,"unknown2":3446,"rank":3367,"percentile":42.44186046511628}},"tenDayPercentiles":[],"tenDayDecayingPercentileScore":0,"scoresByDay":[],"rankSummary":{"mean":3367,"median":3367,"max":3367,"min":3367},"percentileSummary":{"mean":42.44186046511628,"median":42.44186046511628,"max":42.44186046511628,"min":42.44186046511628}}