{"name":"jadabitsh","scoreData":{"2020-09-29":{"id":2665620587056490000,"name":"jadabitsh","score":1500,"level":1,"character":5,"platform":18,"runframes":208,"runend":1022,"unknown1":4294966205,"unknown2":4294966318,"rank":5551,"percentile":0.7510729613733957}},"tenDayPercentiles":[],"tenDayDecayingPercentileScore":0,"scoresByDay":[],"rankSummary":{"mean":5551,"median":5551,"max":5551,"min":5551},"percentileSummary":{"mean":0.7510729613733957,"median":0.7510729613733957,"max":0.7510729613733957,"min":0.7510729613733957}}