{"name":"Jaguar-Shark","scoreData":{"2020-09-30":{"id":76561198080474910,"name":"Jaguar-Shark","score":43800,"level":4,"character":0,"platform":48,"runframes":21455,"runend":1019,"unknown1":4294962733,"unknown2":4294964087,"rank":1300,"percentile":83.18228896944589}},"tenDayPercentiles":[],"tenDayDecayingPercentileScore":0,"scoresByDay":[],"rankSummary":{"mean":1300,"median":1300,"max":1300,"min":1300},"percentileSummary":{"mean":83.18228896944589,"median":83.18228896944589,"max":83.18228896944589,"min":83.18228896944589}}