{"name":"JahsiahG","scoreData":{"2020-10-25":{"id":76561199006313650,"name":"JahsiahG","score":13000,"level":4,"character":6,"platform":48,"runframes":9103,"runend":1019,"unknown1":390,"unknown2":898,"rank":2803,"percentile":49.513513513513516}},"tenDayPercentiles":[],"tenDayDecayingPercentileScore":0,"scoresByDay":[],"rankSummary":{"mean":2803,"median":2803,"max":2803,"min":2803},"percentileSummary":{"mean":49.513513513513516,"median":49.513513513513516,"max":49.513513513513516,"min":49.513513513513516}}