{"name":"Jailer1999","scoreData":{"2020-09-26":{"id":5865031624614296000,"name":"Jailer1999","score":1000,"level":1,"character":2,"platform":48,"runframes":2045,"runend":1022,"unknown1":1186,"unknown2":653,"rank":2581,"percentile":0.5780346820809257}},"tenDayPercentiles":[],"tenDayDecayingPercentileScore":0,"scoresByDay":[],"rankSummary":{"mean":2581,"median":2581,"max":2581,"min":2581},"percentileSummary":{"mean":0.5780346820809257,"median":0.5780346820809257,"max":0.5780346820809257,"min":0.5780346820809257}}