{"name":"Jaime Escalante","scoreData":{"2020-10-03":{"id":1851186891430933200,"name":"Jaime Escalante","score":12300,"level":2,"character":2,"platform":18,"runframes":8125,"runend":1021,"unknown1":4294966886,"unknown2":100,"rank":4526,"percentile":42.70701443403393}},"tenDayDecayingPercentileMean":null,"rankSummary":{"mean":4526,"median":4526,"max":4526,"min":4526},"percentileSummary":{"mean":42.70701443403393,"median":42.70701443403393,"max":42.70701443403393,"min":42.70701443403393}}