{"name":"JakeJNK","scoreData":{"2020-09-27":{"id":7139147954786414000,"name":"JakeJNK","score":8500,"level":1,"character":3,"platform":48,"runframes":3030,"runend":1022,"unknown1":4294965307,"unknown2":71,"rank":1784,"percentile":28.680000000000007}},"tenDayPercentiles":[],"tenDayDecayingPercentileScore":0,"scoresByDay":[],"rankSummary":{"mean":1784,"median":1784,"max":1784,"min":1784},"percentileSummary":{"mean":28.680000000000007,"median":28.680000000000007,"max":28.680000000000007,"min":28.680000000000007}}