{"name":"Jake_of_exile","scoreData":{"2020-10-13":{"id":7978747324033960000,"name":"Jake_of_exile","score":22400,"level":4,"character":4,"platform":48,"runframes":16544,"runend":1019,"unknown1":4294962632,"unknown2":5,"rank":1952,"percentile":66.73486786018755}},"tenDayPercentiles":[],"tenDayDecayingPercentileScore":0,"scoresByDay":[],"rankSummary":{"mean":1952,"median":1952,"max":1952,"min":1952},"percentileSummary":{"mean":66.73486786018755,"median":66.73486786018755,"max":66.73486786018755,"min":66.73486786018755}}