{"name":"Jake the Dog","scoreData":{"2020-10-27":{"id":76561198057975520,"name":"Jake the Dog","score":45575,"level":6,"character":8,"platform":18,"runframes":35100,"runend":1017,"unknown1":2357,"unknown2":464,"rank":862,"percentile":82.70042194092827}},"tenDayDecayingPercentileMean":null,"rankSummary":{"mean":862,"median":862,"max":862,"min":862},"percentileSummary":{"mean":82.70042194092827,"median":82.70042194092827,"max":82.70042194092827,"min":82.70042194092827}}