{"name":"jamesaparker","scoreData":{"2020-09-30":{"id":76561198214519460,"name":"jamesaparker","score":3300,"level":2,"character":0,"platform":18,"runframes":6812,"runend":1021,"unknown1":3695,"unknown2":752,"rank":5703,"percentile":26.17814603832211}},"tenDayPercentiles":[],"tenDayDecayingPercentileScore":0,"scoresByDay":[],"rankSummary":{"mean":5703,"median":5703,"max":5703,"min":5703},"percentileSummary":{"mean":26.17814603832211,"median":26.17814603832211,"max":26.17814603832211,"min":26.17814603832211}}