{"name":"JamesBDW","scoreData":{"2020-10-10":{"id":76561197960797220,"name":"JamesBDW","score":6100,"level":3,"character":5,"platform":48,"runframes":11024,"runend":1020,"unknown1":4294966711,"unknown2":4294964742,"rank":2720,"percentile":58.778047301394786}},"tenDayPercentiles":[],"tenDayDecayingPercentileScore":0,"scoresByDay":[],"rankSummary":{"mean":2720,"median":2720,"max":2720,"min":2720},"percentileSummary":{"mean":58.778047301394786,"median":58.778047301394786,"max":58.778047301394786,"min":58.778047301394786}}