{"name":"James007423","scoreData":{"2020-10-08":{"id":76561198069036350,"name":"James007423","score":3000,"level":1,"character":3,"platform":18,"runframes":3595,"runend":1022,"unknown1":4294967230,"unknown2":1753,"rank":6231,"percentile":1.7195141189462078}},"tenDayPercentiles":[],"tenDayDecayingPercentileScore":0,"scoresByDay":[],"rankSummary":{"mean":6231,"median":6231,"max":6231,"min":6231},"percentileSummary":{"mean":1.7195141189462078,"median":1.7195141189462078,"max":1.7195141189462078,"min":1.7195141189462078}}