{"name":"Jamie_Lobley","scoreData":{"2020-09-20":{"id":9085695502954749000,"name":"Jamie_Lobley","score":7450,"level":3,"character":0,"platform":48,"runframes":10709,"runend":1020,"unknown1":4294967201,"unknown2":128,"rank":1356,"percentile":54.438466711499665}},"tenDayPercentiles":[],"tenDayDecayingPercentileScore":0,"scoresByDay":[],"rankSummary":{"mean":1356,"median":1356,"max":1356,"min":1356},"percentileSummary":{"mean":54.438466711499665,"median":54.438466711499665,"max":54.438466711499665,"min":54.438466711499665}}