{"name":"JamingT","scoreData":{"2020-11-20":{"id":76561198866275790,"name":"JamingT","score":10100,"level":2,"character":10,"platform":18,"runframes":10269,"runend":1021,"unknown1":4294964669,"unknown2":4294965956,"rank":3424,"percentile":15.272277227722782}},"tenDayPercentiles":[15.272277227722782],"tenDayDecayingPercentileScore":12.370544554455455,"scoresByDay":[12.370544554455455],"rankSummary":{"mean":3424,"median":3424,"max":3424,"min":3424},"percentileSummary":{"mean":15.272277227722782,"median":15.272277227722782,"max":15.272277227722782,"min":15.272277227722782}}