{"name":"Jamie453","scoreData":{"2020-10-05":{"id":76561198529074300,"name":"Jamie453","score":7700,"level":2,"character":7,"platform":18,"runframes":8943,"runend":1021,"unknown1":4294965974,"unknown2":555,"rank":4587,"percentile":32.67762771579565}},"tenDayPercentiles":[],"tenDayDecayingPercentileScore":0,"scoresByDay":[],"rankSummary":{"mean":4587,"median":4587,"max":4587,"min":4587},"percentileSummary":{"mean":32.67762771579565,"median":32.67762771579565,"max":32.67762771579565,"min":32.67762771579565}}