{"name":"Jamiez1207","scoreData":{"2020-09-30":{"id":76561198045106500,"name":"Jamiez1207","score":6800,"level":1,"character":0,"platform":18,"runframes":4560,"runend":1022,"unknown1":3212,"unknown2":240,"rank":6760,"percentile":12.49352667011911}},"tenDayPercentiles":[],"tenDayDecayingPercentileScore":0,"scoresByDay":[],"rankSummary":{"mean":6760,"median":6760,"max":6760,"min":6760},"percentileSummary":{"mean":12.49352667011911,"median":12.49352667011911,"max":12.49352667011911,"min":12.49352667011911}}