{"name":"Jamie_Nakhle","scoreData":{"2020-11-18":{"id":76561198972185940,"name":"Jamie_Nakhle","score":17900,"level":3,"character":7,"platform":48,"runframes":10370,"runend":1020,"unknown1":651,"unknown2":1896,"rank":2881,"percentile":28.286852589641427}},"tenDayPercentiles":[28.286852589641427],"tenDayDecayingPercentileScore":22.912350597609557,"scoresByDay":[22.912350597609557],"rankSummary":{"mean":2881,"median":2881,"max":2881,"min":2881},"percentileSummary":{"mean":28.286852589641427,"median":28.286852589641427,"max":28.286852589641427,"min":28.286852589641427}}