{"name":"jammedprinter","scoreData":{"2020-11-07":{"id":76561198080113440,"name":"jammedprinter","score":13900,"level":2,"character":0,"platform":48,"runframes":5128,"runend":1021,"unknown1":418,"unknown2":517,"rank":3565,"percentile":25.376884422110564}},"tenDayPercentiles":[],"tenDayDecayingPercentileScore":0,"scoresByDay":[],"rankSummary":{"mean":3565,"median":3565,"max":3565,"min":3565},"percentileSummary":{"mean":25.376884422110564,"median":25.376884422110564,"max":25.376884422110564,"min":25.376884422110564}}