{"name":"jan k.","scoreData":{"2020-11-13":{"id":764805384387294200,"name":"jan k.","score":35550,"level":7,"character":4,"platform":18,"runframes":46046,"runend":1016,"unknown1":2930,"unknown2":2804,"rank":992,"percentile":76.4047619047619}},"tenDayPercentiles":[76.4047619047619],"tenDayDecayingPercentileScore":29.600770219071432,"scoresByDay":[29.600770219071432],"rankSummary":{"mean":992,"median":992,"max":992,"min":992},"percentileSummary":{"mean":76.4047619047619,"median":76.4047619047619,"max":76.4047619047619,"min":76.4047619047619}}