{"name":"Janagomes","scoreData":{"2020-10-15":{"id":7100011968157484000,"name":"Janagomes","score":5500,"level":2,"character":0,"platform":18,"runframes":5227,"runend":1021,"unknown1":4294965939,"unknown2":4294965075,"rank":4959,"percentile":13.878756296682297}},"tenDayPercentiles":[],"tenDayDecayingPercentileScore":0,"scoresByDay":[],"rankSummary":{"mean":4959,"median":4959,"max":4959,"min":4959},"percentileSummary":{"mean":13.878756296682297,"median":13.878756296682297,"max":13.878756296682297,"min":13.878756296682297}}