{"name":"Jango_Kett","scoreData":{"2020-09-20":{"id":6354401966385059000,"name":"Jango_Kett","score":20075,"level":5,"character":1,"platform":48,"runframes":10197,"runend":1018,"unknown1":452,"unknown2":191,"rank":627,"percentile":78.950907868191}},"tenDayPercentiles":[],"tenDayDecayingPercentileScore":0,"scoresByDay":[],"rankSummary":{"mean":627,"median":627,"max":627,"min":627},"percentileSummary":{"mean":78.950907868191,"median":78.950907868191,"max":78.950907868191,"min":78.950907868191}}