{"name":"Janp","scoreData":{"2020-09-30":{"id":3794876576213882000,"name":"Janp","score":11700,"level":1,"character":0,"platform":18,"runframes":5825,"runend":1022,"unknown1":4294964955,"unknown2":4294965876,"rank":6004,"percentile":22.28120145002589}},"tenDayPercentiles":[],"tenDayDecayingPercentileScore":0,"scoresByDay":[],"rankSummary":{"mean":6004,"median":6004,"max":6004,"min":6004},"percentileSummary":{"mean":22.28120145002589,"median":22.28120145002589,"max":22.28120145002589,"min":22.28120145002589}}