{"name":"jap","scoreData":{"2020-10-21":{"id":3945040984213533000,"name":"jap","score":9800,"level":2,"character":4,"platform":18,"runframes":7515,"runend":1021,"unknown1":4294964276,"unknown2":157,"rank":3708,"percentile":30.942622950819683}},"tenDayPercentiles":[],"tenDayDecayingPercentileScore":0,"scoresByDay":[],"rankSummary":{"mean":3708,"median":3708,"max":3708,"min":3708},"percentileSummary":{"mean":30.942622950819683,"median":30.942622950819683,"max":30.942622950819683,"min":30.942622950819683}}