{"name":"Japanese.5loko","scoreData":{"2020-10-08":{"id":76561197996868800,"name":"Japanese.5loko","score":5800,"level":2,"character":0,"platform":18,"runframes":6239,"runend":1021,"unknown1":3074,"unknown2":1653,"rank":5639,"percentile":11.05852658147974}},"tenDayDecayingPercentileMean":null,"rankSummary":{"mean":5639,"median":5639,"max":5639,"min":5639},"percentileSummary":{"mean":11.05852658147974,"median":11.05852658147974,"max":11.05852658147974,"min":11.05852658147974}}