{"name":"Jaqueebusbeetle","scoreData":{"2020-10-20":{"id":76561198006099300,"name":"Jaqueebusbeetle","score":5900,"level":6,"character":7,"platform":18,"runframes":24990,"runend":1017,"unknown1":3365,"unknown2":4294967220,"rank":2113,"percentile":60.888888888888886}},"tenDayPercentiles":[],"tenDayDecayingPercentileScore":0,"scoresByDay":[],"rankSummary":{"mean":2113,"median":2113,"max":2113,"min":2113},"percentileSummary":{"mean":60.888888888888886,"median":60.888888888888886,"max":60.888888888888886,"min":60.888888888888886}}