{"name":"Jar-o-Bees","scoreData":{"2020-11-17":{"id":3195406490644069000,"name":"Jar-o-Bees","score":10900,"level":2,"character":7,"platform":48,"runframes":4485,"runend":1021,"unknown1":1513,"unknown2":174,"rank":2977,"percentile":24.042879019908113}},"tenDayPercentiles":[24.042879019908113],"tenDayDecayingPercentileScore":15.774532924961717,"scoresByDay":[15.774532924961717],"rankSummary":{"mean":2977,"median":2977,"max":2977,"min":2977},"percentileSummary":{"mean":24.042879019908113,"median":24.042879019908113,"max":24.042879019908113,"min":24.042879019908113}}