{"name":"Jaren710","scoreData":{"2020-10-17":{"id":76561198006067280,"name":"Jaren710","score":0,"level":1,"character":1,"platform":48,"runframes":1085,"runend":1022,"unknown1":4294966200,"unknown2":2,"rank":5670,"percentile":3.0608755129958922}},"tenDayPercentiles":[],"tenDayDecayingPercentileScore":0,"scoresByDay":[],"rankSummary":{"mean":5670,"median":5670,"max":5670,"min":5670},"percentileSummary":{"mean":3.0608755129958922,"median":3.0608755129958922,"max":3.0608755129958922,"min":3.0608755129958922}}