{"name":"Jarl Wolfganger","scoreData":{"2020-10-05":{"id":76561198006523000,"name":"Jarl Wolfganger","score":500,"level":1,"character":2,"platform":18,"runframes":1862,"runend":1022,"unknown1":5868,"unknown2":315,"rank":6620,"percentile":2.833235466823254}},"tenDayPercentiles":[],"tenDayDecayingPercentileScore":0,"scoresByDay":[],"rankSummary":{"mean":6620,"median":6620,"max":6620,"min":6620},"percentileSummary":{"mean":2.833235466823254,"median":2.833235466823254,"max":2.833235466823254,"min":2.833235466823254}}