{"name":"jason_kanji","scoreData":{"2020-10-26":{"id":76561197988955840,"name":"jason_kanji","score":16300,"level":4,"character":3,"platform":18,"runframes":15402,"runend":1019,"unknown1":1425,"unknown2":4294966910,"rank":2691,"percentile":46.83794466403162}},"tenDayPercentiles":[],"tenDayDecayingPercentileScore":0,"scoresByDay":[],"rankSummary":{"mean":2691,"median":2691,"max":2691,"min":2691},"percentileSummary":{"mean":46.83794466403162,"median":46.83794466403162,"max":46.83794466403162,"min":46.83794466403162}}