{"name":"JauMLimA","scoreData":{"2020-10-16":{"id":76561198262582450,"name":"JauMLimA","score":6100,"level":2,"character":0,"platform":48,"runframes":8502,"runend":1021,"unknown1":4294964478,"unknown2":26,"rank":4214,"percentile":24.861779917959694}},"tenDayPercentiles":[],"tenDayDecayingPercentileScore":0,"scoresByDay":[],"rankSummary":{"mean":4214,"median":4214,"max":4214,"min":4214},"percentileSummary":{"mean":24.861779917959694,"median":24.861779917959694,"max":24.861779917959694,"min":24.861779917959694}}