{"name":"javixae","scoreData":{"2020-10-08":{"id":76561197961014580,"name":"javixae","score":5000,"level":2,"character":3,"platform":18,"runframes":8573,"runend":1021,"unknown1":4294961557,"unknown2":4294964928,"rank":5730,"percentile":9.62296892254298}},"tenDayPercentiles":[],"tenDayDecayingPercentileScore":0,"scoresByDay":[],"rankSummary":{"mean":5730,"median":5730,"max":5730,"min":5730},"percentileSummary":{"mean":9.62296892254298,"median":9.62296892254298,"max":9.62296892254298,"min":9.62296892254298}}