{"name":"JawkneeRotted","scoreData":{"2020-10-20":{"id":4999644348074199000,"name":"JawkneeRotted","score":4100,"level":2,"character":1,"platform":48,"runframes":7062,"runend":1021,"unknown1":4294963977,"unknown2":4294965506,"rank":5021,"percentile":7.037037037037038}},"tenDayPercentiles":[],"tenDayDecayingPercentileScore":0,"scoresByDay":[],"rankSummary":{"mean":5021,"median":5021,"max":5021,"min":5021},"percentileSummary":{"mean":7.037037037037038,"median":7.037037037037038,"max":7.037037037037038,"min":7.037037037037038}}