{"name":"Jawshyooah","scoreData":{"2020-09-20":{"id":5062549616178078000,"name":"Jawshyooah","score":7925,"level":6,"character":1,"platform":48,"runframes":15885,"runend":1017,"unknown1":1159,"unknown2":96,"rank":536,"percentile":82.0107599193006}},"tenDayPercentiles":[],"tenDayDecayingPercentileScore":0,"scoresByDay":[],"rankSummary":{"mean":536,"median":536,"max":536,"min":536},"percentileSummary":{"mean":82.0107599193006,"median":82.0107599193006,"max":82.0107599193006,"min":82.0107599193006}}