{"name":"jaymartin","scoreData":{"2020-09-30":{"id":76561198207011100,"name":"jaymartin","score":2500,"level":3,"character":3,"platform":18,"runframes":10772,"runend":1020,"unknown1":4294962479,"unknown2":4294962265,"rank":3964,"percentile":48.692387364060075}},"tenDayPercentiles":[],"tenDayDecayingPercentileScore":0,"scoresByDay":[],"rankSummary":{"mean":3964,"median":3964,"max":3964,"min":3964},"percentileSummary":{"mean":48.692387364060075,"median":48.692387364060075,"max":48.692387364060075,"min":48.692387364060075}}