{"name":"jazz soup","scoreData":{"2020-10-05":{"id":331572339351536960,"name":"jazz soup","score":39350,"level":8,"character":5,"platform":18,"runframes":31125,"runend":1015,"unknown1":1201,"unknown2":79,"rank":651,"percentile":90.45801526717557}},"tenDayDecayingPercentileMean":null,"rankSummary":{"mean":651,"median":651,"max":651,"min":651},"percentileSummary":{"mean":90.45801526717557,"median":90.45801526717557,"max":90.45801526717557,"min":90.45801526717557}}