{"name":"JD_Books","scoreData":{"2020-10-23":{"id":5400368148423134000,"name":"JD_Books","score":9000,"level":3,"character":0,"platform":48,"runframes":10499,"runend":1020,"unknown1":4294963948,"unknown2":4294965904,"rank":3579,"percentile":31.469067228500293}},"tenDayPercentiles":[],"tenDayDecayingPercentileScore":0,"scoresByDay":[],"rankSummary":{"mean":3579,"median":3579,"max":3579,"min":3579},"percentileSummary":{"mean":31.469067228500293,"median":31.469067228500293,"max":31.469067228500293,"min":31.469067228500293}}