{"name":"jdp197865","scoreData":{"2020-10-16":{"id":9094180837315561000,"name":"jdp197865","score":6200,"level":2,"character":2,"platform":48,"runframes":13088,"runend":1021,"unknown1":4294963745,"unknown2":4294963432,"rank":4196,"percentile":25.18280720527912}},"tenDayPercentiles":[],"tenDayDecayingPercentileScore":0,"scoresByDay":[],"rankSummary":{"mean":4196,"median":4196,"max":4196,"min":4196},"percentileSummary":{"mean":25.18280720527912,"median":25.18280720527912,"max":25.18280720527912,"min":25.18280720527912}}