{"name":"Je219","scoreData":{"2020-10-03":{"id":3174337897258315000,"name":"Je219","score":9600,"level":2,"character":2,"platform":18,"runframes":6360,"runend":1021,"unknown1":4294961637,"unknown2":4294964632,"rank":5177,"percentile":34.46442137249936}},"tenDayPercentiles":[],"tenDayDecayingPercentileScore":0,"scoresByDay":[],"rankSummary":{"mean":5177,"median":5177,"max":5177,"min":5177},"percentileSummary":{"mean":34.46442137249936,"median":34.46442137249936,"max":34.46442137249936,"min":34.46442137249936}}