{"name":"jeanlucgodard99","scoreData":{"2020-09-24":{"id":5352635978824224000,"name":"jeanlucgodard99","score":11500,"level":3,"character":16,"platform":48,"runframes":12952,"runend":1020,"unknown1":4294966142,"unknown2":34,"rank":878,"percentile":61.96877710320902}},"tenDayPercentiles":[],"tenDayDecayingPercentileScore":0,"scoresByDay":[],"rankSummary":{"mean":878,"median":878,"max":878,"min":878},"percentileSummary":{"mean":61.96877710320902,"median":61.96877710320902,"max":61.96877710320902,"min":61.96877710320902}}