{"name":"jedimasterzac08","scoreData":{"2020-11-21":{"id":76561198066221010,"name":"jedimasterzac08","score":12600,"level":4,"character":2,"platform":18,"runframes":7652,"runend":1019,"unknown1":4294967145,"unknown2":1348,"rank":2555,"percentile":38.47265719103831}},"tenDayPercentiles":[],"tenDayDecayingPercentileScore":0,"scoresByDay":[],"rankSummary":{"mean":2555,"median":2555,"max":2555,"min":2555},"percentileSummary":{"mean":38.47265719103831,"median":38.47265719103831,"max":38.47265719103831,"min":38.47265719103831}}