{"name":"jeffwaaahhh","scoreData":{"2020-10-30":{"id":76561198042116110,"name":"jeffwaaahhh","score":1500,"level":2,"character":4,"platform":48,"runframes":3456,"runend":1021,"unknown1":4294966586,"unknown2":1482,"rank":4252,"percentile":10.486418193303848}},"tenDayPercentiles":[],"tenDayDecayingPercentileScore":0,"scoresByDay":[],"rankSummary":{"mean":4252,"median":4252,"max":4252,"min":4252},"percentileSummary":{"mean":10.486418193303848,"median":10.486418193303848,"max":10.486418193303848,"min":10.486418193303848}}