{"name":"JeffTheSandvich","scoreData":{"2020-09-16":{"id":6906764228482023000,"name":"JeffTheSandvich","score":6200,"level":1,"character":0,"platform":48,"runframes":1577,"runend":1022,"unknown1":1310,"unknown2":617,"rank":2727,"percentile":11.665586519766691}},"tenDayPercentiles":[],"tenDayDecayingPercentileScore":0,"scoresByDay":[],"rankSummary":{"mean":2727,"median":2727,"max":2727,"min":2727},"percentileSummary":{"mean":11.665586519766691,"median":11.665586519766691,"max":11.665586519766691,"min":11.665586519766691}}