{"name":"jeff4moso","scoreData":{"2020-11-17":{"id":691159307166976800,"name":"jeff4moso","score":36575,"level":5,"character":9,"platform":18,"runframes":49581,"runend":1018,"unknown1":1754,"unknown2":207,"rank":1074,"percentile":72.61357835630423}},"tenDayPercentiles":[72.61357835630423],"tenDayDecayingPercentileScore":52.935298621745794,"scoresByDay":[52.935298621745794],"rankSummary":{"mean":1074,"median":1074,"max":1074,"min":1074},"percentileSummary":{"mean":72.61357835630423,"median":72.61357835630423,"max":72.61357835630423,"min":72.61357835630423}}