{"name":"Jeff_Me_Off","scoreData":{"2020-09-17":{"id":2680176339909306400,"name":"Jeff_Me_Off","score":8600,"level":1,"character":3,"platform":48,"runframes":5669,"runend":1022,"unknown1":448,"unknown2":1047,"rank":2040,"percentile":27.874071453837985}},"tenDayPercentiles":[],"tenDayDecayingPercentileScore":0,"scoresByDay":[],"rankSummary":{"mean":2040,"median":2040,"max":2040,"min":2040},"percentileSummary":{"mean":27.874071453837985,"median":27.874071453837985,"max":27.874071453837985,"min":27.874071453837985}}