{"name":"jegsaw_1993","scoreData":{"2020-09-18":{"id":1022276253920262800,"name":"jegsaw_1993","score":21800,"level":2,"character":2,"platform":48,"runframes":6556,"runend":1021,"unknown1":4294966695,"unknown2":18,"rank":1877,"percentile":32.90414878397711}},"tenDayPercentiles":[],"tenDayDecayingPercentileScore":0,"scoresByDay":[],"rankSummary":{"mean":1877,"median":1877,"max":1877,"min":1877},"percentileSummary":{"mean":32.90414878397711,"median":32.90414878397711,"max":32.90414878397711,"min":32.90414878397711}}