{"name":"jel542","scoreData":{"2020-11-05":{"id":76561197988413950,"name":"jel542","score":13600,"level":4,"character":0,"platform":18,"runframes":16772,"runend":1019,"unknown1":4294966640,"unknown2":642,"rank":2075,"percentile":53.890618052467765}},"tenDayPercentiles":[],"tenDayDecayingPercentileScore":0,"scoresByDay":[],"rankSummary":{"mean":2075,"median":2075,"max":2075,"min":2075},"percentileSummary":{"mean":53.890618052467765,"median":53.890618052467765,"max":53.890618052467765,"min":53.890618052467765}}