{"name":"jell0s","scoreData":{"2020-11-20":{"id":76561198069573920,"name":"jell0s","score":33500,"level":5,"character":7,"platform":18,"runframes":15012,"runend":1018,"unknown1":4294966024,"unknown2":4294966015,"rank":1896,"percentile":53.0940594059406}},"tenDayPercentiles":[],"tenDayDecayingPercentileScore":0,"scoresByDay":[],"rankSummary":{"mean":1896,"median":1896,"max":1896,"min":1896},"percentileSummary":{"mean":53.0940594059406,"median":53.0940594059406,"max":53.0940594059406,"min":53.0940594059406}}