{"name":"JellyJey14","scoreData":{"2020-11-15":{"id":76561197998996350,"name":"JellyJey14","score":9200,"level":1,"character":0,"platform":48,"runframes":3868,"runend":1022,"unknown1":263,"unknown2":340,"rank":3887,"percentile":9.69091331629096}},"tenDayPercentiles":[9.69091331629096],"tenDayDecayingPercentileScore":4.6351337973506865,"scoresByDay":[4.6351337973506865],"rankSummary":{"mean":3887,"median":3887,"max":3887,"min":3887},"percentileSummary":{"mean":9.69091331629096,"median":9.69091331629096,"max":9.69091331629096,"min":9.69091331629096}}