{"name":"JellyAndTheBeans","scoreData":{"2020-09-20":{"id":3692467501364637000,"name":"JellyAndTheBeans","score":21900,"level":3,"character":7,"platform":48,"runframes":14270,"runend":1020,"unknown1":1506,"unknown2":806,"rank":1100,"percentile":63.04640215198386}},"tenDayPercentiles":[],"tenDayDecayingPercentileScore":0,"scoresByDay":[],"rankSummary":{"mean":1100,"median":1100,"max":1100,"min":1100},"percentileSummary":{"mean":63.04640215198386,"median":63.04640215198386,"max":63.04640215198386,"min":63.04640215198386}}