{"name":"Jelle-80","scoreData":{"2020-11-21":{"id":8323549301758841000,"name":"Jelle-80","score":19950,"level":5,"character":0,"platform":48,"runframes":22885,"runend":1018,"unknown1":939,"unknown2":4294967272,"rank":1714,"percentile":58.73283546133462}},"tenDayPercentiles":[],"tenDayDecayingPercentileScore":0,"scoresByDay":[],"rankSummary":{"mean":1714,"median":1714,"max":1714,"min":1714},"percentileSummary":{"mean":58.73283546133462,"median":58.73283546133462,"max":58.73283546133462,"min":58.73283546133462}}