{"name":"Jemmy117","scoreData":{"2020-10-22":{"id":76561198018650930,"name":"Jemmy117","score":26500,"level":3,"character":6,"platform":18,"runframes":10954,"runend":1020,"unknown1":4294966395,"unknown2":153,"rank":3193,"percentile":39.85302430751837}},"tenDayPercentiles":[],"tenDayDecayingPercentileScore":0,"scoresByDay":[],"rankSummary":{"mean":3193,"median":3193,"max":3193,"min":3193},"percentileSummary":{"mean":39.85302430751837,"median":39.85302430751837,"max":39.85302430751837,"min":39.85302430751837}}