{"name":"Jenkem_Shaman","scoreData":{"2020-10-19":{"id":76561198056260820,"name":"Jenkem_Shaman","score":14500,"level":3,"character":18,"platform":48,"runframes":10085,"runend":1020,"unknown1":4294963092,"unknown2":4294962884,"rank":3303,"percentile":38.25729244577411}},"tenDayPercentiles":[],"tenDayDecayingPercentileScore":0,"scoresByDay":[],"rankSummary":{"mean":3303,"median":3303,"max":3303,"min":3303},"percentileSummary":{"mean":38.25729244577411,"median":38.25729244577411,"max":38.25729244577411,"min":38.25729244577411}}