{"name":"Jerey Pawter","scoreData":{"2020-10-01":{"id":76561197962620370,"name":"Jerey Pawter","score":3500,"level":1,"character":10,"platform":18,"runframes":2599,"runend":1022,"unknown1":5402,"unknown2":1118,"rank":6939,"percentile":9.825838315570579}},"tenDayDecayingPercentileMean":null,"rankSummary":{"mean":6939,"median":6939,"max":6939,"min":6939},"percentileSummary":{"mean":9.825838315570579,"median":9.825838315570579,"max":9.825838315570579,"min":9.825838315570579}}