{"name":"JerkyJerry","scoreData":{"2020-11-21":{"id":76561198961255570,"name":"JerkyJerry","score":32975,"level":5,"character":10,"platform":48,"runframes":28059,"runend":1018,"unknown1":4294965950,"unknown2":4294967100,"rank":1462,"percentile":64.80366176824862}},"tenDayPercentiles":[],"tenDayDecayingPercentileScore":0,"scoresByDay":[],"rankSummary":{"mean":1462,"median":1462,"max":1462,"min":1462},"percentileSummary":{"mean":64.80366176824862,"median":64.80366176824862,"max":64.80366176824862,"min":64.80366176824862}}