{"name":"Jermy","scoreData":{"2020-09-30":{"id":76561198887887100,"name":"Jermy","score":16300,"level":2,"character":0,"platform":18,"runframes":9399,"runend":1021,"unknown1":1120,"unknown2":2105,"rank":4480,"percentile":42.011910926980846}},"tenDayPercentiles":[],"tenDayDecayingPercentileScore":0,"scoresByDay":[],"rankSummary":{"mean":4480,"median":4480,"max":4480,"min":4480},"percentileSummary":{"mean":42.011910926980846,"median":42.011910926980846,"max":42.011910926980846,"min":42.011910926980846}}