{"name":"JerreCools","scoreData":{"2020-10-22":{"id":6003794456032819000,"name":"JerreCools","score":11600,"level":1,"character":3,"platform":18,"runframes":1666,"runend":1022,"unknown1":4294964165,"unknown2":115,"rank":4987,"percentile":6.048615036743925}},"tenDayPercentiles":[],"tenDayDecayingPercentileScore":0,"scoresByDay":[],"rankSummary":{"mean":4987,"median":4987,"max":4987,"min":4987},"percentileSummary":{"mean":6.048615036743925,"median":6.048615036743925,"max":6.048615036743925,"min":6.048615036743925}}