{"name":"jerramundo","scoreData":{"2020-10-11":{"id":8962667887289709000,"name":"jerramundo","score":27300,"level":4,"character":3,"platform":18,"runframes":33309,"runend":1019,"unknown1":4294966870,"unknown2":50,"rank":2486,"percentile":60.86614173228347}},"tenDayPercentiles":[],"tenDayDecayingPercentileScore":0,"scoresByDay":[],"rankSummary":{"mean":2486,"median":2486,"max":2486,"min":2486},"percentileSummary":{"mean":60.86614173228347,"median":60.86614173228347,"max":60.86614173228347,"min":60.86614173228347}}