{"name":"jessomang","scoreData":{"2020-09-23":{"id":6826185927318932000,"name":"jessomang","score":9200,"level":4,"character":0,"platform":48,"runframes":7971,"runend":1019,"unknown1":1672,"unknown2":894,"rank":993,"percentile":58.76974231088944}},"tenDayPercentiles":[],"tenDayDecayingPercentileScore":0,"scoresByDay":[],"rankSummary":{"mean":993,"median":993,"max":993,"min":993},"percentileSummary":{"mean":58.76974231088944,"median":58.76974231088944,"max":58.76974231088944,"min":58.76974231088944}}