{"name":"jester-race64","scoreData":{"2020-09-17":{"id":1679547878656218600,"name":"jester-race64","score":5200,"level":1,"character":0,"platform":48,"runframes":4928,"runend":1022,"unknown1":2045,"unknown2":177,"rank":2237,"percentile":20.90555359037849}},"tenDayPercentiles":[],"tenDayDecayingPercentileScore":0,"scoresByDay":[],"rankSummary":{"mean":2237,"median":2237,"max":2237,"min":2237},"percentileSummary":{"mean":20.90555359037849,"median":20.90555359037849,"max":20.90555359037849,"min":20.90555359037849}}