{"name":"Jester Weeb","scoreData":{"2020-10-01":{"id":76561199061656240,"name":"Jester Weeb","score":9600,"level":2,"character":8,"platform":18,"runframes":5247,"runend":1021,"unknown1":4215,"unknown2":181,"rank":4986,"percentile":35.209253964127896}},"tenDayPercentiles":[],"tenDayDecayingPercentileScore":0,"scoresByDay":[],"rankSummary":{"mean":4986,"median":4986,"max":4986,"min":4986},"percentileSummary":{"mean":35.209253964127896,"median":35.209253964127896,"max":35.209253964127896,"min":35.209253964127896}}