{"name":"jetpackmining","scoreData":{"2020-11-18":{"id":6550581117248785000,"name":"jetpackmining","score":6000,"level":2,"character":7,"platform":48,"runframes":13161,"runend":1021,"unknown1":4294965638,"unknown2":4294966564,"rank":3494,"percentile":13.02290836653387}},"tenDayPercentiles":[13.02290836653387],"tenDayDecayingPercentileScore":8.544330179282873,"scoresByDay":[8.544330179282873],"rankSummary":{"mean":3494,"median":3494,"max":3494,"min":3494},"percentileSummary":{"mean":13.02290836653387,"median":13.02290836653387,"max":13.02290836653387,"min":13.02290836653387}}