{"name":"jevil","scoreData":{"2020-11-05":{"id":76561198040151920,"name":"jevil","score":0,"level":1,"character":3,"platform":18,"runframes":2343,"runend":1022,"unknown1":4294966918,"unknown2":21,"rank":4363,"percentile":3.0235660293463837}},"tenDayPercentiles":[],"tenDayDecayingPercentileScore":0,"scoresByDay":[],"rankSummary":{"mean":4363,"median":4363,"max":4363,"min":4363},"percentileSummary":{"mean":3.0235660293463837,"median":3.0235660293463837,"max":3.0235660293463837,"min":3.0235660293463837}}