{"name":"jezmoxey","scoreData":{"2020-09-18":{"id":4496030425319699000,"name":"jezmoxey","score":500,"level":1,"character":5,"platform":48,"runframes":5162,"runend":1022,"unknown1":4294966644,"unknown2":246,"rank":2668,"percentile":4.6137339055793944}},"tenDayPercentiles":[],"tenDayDecayingPercentileScore":0,"scoresByDay":[],"rankSummary":{"mean":2668,"median":2668,"max":2668,"min":2668},"percentileSummary":{"mean":4.6137339055793944,"median":4.6137339055793944,"max":4.6137339055793944,"min":4.6137339055793944}}