{"name":"jfaa","scoreData":{"2020-10-17":{"id":7755758161226386000,"name":"jfaa","score":0,"level":1,"character":1,"platform":18,"runframes":561,"runend":1022,"unknown1":4294965354,"unknown2":610,"rank":5663,"percentile":3.1805745554035525}},"tenDayPercentiles":[],"tenDayDecayingPercentileScore":0,"scoresByDay":[],"rankSummary":{"mean":5663,"median":5663,"max":5663,"min":5663},"percentileSummary":{"mean":3.1805745554035525,"median":3.1805745554035525,"max":3.1805745554035525,"min":3.1805745554035525}}