{"name":"jfarbs18","scoreData":{"2020-11-15":{"id":4227094285560459300,"name":"jfarbs18","score":7100,"level":2,"character":1,"platform":48,"runframes":3886,"runend":1021,"unknown1":4294967238,"unknown2":4294964039,"rank":3665,"percentile":14.850104578201254}},"tenDayPercentiles":[14.850104578201254],"tenDayDecayingPercentileScore":8.768838252382059,"scoresByDay":[8.768838252382059],"rankSummary":{"mean":3665,"median":3665,"max":3665,"min":3665},"percentileSummary":{"mean":14.850104578201254,"median":14.850104578201254,"max":14.850104578201254,"min":14.850104578201254}}