{"name":"JGhost1224","scoreData":{"2020-09-17":{"id":4750876387911172000,"name":"JGhost1224","score":29300,"level":4,"character":5,"platform":48,"runframes":24878,"runend":1019,"unknown1":4294965312,"unknown2":4294965213,"rank":358,"percentile":87.37177219667493}},"tenDayPercentiles":[],"tenDayDecayingPercentileScore":0,"scoresByDay":[],"rankSummary":{"mean":358,"median":358,"max":358,"min":358},"percentileSummary":{"mean":87.37177219667493,"median":87.37177219667493,"max":87.37177219667493,"min":87.37177219667493}}