{"name":"JGriers","scoreData":{"2020-09-20":{"id":7653886427649520000,"name":"JGriers","score":17300,"level":3,"character":8,"platform":48,"runframes":9669,"runend":1020,"unknown1":4294964684,"unknown2":26,"rank":1179,"percentile":60.390047074646944}},"tenDayPercentiles":[],"tenDayDecayingPercentileScore":0,"scoresByDay":[],"rankSummary":{"mean":1179,"median":1179,"max":1179,"min":1179},"percentileSummary":{"mean":60.390047074646944,"median":60.390047074646944,"max":60.390047074646944,"min":60.390047074646944}}