{"name":"jham1978","scoreData":{"2020-10-30":{"id":76561198028394800,"name":"jham1978","score":1500,"level":2,"character":2,"platform":48,"runframes":2344,"runend":1021,"unknown1":4294965157,"unknown2":4294965574,"rank":4259,"percentile":10.339018740787537}},"tenDayPercentiles":[],"tenDayDecayingPercentileScore":0,"scoresByDay":[],"rankSummary":{"mean":4259,"median":4259,"max":4259,"min":4259},"percentileSummary":{"mean":10.339018740787537,"median":10.339018740787537,"max":10.339018740787537,"min":10.339018740787537}}