{"name":"jharler","scoreData":{"2020-11-11":{"id":76561198074375600,"name":"jharler","score":34375,"level":5,"character":13,"platform":18,"runframes":27612,"runend":1018,"unknown1":4294964490,"unknown2":4294963800,"rank":1910,"percentile":57.081834532374096}},"tenDayPercentiles":[],"tenDayDecayingPercentileScore":0,"scoresByDay":[],"rankSummary":{"mean":1910,"median":1910,"max":1910,"min":1910},"percentileSummary":{"mean":57.081834532374096,"median":57.081834532374096,"max":57.081834532374096,"min":57.081834532374096}}