{"name":"Jhbrogdenjr","scoreData":{"2020-10-02":{"id":76561198081262270,"name":"Jhbrogdenjr","score":1300,"level":1,"character":2,"platform":18,"runframes":657,"runend":1022,"unknown1":350,"unknown2":5810,"rank":7050,"percentile":5.54736701058556}},"tenDayPercentiles":[],"tenDayDecayingPercentileScore":0,"scoresByDay":[],"rankSummary":{"mean":7050,"median":7050,"max":7050,"min":7050},"percentileSummary":{"mean":5.54736701058556,"median":5.54736701058556,"max":5.54736701058556,"min":5.54736701058556}}