{"name":"Jhycrain","scoreData":{"2020-11-18":{"id":76561198007774900,"name":"Jhycrain","score":11400,"level":1,"character":4,"platform":18,"runframes":7480,"runend":1022,"unknown1":161,"unknown2":4294965816,"rank":3661,"percentile":8.864541832669332}},"tenDayPercentiles":[8.864541832669332],"tenDayDecayingPercentileScore":7.978087649402399,"scoresByDay":[7.978087649402399],"rankSummary":{"mean":3661,"median":3661,"max":3661,"min":3661},"percentileSummary":{"mean":8.864541832669332,"median":8.864541832669332,"max":8.864541832669332,"min":8.864541832669332}}