{"name":"Jibble","scoreData":{"2020-10-24":{"id":6426257380191547000,"name":"Jibble","score":1400,"level":3,"character":3,"platform":18,"runframes":16171,"runend":1020,"unknown1":4294965900,"unknown2":4294963452,"rank":3341,"percentile":37.82576321667908}},"tenDayPercentiles":[],"tenDayDecayingPercentileScore":0,"scoresByDay":[],"rankSummary":{"mean":3341,"median":3341,"max":3341,"min":3341},"percentileSummary":{"mean":37.82576321667908,"median":37.82576321667908,"max":37.82576321667908,"min":37.82576321667908}}