{"name":"JIGSAWDEVILDOG5","scoreData":{"2020-11-06":{"id":76561197987996100,"name":"JIGSAWDEVILDOG5","score":2000,"level":2,"character":3,"platform":48,"runframes":3249,"runend":1021,"unknown1":1008,"unknown2":197,"rank":4220,"percentile":6.968026460859974}},"tenDayPercentiles":[],"tenDayDecayingPercentileScore":0,"scoresByDay":[],"rankSummary":{"mean":4220,"median":4220,"max":4220,"min":4220},"percentileSummary":{"mean":6.968026460859974,"median":6.968026460859974,"max":6.968026460859974,"min":6.968026460859974}}