{"name":"Jiko-76","scoreData":{"2020-11-10":{"id":8096565337338414000,"name":"Jiko-76","score":2500,"level":2,"character":0,"platform":48,"runframes":5047,"runend":1021,"unknown1":4294966739,"unknown2":848,"rank":4078,"percentile":6.832723948811704}},"tenDayPercentiles":[],"tenDayDecayingPercentileScore":0,"scoresByDay":[],"rankSummary":{"mean":4078,"median":4078,"max":4078,"min":4078},"percentileSummary":{"mean":6.832723948811704,"median":6.832723948811704,"max":6.832723948811704,"min":6.832723948811704}}