{"name":"Jimbo_Slice41","scoreData":{"2020-10-06":{"id":5606352138383317000,"name":"Jimbo_Slice41","score":5800,"level":2,"character":3,"platform":48,"runframes":8736,"runend":1021,"unknown1":4294964102,"unknown2":4294963945,"rank":5666,"percentile":16.629874908020597}},"tenDayPercentiles":[],"tenDayDecayingPercentileScore":0,"scoresByDay":[],"rankSummary":{"mean":5666,"median":5666,"max":5666,"min":5666},"percentileSummary":{"mean":16.629874908020597,"median":16.629874908020597,"max":16.629874908020597,"min":16.629874908020597}}