{"name":"jimi","scoreData":{"2020-10-05":{"id":76561198114583120,"name":"jimi","score":20750,"level":6,"character":18,"platform":18,"runframes":24495,"runend":1017,"unknown1":4294967083,"unknown2":4294965841,"rank":1840,"percentile":73.00352319436288}},"tenDayPercentiles":[],"tenDayDecayingPercentileScore":0,"scoresByDay":[],"rankSummary":{"mean":1840,"median":1840,"max":1840,"min":1840},"percentileSummary":{"mean":73.00352319436288,"median":73.00352319436288,"max":73.00352319436288,"min":73.00352319436288}}