{"name":"Jimmy..?","scoreData":{"2020-09-29":{"id":76561198098509390,"name":"Jimmy..?","score":6500,"level":1,"character":1,"platform":18,"runframes":1811,"runend":1022,"unknown1":4294966828,"unknown2":3,"rank":5202,"percentile":6.992131616595131}},"tenDayDecayingPercentileMean":null,"rankSummary":{"mean":5202,"median":5202,"max":5202,"min":5202},"percentileSummary":{"mean":6.992131616595131,"median":6.992131616595131,"max":6.992131616595131,"min":6.992131616595131}}