{"name":"jimmehthejim","scoreData":{"2020-09-21":{"id":5818816705930486000,"name":"jimmehthejim","score":2625,"level":7,"character":0,"platform":48,"runframes":73432,"runend":1016,"unknown1":4294966742,"unknown2":184,"rank":307,"percentile":87.74529435322387}},"tenDayPercentiles":[],"tenDayDecayingPercentileScore":0,"scoresByDay":[],"rankSummary":{"mean":307,"median":307,"max":307,"min":307},"percentileSummary":{"mean":87.74529435322387,"median":87.74529435322387,"max":87.74529435322387,"min":87.74529435322387}}