{"name":"Jiraiya","scoreData":{"2020-10-11":{"id":2094829292836788700,"name":"Jiraiya","score":4200,"level":1,"character":2,"platform":18,"runframes":2603,"runend":1022,"unknown1":4294966389,"unknown2":4294964057,"rank":5761,"percentile":9.29133858267717}},"tenDayPercentiles":[],"tenDayDecayingPercentileScore":0,"scoresByDay":[],"rankSummary":{"mean":5761,"median":5761,"max":5761,"min":5761},"percentileSummary":{"mean":9.29133858267717,"median":9.29133858267717,"max":9.29133858267717,"min":9.29133858267717}}