{"name":"jjdola","scoreData":{"2020-10-18":{"id":76561198018146980,"name":"jjdola","score":64675,"level":12,"character":7,"platform":18,"runframes":97467,"runend":1011,"unknown1":35,"unknown2":4042,"rank":447,"percentile":92.47638326585695}},"tenDayPercentiles":[],"tenDayDecayingPercentileScore":0,"scoresByDay":[],"rankSummary":{"mean":447,"median":447,"max":447,"min":447},"percentileSummary":{"mean":92.47638326585695,"median":92.47638326585695,"max":92.47638326585695,"min":92.47638326585695}}