{"name":"JJPoseidon","scoreData":{"2020-10-25":{"id":76561198044861000,"name":"JJPoseidon","score":19900,"level":4,"character":9,"platform":48,"runframes":22388,"runend":1019,"unknown1":2977,"unknown2":477,"rank":2578,"percentile":53.56756756756757}},"tenDayPercentiles":[],"tenDayDecayingPercentileScore":0,"scoresByDay":[],"rankSummary":{"mean":2578,"median":2578,"max":2578,"min":2578},"percentileSummary":{"mean":53.56756756756757,"median":53.56756756756757,"max":53.56756756756757,"min":53.56756756756757}}