{"name":"JKCarpet","scoreData":{"2020-10-10":{"id":76561198178158450,"name":"JKCarpet","score":14900,"level":3,"character":0,"platform":18,"runframes":8364,"runend":1020,"unknown1":4311,"unknown2":117,"rank":2072,"percentile":68.60218314129776}},"tenDayPercentiles":[],"tenDayDecayingPercentileScore":0,"scoresByDay":[],"rankSummary":{"mean":2072,"median":2072,"max":2072,"min":2072},"percentileSummary":{"mean":68.60218314129776,"median":68.60218314129776,"max":68.60218314129776,"min":68.60218314129776}}