{"name":"JkingsleyE","scoreData":{"2020-10-04":{"id":5087460238354847000,"name":"JkingsleyE","score":4400,"level":3,"character":0,"platform":48,"runframes":9808,"runend":1020,"unknown1":3023,"unknown2":30,"rank":4970,"percentile":33.85250266240682}},"tenDayPercentiles":[],"tenDayDecayingPercentileScore":0,"scoresByDay":[],"rankSummary":{"mean":4970,"median":4970,"max":4970,"min":4970},"percentileSummary":{"mean":33.85250266240682,"median":33.85250266240682,"max":33.85250266240682,"min":33.85250266240682}}