{"name":"jls2911","scoreData":{"2020-10-11":{"id":9172070859549712000,"name":"jls2911","score":5500,"level":1,"character":3,"platform":48,"runframes":2244,"runend":1022,"unknown1":4294964948,"unknown2":4294963374,"rank":5662,"percentile":10.850393700787393}},"tenDayPercentiles":[],"tenDayDecayingPercentileScore":0,"scoresByDay":[],"rankSummary":{"mean":5662,"median":5662,"max":5662,"min":5662},"percentileSummary":{"mean":10.850393700787393,"median":10.850393700787393,"max":10.850393700787393,"min":10.850393700787393}}