{"name":"JMYT","scoreData":{"2020-10-11":{"id":76561198046036750,"name":"JMYT","score":11900,"level":3,"character":0,"platform":18,"runframes":10417,"runend":1020,"unknown1":4294963155,"unknown2":4294962602,"rank":4117,"percentile":35.181102362204726}},"tenDayPercentiles":[],"tenDayDecayingPercentileScore":0,"scoresByDay":[],"rankSummary":{"mean":4117,"median":4117,"max":4117,"min":4117},"percentileSummary":{"mean":35.181102362204726,"median":35.181102362204726,"max":35.181102362204726,"min":35.181102362204726}}