{"name":"Jo4ko3000","scoreData":{"2020-10-02":{"id":76561198160448400,"name":"Jo4ko3000","score":32625,"level":5,"character":9,"platform":18,"runframes":22963,"runend":1018,"unknown1":4294963248,"unknown2":4294965839,"rank":960,"percentile":87.14993970253249}},"tenDayPercentiles":[],"tenDayDecayingPercentileScore":0,"scoresByDay":[],"rankSummary":{"mean":960,"median":960,"max":960,"min":960},"percentileSummary":{"mean":87.14993970253249,"median":87.14993970253249,"max":87.14993970253249,"min":87.14993970253249}}