{"name":"JoacoPrei123","scoreData":{"2020-11-03":{"id":76561198147067860,"name":"JoacoPrei123","score":2500,"level":2,"character":0,"platform":18,"runframes":2157,"runend":1021,"unknown1":1546,"unknown2":4294966656,"rank":3960,"percentile":11.983103601600703}},"tenDayPercentiles":[],"tenDayDecayingPercentileScore":0,"scoresByDay":[],"rankSummary":{"mean":3960,"median":3960,"max":3960,"min":3960},"percentileSummary":{"mean":11.983103601600703,"median":11.983103601600703,"max":11.983103601600703,"min":11.983103601600703}}