{"name":"joakotp12","scoreData":{"2020-10-15":{"id":76561198136412160,"name":"joakotp12","score":1500,"level":1,"character":2,"platform":48,"runframes":1133,"runend":1022,"unknown1":4294965469,"unknown2":4294966526,"rank":5713,"percentile":0.7816571130797314}},"tenDayPercentiles":[],"tenDayDecayingPercentileScore":0,"scoresByDay":[],"rankSummary":{"mean":5713,"median":5713,"max":5713,"min":5713},"percentileSummary":{"mean":0.7816571130797314,"median":0.7816571130797314,"max":0.7816571130797314,"min":0.7816571130797314}}