{"name":"joantorresnunez","scoreData":{"2020-10-22":{"id":76561198123986000,"name":"joantorresnunez","score":3500,"level":2,"character":2,"platform":48,"runframes":5251,"runend":1021,"unknown1":4294966997,"unknown2":4294964413,"rank":4737,"percentile":10.759374411155079}},"tenDayPercentiles":[],"tenDayDecayingPercentileScore":0,"scoresByDay":[],"rankSummary":{"mean":4737,"median":4737,"max":4737,"min":4737},"percentileSummary":{"mean":10.759374411155079,"median":10.759374411155079,"max":10.759374411155079,"min":10.759374411155079}}