{"name":"Joaqim","scoreData":{"2020-11-18":{"id":76561198237470050,"name":"Joaqim","score":5700,"level":3,"character":3,"platform":18,"runframes":13842,"runend":1020,"unknown1":1661,"unknown2":4294966183,"rank":3041,"percentile":24.302788844621517}},"tenDayPercentiles":[24.302788844621517],"tenDayDecayingPercentileScore":17.716733067729088,"scoresByDay":[17.716733067729088],"rankSummary":{"mean":3041,"median":3041,"max":3041,"min":3041},"percentileSummary":{"mean":24.302788844621517,"median":24.302788844621517,"max":24.302788844621517,"min":24.302788844621517}}