{"name":"joe_cupie","scoreData":{"2020-11-16":{"id":76561198052363200,"name":"joe_cupie","score":2800,"level":1,"character":3,"platform":18,"runframes":3879,"runend":1022,"unknown1":351,"unknown2":1884,"rank":3473,"percentile":11.065573770491795}},"tenDayPercentiles":[11.065573770491795],"tenDayDecayingPercentileScore":5.880699590163931,"scoresByDay":[5.880699590163931],"rankSummary":{"mean":3473,"median":3473,"max":3473,"min":3473},"percentileSummary":{"mean":11.065573770491795,"median":11.065573770491795,"max":11.065573770491795,"min":11.065573770491795}}