{"name":"JoeDiamond Plays","scoreData":{"2020-11-20":{"id":3085235570199835600,"name":"JoeDiamond Plays","score":24600,"level":3,"character":8,"platform":18,"runframes":20234,"runend":1020,"unknown1":4294966325,"unknown2":4294966152,"rank":2715,"percentile":32.821782178217816}},"tenDayPercentiles":[],"tenDayDecayingPercentileScore":0,"scoresByDay":[],"rankSummary":{"mean":2715,"median":2715,"max":2715,"min":2715},"percentileSummary":{"mean":32.821782178217816,"median":32.821782178217816,"max":32.821782178217816,"min":32.821782178217816}}