{"name":"joediddly","scoreData":{"2020-10-11":{"id":76561198328287620,"name":"joediddly","score":6800,"level":4,"character":7,"platform":18,"runframes":5445,"runend":1019,"unknown1":4294965565,"unknown2":510,"rank":3279,"percentile":48.377952755905504}},"tenDayPercentiles":[],"tenDayDecayingPercentileScore":0,"scoresByDay":[],"rankSummary":{"mean":3279,"median":3279,"max":3279,"min":3279},"percentileSummary":{"mean":48.377952755905504,"median":48.377952755905504,"max":48.377952755905504,"min":48.377952755905504}}