{"name":"JoeyShamone","scoreData":{"2020-11-20":{"id":76561198970373740,"name":"JoeyShamone","score":36300,"level":4,"character":1,"platform":18,"runframes":18438,"runend":1019,"unknown1":334,"unknown2":4294966582,"rank":2269,"percentile":43.86138613861385}},"tenDayPercentiles":[43.86138613861385],"tenDayDecayingPercentileScore":39.47524752475247,"scoresByDay":[39.47524752475247],"rankSummary":{"mean":2269,"median":2269,"max":2269,"min":2269},"percentileSummary":{"mean":43.86138613861385,"median":43.86138613861385,"max":43.86138613861385,"min":43.86138613861385}}