{"name":"joeysola","scoreData":{"2020-11-13":{"id":76561198090660780,"name":"joeysola","score":14900,"level":3,"character":0,"platform":18,"runframes":10592,"runend":1020,"unknown1":1971,"unknown2":303,"rank":2874,"percentile":31.595238095238102}},"tenDayPercentiles":[31.595238095238102],"tenDayDecayingPercentileScore":15.111904435714292,"scoresByDay":[15.111904435714292],"rankSummary":{"mean":2874,"median":2874,"max":2874,"min":2874},"percentileSummary":{"mean":31.595238095238102,"median":31.595238095238102,"max":31.595238095238102,"min":31.595238095238102}}