{"name":"johndoh8","scoreData":{"2020-11-15":{"id":76561197990998420,"name":"johndoh8","score":8300,"level":2,"character":1,"platform":48,"runframes":7197,"runend":1021,"unknown1":4294966843,"unknown2":411,"rank":3478,"percentile":19.195909830350928}},"tenDayPercentiles":[19.195909830350928],"tenDayDecayingPercentileScore":10.201493516151528,"scoresByDay":[10.201493516151528],"rankSummary":{"mean":3478,"median":3478,"max":3478,"min":3478},"percentileSummary":{"mean":19.195909830350928,"median":19.195909830350928,"max":19.195909830350928,"min":19.195909830350928}}