{"name":"Johnny Blaze","scoreData":{"2020-10-04":{"id":1204100924674716200,"name":"Johnny Blaze","score":0,"level":1,"character":0,"platform":18,"runframes":1701,"runend":1022,"unknown1":4849,"unknown2":2500,"rank":7195,"percentile":4.233226837060698}},"tenDayPercentiles":[],"tenDayDecayingPercentileScore":0,"scoresByDay":[],"rankSummary":{"mean":7195,"median":7195,"max":7195,"min":7195},"percentileSummary":{"mean":4.233226837060698,"median":4.233226837060698,"max":4.233226837060698,"min":4.233226837060698}}