{"name":"johnny.lubow","scoreData":{"2020-11-04":{"id":2339258799321210400,"name":"johnny.lubow","score":59575,"level":8,"character":4,"platform":18,"runframes":45286,"runend":1015,"unknown1":4294964818,"unknown2":4294963947,"rank":840,"percentile":81.30986856760971}},"tenDayDecayingPercentileMean":null,"rankSummary":{"mean":840,"median":840,"max":840,"min":840},"percentileSummary":{"mean":81.30986856760971,"median":81.30986856760971,"max":81.30986856760971,"min":81.30986856760971}}