{"name":"johnpaul57jp","scoreData":{"2020-10-08":{"id":76561198173988300,"name":"johnpaul57jp","score":12200,"level":3,"character":0,"platform":18,"runframes":11525,"runend":1020,"unknown1":4294965177,"unknown2":1908,"rank":3910,"percentile":38.3341221012778}},"tenDayPercentiles":[],"tenDayDecayingPercentileScore":0,"scoresByDay":[],"rankSummary":{"mean":3910,"median":3910,"max":3910,"min":3910},"percentileSummary":{"mean":38.3341221012778,"median":38.3341221012778,"max":38.3341221012778,"min":38.3341221012778}}