{"name":"JohnForge","scoreData":{"2020-09-29":{"id":76561198147519250,"name":"JohnForge","score":10900,"level":4,"character":3,"platform":18,"runframes":12895,"runend":1019,"unknown1":1893,"unknown2":2280,"rank":2436,"percentile":56.45565092989986}},"tenDayPercentiles":[],"tenDayDecayingPercentileScore":0,"scoresByDay":[],"rankSummary":{"mean":2436,"median":2436,"max":2436,"min":2436},"percentileSummary":{"mean":56.45565092989986,"median":56.45565092989986,"max":56.45565092989986,"min":56.45565092989986}}