{"name":"John_Chub","scoreData":{"2020-09-16":{"id":2870960354394079000,"name":"John_Chub","score":13900,"level":2,"character":7,"platform":48,"runframes":4646,"runend":1021,"unknown1":4294965340,"unknown2":4294965810,"rank":1906,"percentile":38.26960466623461}},"tenDayPercentiles":[],"tenDayDecayingPercentileScore":0,"scoresByDay":[],"rankSummary":{"mean":1906,"median":1906,"max":1906,"min":1906},"percentileSummary":{"mean":38.26960466623461,"median":38.26960466623461,"max":38.26960466623461,"min":38.26960466623461}}