{"name":"JohnnyJerkweed","scoreData":{"2020-10-30":{"id":9203689162695874000,"name":"JohnnyJerkweed","score":6000,"level":2,"character":7,"platform":48,"runframes":4560,"runend":1021,"unknown1":1136,"unknown2":2130,"rank":3807,"percentile":19.856811960412728}},"tenDayPercentiles":[],"tenDayDecayingPercentileScore":0,"scoresByDay":[],"rankSummary":{"mean":3807,"median":3807,"max":3807,"min":3807},"percentileSummary":{"mean":19.856811960412728,"median":19.856811960412728,"max":19.856811960412728,"min":19.856811960412728}}