{"name":"John Paul v2.0","scoreData":{"2020-11-05":{"id":76561198003928910,"name":"John Paul v2.0","score":17250,"level":11,"character":18,"platform":18,"runframes":71793,"runend":1012,"unknown1":4294963847,"unknown2":4294963270,"rank":537,"percentile":88.08359270787017}},"tenDayDecayingPercentileMean":null,"rankSummary":{"mean":537,"median":537,"max":537,"min":537},"percentileSummary":{"mean":88.08359270787017,"median":88.08359270787017,"max":88.08359270787017,"min":88.08359270787017}}