{"name":"JoHorni","scoreData":{"2020-10-15":{"id":76561198147823490,"name":"JoHorni","score":4000,"level":2,"character":0,"platform":48,"runframes":4498,"runend":1021,"unknown1":4294965605,"unknown2":4294964976,"rank":5035,"percentile":12.558624283480981}},"tenDayPercentiles":[],"tenDayDecayingPercentileScore":0,"scoresByDay":[],"rankSummary":{"mean":5035,"median":5035,"max":5035,"min":5035},"percentileSummary":{"mean":12.558624283480981,"median":12.558624283480981,"max":12.558624283480981,"min":12.558624283480981}}