{"name":"joimdawoim","scoreData":{"2020-09-26":{"id":153324969290276030,"name":"joimdawoim","score":10900,"level":1,"character":3,"platform":48,"runframes":2922,"runend":1022,"unknown1":310,"unknown2":4294965495,"rank":2246,"percentile":13.48747591522158}},"tenDayPercentiles":[],"tenDayDecayingPercentileScore":0,"scoresByDay":[],"rankSummary":{"mean":2246,"median":2246,"max":2246,"min":2246},"percentileSummary":{"mean":13.48747591522158,"median":13.48747591522158,"max":13.48747591522158,"min":13.48747591522158}}