{"name":"jojo","scoreData":{"2020-09-30":{"id":8732332610480822000,"name":"jojo","score":50,"level":3,"character":2,"platform":18,"runframes":9023,"runend":1020,"unknown1":4106,"unknown2":1562,"rank":4228,"percentile":45.27446918694976}},"tenDayPercentiles":[],"tenDayDecayingPercentileScore":0,"scoresByDay":[],"rankSummary":{"mean":4228,"median":4228,"max":4228,"min":4228},"percentileSummary":{"mean":45.27446918694976,"median":45.27446918694976,"max":45.27446918694976,"min":45.27446918694976}}