{"name":"JOKER","scoreData":{"2020-10-20":{"id":6708908969648242000,"name":"JOKER","score":1069425,"level":34,"character":10,"platform":18,"runframes":144357,"runend":989,"unknown1":146,"unknown2":1261,"rank":2,"percentile":99.98148148148148}},"tenDayPercentiles":[],"tenDayDecayingPercentileScore":0,"scoresByDay":[],"rankSummary":{"mean":2,"median":2,"max":2,"min":2},"percentileSummary":{"mean":99.98148148148148,"median":99.98148148148148,"max":99.98148148148148,"min":99.98148148148148}}