{"name":"JoKeR_P5_0325","scoreData":{"2020-09-28":{"id":4304185530358983000,"name":"JoKeR_P5_0325","score":15500,"level":4,"character":0,"platform":48,"runframes":10004,"runend":1019,"unknown1":4294966304,"unknown2":537,"rank":1212,"percentile":43.88322520852641}},"tenDayPercentiles":[],"tenDayDecayingPercentileScore":0,"scoresByDay":[],"rankSummary":{"mean":1212,"median":1212,"max":1212,"min":1212},"percentileSummary":{"mean":43.88322520852641,"median":43.88322520852641,"max":43.88322520852641,"min":43.88322520852641}}