{"name":"JokerJoe","scoreData":{"2020-10-01":{"id":5452905514803747000,"name":"JokerJoe","score":0,"level":1,"character":2,"platform":18,"runframes":466,"runend":1022,"unknown1":4294966179,"unknown2":2,"rank":7661,"percentile":0.44190278138809447}},"tenDayPercentiles":[],"tenDayDecayingPercentileScore":0,"scoresByDay":[],"rankSummary":{"mean":7661,"median":7661,"max":7661,"min":7661},"percentileSummary":{"mean":0.44190278138809447,"median":0.44190278138809447,"max":0.44190278138809447,"min":0.44190278138809447}}