{"name":"JokingMinitaur","scoreData":{"2020-10-04":{"id":76561198160195700,"name":"JokingMinitaur","score":18700,"level":4,"character":4,"platform":48,"runframes":10374,"runend":1019,"unknown1":6500,"unknown2":1416,"rank":2520,"percentile":66.46698615548456}},"tenDayPercentiles":[],"tenDayDecayingPercentileScore":0,"scoresByDay":[],"rankSummary":{"mean":2520,"median":2520,"max":2520,"min":2520},"percentileSummary":{"mean":66.46698615548456,"median":66.46698615548456,"max":66.46698615548456,"min":66.46698615548456}}