{"name":"jokkbox","scoreData":{"2020-10-09":{"id":2246118325617724400,"name":"jokkbox","score":15700,"level":3,"character":18,"platform":18,"runframes":6022,"runend":1020,"unknown1":4294962170,"unknown2":4294961511,"rank":3923,"percentile":37.46811224489795}},"tenDayPercentiles":[],"tenDayDecayingPercentileScore":0,"scoresByDay":[],"rankSummary":{"mean":3923,"median":3923,"max":3923,"min":3923},"percentileSummary":{"mean":37.46811224489795,"median":37.46811224489795,"max":37.46811224489795,"min":37.46811224489795}}