{"name":"JokR201","scoreData":{"2020-10-03":{"id":76561197987013550,"name":"JokR201","score":12100,"level":2,"character":0,"platform":18,"runframes":3385,"runend":1021,"unknown1":4294966110,"unknown2":882,"rank":4588,"percentile":41.92200557103064}},"tenDayPercentiles":[],"tenDayDecayingPercentileScore":0,"scoresByDay":[],"rankSummary":{"mean":4588,"median":4588,"max":4588,"min":4588},"percentileSummary":{"mean":41.92200557103064,"median":41.92200557103064,"max":41.92200557103064,"min":41.92200557103064}}