{"name":"Jokur","scoreData":{"2020-10-06":{"id":76561198067446510,"name":"Jokur","score":500,"level":1,"character":3,"platform":18,"runframes":3328,"runend":1022,"unknown1":2488,"unknown2":377,"rank":6635,"percentile":2.369389256806471}},"tenDayPercentiles":[],"tenDayDecayingPercentileScore":0,"scoresByDay":[],"rankSummary":{"mean":6635,"median":6635,"max":6635,"min":6635},"percentileSummary":{"mean":2.369389256806471,"median":2.369389256806471,"max":2.369389256806471,"min":2.369389256806471}}