{"name":"jonah","scoreData":{"2020-10-21":{"id":76561198108813250,"name":"jonah","score":8500,"level":2,"character":16,"platform":18,"runframes":5250,"runend":1021,"unknown1":4294966336,"unknown2":4294963897,"rank":3835,"percentile":28.576751117734716}},"tenDayPercentiles":[],"tenDayDecayingPercentileScore":0,"scoresByDay":[],"rankSummary":{"mean":3835,"median":3835,"max":3835,"min":3835},"percentileSummary":{"mean":28.576751117734716,"median":28.576751117734716,"max":28.576751117734716,"min":28.576751117734716}}