{"name":"jonatomica","scoreData":{"2020-10-26":{"id":76561197994472510,"name":"jonatomica","score":14900,"level":3,"character":2,"platform":18,"runframes":168067,"runend":1020,"unknown1":2102,"unknown2":310,"rank":3139,"percentile":37.98418972332016}},"tenDayPercentiles":[],"tenDayDecayingPercentileScore":0,"scoresByDay":[],"rankSummary":{"mean":3139,"median":3139,"max":3139,"min":3139},"percentileSummary":{"mean":37.98418972332016,"median":37.98418972332016,"max":37.98418972332016,"min":37.98418972332016}}