{"name":"jonathan.owicki","scoreData":{"2020-10-24":{"id":1648613459315477000,"name":"jonathan.owicki","score":3150,"level":4,"character":5,"platform":18,"runframes":17682,"runend":1019,"unknown1":3118,"unknown2":2260,"rank":2843,"percentile":47.09605361131794}},"tenDayPercentiles":[],"tenDayDecayingPercentileScore":0,"scoresByDay":[],"rankSummary":{"mean":2843,"median":2843,"max":2843,"min":2843},"percentileSummary":{"mean":47.09605361131794,"median":47.09605361131794,"max":47.09605361131794,"min":47.09605361131794}}