{"name":"jonnyvito","scoreData":{"2020-09-17":{"id":5641196687782226000,"name":"jonnyvito","score":2700,"level":2,"character":4,"platform":48,"runframes":3035,"runend":1021,"unknown1":4294966523,"unknown2":1,"rank":1925,"percentile":31.941987973116383}},"tenDayPercentiles":[],"tenDayDecayingPercentileScore":0,"scoresByDay":[],"rankSummary":{"mean":1925,"median":1925,"max":1925,"min":1925},"percentileSummary":{"mean":31.941987973116383,"median":31.941987973116383,"max":31.941987973116383,"min":31.941987973116383}}