{"name":"JonnyM03","scoreData":{"2020-10-21":{"id":76561197986529460,"name":"JonnyM03","score":6100,"level":3,"character":4,"platform":48,"runframes":4914,"runend":1020,"unknown1":4294963512,"unknown2":4294963030,"rank":3244,"percentile":39.58643815201193}},"tenDayPercentiles":[],"tenDayDecayingPercentileScore":0,"scoresByDay":[],"rankSummary":{"mean":3244,"median":3244,"max":3244,"min":3244},"percentileSummary":{"mean":39.58643815201193,"median":39.58643815201193,"max":39.58643815201193,"min":39.58643815201193}}