{"name":"JonPringus","scoreData":{"2020-11-11":{"id":76561198132806780,"name":"JonPringus","score":2800,"level":3,"character":7,"platform":18,"runframes":5512,"runend":1020,"unknown1":3354,"unknown2":379,"rank":3570,"percentile":19.761690647482013}},"tenDayPercentiles":[19.761690647482013],"tenDayDecayingPercentileScore":7.656083854114209,"scoresByDay":[7.656083854114209],"rankSummary":{"mean":3570,"median":3570,"max":3570,"min":3570},"percentileSummary":{"mean":19.761690647482013,"median":19.761690647482013,"max":19.761690647482013,"min":19.761690647482013}}