{"name":"Jonzaah","scoreData":{"2020-10-08":{"id":76561198075252210,"name":"Jonzaah","score":56975,"level":7,"character":0,"platform":18,"runframes":33562,"runend":1016,"unknown1":2095,"unknown2":2289,"rank":742,"percentile":88.31045906294368}},"tenDayPercentiles":[],"tenDayDecayingPercentileScore":0,"scoresByDay":[],"rankSummary":{"mean":742,"median":742,"max":742,"min":742},"percentileSummary":{"mean":88.31045906294368,"median":88.31045906294368,"max":88.31045906294368,"min":88.31045906294368}}