{"name":"JoobieDoobieDoo","scoreData":{"2020-10-02":{"id":76561198163828400,"name":"JoobieDoobieDoo","score":4000,"level":2,"character":3,"platform":18,"runframes":4097,"runend":1021,"unknown1":2337,"unknown2":320,"rank":5625,"percentile":24.641565054267716}},"tenDayPercentiles":[],"tenDayDecayingPercentileScore":0,"scoresByDay":[],"rankSummary":{"mean":5625,"median":5625,"max":5625,"min":5625},"percentileSummary":{"mean":24.641565054267716,"median":24.641565054267716,"max":24.641565054267716,"min":24.641565054267716}}