{"name":"Joowonsome","scoreData":{"2020-10-23":{"id":76561198027325500,"name":"Joowonsome","score":9900,"level":2,"character":1,"platform":48,"runframes":11053,"runend":1021,"unknown1":479,"unknown2":2282,"rank":4019,"percentile":23.041562918981043}},"tenDayPercentiles":[],"tenDayDecayingPercentileScore":0,"scoresByDay":[],"rankSummary":{"mean":4019,"median":4019,"max":4019,"min":4019},"percentileSummary":{"mean":23.041562918981043,"median":23.041562918981043,"max":23.041562918981043,"min":23.041562918981043}}