{"name":"jorredewyn","scoreData":{"2020-10-03":{"id":7746914417858070000,"name":"jorredewyn","score":0,"level":1,"character":3,"platform":48,"runframes":676,"runend":1022,"unknown1":2658,"unknown2":677,"rank":7846,"percentile":0.6710559635350677}},"tenDayPercentiles":[],"tenDayDecayingPercentileScore":0,"scoresByDay":[],"rankSummary":{"mean":7846,"median":7846,"max":7846,"min":7846},"percentileSummary":{"mean":0.6710559635350677,"median":0.6710559635350677,"max":0.6710559635350677,"min":0.6710559635350677}}