{"name":"Jorund","scoreData":{"2020-10-22":{"id":1217277927916554500,"name":"Jorund","score":5200,"level":2,"character":7,"platform":18,"runframes":6714,"runend":1021,"unknown1":2259,"unknown2":1096,"rank":4687,"percentile":11.701526286037307}},"tenDayPercentiles":[],"tenDayDecayingPercentileScore":0,"scoresByDay":[],"rankSummary":{"mean":4687,"median":4687,"max":4687,"min":4687},"percentileSummary":{"mean":11.701526286037307,"median":11.701526286037307,"max":11.701526286037307,"min":11.701526286037307}}