{"name":"joshjuice06","scoreData":{"2020-10-28":{"id":76561198055357070,"name":"joshjuice06","score":3500,"level":2,"character":2,"platform":48,"runframes":12407,"runend":1021,"unknown1":1684,"unknown2":741,"rank":4404,"percentile":10.526315789473685}},"tenDayPercentiles":[],"tenDayDecayingPercentileScore":0,"scoresByDay":[],"rankSummary":{"mean":4404,"median":4404,"max":4404,"min":4404},"percentileSummary":{"mean":10.526315789473685,"median":10.526315789473685,"max":10.526315789473685,"min":10.526315789473685}}