{"name":"Josh It","scoreData":{"2020-11-10":{"id":76561198729240930,"name":"Josh It","score":5400,"level":3,"character":6,"platform":18,"runframes":16678,"runend":1020,"unknown1":435,"unknown2":4294965807,"rank":2938,"percentile":32.88391224862889}},"tenDayDecayingPercentileMean":null,"rankSummary":{"mean":2938,"median":2938,"max":2938,"min":2938},"percentileSummary":{"mean":32.88391224862889,"median":32.88391224862889,"max":32.88391224862889,"min":32.88391224862889}}