{"name":"joshureplied","scoreData":{"2020-09-30":{"id":76561198057918030,"name":"joshureplied","score":14700,"level":3,"character":1,"platform":18,"runframes":4617,"runend":1020,"unknown1":4294966466,"unknown2":48,"rank":2882,"percentile":62.700673226307615}},"tenDayPercentiles":[],"tenDayDecayingPercentileScore":0,"scoresByDay":[],"rankSummary":{"mean":2882,"median":2882,"max":2882,"min":2882},"percentileSummary":{"mean":62.700673226307615,"median":62.700673226307615,"max":62.700673226307615,"min":62.700673226307615}}