{"name":"JoshLi2468","scoreData":{"2020-11-08":{"id":76561198073051730,"name":"JoshLi2468","score":2500,"level":2,"character":3,"platform":48,"runframes":4401,"runend":1021,"unknown1":2785,"unknown2":911,"rank":3570,"percentile":24.305408271474022}},"tenDayPercentiles":[],"tenDayDecayingPercentileScore":0,"scoresByDay":[],"rankSummary":{"mean":3570,"median":3570,"max":3570,"min":3570},"percentileSummary":{"mean":24.305408271474022,"median":24.305408271474022,"max":24.305408271474022,"min":24.305408271474022}}