{"name":"Joshimitzu","scoreData":{"2020-10-05":{"id":76561197970393380,"name":"Joshimitzu","score":10300,"level":3,"character":0,"platform":18,"runframes":20836,"runend":1020,"unknown1":1056,"unknown2":89,"rank":3963,"percentile":41.83793305930711}},"tenDayPercentiles":[],"tenDayDecayingPercentileScore":0,"scoresByDay":[],"rankSummary":{"mean":3963,"median":3963,"max":3963,"min":3963},"percentileSummary":{"mean":41.83793305930711,"median":41.83793305930711,"max":41.83793305930711,"min":41.83793305930711}}