{"name":"joshmaster","scoreData":{"2020-11-14":{"id":76561198031064140,"name":"joshmaster","score":3300,"level":1,"character":3,"platform":18,"runframes":2641,"runend":1022,"unknown1":940,"unknown2":155,"rank":4047,"percentile":6.23406720741599}},"tenDayPercentiles":[6.23406720741599],"tenDayDecayingPercentileScore":3.313038910776361,"scoresByDay":[3.313038910776361],"rankSummary":{"mean":4047,"median":4047,"max":4047,"min":4047},"percentileSummary":{"mean":6.23406720741599,"median":6.23406720741599,"max":6.23406720741599,"min":6.23406720741599}}