{"name":"Jowran","scoreData":{"2020-11-01":{"id":76561198008402690,"name":"Jowran","score":5300,"level":2,"character":3,"platform":18,"runframes":6113,"runend":1021,"unknown1":1119,"unknown2":1267,"rank":3772,"percentile":19.851222104144526}},"tenDayPercentiles":[],"tenDayDecayingPercentileScore":0,"scoresByDay":[],"rankSummary":{"mean":3772,"median":3772,"max":3772,"min":3772},"percentileSummary":{"mean":19.851222104144526,"median":19.851222104144526,"max":19.851222104144526,"min":19.851222104144526}}