{"name":"joylib1021","scoreData":{"2020-09-29":{"id":8712614545533967000,"name":"joylib1021","score":8000,"level":1,"character":0,"platform":18,"runframes":1260,"runend":1022,"unknown1":4294965416,"unknown2":276,"rank":4978,"percentile":10.997854077253223}},"tenDayPercentiles":[],"tenDayDecayingPercentileScore":0,"scoresByDay":[],"rankSummary":{"mean":4978,"median":4978,"max":4978,"min":4978},"percentileSummary":{"mean":10.997854077253223,"median":10.997854077253223,"max":10.997854077253223,"min":10.997854077253223}}