{"name":"Jp19941122","scoreData":{"2020-10-02":{"id":76561198031963680,"name":"Jp19941122","score":9100,"level":2,"character":7,"platform":18,"runframes":9208,"runend":1021,"unknown1":4294966114,"unknown2":5893,"rank":4742,"percentile":36.473268122738844}},"tenDayPercentiles":[],"tenDayDecayingPercentileScore":0,"scoresByDay":[],"rankSummary":{"mean":4742,"median":4742,"max":4742,"min":4742},"percentileSummary":{"mean":36.473268122738844,"median":36.473268122738844,"max":36.473268122738844,"min":36.473268122738844}}