{"name":"jpfriction","scoreData":{"2020-10-06":{"id":76561197969845780,"name":"jpfriction","score":48100,"level":4,"character":0,"platform":48,"runframes":35807,"runend":1019,"unknown1":2140,"unknown2":1375,"rank":2107,"percentile":69.00662251655629}},"tenDayPercentiles":[],"tenDayDecayingPercentileScore":0,"scoresByDay":[],"rankSummary":{"mean":2107,"median":2107,"max":2107,"min":2107},"percentileSummary":{"mean":69.00662251655629,"median":69.00662251655629,"max":69.00662251655629,"min":69.00662251655629}}