{"name":"JSSteinman","scoreData":{"2020-09-17":{"id":5930346927513562000,"name":"JSSteinman","score":28500,"level":3,"character":0,"platform":48,"runframes":25672,"runend":1020,"unknown1":4294966524,"unknown2":4294967218,"rank":714,"percentile":74.778917580474}},"tenDayPercentiles":[],"tenDayDecayingPercentileScore":0,"scoresByDay":[],"rankSummary":{"mean":714,"median":714,"max":714,"min":714},"percentileSummary":{"mean":74.778917580474,"median":74.778917580474,"max":74.778917580474,"min":74.778917580474}}