{"name":"JT3K","scoreData":{"2020-10-19":{"id":5977021119911697000,"name":"JT3K","score":20100,"level":4,"character":4,"platform":18,"runframes":14365,"runend":1019,"unknown1":320,"unknown2":2589,"rank":2290,"percentile":57.19895287958115}},"tenDayPercentiles":[],"tenDayDecayingPercentileScore":0,"scoresByDay":[],"rankSummary":{"mean":2290,"median":2290,"max":2290,"min":2290},"percentileSummary":{"mean":57.19895287958115,"median":57.19895287958115,"max":57.19895287958115,"min":57.19895287958115}}