{"name":"jtrainatcooldotpizza","scoreData":{"2020-11-16":{"id":3707046428535312000,"name":"jtrainatcooldotpizza","score":8100,"level":1,"character":0,"platform":18,"runframes":6631,"runend":1022,"unknown1":790,"unknown2":1203,"rank":3073,"percentile":21.311475409836063}},"tenDayPercentiles":[21.311475409836063],"tenDayDecayingPercentileScore":11.325791803278689,"scoresByDay":[11.325791803278689],"rankSummary":{"mean":3073,"median":3073,"max":3073,"min":3073},"percentileSummary":{"mean":21.311475409836063,"median":21.311475409836063,"max":21.311475409836063,"min":21.311475409836063}}