{"name":"JUANB-546","scoreData":{"2020-09-21":{"id":1627294169164395300,"name":"JUANB-546","score":23100,"level":4,"character":0,"platform":48,"runframes":19474,"runend":1019,"unknown1":4294967186,"unknown2":4294965681,"rank":734,"percentile":70.64477372847418}},"tenDayPercentiles":[],"tenDayDecayingPercentileScore":0,"scoresByDay":[],"rankSummary":{"mean":734,"median":734,"max":734,"min":734},"percentileSummary":{"mean":70.64477372847418,"median":70.64477372847418,"max":70.64477372847418,"min":70.64477372847418}}