{"name":"juanpablo01987","scoreData":{"2020-09-21":{"id":3908831119225245700,"name":"juanpablo01987","score":10100,"level":4,"character":8,"platform":48,"runframes":7504,"runend":1019,"unknown1":4294965494,"unknown2":34,"rank":943,"percentile":62.274729675610736}},"tenDayPercentiles":[],"tenDayDecayingPercentileScore":0,"scoresByDay":[],"rankSummary":{"mean":943,"median":943,"max":943,"min":943},"percentileSummary":{"mean":62.274729675610736,"median":62.274729675610736,"max":62.274729675610736,"min":62.274729675610736}}