{"name":"Juancarlos","scoreData":{"2020-09-30":{"id":76561198045172450,"name":"Juancarlos","score":400,"level":4,"character":0,"platform":18,"runframes":20128,"runend":1019,"unknown1":976,"unknown2":4294965613,"rank":2120,"percentile":72.56602796478509}},"tenDayPercentiles":[],"tenDayDecayingPercentileScore":0,"scoresByDay":[],"rankSummary":{"mean":2120,"median":2120,"max":2120,"min":2120},"percentileSummary":{"mean":72.56602796478509,"median":72.56602796478509,"max":72.56602796478509,"min":72.56602796478509}}