{"name":"JuancitoLaPapa","scoreData":{"2020-11-11":{"id":76561197998855250,"name":"JuancitoLaPapa","score":4100,"level":3,"character":0,"platform":48,"runframes":3977,"runend":1020,"unknown1":2023,"unknown2":81,"rank":3544,"percentile":20.34622302158273}},"tenDayPercentiles":[20.34622302158273],"tenDayDecayingPercentileScore":7.8825436723246405,"scoresByDay":[7.8825436723246405],"rankSummary":{"mean":3544,"median":3544,"max":3544,"min":3544},"percentileSummary":{"mean":20.34622302158273,"median":20.34622302158273,"max":20.34622302158273,"min":20.34622302158273}}