{"name":"JuanitoCancino","scoreData":{"2020-10-07":{"id":5802699716953920000,"name":"JuanitoCancino","score":19200,"level":4,"character":0,"platform":18,"runframes":14193,"runend":1019,"unknown1":3173,"unknown2":4294967178,"rank":1468,"percentile":77.51379521765787}},"tenDayPercentiles":[],"tenDayDecayingPercentileScore":0,"scoresByDay":[],"rankSummary":{"mean":1468,"median":1468,"max":1468,"min":1468},"percentileSummary":{"mean":77.51379521765787,"median":77.51379521765787,"max":77.51379521765787,"min":77.51379521765787}}