{"name":"Juba_Capt","scoreData":{"2020-11-08":{"id":6932884104315388000,"name":"Juba_Capt","score":7600,"level":3,"character":9,"platform":48,"runframes":7690,"runend":1020,"unknown1":4294964691,"unknown2":156,"rank":2558,"percentile":45.76882290562037}},"tenDayPercentiles":[],"tenDayDecayingPercentileScore":0,"scoresByDay":[],"rankSummary":{"mean":2558,"median":2558,"max":2558,"min":2558},"percentileSummary":{"mean":45.76882290562037,"median":45.76882290562037,"max":45.76882290562037,"min":45.76882290562037}}