{"name":"Judge Bredd","scoreData":{"2020-11-14":{"id":3057068273600243700,"name":"Judge Bredd","score":5800,"level":2,"character":0,"platform":18,"runframes":7893,"runend":1021,"unknown1":259,"unknown2":539,"rank":3321,"percentile":23.059096176129785}},"tenDayPercentiles":[23.059096176129785],"tenDayDecayingPercentileScore":12.25454913093859,"scoresByDay":[12.25454913093859],"rankSummary":{"mean":3321,"median":3321,"max":3321,"min":3321},"percentileSummary":{"mean":23.059096176129785,"median":23.059096176129785,"max":23.059096176129785,"min":23.059096176129785}}