{"name":"Jugora","scoreData":{"2020-09-27":{"id":1162679696238292200,"name":"Jugora","score":9500,"level":1,"character":0,"platform":48,"runframes":4453,"runend":1022,"unknown1":1575,"unknown2":141,"rank":1517,"percentile":39.35999999999999}},"tenDayPercentiles":[],"tenDayDecayingPercentileScore":0,"scoresByDay":[],"rankSummary":{"mean":1517,"median":1517,"max":1517,"min":1517},"percentileSummary":{"mean":39.35999999999999,"median":39.35999999999999,"max":39.35999999999999,"min":39.35999999999999}}