{"name":"JuhCoby","scoreData":{"2020-11-16":{"id":7097715026097831000,"name":"JuhCoby","score":30900,"level":11,"character":4,"platform":18,"runframes":75575,"runend":1012,"unknown1":1651,"unknown2":40,"rank":364,"percentile":90.70184426229508}},"tenDayPercentiles":[90.70184426229508],"tenDayDecayingPercentileScore":66.12164446721313,"scoresByDay":[66.12164446721313],"rankSummary":{"mean":364,"median":364,"max":364,"min":364},"percentileSummary":{"mean":90.70184426229508,"median":90.70184426229508,"max":90.70184426229508,"min":90.70184426229508}}