{"name":"juicy_surprise6","scoreData":{"2020-11-02":{"id":76561198048587920,"name":"juicy_surprise6","score":15300,"level":2,"character":14,"platform":48,"runframes":8196,"runend":1021,"unknown1":587,"unknown2":4294965963,"rank":3338,"percentile":25.396825396825392}},"tenDayPercentiles":[],"tenDayDecayingPercentileScore":0,"scoresByDay":[],"rankSummary":{"mean":3338,"median":3338,"max":3338,"min":3338},"percentileSummary":{"mean":25.396825396825392,"median":25.396825396825392,"max":25.396825396825392,"min":25.396825396825392}}