{"name":"Jullow_","scoreData":{"2020-09-27":{"id":9032402748149550000,"name":"Jullow_","score":10300,"level":1,"character":3,"platform":48,"runframes":4868,"runend":1022,"unknown1":372,"unknown2":600,"rank":1456,"percentile":41.800000000000004}},"tenDayPercentiles":[],"tenDayDecayingPercentileScore":0,"scoresByDay":[],"rankSummary":{"mean":1456,"median":1456,"max":1456,"min":1456},"percentileSummary":{"mean":41.800000000000004,"median":41.800000000000004,"max":41.800000000000004,"min":41.800000000000004}}