{"name":"jumpingnewt","scoreData":{"2020-11-15":{"id":76561198040736210,"name":"jumpingnewt","score":64500,"level":7,"character":6,"platform":18,"runframes":67248,"runend":1016,"unknown1":4294964482,"unknown2":4294967160,"rank":681,"percentile":84.19707181036486}},"tenDayPercentiles":[84.19707181036486],"tenDayDecayingPercentileScore":40.27119843597491,"scoresByDay":[40.27119843597491],"rankSummary":{"mean":681,"median":681,"max":681,"min":681},"percentileSummary":{"mean":84.19707181036486,"median":84.19707181036486,"max":84.19707181036486,"min":84.19707181036486}}