{"name":"Juniusdrakus","scoreData":{"2020-09-23":{"id":2706852601476351500,"name":"Juniusdrakus","score":13800,"level":2,"character":0,"platform":48,"runframes":14933,"runend":1021,"unknown1":4294967294,"unknown2":197,"rank":1800,"percentile":25.22859517871987}},"tenDayPercentiles":[],"tenDayDecayingPercentileScore":0,"scoresByDay":[],"rankSummary":{"mean":1800,"median":1800,"max":1800,"min":1800},"percentileSummary":{"mean":25.22859517871987,"median":25.22859517871987,"max":25.22859517871987,"min":25.22859517871987}}