{"name":"Juni_Cortez_","scoreData":{"2020-09-25":{"id":7800743112599346000,"name":"Juni_Cortez_","score":2100,"level":1,"character":7,"platform":48,"runframes":1750,"runend":1022,"unknown1":1031,"unknown2":306,"rank":2007,"percentile":12.706701479547434}},"tenDayPercentiles":[],"tenDayDecayingPercentileScore":0,"scoresByDay":[],"rankSummary":{"mean":2007,"median":2007,"max":2007,"min":2007},"percentileSummary":{"mean":12.706701479547434,"median":12.706701479547434,"max":12.706701479547434,"min":12.706701479547434}}