{"name":"Juniper Skunktaur","scoreData":{"2020-10-04":{"id":76561199025406860,"name":"Juniper Skunktaur","score":6100,"level":2,"character":0,"platform":18,"runframes":9146,"runend":1021,"unknown1":4294967162,"unknown2":499,"rank":5609,"percentile":25.346112886048985}},"tenDayPercentiles":[],"tenDayDecayingPercentileScore":0,"scoresByDay":[],"rankSummary":{"mean":5609,"median":5609,"max":5609,"min":5609},"percentileSummary":{"mean":25.346112886048985,"median":25.346112886048985,"max":25.346112886048985,"min":25.346112886048985}}