{"name":"JunkBlader","scoreData":{"2020-09-21":{"id":7338000709376660000,"name":"JunkBlader","score":39150,"level":7,"character":0,"platform":48,"runframes":22674,"runend":1016,"unknown1":4294966995,"unknown2":1228,"rank":266,"percentile":89.3872647176612}},"tenDayPercentiles":[],"tenDayDecayingPercentileScore":0,"scoresByDay":[],"rankSummary":{"mean":266,"median":266,"max":266,"min":266},"percentileSummary":{"mean":89.3872647176612,"median":89.3872647176612,"max":89.3872647176612,"min":89.3872647176612}}