{"name":"junkcake","scoreData":{"2020-09-29":{"id":76561197999711150,"name":"junkcake","score":300,"level":2,"character":14,"platform":48,"runframes":7390,"runend":1021,"unknown1":140,"unknown2":6,"rank":4635,"percentile":17.13161659513591}},"tenDayPercentiles":[],"tenDayDecayingPercentileScore":0,"scoresByDay":[],"rankSummary":{"mean":4635,"median":4635,"max":4635,"min":4635},"percentileSummary":{"mean":17.13161659513591,"median":17.13161659513591,"max":17.13161659513591,"min":17.13161659513591}}