{"name":"just4Byte","scoreData":{"2020-09-20":{"id":7485430558645730000,"name":"just4Byte","score":2300,"level":1,"character":2,"platform":48,"runframes":1207,"runend":1022,"unknown1":4294966262,"unknown2":4294965674,"rank":2873,"percentile":3.429724277067919}},"tenDayPercentiles":[],"tenDayDecayingPercentileScore":0,"scoresByDay":[],"rankSummary":{"mean":2873,"median":2873,"max":2873,"min":2873},"percentileSummary":{"mean":3.429724277067919,"median":3.429724277067919,"max":3.429724277067919,"min":3.429724277067919}}