{"name":"Justin TrueDon't","scoreData":{"2020-09-30":{"id":76561198364975760,"name":"Justin TrueDon't","score":8500,"level":1,"character":3,"platform":18,"runframes":4797,"runend":1022,"unknown1":272,"unknown2":260,"rank":6369,"percentile":17.555670636975663}},"tenDayPercentiles":[],"tenDayDecayingPercentileScore":0,"scoresByDay":[],"rankSummary":{"mean":6369,"median":6369,"max":6369,"min":6369},"percentileSummary":{"mean":17.555670636975663,"median":17.555670636975663,"max":17.555670636975663,"min":17.555670636975663}}