{"name":"Just_Perfect333","scoreData":{"2020-10-27":{"id":3301396456954750000,"name":"Just_Perfect333","score":7000,"level":2,"character":4,"platform":48,"runframes":3490,"runend":1021,"unknown1":4294966240,"unknown2":4294966519,"rank":4373,"percentile":12.155917219208362}},"tenDayPercentiles":[],"tenDayDecayingPercentileScore":0,"scoresByDay":[],"rankSummary":{"mean":4373,"median":4373,"max":4373,"min":4373},"percentileSummary":{"mean":12.155917219208362,"median":12.155917219208362,"max":12.155917219208362,"min":12.155917219208362}}