{"name":"justmike","scoreData":{"2020-11-03":{"id":76561197962332900,"name":"justmike","score":90575,"level":9,"character":9,"platform":18,"runframes":69846,"runend":1014,"unknown1":4294965868,"unknown2":307,"rank":574,"percentile":87.2610048910627}},"tenDayPercentiles":[],"tenDayDecayingPercentileScore":0,"scoresByDay":[],"rankSummary":{"mean":574,"median":574,"max":574,"min":574},"percentileSummary":{"mean":87.2610048910627,"median":87.2610048910627,"max":87.2610048910627,"min":87.2610048910627}}