{"name":"JustKitt","scoreData":{"2020-11-04":{"id":76561198823383340,"name":"JustKitt","score":25100,"level":4,"character":8,"platform":18,"runframes":19214,"runend":1019,"unknown1":4294964684,"unknown2":4294965614,"rank":2046,"percentile":54.444196925818666}},"tenDayPercentiles":[],"tenDayDecayingPercentileScore":0,"scoresByDay":[],"rankSummary":{"mean":2046,"median":2046,"max":2046,"min":2046},"percentileSummary":{"mean":54.444196925818666,"median":54.444196925818666,"max":54.444196925818666,"min":54.444196925818666}}