{"name":"JustNero361","scoreData":{"2020-09-29":{"id":4905619043618446000,"name":"JustNero361","score":5400,"level":2,"character":0,"platform":48,"runframes":6548,"runend":1021,"unknown1":4696,"unknown2":3530,"rank":4222,"percentile":24.517167381974247}},"tenDayPercentiles":[],"tenDayDecayingPercentileScore":0,"scoresByDay":[],"rankSummary":{"mean":4222,"median":4222,"max":4222,"min":4222},"percentileSummary":{"mean":24.517167381974247,"median":24.517167381974247,"max":24.517167381974247,"min":24.517167381974247}}