{"name":"jv3222","scoreData":{"2020-11-17":{"id":2804561244299949000,"name":"jv3222","score":22500,"level":2,"character":0,"platform":18,"runframes":9934,"runend":1021,"unknown1":1948,"unknown2":456,"rank":2698,"percentile":31.163859111791723}},"tenDayPercentiles":[31.163859111791723],"tenDayDecayingPercentileScore":25.242725880551298,"scoresByDay":[25.242725880551298],"rankSummary":{"mean":2698,"median":2698,"max":2698,"min":2698},"percentileSummary":{"mean":31.163859111791723,"median":31.163859111791723,"max":31.163859111791723,"min":31.163859111791723}}