{"name":"JWalker1217","scoreData":{"2020-10-10":{"id":76561198017923490,"name":"JWalker1217","score":4900,"level":1,"character":3,"platform":48,"runframes":6625,"runend":1022,"unknown1":4294962678,"unknown2":387,"rank":5133,"percentile":22.19526986052152}},"tenDayPercentiles":[],"tenDayDecayingPercentileScore":0,"scoresByDay":[],"rankSummary":{"mean":5133,"median":5133,"max":5133,"min":5133},"percentileSummary":{"mean":22.19526986052152,"median":22.19526986052152,"max":22.19526986052152,"min":22.19526986052152}}