{"name":"v1na11","scoreData":{"2020-11-05":{"id":2148280686339594000,"name":"v1na11","score":4400,"level":2,"character":17,"platform":18,"runframes":13476,"runend":1021,"unknown1":4294965896,"unknown2":4294964507,"rank":3478,"percentile":22.69897732325478}},"tenDayPercentiles":[],"tenDayDecayingPercentileScore":0,"scoresByDay":[],"rankSummary":{"mean":3478,"median":3478,"max":3478,"min":3478},"percentileSummary":{"mean":22.69897732325478,"median":22.69897732325478,"max":22.69897732325478,"min":22.69897732325478}}