{"name":"Vaessen","scoreData":{"2020-11-05":{"id":76561197962044000,"name":"Vaessen","score":6600,"level":2,"character":3,"platform":18,"runframes":8773,"runend":1021,"unknown1":4294966995,"unknown2":1602,"rank":3309,"percentile":26.456202756780783}},"tenDayPercentiles":[],"tenDayDecayingPercentileScore":0,"scoresByDay":[],"rankSummary":{"mean":3309,"median":3309,"max":3309,"min":3309},"percentileSummary":{"mean":26.456202756780783,"median":26.456202756780783,"max":26.456202756780783,"min":26.456202756780783}}