{"name":"vagabond24","scoreData":{"2020-10-12":{"id":76561198033808850,"name":"vagabond24","score":4200,"level":2,"character":2,"platform":48,"runframes":6215,"runend":1021,"unknown1":4294965228,"unknown2":116,"rank":4742,"percentile":20.77205882352942}},"tenDayPercentiles":[],"tenDayDecayingPercentileScore":0,"scoresByDay":[],"rankSummary":{"mean":4742,"median":4742,"max":4742,"min":4742},"percentileSummary":{"mean":20.77205882352942,"median":20.77205882352942,"max":20.77205882352942,"min":20.77205882352942}}