{"name":"ValueMenuSpecial","scoreData":{"2020-10-25":{"id":5464316158872112000,"name":"ValueMenuSpecial","score":20800,"level":6,"character":5,"platform":48,"runframes":25272,"runend":1017,"unknown1":3010,"unknown2":797,"rank":1380,"percentile":75.15315315315316}},"tenDayPercentiles":[],"tenDayDecayingPercentileScore":0,"scoresByDay":[],"rankSummary":{"mean":1380,"median":1380,"max":1380,"min":1380},"percentileSummary":{"mean":75.15315315315316,"median":75.15315315315316,"max":75.15315315315316,"min":75.15315315315316}}