{"name":"vandiemen007","scoreData":{"2020-09-17":{"id":4442906678173468000,"name":"vandiemen007","score":38025,"level":9,"character":0,"platform":48,"runframes":51536,"runend":1014,"unknown1":4294966794,"unknown2":203,"rank":40,"percentile":98.62044570215777}},"tenDayPercentiles":[],"tenDayDecayingPercentileScore":0,"scoresByDay":[],"rankSummary":{"mean":40,"median":40,"max":40,"min":40},"percentileSummary":{"mean":98.62044570215777,"median":98.62044570215777,"max":98.62044570215777,"min":98.62044570215777}}