{"name":"Vandhane","scoreData":{"2020-10-05":{"id":76561198084528660,"name":"Vandhane","score":42200,"level":4,"character":18,"platform":18,"runframes":26330,"runend":1019,"unknown1":413,"unknown2":24,"rank":2500,"percentile":63.31473869641809}},"tenDayPercentiles":[],"tenDayDecayingPercentileScore":0,"scoresByDay":[],"rankSummary":{"mean":2500,"median":2500,"max":2500,"min":2500},"percentileSummary":{"mean":63.31473869641809,"median":63.31473869641809,"max":63.31473869641809,"min":63.31473869641809}}