{"name":"VanguardFelix","scoreData":{"2020-09-26":{"id":1855986217311233500,"name":"VanguardFelix","score":7600,"level":3,"character":7,"platform":48,"runframes":8485,"runend":1020,"unknown1":4294966433,"unknown2":62,"rank":1745,"percentile":32.79383429672447}},"tenDayPercentiles":[],"tenDayDecayingPercentileScore":0,"scoresByDay":[],"rankSummary":{"mean":1745,"median":1745,"max":1745,"min":1745},"percentileSummary":{"mean":32.79383429672447,"median":32.79383429672447,"max":32.79383429672447,"min":32.79383429672447}}