{"name":"Varcan","scoreData":{"2020-10-12":{"id":1577568720513670000,"name":"Varcan","score":35800,"level":4,"character":3,"platform":18,"runframes":18514,"runend":1019,"unknown1":4294966652,"unknown2":4,"rank":1539,"percentile":74.29812834224599}},"tenDayPercentiles":[],"tenDayDecayingPercentileScore":0,"scoresByDay":[],"rankSummary":{"mean":1539,"median":1539,"max":1539,"min":1539},"percentileSummary":{"mean":74.29812834224599,"median":74.29812834224599,"max":74.29812834224599,"min":74.29812834224599}}