{"name":"Vargas_19","scoreData":{"2020-09-19":{"id":50136721436386220,"name":"Vargas_19","score":32050,"level":5,"character":0,"platform":48,"runframes":50692,"runend":1018,"unknown1":2062,"unknown2":1698,"rank":420,"percentile":86.0146862483311}},"tenDayPercentiles":[],"tenDayDecayingPercentileScore":0,"scoresByDay":[],"rankSummary":{"mean":420,"median":420,"max":420,"min":420},"percentileSummary":{"mean":86.0146862483311,"median":86.0146862483311,"max":86.0146862483311,"min":86.0146862483311}}