{"name":"Veil-of-the-Void","scoreData":{"2020-09-17":{"id":5770561518050957000,"name":"Veil-of-the-Void","score":14900,"level":4,"character":2,"platform":48,"runframes":12091,"runend":1019,"unknown1":4294965739,"unknown2":102,"rank":512,"percentile":81.9243013795543}},"tenDayPercentiles":[],"tenDayDecayingPercentileScore":0,"scoresByDay":[],"rankSummary":{"mean":512,"median":512,"max":512,"min":512},"percentileSummary":{"mean":81.9243013795543,"median":81.9243013795543,"max":81.9243013795543,"min":81.9243013795543}}