{"name":"Velitation","scoreData":{"2020-09-30":{"id":76561198000628460,"name":"Velitation","score":9350,"level":4,"character":0,"platform":18,"runframes":19457,"runend":1019,"unknown1":813,"unknown2":65,"rank":1961,"percentile":74.62454686690833}},"tenDayPercentiles":[],"tenDayDecayingPercentileScore":0,"scoresByDay":[],"rankSummary":{"mean":1961,"median":1961,"max":1961,"min":1961},"percentileSummary":{"mean":74.62454686690833,"median":74.62454686690833,"max":74.62454686690833,"min":74.62454686690833}}