{"name":"VenerableBro","scoreData":{"2020-10-06":{"id":76561198024310720,"name":"VenerableBro","score":29225,"level":5,"character":13,"platform":48,"runframes":29811,"runend":1018,"unknown1":1113,"unknown2":2396,"rank":1739,"percentile":74.4223693892568}},"tenDayPercentiles":[],"tenDayDecayingPercentileScore":0,"scoresByDay":[],"rankSummary":{"mean":1739,"median":1739,"max":1739,"min":1739},"percentileSummary":{"mean":74.4223693892568,"median":74.4223693892568,"max":74.4223693892568,"min":74.4223693892568}}