{"name":"venomsting","scoreData":{"2020-09-29":{"id":76561199072249470,"name":"venomsting","score":20100,"level":4,"character":0,"platform":18,"runframes":14113,"runend":1019,"unknown1":1659,"unknown2":583,"rank":2147,"percentile":61.62374821173104}},"tenDayPercentiles":[],"tenDayDecayingPercentileScore":0,"scoresByDay":[],"rankSummary":{"mean":2147,"median":2147,"max":2147,"min":2147},"percentileSummary":{"mean":61.62374821173104,"median":61.62374821173104,"max":61.62374821173104,"min":61.62374821173104}}