{"name":"Vernate","scoreData":{"2020-09-30":{"id":76561198203747600,"name":"Vernate","score":15200,"level":4,"character":3,"platform":18,"runframes":28442,"runend":1019,"unknown1":94,"unknown2":4294960489,"rank":1771,"percentile":77.08441222164682}},"tenDayPercentiles":[],"tenDayDecayingPercentileScore":0,"scoresByDay":[],"rankSummary":{"mean":1771,"median":1771,"max":1771,"min":1771},"percentileSummary":{"mean":77.08441222164682,"median":77.08441222164682,"max":77.08441222164682,"min":77.08441222164682}}