{"name":"VeryTenacious","scoreData":{"2020-10-16":{"id":76561198017601230,"name":"VeryTenacious","score":12300,"level":3,"character":7,"platform":48,"runframes":24650,"runend":1020,"unknown1":4531,"unknown2":3216,"rank":2225,"percentile":60.33529516675584}},"tenDayPercentiles":[],"tenDayDecayingPercentileScore":0,"scoresByDay":[],"rankSummary":{"mean":2225,"median":2225,"max":2225,"min":2225},"percentileSummary":{"mean":60.33529516675584,"median":60.33529516675584,"max":60.33529516675584,"min":60.33529516675584}}