{"name":"VGuardV","scoreData":{"2020-10-05":{"id":76561198030099330,"name":"VGuardV","score":48450,"level":5,"character":0,"platform":18,"runframes":39106,"runend":1018,"unknown1":659,"unknown2":32,"rank":1968,"percentile":71.12448620082208}},"tenDayPercentiles":[],"tenDayDecayingPercentileScore":0,"scoresByDay":[],"rankSummary":{"mean":1968,"median":1968,"max":1968,"min":1968},"percentileSummary":{"mean":71.12448620082208,"median":71.12448620082208,"max":71.12448620082208,"min":71.12448620082208}}