{"name":"Vheral","scoreData":{"2020-10-04":{"id":7603794291139615000,"name":"Vheral","score":900,"level":3,"character":2,"platform":18,"runframes":11518,"runend":1020,"unknown1":2704,"unknown2":4294965410,"rank":5175,"percentile":31.123535676251336}},"tenDayPercentiles":[],"tenDayDecayingPercentileScore":0,"scoresByDay":[],"rankSummary":{"mean":5175,"median":5175,"max":5175,"min":5175},"percentileSummary":{"mean":31.123535676251336,"median":31.123535676251336,"max":31.123535676251336,"min":31.123535676251336}}