{"name":"VHL Online Spanish Teacher","scoreData":{"2020-10-04":{"id":2919533532927731000,"name":"VHL Online Spanish Teacher","score":9500,"level":4,"character":3,"platform":18,"runframes":11504,"runend":1019,"unknown1":4294963364,"unknown2":1276,"rank":3430,"percentile":54.353035143769965}},"tenDayPercentiles":[],"tenDayDecayingPercentileScore":0,"scoresByDay":[],"rankSummary":{"mean":3430,"median":3430,"max":3430,"min":3430},"percentileSummary":{"mean":54.353035143769965,"median":54.353035143769965,"max":54.353035143769965,"min":54.353035143769965}}