{"name":"vI-Cxsmic","scoreData":{"2020-09-20":{"id":3686004193866676000,"name":"vI-Cxsmic","score":6600,"level":2,"character":3,"platform":48,"runframes":4706,"runend":1021,"unknown1":4294966634,"unknown2":566,"rank":2006,"percentile":32.58238063214526}},"tenDayPercentiles":[],"tenDayDecayingPercentileScore":0,"scoresByDay":[],"rankSummary":{"mean":2006,"median":2006,"max":2006,"min":2006},"percentileSummary":{"mean":32.58238063214526,"median":32.58238063214526,"max":32.58238063214526,"min":32.58238063214526}}