{"name":"VicGamer913","scoreData":{"2020-11-17":{"id":76561198034110910,"name":"VicGamer913","score":10300,"level":3,"character":0,"platform":48,"runframes":7744,"runend":1020,"unknown1":624,"unknown2":286,"rank":2370,"percentile":39.535477284328735}},"tenDayPercentiles":[39.535477284328735],"tenDayDecayingPercentileScore":32.02373660030628,"scoresByDay":[32.02373660030628],"rankSummary":{"mean":2370,"median":2370,"max":2370,"min":2370},"percentileSummary":{"mean":39.535477284328735,"median":39.535477284328735,"max":39.535477284328735,"min":39.535477284328735}}