{"name":"victosa","scoreData":{"2020-10-01":{"id":76561197960284200,"name":"victosa","score":4800,"level":1,"character":3,"platform":18,"runframes":3218,"runend":1022,"unknown1":3067,"unknown2":123,"rank":6194,"percentile":19.508708084221468}},"tenDayPercentiles":[],"tenDayDecayingPercentileScore":0,"scoresByDay":[],"rankSummary":{"mean":6194,"median":6194,"max":6194,"min":6194},"percentileSummary":{"mean":19.508708084221468,"median":19.508708084221468,"max":19.508708084221468,"min":19.508708084221468}}