{"name":"VicViperTPS","scoreData":{"2020-10-29":{"id":7703078822836425000,"name":"VicViperTPS","score":40700,"level":3,"character":0,"platform":18,"runframes":28554,"runend":1020,"unknown1":4294964951,"unknown2":4294963936,"rank":1406,"percentile":70.62513067112691}},"tenDayPercentiles":[],"tenDayDecayingPercentileScore":0,"scoresByDay":[],"rankSummary":{"mean":1406,"median":1406,"max":1406,"min":1406},"percentileSummary":{"mean":70.62513067112691,"median":70.62513067112691,"max":70.62513067112691,"min":70.62513067112691}}