{"name":"villalexington","scoreData":{"2020-10-17":{"id":8320426878626843000,"name":"villalexington","score":16000,"level":4,"character":0,"platform":48,"runframes":21834,"runend":1019,"unknown1":4294966805,"unknown2":4294966805,"rank":2758,"percentile":52.855677154582764}},"tenDayPercentiles":[],"tenDayDecayingPercentileScore":0,"scoresByDay":[],"rankSummary":{"mean":2758,"median":2758,"max":2758,"min":2758},"percentileSummary":{"mean":52.855677154582764,"median":52.855677154582764,"max":52.855677154582764,"min":52.855677154582764}}