{"name":"Vilsku87","scoreData":{"2020-09-20":{"id":2423899374484279000,"name":"Vilsku87","score":13800,"level":3,"character":0,"platform":48,"runframes":10213,"runend":1020,"unknown1":631,"unknown2":192,"rank":1235,"percentile":58.50706119704102}},"tenDayPercentiles":[],"tenDayDecayingPercentileScore":0,"scoresByDay":[],"rankSummary":{"mean":1235,"median":1235,"max":1235,"min":1235},"percentileSummary":{"mean":58.50706119704102,"median":58.50706119704102,"max":58.50706119704102,"min":58.50706119704102}}