{"name":"VindowVipre","scoreData":{"2020-11-18":{"id":76561199046091790,"name":"VindowVipre","score":26600,"level":4,"character":3,"platform":18,"runframes":13210,"runend":1019,"unknown1":1812,"unknown2":129,"rank":2521,"percentile":37.25099601593625}},"tenDayPercentiles":[37.25099601593625],"tenDayDecayingPercentileScore":30.173306772908365,"scoresByDay":[30.173306772908365],"rankSummary":{"mean":2521,"median":2521,"max":2521,"min":2521},"percentileSummary":{"mean":37.25099601593625,"median":37.25099601593625,"max":37.25099601593625,"min":37.25099601593625}}