{"name":"VINE","scoreData":{"2020-10-13":{"id":76561197981186220,"name":"VINE","score":9700,"level":3,"character":4,"platform":18,"runframes":14609,"runend":1020,"unknown1":2500,"unknown2":97,"rank":2886,"percentile":50.809889173060526}},"tenDayPercentiles":[],"tenDayDecayingPercentileScore":0,"scoresByDay":[],"rankSummary":{"mean":2886,"median":2886,"max":2886,"min":2886},"percentileSummary":{"mean":50.809889173060526,"median":50.809889173060526,"max":50.809889173060526,"min":50.809889173060526}}