{"name":"Virtue_Cat","scoreData":{"2020-09-19":{"id":8625349317634406000,"name":"Virtue_Cat","score":3300,"level":1,"character":0,"platform":48,"runframes":2388,"runend":1022,"unknown1":853,"unknown2":368,"rank":2691,"percentile":10.213618157543394}},"tenDayPercentiles":[],"tenDayDecayingPercentileScore":0,"scoresByDay":[],"rankSummary":{"mean":2691,"median":2691,"max":2691,"min":2691},"percentileSummary":{"mean":10.213618157543394,"median":10.213618157543394,"max":10.213618157543394,"min":10.213618157543394}}