{"name":"virtualvoss","scoreData":{"2020-10-03":{"id":76561197984442080,"name":"virtualvoss","score":22350,"level":6,"character":2,"platform":48,"runframes":38835,"runend":1017,"unknown1":4294965927,"unknown2":4294959876,"rank":1185,"percentile":85.00886300329198}},"tenDayPercentiles":[],"tenDayDecayingPercentileScore":0,"scoresByDay":[],"rankSummary":{"mean":1185,"median":1185,"max":1185,"min":1185},"percentileSummary":{"mean":85.00886300329198,"median":85.00886300329198,"max":85.00886300329198,"min":85.00886300329198}}