{"name":"VirtuaCat","scoreData":{"2020-09-16":{"id":1249946804739436800,"name":"VirtuaCat","score":17800,"level":2,"character":3,"platform":48,"runframes":8355,"runend":1021,"unknown1":4294967007,"unknown2":137,"rank":1613,"percentile":47.76409591704471}},"tenDayPercentiles":[],"tenDayDecayingPercentileScore":0,"scoresByDay":[],"rankSummary":{"mean":1613,"median":1613,"max":1613,"min":1613},"percentileSummary":{"mean":47.76409591704471,"median":47.76409591704471,"max":47.76409591704471,"min":47.76409591704471}}