{"name":"vistur87","scoreData":{"2020-10-05":{"id":76561197973958540,"name":"vistur87","score":15800,"level":3,"character":2,"platform":18,"runframes":22002,"runend":1020,"unknown1":4294965300,"unknown2":4294961328,"rank":3833,"percentile":43.74633000587199}},"tenDayPercentiles":[],"tenDayDecayingPercentileScore":0,"scoresByDay":[],"rankSummary":{"mean":3833,"median":3833,"max":3833,"min":3833},"percentileSummary":{"mean":43.74633000587199,"median":43.74633000587199,"max":43.74633000587199,"min":43.74633000587199}}