{"name":"Vitel Girl","scoreData":{"2020-10-09":{"id":76561198020086340,"name":"Vitel Girl","score":4800,"level":4,"character":0,"platform":18,"runframes":17536,"runend":1019,"unknown1":949,"unknown2":213,"rank":3427,"percentile":45.37627551020408}},"tenDayDecayingPercentileMean":null,"rankSummary":{"mean":3427,"median":3427,"max":3427,"min":3427},"percentileSummary":{"mean":45.37627551020408,"median":45.37627551020408,"max":45.37627551020408,"min":45.37627551020408}}