{"name":"ViV","scoreData":{"2020-10-15":{"id":76561198081262270,"name":"ViV","score":10600,"level":2,"character":0,"platform":18,"runframes":12227,"runend":1021,"unknown1":3446,"unknown2":768,"rank":4582,"percentile":20.427305888483588}},"tenDayPercentiles":[],"tenDayDecayingPercentileScore":0,"scoresByDay":[],"rankSummary":{"mean":4582,"median":4582,"max":4582,"min":4582},"percentileSummary":{"mean":20.427305888483588,"median":20.427305888483588,"max":20.427305888483588,"min":20.427305888483588}}