{"name":"VladimirTepesz","scoreData":{"2020-09-19":{"id":5519014265766036000,"name":"VladimirTepesz","score":20250,"level":5,"character":7,"platform":48,"runframes":17446,"runend":1018,"unknown1":540,"unknown2":4294966489,"rank":486,"percentile":83.81174899866488}},"tenDayPercentiles":[],"tenDayDecayingPercentileScore":0,"scoresByDay":[],"rankSummary":{"mean":486,"median":486,"max":486,"min":486},"percentileSummary":{"mean":83.81174899866488,"median":83.81174899866488,"max":83.81174899866488,"min":83.81174899866488}}