{"name":"Vladimir Lernin","scoreData":{"2020-10-15":{"id":15557217315006839000,"name":"Vladimir Lernin","score":10100,"level":2,"character":0,"platform":18,"runframes":8901,"runend":1021,"unknown1":980,"unknown2":349,"rank":4619,"percentile":19.78461003995136}},"tenDayPercentiles":[],"tenDayDecayingPercentileScore":0,"scoresByDay":[],"rankSummary":{"mean":4619,"median":4619,"max":4619,"min":4619},"percentileSummary":{"mean":19.78461003995136,"median":19.78461003995136,"max":19.78461003995136,"min":19.78461003995136}}