{"name":"Vladimir さん","scoreData":{"2020-11-15":{"id":76561198337559790,"name":"Vladimir さん","score":14700,"level":3,"character":7,"platform":18,"runframes":12658,"runend":1020,"unknown1":4294963858,"unknown2":4294963663,"rank":1952,"percentile":54.65953985591448}},"tenDayDecayingPercentileMean":null,"rankSummary":{"mean":1952,"median":1952,"max":1952,"min":1952},"percentileSummary":{"mean":54.65953985591448,"median":54.65953985591448,"max":54.65953985591448,"min":54.65953985591448}}