{"name":"Voiddecard","scoreData":{"2020-10-02":{"id":935528495381543600,"name":"Voiddecard","score":4900,"level":2,"character":4,"platform":18,"runframes":4952,"runend":1021,"unknown1":4294967224,"unknown2":4294967020,"rank":5535,"percentile":25.847514404395014}},"tenDayPercentiles":[],"tenDayDecayingPercentileScore":0,"scoresByDay":[],"rankSummary":{"mean":5535,"median":5535,"max":5535,"min":5535},"percentileSummary":{"mean":25.847514404395014,"median":25.847514404395014,"max":25.847514404395014,"min":25.847514404395014}}