{"name":"voodooflux","scoreData":{"2020-10-18":{"id":76561198047160430,"name":"voodooflux","score":69850,"level":10,"character":9,"platform":18,"runframes":47070,"runend":1013,"unknown1":4294965846,"unknown2":4294966073,"rank":699,"percentile":88.22537112010797}},"tenDayPercentiles":[],"tenDayDecayingPercentileScore":0,"scoresByDay":[],"rankSummary":{"mean":699,"median":699,"max":699,"min":699},"percentileSummary":{"mean":88.22537112010797,"median":88.22537112010797,"max":88.22537112010797,"min":88.22537112010797}}