{"name":"voronoip","scoreData":{"2020-10-04":{"id":6093394193333143000,"name":"voronoip","score":1200,"level":2,"character":0,"platform":48,"runframes":11321,"runend":1021,"unknown1":4294964357,"unknown2":4294960773,"rank":6587,"percentile":12.326943556975493}},"tenDayPercentiles":[],"tenDayDecayingPercentileScore":0,"scoresByDay":[],"rankSummary":{"mean":6587,"median":6587,"max":6587,"min":6587},"percentileSummary":{"mean":12.326943556975493,"median":12.326943556975493,"max":12.326943556975493,"min":12.326943556975493}}