{"name":"Voxette","scoreData":{"2020-10-11":{"id":76561198269500930,"name":"Voxette","score":26700,"level":2,"character":0,"platform":18,"runframes":14511,"runend":1021,"unknown1":637,"unknown2":950,"rank":4533,"percentile":28.62992125984252}},"tenDayPercentiles":[],"tenDayDecayingPercentileScore":0,"scoresByDay":[],"rankSummary":{"mean":4533,"median":4533,"max":4533,"min":4533},"percentileSummary":{"mean":28.62992125984252,"median":28.62992125984252,"max":28.62992125984252,"min":28.62992125984252}}