{"name":"Vraenor","scoreData":{"2020-10-24":{"id":1062353780972910300,"name":"Vraenor","score":9300,"level":2,"character":0,"platform":18,"runframes":9466,"runend":1021,"unknown1":4294963130,"unknown2":4294963448,"rank":3860,"percentile":28.164556962025316}},"tenDayPercentiles":[],"tenDayDecayingPercentileScore":0,"scoresByDay":[],"rankSummary":{"mean":3860,"median":3860,"max":3860,"min":3860},"percentileSummary":{"mean":28.164556962025316,"median":28.164556962025316,"max":28.164556962025316,"min":28.164556962025316}}