{"name":"Vyse Loville","scoreData":{"2020-10-12":{"id":76561198024944080,"name":"Vyse Loville","score":19500,"level":3,"character":3,"platform":18,"runframes":8240,"runend":1020,"unknown1":4553,"unknown2":1010,"rank":2599,"percentile":56.58422459893048}},"tenDayPercentiles":[],"tenDayDecayingPercentileScore":0,"scoresByDay":[],"rankSummary":{"mean":2599,"median":2599,"max":2599,"min":2599},"percentileSummary":{"mean":56.58422459893048,"median":56.58422459893048,"max":56.58422459893048,"min":56.58422459893048}}