{"name":"P-Dude93","scoreData":{"2020-09-15":{"id":2971267389153350000,"name":"P-Dude93","score":13000,"level":2,"character":0,"platform":48,"runframes":8467,"runend":1021,"unknown1":4294967248,"unknown2":643,"rank":836,"percentile":54.019823788546255}},"tenDayPercentiles":[],"tenDayDecayingPercentileScore":0,"scoresByDay":[],"rankSummary":{"mean":836,"median":836,"max":836,"min":836},"percentileSummary":{"mean":54.019823788546255,"median":54.019823788546255,"max":54.019823788546255,"min":54.019823788546255}}