{"name":"p.lebigre","scoreData":{"2020-10-06":{"id":76561197987510020,"name":"p.lebigre","score":5200,"level":2,"character":2,"platform":18,"runframes":5063,"runend":1021,"unknown1":4294964931,"unknown2":215,"rank":5716,"percentile":15.89403973509934}},"tenDayDecayingPercentileMean":null,"rankSummary":{"mean":5716,"median":5716,"max":5716,"min":5716},"percentileSummary":{"mean":15.89403973509934,"median":15.89403973509934,"max":15.89403973509934,"min":15.89403973509934}}