{"name":"P1LLE_MANN","scoreData":{"2020-10-03":{"id":2782827346175605000,"name":"P1LLE_MANN","score":14100,"level":2,"character":2,"platform":48,"runframes":11361,"runend":1021,"unknown1":1219,"unknown2":469,"rank":4033,"percentile":48.94910103823753}},"tenDayPercentiles":[],"tenDayDecayingPercentileScore":0,"scoresByDay":[],"rankSummary":{"mean":4033,"median":4033,"max":4033,"min":4033},"percentileSummary":{"mean":48.94910103823753,"median":48.94910103823753,"max":48.94910103823753,"min":48.94910103823753}}