{"name":"P2","scoreData":{"2020-11-14":{"id":76561198846250480,"name":"P2","score":1300,"level":3,"character":18,"platform":18,"runframes":17037,"runend":1020,"unknown1":4294965800,"unknown2":1402,"rank":2175,"percentile":49.61761297798378}},"tenDayPercentiles":[49.61761297798378],"tenDayDecayingPercentileScore":21.358755425492475,"scoresByDay":[21.358755425492475],"rankSummary":{"mean":2175,"median":2175,"max":2175,"min":2175},"percentileSummary":{"mean":49.61761297798378,"median":49.61761297798378,"max":49.61761297798378,"min":49.61761297798378}}