{"name":"Paarhugon","scoreData":{"2020-09-21":{"id":6533185372092218000,"name":"Paarhugon","score":3500,"level":1,"character":3,"platform":48,"runframes":3664,"runend":1022,"unknown1":4294967252,"unknown2":4294965634,"rank":2115,"percentile":15.338406087304762}},"tenDayPercentiles":[],"tenDayDecayingPercentileScore":0,"scoresByDay":[],"rankSummary":{"mean":2115,"median":2115,"max":2115,"min":2115},"percentileSummary":{"mean":15.338406087304762,"median":15.338406087304762,"max":15.338406087304762,"min":15.338406087304762}}