{"name":"Pablo","scoreData":{"2020-10-13":{"id":76561198071143120,"name":"Pablo","score":4900,"level":2,"character":7,"platform":18,"runframes":7816,"runend":1021,"unknown1":4294963128,"unknown2":4294966521,"rank":4934,"percentile":15.890878090366584}},"tenDayPercentiles":[],"tenDayDecayingPercentileScore":0,"scoresByDay":[],"rankSummary":{"mean":4934,"median":4934,"max":4934,"min":4934},"percentileSummary":{"mean":15.890878090366584,"median":15.890878090366584,"max":15.890878090366584,"min":15.890878090366584}}