{"name":"PabloPaglo","scoreData":{"2020-10-29":{"id":76561198050940260,"name":"PabloPaglo","score":100,"level":1,"character":0,"platform":18,"runframes":2599,"runend":1022,"unknown1":132,"unknown2":1056,"rank":4762,"percentile":0.45996236671544466}},"tenDayPercentiles":[],"tenDayDecayingPercentileScore":0,"scoresByDay":[],"rankSummary":{"mean":4762,"median":4762,"max":4762,"min":4762},"percentileSummary":{"mean":0.45996236671544466,"median":0.45996236671544466,"max":0.45996236671544466,"min":0.45996236671544466}}