{"name":"pablojfk","scoreData":{"2020-09-15":{"id":3733361607173185000,"name":"pablojfk","score":10900,"level":4,"character":0,"platform":48,"runframes":11306,"runend":1019,"unknown1":4294966332,"unknown2":89,"rank":585,"percentile":67.84140969162996}},"tenDayPercentiles":[],"tenDayDecayingPercentileScore":0,"scoresByDay":[],"rankSummary":{"mean":585,"median":585,"max":585,"min":585},"percentileSummary":{"mean":67.84140969162996,"median":67.84140969162996,"max":67.84140969162996,"min":67.84140969162996}}