{"name":"Pack","scoreData":{"2020-11-05":{"id":76561198830359220,"name":"Pack","score":11600,"level":2,"character":2,"platform":18,"runframes":21373,"runend":1021,"unknown1":4294965971,"unknown2":4294964976,"rank":2972,"percentile":33.94842152067585}},"tenDayPercentiles":[],"tenDayDecayingPercentileScore":0,"scoresByDay":[],"rankSummary":{"mean":2972,"median":2972,"max":2972,"min":2972},"percentileSummary":{"mean":33.94842152067585,"median":33.94842152067585,"max":33.94842152067585,"min":33.94842152067585}}