{"name":"Paingolin","scoreData":{"2020-11-06":{"id":878968058188286600,"name":"Paingolin","score":17300,"level":4,"character":4,"platform":18,"runframes":30214,"runend":1019,"unknown1":3109,"unknown2":4294967113,"rank":2263,"percentile":50.1212789415656}},"tenDayPercentiles":[],"tenDayDecayingPercentileScore":0,"scoresByDay":[],"rankSummary":{"mean":2263,"median":2263,"max":2263,"min":2263},"percentileSummary":{"mean":50.1212789415656,"median":50.1212789415656,"max":50.1212789415656,"min":50.1212789415656}}