{"name":"Paladin Jackal","scoreData":{"2020-11-08":{"id":76561197998174660,"name":"Paladin Jackal","score":1500,"level":3,"character":9,"platform":18,"runframes":3698,"runend":1020,"unknown1":4294967008,"unknown2":39,"rank":2897,"percentile":38.579003181336155}},"tenDayPercentiles":[],"tenDayDecayingPercentileScore":0,"scoresByDay":[],"rankSummary":{"mean":2897,"median":2897,"max":2897,"min":2897},"percentileSummary":{"mean":38.579003181336155,"median":38.579003181336155,"max":38.579003181336155,"min":38.579003181336155}}