{"name":"paleoboom","scoreData":{"2020-10-25":{"id":76561197971602030,"name":"paleoboom","score":20250,"level":5,"character":6,"platform":48,"runframes":25268,"runend":1018,"unknown1":2166,"unknown2":4294964438,"rank":1814,"percentile":67.33333333333334}},"tenDayPercentiles":[],"tenDayDecayingPercentileScore":0,"scoresByDay":[],"rankSummary":{"mean":1814,"median":1814,"max":1814,"min":1814},"percentileSummary":{"mean":67.33333333333334,"median":67.33333333333334,"max":67.33333333333334,"min":67.33333333333334}}