{"name":"PanaSlayer","scoreData":{"2020-10-05":{"id":256269307156549860,"name":"PanaSlayer","score":1700,"level":1,"character":0,"platform":48,"runframes":1111,"runend":1022,"unknown1":4294966747,"unknown2":2,"rank":6512,"percentile":4.418672930123307}},"tenDayPercentiles":[],"tenDayDecayingPercentileScore":0,"scoresByDay":[],"rankSummary":{"mean":6512,"median":6512,"max":6512,"min":6512},"percentileSummary":{"mean":4.418672930123307,"median":4.418672930123307,"max":4.418672930123307,"min":4.418672930123307}}