{"name":"Pandacreator1","scoreData":{"2020-11-11":{"id":1536964220217267500,"name":"Pandacreator1","score":6700,"level":2,"character":1,"platform":18,"runframes":3285,"runend":1021,"unknown1":410,"unknown2":4294966939,"rank":4003,"percentile":10.026978417266179}},"tenDayPercentiles":[10.026978417266179],"tenDayDecayingPercentileScore":3.496191193448739,"scoresByDay":[3.496191193448739],"rankSummary":{"mean":4003,"median":4003,"max":4003,"min":4003},"percentileSummary":{"mean":10.026978417266179,"median":10.026978417266179,"max":10.026978417266179,"min":10.026978417266179}}