{"name":"Panda_","scoreData":{"2020-10-27":{"id":76561198040333840,"name":"Panda_","score":8800,"level":2,"character":3,"platform":18,"runframes":7835,"runend":1021,"unknown1":1185,"unknown2":220,"rank":4108,"percentile":17.48040988547318}},"tenDayPercentiles":[],"tenDayDecayingPercentileScore":0,"scoresByDay":[],"rankSummary":{"mean":4108,"median":4108,"max":4108,"min":4108},"percentileSummary":{"mean":17.48040988547318,"median":17.48040988547318,"max":17.48040988547318,"min":17.48040988547318}}