{"name":"panda0120","scoreData":{"2020-10-02":{"id":76561197973488400,"name":"panda0120","score":1700,"level":1,"character":0,"platform":18,"runframes":1256,"runend":1022,"unknown1":4294964605,"unknown2":939,"rank":6981,"percentile":6.471928179016487}},"tenDayPercentiles":[],"tenDayDecayingPercentileScore":0,"scoresByDay":[],"rankSummary":{"mean":6981,"median":6981,"max":6981,"min":6981},"percentileSummary":{"mean":6.471928179016487,"median":6.471928179016487,"max":6.471928179016487,"min":6.471928179016487}}