{"name":"Pandafanatic","scoreData":{"2020-11-11":{"id":76561198040557730,"name":"Pandafanatic","score":6000,"level":2,"character":0,"platform":48,"runframes":4903,"runend":1021,"unknown1":993,"unknown2":2674,"rank":4033,"percentile":9.352517985611513}},"tenDayPercentiles":[9.352517985611513],"tenDayDecayingPercentileScore":3.2610213822302176,"scoresByDay":[3.2610213822302176],"rankSummary":{"mean":4033,"median":4033,"max":4033,"min":4033},"percentileSummary":{"mean":9.352517985611513,"median":9.352517985611513,"max":9.352517985611513,"min":9.352517985611513}}