{"name":"Papau--","scoreData":{"2020-09-18":{"id":3220050502173078000,"name":"Papau--","score":9000,"level":5,"character":7,"platform":48,"runframes":11739,"runend":1018,"unknown1":1914,"unknown2":1841,"rank":1056,"percentile":62.26752503576538}},"tenDayDecayingPercentileMean":null,"rankSummary":{"mean":1056,"median":1056,"max":1056,"min":1056},"percentileSummary":{"mean":62.26752503576538,"median":62.26752503576538,"max":62.26752503576538,"min":62.26752503576538}}