{"name":"Papa_Mok","scoreData":{"2020-11-14":{"id":7645184022063898000,"name":"Papa_Mok","score":8800,"level":3,"character":7,"platform":48,"runframes":8896,"runend":1020,"unknown1":143,"unknown2":309,"rank":1843,"percentile":57.3117033603708}},"tenDayPercentiles":[57.3117033603708],"tenDayDecayingPercentileScore":27.41201005098494,"scoresByDay":[27.41201005098494],"rankSummary":{"mean":1843,"median":1843,"max":1843,"min":1843},"percentileSummary":{"mean":57.3117033603708,"median":57.3117033603708,"max":57.3117033603708,"min":57.3117033603708}}