{"name":"Papa Slim","scoreData":{"2020-10-08":{"id":76561197984731280,"name":"Papa Slim","score":23825,"level":6,"character":7,"platform":18,"runframes":21663,"runend":1017,"unknown1":1888,"unknown2":2736,"rank":1287,"percentile":79.71288846821265}},"tenDayDecayingPercentileMean":null,"rankSummary":{"mean":1287,"median":1287,"max":1287,"min":1287},"percentileSummary":{"mean":79.71288846821265,"median":79.71288846821265,"max":79.71288846821265,"min":79.71288846821265}}