{"name":"PapaYojimbo","scoreData":{"2020-09-16":{"id":9054233394611686000,"name":"PapaYojimbo","score":5200,"level":2,"character":0,"platform":48,"runframes":5209,"runend":1021,"unknown1":2113,"unknown2":93,"rank":2481,"percentile":19.637070641607252}},"tenDayPercentiles":[],"tenDayDecayingPercentileScore":0,"scoresByDay":[],"rankSummary":{"mean":2481,"median":2481,"max":2481,"min":2481},"percentileSummary":{"mean":19.637070641607252,"median":19.637070641607252,"max":19.637070641607252,"min":19.637070641607252}}