{"name":"PapaPengo","scoreData":{"2020-10-18":{"id":461235570453367040,"name":"PapaPengo","score":5700,"level":2,"character":4,"platform":48,"runframes":3003,"runend":1021,"unknown1":4294964116,"unknown2":929,"rank":5473,"percentile":7.692307692307693}},"tenDayPercentiles":[],"tenDayDecayingPercentileScore":0,"scoresByDay":[],"rankSummary":{"mean":5473,"median":5473,"max":5473,"min":5473},"percentileSummary":{"mean":7.692307692307693,"median":7.692307692307693,"max":7.692307692307693,"min":7.692307692307693}}