{"name":"pappa cisse","scoreData":{"2020-10-06":{"id":8488996873171790000,"name":"pappa cisse","score":8200,"level":2,"character":0,"platform":18,"runframes":4450,"runend":1021,"unknown1":347,"unknown2":3391,"rank":5401,"percentile":20.52980132450331}},"tenDayDecayingPercentileMean":null,"rankSummary":{"mean":5401,"median":5401,"max":5401,"min":5401},"percentileSummary":{"mean":20.52980132450331,"median":20.52980132450331,"max":20.52980132450331,"min":20.52980132450331}}