{"name":"PappyMagee","scoreData":{"2020-09-19":{"id":1403845037018898200,"name":"PappyMagee","score":10100,"level":2,"character":0,"platform":48,"runframes":12814,"runend":1021,"unknown1":169,"unknown2":4294965214,"rank":1436,"percentile":52.10280373831775}},"tenDayPercentiles":[],"tenDayDecayingPercentileScore":0,"scoresByDay":[],"rankSummary":{"mean":1436,"median":1436,"max":1436,"min":1436},"percentileSummary":{"mean":52.10280373831775,"median":52.10280373831775,"max":52.10280373831775,"min":52.10280373831775}}