{"name":"Paranoid Milkman","scoreData":{"2020-10-03":{"id":8013846143628755000,"name":"Paranoid Milkman","score":1700,"level":2,"character":0,"platform":18,"runframes":7728,"runend":1021,"unknown1":4294962656,"unknown2":4294959779,"rank":6605,"percentile":16.383894656875157}},"tenDayPercentiles":[],"tenDayDecayingPercentileScore":0,"scoresByDay":[],"rankSummary":{"mean":6605,"median":6605,"max":6605,"min":6605},"percentileSummary":{"mean":16.383894656875157,"median":16.383894656875157,"max":16.383894656875157,"min":16.383894656875157}}