{"name":"paradiseisles","scoreData":{"2020-11-16":{"id":76561198083267200,"name":"paradiseisles","score":1500,"level":1,"character":7,"platform":18,"runframes":1608,"runend":1022,"unknown1":4294966735,"unknown2":424,"rank":3787,"percentile":3.022540983606561}},"tenDayPercentiles":[3.022540983606561],"tenDayDecayingPercentileScore":1.7847802254098384,"scoresByDay":[1.7847802254098384],"rankSummary":{"mean":3787,"median":3787,"max":3787,"min":3787},"percentileSummary":{"mean":3.022540983606561,"median":3.022540983606561,"max":3.022540983606561,"min":3.022540983606561}}