{"name":"ParadoXX","scoreData":{"2020-10-07":{"id":76561198006997540,"name":"ParadoXX","score":4100,"level":2,"character":0,"platform":18,"runframes":4812,"runend":1021,"unknown1":4294964274,"unknown2":4294963946,"rank":4575,"percentile":29.889638258736966}},"tenDayPercentiles":[],"tenDayDecayingPercentileScore":0,"scoresByDay":[],"rankSummary":{"mean":4575,"median":4575,"max":4575,"min":4575},"percentileSummary":{"mean":29.889638258736966,"median":29.889638258736966,"max":29.889638258736966,"min":29.889638258736966}}