{"name":"paratui","scoreData":{"2020-11-03":{"id":8312216687749055000,"name":"paratui","score":9200,"level":3,"character":0,"platform":48,"runframes":10146,"runend":1020,"unknown1":4294966659,"unknown2":314,"rank":3281,"percentile":27.078701645175627}},"tenDayPercentiles":[],"tenDayDecayingPercentileScore":0,"scoresByDay":[],"rankSummary":{"mean":3281,"median":3281,"max":3281,"min":3281},"percentileSummary":{"mean":27.078701645175627,"median":27.078701645175627,"max":27.078701645175627,"min":27.078701645175627}}