{"name":"Parf1N","scoreData":{"2020-11-01":{"id":6069730372262396000,"name":"Parf1N","score":1000,"level":1,"character":6,"platform":18,"runframes":2215,"runend":1022,"unknown1":1456,"unknown2":288,"rank":4537,"percentile":3.5919234856535525}},"tenDayPercentiles":[],"tenDayDecayingPercentileScore":0,"scoresByDay":[],"rankSummary":{"mean":4537,"median":4537,"max":4537,"min":4537},"percentileSummary":{"mean":3.5919234856535525,"median":3.5919234856535525,"max":3.5919234856535525,"min":3.5919234856535525}}