{"name":"parkersaurusrexx","scoreData":{"2020-11-22":{"id":76561198039954130,"name":"parkersaurusrexx","score":10500,"level":2,"character":7,"platform":48,"runframes":6258,"runend":1021,"unknown1":4294966667,"unknown2":703,"rank":2981,"percentile":25.48137034258565}},"tenDayPercentiles":[],"tenDayDecayingPercentileScore":0,"scoresByDay":[],"rankSummary":{"mean":2981,"median":2981,"max":2981,"min":2981},"percentileSummary":{"mean":25.48137034258565,"median":25.48137034258565,"max":25.48137034258565,"min":25.48137034258565}}