{"name":"pase888","scoreData":{"2020-09-19":{"id":440037277754736900,"name":"pase888","score":6800,"level":2,"character":7,"platform":48,"runframes":6407,"runend":1021,"unknown1":558,"unknown2":4294966923,"rank":1657,"percentile":44.72630173564753}},"tenDayPercentiles":[],"tenDayDecayingPercentileScore":0,"scoresByDay":[],"rankSummary":{"mean":1657,"median":1657,"max":1657,"min":1657},"percentileSummary":{"mean":44.72630173564753,"median":44.72630173564753,"max":44.72630173564753,"min":44.72630173564753}}