{"name":"Pashaiaf","scoreData":{"2020-11-06":{"id":76561198008866980,"name":"Pashaiaf","score":0,"level":1,"character":3,"platform":48,"runframes":3168,"runend":1022,"unknown1":1978,"unknown2":4294965989,"rank":4498,"percentile":0.8379272326350673}},"tenDayPercentiles":[],"tenDayDecayingPercentileScore":0,"scoresByDay":[],"rankSummary":{"mean":4498,"median":4498,"max":4498,"min":4498},"percentileSummary":{"mean":0.8379272326350673,"median":0.8379272326350673,"max":0.8379272326350673,"min":0.8379272326350673}}