{"name":"PastaPesto","scoreData":{"2020-09-29":{"id":76561198042575280,"name":"PastaPesto","score":44550,"level":8,"character":0,"platform":18,"runframes":31610,"runend":1015,"unknown1":4294962819,"unknown2":4294963658,"rank":346,"percentile":93.8304721030043}},"tenDayPercentiles":[],"tenDayDecayingPercentileScore":0,"scoresByDay":[],"rankSummary":{"mean":346,"median":346,"max":346,"min":346},"percentileSummary":{"mean":93.8304721030043,"median":93.8304721030043,"max":93.8304721030043,"min":93.8304721030043}}