{"name":"Patcher","scoreData":{"2020-09-30":{"id":76561198068248780,"name":"Patcher","score":15600,"level":2,"character":0,"platform":18,"runframes":16902,"runend":1021,"unknown1":3142,"unknown2":4294966543,"rank":4524,"percentile":41.442257897462454}},"tenDayPercentiles":[],"tenDayDecayingPercentileScore":0,"scoresByDay":[],"rankSummary":{"mean":4524,"median":4524,"max":4524,"min":4524},"percentileSummary":{"mean":41.442257897462454,"median":41.442257897462454,"max":41.442257897462454,"min":41.442257897462454}}