{"name":"Patches13085","scoreData":{"2020-09-15":{"id":697087413023327000,"name":"Patches13085","score":2300,"level":2,"character":0,"platform":48,"runframes":6728,"runend":1021,"unknown1":4294966416,"unknown2":4294966885,"rank":1296,"percentile":28.689427312775322}},"tenDayPercentiles":[],"tenDayDecayingPercentileScore":0,"scoresByDay":[],"rankSummary":{"mean":1296,"median":1296,"max":1296,"min":1296},"percentileSummary":{"mean":28.689427312775322,"median":28.689427312775322,"max":28.689427312775322,"min":28.689427312775322}}