{"name":"Patdu05","scoreData":{"2020-10-21":{"id":76561198058619230,"name":"Patdu05","score":14875,"level":7,"character":2,"platform":48,"runframes":14099,"runend":1016,"unknown1":4294962922,"unknown2":4294963769,"rank":1368,"percentile":74.53427719821163}},"tenDayPercentiles":[],"tenDayDecayingPercentileScore":0,"scoresByDay":[],"rankSummary":{"mean":1368,"median":1368,"max":1368,"min":1368},"percentileSummary":{"mean":74.53427719821163,"median":74.53427719821163,"max":74.53427719821163,"min":74.53427719821163}}