{"name":"patetfisk","scoreData":{"2020-10-11":{"id":76561198033001200,"name":"patetfisk","score":25800,"level":3,"character":0,"platform":18,"runframes":18538,"runend":1020,"unknown1":4294967119,"unknown2":4294965399,"rank":3560,"percentile":43.95275590551181}},"tenDayPercentiles":[],"tenDayDecayingPercentileScore":0,"scoresByDay":[],"rankSummary":{"mean":3560,"median":3560,"max":3560,"min":3560},"percentileSummary":{"mean":43.95275590551181,"median":43.95275590551181,"max":43.95275590551181,"min":43.95275590551181}}