{"name":"PaulieWallie_","scoreData":{"2020-10-15":{"id":3262512257780452000,"name":"PaulieWallie_","score":6800,"level":2,"character":7,"platform":48,"runframes":4321,"runend":1021,"unknown1":4294963509,"unknown2":4294963166,"rank":4867,"percentile":15.476810838978636}},"tenDayPercentiles":[],"tenDayDecayingPercentileScore":0,"scoresByDay":[],"rankSummary":{"mean":4867,"median":4867,"max":4867,"min":4867},"percentileSummary":{"mean":15.476810838978636,"median":15.476810838978636,"max":15.476810838978636,"min":15.476810838978636}}