{"name":"paulotecario","scoreData":{"2020-10-04":{"id":76561200043949920,"name":"paulotecario","score":600,"level":2,"character":0,"platform":18,"runframes":5130,"runend":1021,"unknown1":6376,"unknown2":769,"rank":6660,"percentile":11.35516506922258}},"tenDayPercentiles":[],"tenDayDecayingPercentileScore":0,"scoresByDay":[],"rankSummary":{"mean":6660,"median":6660,"max":6660,"min":6660},"percentileSummary":{"mean":11.35516506922258,"median":11.35516506922258,"max":11.35516506922258,"min":11.35516506922258}}