{"name":"payrus416","scoreData":{"2020-09-25":{"id":3927235511479926300,"name":"payrus416","score":13000,"level":3,"character":0,"platform":48,"runframes":12836,"runend":1020,"unknown1":836,"unknown2":540,"rank":1125,"percentile":51.087902523933856}},"tenDayPercentiles":[],"tenDayDecayingPercentileScore":0,"scoresByDay":[],"rankSummary":{"mean":1125,"median":1125,"max":1125,"min":1125},"percentileSummary":{"mean":51.087902523933856,"median":51.087902523933856,"max":51.087902523933856,"min":51.087902523933856}}