{"name":"Pclonk","scoreData":{"2020-10-29":{"id":3172135609204402000,"name":"Pclonk","score":2000,"level":1,"character":2,"platform":48,"runframes":3564,"runend":1022,"unknown1":4294965569,"unknown2":263,"rank":4531,"percentile":5.289567217227685}},"tenDayPercentiles":[],"tenDayDecayingPercentileScore":0,"scoresByDay":[],"rankSummary":{"mean":4531,"median":4531,"max":4531,"min":4531},"percentileSummary":{"mean":5.289567217227685,"median":5.289567217227685,"max":5.289567217227685,"min":5.289567217227685}}