{"name":"PeachScreams82","scoreData":{"2020-10-08":{"id":76561198859241570,"name":"PeachScreams82","score":20000,"level":3,"character":0,"platform":48,"runframes":10829,"runend":1020,"unknown1":4294966863,"unknown2":4294965010,"rank":3275,"percentile":48.35147499605617}},"tenDayPercentiles":[],"tenDayDecayingPercentileScore":0,"scoresByDay":[],"rankSummary":{"mean":3275,"median":3275,"max":3275,"min":3275},"percentileSummary":{"mean":48.35147499605617,"median":48.35147499605617,"max":48.35147499605617,"min":48.35147499605617}}