{"name":"PEATWO","scoreData":{"2020-11-21":{"id":3406637047875142700,"name":"PEATWO","score":42525,"level":5,"character":2,"platform":18,"runframes":28310,"runend":1018,"unknown1":853,"unknown2":4294965241,"rank":1269,"percentile":69.45314382076607}},"tenDayPercentiles":[],"tenDayDecayingPercentileScore":0,"scoresByDay":[],"rankSummary":{"mean":1269,"median":1269,"max":1269,"min":1269},"percentileSummary":{"mean":69.45314382076607,"median":69.45314382076607,"max":69.45314382076607,"min":69.45314382076607}}