{"name":"pedrenrique22","scoreData":{"2020-11-19":{"id":6503550775901012000,"name":"pedrenrique22","score":0,"level":1,"character":9,"platform":48,"runframes":1053,"runend":1022,"unknown1":351,"unknown2":2,"rank":3872,"percentile":0.8960573476702507}},"tenDayPercentiles":[0.8960573476702507],"tenDayDecayingPercentileScore":0.7258064516129031,"scoresByDay":[0.7258064516129031],"rankSummary":{"mean":3872,"median":3872,"max":3872,"min":3872},"percentileSummary":{"mean":0.8960573476702507,"median":0.8960573476702507,"max":0.8960573476702507,"min":0.8960573476702507}}