{"name":"Peek","scoreData":{"2020-11-15":{"id":76561198000108590,"name":"Peek","score":9700,"level":3,"character":3,"platform":18,"runframes":15612,"runend":1020,"unknown1":4294964207,"unknown2":4294965681,"rank":2222,"percentile":48.38484778061818}},"tenDayPercentiles":[48.38484778061818],"tenDayDecayingPercentileScore":23.14232270044156,"scoresByDay":[23.14232270044156],"rankSummary":{"mean":2222,"median":2222,"max":2222,"min":2222},"percentileSummary":{"mean":48.38484778061818,"median":48.38484778061818,"max":48.38484778061818,"min":48.38484778061818}}