{"name":"peen curve = log(x)*3x^2*4.6","scoreData":{"2020-10-16":{"id":76561199701358110,"name":"peen curve = log(x)*3x^2*4.6","score":1800,"level":3,"character":7,"platform":18,"runframes":9860,"runend":1020,"unknown1":4294963148,"unknown2":4294963637,"rank":3311,"percentile":40.96664883181737}},"tenDayPercentiles":[],"tenDayDecayingPercentileScore":0,"scoresByDay":[],"rankSummary":{"mean":3311,"median":3311,"max":3311,"min":3311},"percentileSummary":{"mean":40.96664883181737,"median":40.96664883181737,"max":40.96664883181737,"min":40.96664883181737}}