{"name":"Pegasos01","scoreData":{"2020-10-09":{"id":76561199073043680,"name":"Pegasos01","score":61300,"level":8,"character":4,"platform":18,"runframes":51217,"runend":1015,"unknown1":4294966775,"unknown2":4294963258,"rank":804,"percentile":87.19706632653062}},"tenDayPercentiles":[],"tenDayDecayingPercentileScore":0,"scoresByDay":[],"rankSummary":{"mean":804,"median":804,"max":804,"min":804},"percentileSummary":{"mean":87.19706632653062,"median":87.19706632653062,"max":87.19706632653062,"min":87.19706632653062}}