{"name":"pel","scoreData":{"2020-09-29":{"id":76561198045032060,"name":"pel","score":7700,"level":1,"character":0,"platform":18,"runframes":1600,"runend":1022,"unknown1":4294965033,"unknown2":4294961988,"rank":5054,"percentile":9.63876967095851}},"tenDayPercentiles":[],"tenDayDecayingPercentileScore":0,"scoresByDay":[],"rankSummary":{"mean":5054,"median":5054,"max":5054,"min":5054},"percentileSummary":{"mean":9.63876967095851,"median":9.63876967095851,"max":9.63876967095851,"min":9.63876967095851}}