{"name":"pelhav","scoreData":{"2020-10-11":{"id":5734137890858656000,"name":"pelhav","score":14300,"level":4,"character":2,"platform":18,"runframes":19787,"runend":1019,"unknown1":745,"unknown2":553,"rank":3001,"percentile":52.75590551181102}},"tenDayPercentiles":[],"tenDayDecayingPercentileScore":0,"scoresByDay":[],"rankSummary":{"mean":3001,"median":3001,"max":3001,"min":3001},"percentileSummary":{"mean":52.75590551181102,"median":52.75590551181102,"max":52.75590551181102,"min":52.75590551181102}}