{"name":"Pelu13","scoreData":{"2020-11-04":{"id":76561198119621170,"name":"Pelu13","score":97650,"level":9,"character":11,"platform":18,"runframes":71838,"runend":1014,"unknown1":4294964080,"unknown2":4294963613,"rank":568,"percentile":87.36912452662062}},"tenDayPercentiles":[],"tenDayDecayingPercentileScore":0,"scoresByDay":[],"rankSummary":{"mean":568,"median":568,"max":568,"min":568},"percentileSummary":{"mean":87.36912452662062,"median":87.36912452662062,"max":87.36912452662062,"min":87.36912452662062}}