{"name":"Penber23","scoreData":{"2020-09-16":{"id":6812763191069969000,"name":"Penber23","score":15200,"level":2,"character":0,"platform":48,"runframes":8894,"runend":1021,"unknown1":865,"unknown2":183,"rank":1799,"percentile":41.73687621516527}},"tenDayPercentiles":[],"tenDayDecayingPercentileScore":0,"scoresByDay":[],"rankSummary":{"mean":1799,"median":1799,"max":1799,"min":1799},"percentileSummary":{"mean":41.73687621516527,"median":41.73687621516527,"max":41.73687621516527,"min":41.73687621516527}}