{"name":"PenduleLTD","scoreData":{"2020-11-17":{"id":4061082011379744000,"name":"PenduleLTD","score":8800,"level":2,"character":2,"platform":48,"runframes":5947,"runend":1021,"unknown1":4294966190,"unknown2":77,"rank":3101,"percentile":20.877998979070952}},"tenDayPercentiles":[20.877998979070952],"tenDayDecayingPercentileScore":15.220061255742726,"scoresByDay":[15.220061255742726],"rankSummary":{"mean":3101,"median":3101,"max":3101,"min":3101},"percentileSummary":{"mean":20.877998979070952,"median":20.877998979070952,"max":20.877998979070952,"min":20.877998979070952}}