{"name":"Penguineer","scoreData":{"2020-09-30":{"id":76561197968402030,"name":"Penguineer","score":18000,"level":2,"character":8,"platform":18,"runframes":6213,"runend":1021,"unknown1":4294960158,"unknown2":4294961436,"rank":4409,"percentile":42.93112377006732}},"tenDayPercentiles":[],"tenDayDecayingPercentileScore":0,"scoresByDay":[],"rankSummary":{"mean":4409,"median":4409,"max":4409,"min":4409},"percentileSummary":{"mean":42.93112377006732,"median":42.93112377006732,"max":42.93112377006732,"min":42.93112377006732}}