{"name":"Penguinatore","scoreData":{"2020-11-15":{"id":76561198992759840,"name":"Penguinatore","score":1100,"level":3,"character":7,"platform":18,"runframes":12848,"runend":1020,"unknown1":1227,"unknown2":134,"rank":2527,"percentile":41.29676969556124}},"tenDayPercentiles":[41.29676969556124],"tenDayDecayingPercentileScore":21.946796583778763,"scoresByDay":[21.946796583778763],"rankSummary":{"mean":2527,"median":2527,"max":2527,"min":2527},"percentileSummary":{"mean":41.29676969556124,"median":41.29676969556124,"max":41.29676969556124,"min":41.29676969556124}}