{"name":"peop","scoreData":{"2020-11-11":{"id":67470880092511010,"name":"peop","score":8000,"level":2,"character":0,"platform":18,"runframes":10206,"runend":1021,"unknown1":2194,"unknown2":648,"rank":3956,"percentile":11.08363309352518}},"tenDayPercentiles":[11.08363309352518],"tenDayDecayingPercentileScore":4.771140614433454,"scoresByDay":[4.771140614433454],"rankSummary":{"mean":3956,"median":3956,"max":3956,"min":3956},"percentileSummary":{"mean":11.08363309352518,"median":11.08363309352518,"max":11.08363309352518,"min":11.08363309352518}}