{"name":"Pescador Parrudo","scoreData":{"2020-10-01":{"id":76561200058269900,"name":"Pescador Parrudo","score":4000,"level":1,"character":3,"platform":18,"runframes":3230,"runend":1022,"unknown1":4294965932,"unknown2":394,"rank":6683,"percentile":13.153106316610348}},"tenDayPercentiles":[],"tenDayDecayingPercentileScore":0,"scoresByDay":[],"rankSummary":{"mean":6683,"median":6683,"max":6683,"min":6683},"percentileSummary":{"mean":13.153106316610348,"median":13.153106316610348,"max":13.153106316610348,"min":13.153106316610348}}