{"name":"petrus29","scoreData":{"2020-10-09":{"id":76561198037924880,"name":"petrus29","score":8300,"level":3,"character":4,"platform":18,"runframes":20055,"runend":1020,"unknown1":878,"unknown2":4294963824,"rank":4149,"percentile":33.86479591836735}},"tenDayPercentiles":[],"tenDayDecayingPercentileScore":0,"scoresByDay":[],"rankSummary":{"mean":4149,"median":4149,"max":4149,"min":4149},"percentileSummary":{"mean":33.86479591836735,"median":33.86479591836735,"max":33.86479591836735,"min":33.86479591836735}}