{"name":"pew_pew_pew45","scoreData":{"2020-09-19":{"id":265941689215142300,"name":"pew_pew_pew45","score":5100,"level":1,"character":3,"platform":48,"runframes":5132,"runend":1022,"unknown1":4294966820,"unknown2":1010,"rank":2498,"percentile":16.655540720961284}},"tenDayPercentiles":[],"tenDayDecayingPercentileScore":0,"scoresByDay":[],"rankSummary":{"mean":2498,"median":2498,"max":2498,"min":2498},"percentileSummary":{"mean":16.655540720961284,"median":16.655540720961284,"max":16.655540720961284,"min":16.655540720961284}}