{"name":"pewdiepie merch","scoreData":{"2020-10-07":{"id":76561198252737870,"name":"pewdiepie merch","score":3000,"level":1,"character":3,"platform":18,"runframes":1772,"runend":1022,"unknown1":4294964130,"unknown2":4294964452,"rank":6078,"percentile":6.851624770079695}},"tenDayPercentiles":[],"tenDayDecayingPercentileScore":0,"scoresByDay":[],"rankSummary":{"mean":6078,"median":6078,"max":6078,"min":6078},"percentileSummary":{"mean":6.851624770079695,"median":6.851624770079695,"max":6.851624770079695,"min":6.851624770079695}}