{"name":"pewpewdewd","scoreData":{"2020-10-02":{"id":4567553474737383000,"name":"pewpewdewd","score":4300,"level":1,"character":2,"platform":18,"runframes":3434,"runend":1022,"unknown1":4294966728,"unknown2":145,"rank":6521,"percentile":12.635669301889322}},"tenDayPercentiles":[],"tenDayDecayingPercentileScore":0,"scoresByDay":[],"rankSummary":{"mean":6521,"median":6521,"max":6521,"min":6521},"percentileSummary":{"mean":12.635669301889322,"median":12.635669301889322,"max":12.635669301889322,"min":12.635669301889322}}