{"name":"Pez_Luna","scoreData":{"2020-10-06":{"id":76561198009319840,"name":"Pez_Luna","score":9000,"level":2,"character":0,"platform":18,"runframes":5208,"runend":1021,"unknown1":4294965119,"unknown2":4294965813,"rank":5278,"percentile":22.33995584988962}},"tenDayPercentiles":[],"tenDayDecayingPercentileScore":0,"scoresByDay":[],"rankSummary":{"mean":5278,"median":5278,"max":5278,"min":5278},"percentileSummary":{"mean":22.33995584988962,"median":22.33995584988962,"max":22.33995584988962,"min":22.33995584988962}}