{"name":"pfox","scoreData":{"2020-10-20":{"id":76561198040924350,"name":"pfox","score":5000,"level":1,"character":0,"platform":18,"runframes":7542,"runend":1022,"unknown1":4294964216,"unknown2":4294966453,"rank":5161,"percentile":4.444444444444443}},"tenDayPercentiles":[],"tenDayDecayingPercentileScore":0,"scoresByDay":[],"rankSummary":{"mean":5161,"median":5161,"max":5161,"min":5161},"percentileSummary":{"mean":4.444444444444443,"median":4.444444444444443,"max":4.444444444444443,"min":4.444444444444443}}