{"name":"Pheonnexx","scoreData":{"2020-09-16":{"id":1147328866553208300,"name":"Pheonnexx","score":7000,"level":1,"character":0,"platform":48,"runframes":4556,"runend":1022,"unknown1":4294965271,"unknown2":112,"rank":2665,"percentile":13.674659753726502}},"tenDayPercentiles":[],"tenDayDecayingPercentileScore":0,"scoresByDay":[],"rankSummary":{"mean":2665,"median":2665,"max":2665,"min":2665},"percentileSummary":{"mean":13.674659753726502,"median":13.674659753726502,"max":13.674659753726502,"min":13.674659753726502}}