{"name":"PhiaHelena06","scoreData":{"2020-09-28":{"id":4788270533573658000,"name":"PhiaHelena06","score":23775,"level":7,"character":0,"platform":48,"runframes":12336,"runend":1016,"unknown1":1117,"unknown2":244,"rank":566,"percentile":73.81835032437442}},"tenDayPercentiles":[],"tenDayDecayingPercentileScore":0,"scoresByDay":[],"rankSummary":{"mean":566,"median":566,"max":566,"min":566},"percentileSummary":{"mean":73.81835032437442,"median":73.81835032437442,"max":73.81835032437442,"min":73.81835032437442}}