{"name":"phillz","scoreData":{"2020-10-04":{"id":76561197982296910,"name":"phillz","score":15600,"level":3,"character":10,"platform":18,"runframes":19649,"runend":1020,"unknown1":4294962348,"unknown2":4294960519,"rank":3925,"percentile":47.76357827476039}},"tenDayPercentiles":[],"tenDayDecayingPercentileScore":0,"scoresByDay":[],"rankSummary":{"mean":3925,"median":3925,"max":3925,"min":3925},"percentileSummary":{"mean":47.76357827476039,"median":47.76357827476039,"max":47.76357827476039,"min":47.76357827476039}}