{"name":"phil.harmoniq","scoreData":{"2020-10-28":{"id":76561198080657200,"name":"phil.harmoniq","score":34800,"level":4,"character":4,"platform":18,"runframes":32074,"runend":1019,"unknown1":1244,"unknown2":1590,"rank":2391,"percentile":51.43263564316196}},"tenDayPercentiles":[],"tenDayDecayingPercentileScore":0,"scoresByDay":[],"rankSummary":{"mean":2391,"median":2391,"max":2391,"min":2391},"percentileSummary":{"mean":51.43263564316196,"median":51.43263564316196,"max":51.43263564316196,"min":51.43263564316196}}