{"name":"PhilD19","scoreData":{"2020-11-14":{"id":76561198078124700,"name":"PhilD19","score":8300,"level":2,"character":16,"platform":48,"runframes":2682,"runend":1021,"unknown1":4294966418,"unknown2":44,"rank":2965,"percentile":31.309385863267664}},"tenDayPercentiles":[31.309385863267664],"tenDayDecayingPercentileScore":18.487879258400927,"scoresByDay":[18.487879258400927],"rankSummary":{"mean":2965,"median":2965,"max":2965,"min":2965},"percentileSummary":{"mean":31.309385863267664,"median":31.309385863267664,"max":31.309385863267664,"min":31.309385863267664}}