{"name":"Phininx","scoreData":{"2020-10-04":{"id":76561198044867800,"name":"Phininx","score":2400,"level":3,"character":7,"platform":18,"runframes":24508,"runend":1020,"unknown1":4294965413,"unknown2":26,"rank":5106,"percentile":32.04206602768903}},"tenDayPercentiles":[],"tenDayDecayingPercentileScore":0,"scoresByDay":[],"rankSummary":{"mean":5106,"median":5106,"max":5106,"min":5106},"percentileSummary":{"mean":32.04206602768903,"median":32.04206602768903,"max":32.04206602768903,"min":32.04206602768903}}