{"name":"Phiroth","scoreData":{"2020-10-28":{"id":76561197991944880,"name":"Phiroth","score":3200,"level":1,"character":8,"platform":48,"runframes":2480,"runend":1022,"unknown1":282,"unknown2":4294966868,"rank":4583,"percentile":6.888843730948992}},"tenDayPercentiles":[],"tenDayDecayingPercentileScore":0,"scoresByDay":[],"rankSummary":{"mean":4583,"median":4583,"max":4583,"min":4583},"percentileSummary":{"mean":6.888843730948992,"median":6.888843730948992,"max":6.888843730948992,"min":6.888843730948992}}