{"name":"Phoenix Wright","scoreData":{"2020-11-18":{"id":6812783826511926000,"name":"Phoenix Wright","score":67400,"level":6,"character":0,"platform":18,"runframes":25504,"runend":1017,"unknown1":4294965148,"unknown2":4294964566,"rank":967,"percentile":75.94621513944223}},"tenDayPercentiles":[75.94621513944223],"tenDayDecayingPercentileScore":49.82831175298806,"scoresByDay":[49.82831175298806],"rankSummary":{"mean":967,"median":967,"max":967,"min":967},"percentileSummary":{"mean":75.94621513944223,"median":75.94621513944223,"max":75.94621513944223,"min":75.94621513944223}}