{"name":"phonglexxx","scoreData":{"2020-09-30":{"id":76561198003643460,"name":"phonglexxx","score":56000,"level":1,"character":0,"platform":18,"runframes":7848,"runend":1022,"unknown1":4294963573,"unknown2":4294962373,"rank":5845,"percentile":24.339720352149143}},"tenDayPercentiles":[],"tenDayDecayingPercentileScore":0,"scoresByDay":[],"rankSummary":{"mean":5845,"median":5845,"max":5845,"min":5845},"percentileSummary":{"mean":24.339720352149143,"median":24.339720352149143,"max":24.339720352149143,"min":24.339720352149143}}