{"name":"Phopez","scoreData":{"2020-10-05":{"id":76561198242549800,"name":"Phopez","score":23400,"level":3,"character":1,"platform":18,"runframes":17877,"runend":1020,"unknown1":4294960758,"unknown2":4294963163,"rank":3566,"percentile":47.665883734586025}},"tenDayPercentiles":[],"tenDayDecayingPercentileScore":0,"scoresByDay":[],"rankSummary":{"mean":3566,"median":3566,"max":3566,"min":3566},"percentileSummary":{"mean":47.665883734586025,"median":47.665883734586025,"max":47.665883734586025,"min":47.665883734586025}}