{"name":"Phoxill","scoreData":{"2020-10-15":{"id":76561197975626320,"name":"Phoxill","score":8100,"level":1,"character":2,"platform":48,"runframes":3328,"runend":1022,"unknown1":1858,"unknown2":464,"rank":5333,"percentile":7.3823171790863285}},"tenDayPercentiles":[],"tenDayDecayingPercentileScore":0,"scoresByDay":[],"rankSummary":{"mean":5333,"median":5333,"max":5333,"min":5333},"percentileSummary":{"mean":7.3823171790863285,"median":7.3823171790863285,"max":7.3823171790863285,"min":7.3823171790863285}}