{"name":"PHoxxxy","scoreData":{"2020-11-10":{"id":76561198067224510,"name":"PHoxxxy","score":23625,"level":5,"character":1,"platform":18,"runframes":20648,"runend":1018,"unknown1":4294966427,"unknown2":4294965081,"rank":1654,"percentile":62.225776965265084}},"tenDayPercentiles":[62.225776965265084],"tenDayDecayingPercentileScore":21.696786846259148,"scoresByDay":[21.696786846259148],"rankSummary":{"mean":1654,"median":1654,"max":1654,"min":1654},"percentileSummary":{"mean":62.225776965265084,"median":62.225776965265084,"max":62.225776965265084,"min":62.225776965265084}}