{"name":"PickEPIC","scoreData":{"2020-09-30":{"id":76561198032034910,"name":"PickEPIC","score":5200,"level":2,"character":3,"platform":18,"runframes":13450,"runend":1021,"unknown1":4310,"unknown2":154,"rank":5533,"percentile":28.379078197824953}},"tenDayPercentiles":[],"tenDayDecayingPercentileScore":0,"scoresByDay":[],"rankSummary":{"mean":5533,"median":5533,"max":5533,"min":5533},"percentileSummary":{"mean":28.379078197824953,"median":28.379078197824953,"max":28.379078197824953,"min":28.379078197824953}}