{"name":"Picollus","scoreData":{"2020-09-16":{"id":2623327710757987300,"name":"Picollus","score":5000,"level":1,"character":0,"platform":48,"runframes":1571,"runend":1022,"unknown1":1643,"unknown2":649,"rank":2846,"percentile":7.8094620868438085}},"tenDayPercentiles":[],"tenDayDecayingPercentileScore":0,"scoresByDay":[],"rankSummary":{"mean":2846,"median":2846,"max":2846,"min":2846},"percentileSummary":{"mean":7.8094620868438085,"median":7.8094620868438085,"max":7.8094620868438085,"min":7.8094620868438085}}