{"name":"Piemeleter","scoreData":{"2020-10-26":{"id":76561198035057680,"name":"Piemeleter","score":16600,"level":3,"character":7,"platform":18,"runframes":16740,"runend":1020,"unknown1":4294963340,"unknown2":115,"rank":3081,"percentile":39.13043478260869}},"tenDayPercentiles":[],"tenDayDecayingPercentileScore":0,"scoresByDay":[],"rankSummary":{"mean":3081,"median":3081,"max":3081,"min":3081},"percentileSummary":{"mean":39.13043478260869,"median":39.13043478260869,"max":39.13043478260869,"min":39.13043478260869}}