{"name":"Pietertje2005","scoreData":{"2020-09-19":{"id":4760432815282043000,"name":"Pietertje2005","score":4000,"level":2,"character":3,"platform":48,"runframes":2014,"runend":1021,"unknown1":4294966665,"unknown2":661,"rank":1903,"percentile":36.51535380507344}},"tenDayPercentiles":[],"tenDayDecayingPercentileScore":0,"scoresByDay":[],"rankSummary":{"mean":1903,"median":1903,"max":1903,"min":1903},"percentileSummary":{"mean":36.51535380507344,"median":36.51535380507344,"max":36.51535380507344,"min":36.51535380507344}}