{"name":"PiFa","scoreData":{"2020-10-19":{"id":9058719544808878000,"name":"PiFa","score":15300,"level":3,"character":0,"platform":18,"runframes":16179,"runend":1020,"unknown1":1128,"unknown2":1699,"rank":3254,"percentile":39.17352281226627}},"tenDayPercentiles":[],"tenDayDecayingPercentileScore":0,"scoresByDay":[],"rankSummary":{"mean":3254,"median":3254,"max":3254,"min":3254},"percentileSummary":{"mean":39.17352281226627,"median":39.17352281226627,"max":39.17352281226627,"min":39.17352281226627}}