{"name":"Pigfarmer1976","scoreData":{"2020-09-16":{"id":3935515999495142000,"name":"Pigfarmer1976","score":500,"level":1,"character":3,"platform":48,"runframes":2317,"runend":1022,"unknown1":4294966979,"unknown2":4294964509,"rank":3078,"percentile":0.29163966299417154}},"tenDayPercentiles":[],"tenDayDecayingPercentileScore":0,"scoresByDay":[],"rankSummary":{"mean":3078,"median":3078,"max":3078,"min":3078},"percentileSummary":{"mean":0.29163966299417154,"median":0.29163966299417154,"max":0.29163966299417154,"min":0.29163966299417154}}