{"name":"pigho","scoreData":{"2020-09-29":{"id":352728352921507840,"name":"pigho","score":3000,"level":1,"character":1,"platform":18,"runframes":835,"runend":1022,"unknown1":4294966311,"unknown2":2,"rank":5473,"percentile":2.1459227467811104}},"tenDayPercentiles":[],"tenDayDecayingPercentileScore":0,"scoresByDay":[],"rankSummary":{"mean":5473,"median":5473,"max":5473,"min":5473},"percentileSummary":{"mean":2.1459227467811104,"median":2.1459227467811104,"max":2.1459227467811104,"min":2.1459227467811104}}