{"name":"piglet145","scoreData":{"2020-11-06":{"id":76561198265445620,"name":"piglet145","score":19700,"level":3,"character":7,"platform":48,"runframes":89626,"runend":1020,"unknown1":4294965046,"unknown2":294,"rank":2808,"percentile":38.103638368246976}},"tenDayPercentiles":[],"tenDayDecayingPercentileScore":0,"scoresByDay":[],"rankSummary":{"mean":2808,"median":2808,"max":2808,"min":2808},"percentileSummary":{"mean":38.103638368246976,"median":38.103638368246976,"max":38.103638368246976,"min":38.103638368246976}}