{"name":"Pikandy","scoreData":{"2020-10-20":{"id":76561197993202140,"name":"Pikandy","score":11525,"level":5,"character":7,"platform":18,"runframes":14836,"runend":1018,"unknown1":4294966173,"unknown2":4294966182,"rank":2854,"percentile":47.16666666666667}},"tenDayPercentiles":[],"tenDayDecayingPercentileScore":0,"scoresByDay":[],"rankSummary":{"mean":2854,"median":2854,"max":2854,"min":2854},"percentileSummary":{"mean":47.16666666666667,"median":47.16666666666667,"max":47.16666666666667,"min":47.16666666666667}}