{"name":"Piklepot","scoreData":{"2020-10-11":{"id":76561198026977970,"name":"Piklepot","score":6800,"level":2,"character":5,"platform":18,"runframes":6541,"runend":1021,"unknown1":4294962298,"unknown2":4294965365,"rank":5069,"percentile":20.188976377952756}},"tenDayPercentiles":[],"tenDayDecayingPercentileScore":0,"scoresByDay":[],"rankSummary":{"mean":5069,"median":5069,"max":5069,"min":5069},"percentileSummary":{"mean":20.188976377952756,"median":20.188976377952756,"max":20.188976377952756,"min":20.188976377952756}}