{"name":"pilantra salafrário","scoreData":{"2020-10-07":{"id":1150256426816590800,"name":"pilantra salafrário","score":6700,"level":3,"character":14,"platform":18,"runframes":12409,"runend":1020,"unknown1":2988,"unknown2":77,"rank":2614,"percentile":59.94788473329246}},"tenDayDecayingPercentileMean":null,"rankSummary":{"mean":2614,"median":2614,"max":2614,"min":2614},"percentileSummary":{"mean":59.94788473329246,"median":59.94788473329246,"max":59.94788473329246,"min":59.94788473329246}}