{"name":"pill_box","scoreData":{"2020-09-19":{"id":1671029180821867300,"name":"pill_box","score":9600,"level":2,"character":0,"platform":48,"runframes":6694,"runend":1021,"unknown1":958,"unknown2":482,"rank":1469,"percentile":51.00133511348465}},"tenDayPercentiles":[],"tenDayDecayingPercentileScore":0,"scoresByDay":[],"rankSummary":{"mean":1469,"median":1469,"max":1469,"min":1469},"percentileSummary":{"mean":51.00133511348465,"median":51.00133511348465,"max":51.00133511348465,"min":51.00133511348465}}