{"name":"Pimple Pete","scoreData":{"2020-10-25":{"id":76561198206370350,"name":"Pimple Pete","score":24400,"level":4,"character":6,"platform":18,"runframes":7965,"runend":1019,"unknown1":104,"unknown2":4294964446,"rank":2426,"percentile":56.30630630630631}},"tenDayPercentiles":[],"tenDayDecayingPercentileScore":0,"scoresByDay":[],"rankSummary":{"mean":2426,"median":2426,"max":2426,"min":2426},"percentileSummary":{"mean":56.30630630630631,"median":56.30630630630631,"max":56.30630630630631,"min":56.30630630630631}}