{"name":"Pinhead Larry","scoreData":{"2020-10-14":{"id":2781808500660456400,"name":"Pinhead Larry","score":500,"level":1,"character":0,"platform":18,"runframes":690,"runend":1022,"unknown1":4294964541,"unknown2":144,"rank":4885,"percentile":11.713665943600873}},"tenDayDecayingPercentileMean":null,"rankSummary":{"mean":4885,"median":4885,"max":4885,"min":4885},"percentileSummary":{"mean":11.713665943600873,"median":11.713665943600873,"max":11.713665943600873,"min":11.713665943600873}}