{"name":"Pink2213","scoreData":{"2020-10-20":{"id":2711694887239725600,"name":"Pink2213","score":12700,"level":2,"character":2,"platform":18,"runframes":15814,"runend":1021,"unknown1":778,"unknown2":482,"rank":4742,"percentile":12.20370370370371}},"tenDayPercentiles":[],"tenDayDecayingPercentileScore":0,"scoresByDay":[],"rankSummary":{"mean":4742,"median":4742,"max":4742,"min":4742},"percentileSummary":{"mean":12.20370370370371,"median":12.20370370370371,"max":12.20370370370371,"min":12.20370370370371}}