{"name":"pipa","scoreData":{"2020-10-16":{"id":76561197987172960,"name":"pipa","score":6600,"level":1,"character":2,"platform":18,"runframes":6329,"runend":1022,"unknown1":4504,"unknown2":1052,"rank":4980,"percentile":11.200285357588726}},"tenDayPercentiles":[],"tenDayDecayingPercentileScore":0,"scoresByDay":[],"rankSummary":{"mean":4980,"median":4980,"max":4980,"min":4980},"percentileSummary":{"mean":11.200285357588726,"median":11.200285357588726,"max":11.200285357588726,"min":11.200285357588726}}