{"name":"Pizza Prince","scoreData":{"2020-10-03":{"id":76561198794405090,"name":"Pizza Prince","score":11100,"level":2,"character":3,"platform":18,"runframes":7794,"runend":1021,"unknown1":6372,"unknown2":1921,"rank":4840,"percentile":38.73132438592049}},"tenDayPercentiles":[],"tenDayDecayingPercentileScore":0,"scoresByDay":[],"rankSummary":{"mean":4840,"median":4840,"max":4840,"min":4840},"percentileSummary":{"mean":38.73132438592049,"median":38.73132438592049,"max":38.73132438592049,"min":38.73132438592049}}