{"name":"Pizza Chicken Sauce Jr.","scoreData":{"2020-11-01":{"id":76561198105457100,"name":"Pizza Chicken Sauce Jr.","score":3100,"level":1,"character":0,"platform":18,"runframes":3017,"runend":1022,"unknown1":2506,"unknown2":278,"rank":4293,"percentile":8.777895855472906}},"tenDayPercentiles":[],"tenDayDecayingPercentileScore":0,"scoresByDay":[],"rankSummary":{"mean":4293,"median":4293,"max":4293,"min":4293},"percentileSummary":{"mean":8.777895855472906,"median":8.777895855472906,"max":8.777895855472906,"min":8.777895855472906}}