{"name":"Pizza Time","scoreData":{"2020-10-07":{"id":8367652278914515000,"name":"Pizza Time","score":2900,"level":2,"character":0,"platform":18,"runframes":9843,"runend":1021,"unknown1":3309,"unknown2":1153,"rank":4806,"percentile":26.348865726548127}},"tenDayDecayingPercentileMean":null,"rankSummary":{"mean":4806,"median":4806,"max":4806,"min":4806},"percentileSummary":{"mean":26.348865726548127,"median":26.348865726548127,"max":26.348865726548127,"min":26.348865726548127}}