{"name":"pjutos","scoreData":{"2020-11-22":{"id":76561198102515940,"name":"pjutos","score":20900,"level":3,"character":4,"platform":48,"runframes":17055,"runend":1020,"unknown1":4294966052,"unknown2":921,"rank":1682,"percentile":57.96449112278069}},"tenDayPercentiles":[],"tenDayDecayingPercentileScore":0,"scoresByDay":[],"rankSummary":{"mean":1682,"median":1682,"max":1682,"min":1682},"percentileSummary":{"mean":57.96449112278069,"median":57.96449112278069,"max":57.96449112278069,"min":57.96449112278069}}