{"name":"Plüm","scoreData":{"2020-10-07":{"id":76561199030687090,"name":"Plüm","score":3000,"level":1,"character":0,"platform":18,"runframes":1572,"runend":1022,"unknown1":1006,"unknown2":338,"rank":6111,"percentile":6.345800122624155}},"tenDayPercentiles":[],"tenDayDecayingPercentileScore":0,"scoresByDay":[],"rankSummary":{"mean":6111,"median":6111,"max":6111,"min":6111},"percentileSummary":{"mean":6.345800122624155,"median":6.345800122624155,"max":6.345800122624155,"min":6.345800122624155}}