{"name":"Plairboy","scoreData":{"2020-11-19":{"id":2098783511011750100,"name":"Plairboy","score":3000,"level":1,"character":0,"platform":18,"runframes":3964,"runend":1022,"unknown1":1056,"unknown2":4294967197,"rank":3701,"percentile":5.273937532002051}},"tenDayPercentiles":[5.273937532002051],"tenDayDecayingPercentileScore":3.844700460829496,"scoresByDay":[3.844700460829496],"rankSummary":{"mean":3701,"median":3701,"max":3701,"min":3701},"percentileSummary":{"mean":5.273937532002051,"median":5.273937532002051,"max":5.273937532002051,"min":5.273937532002051}}