{"name":"Plain Old Josh","scoreData":{"2020-09-29":{"id":76561197980437070,"name":"Plain Old Josh","score":6000,"level":2,"character":0,"platform":18,"runframes":5912,"runend":1021,"unknown1":4294965997,"unknown2":1290,"rank":4144,"percentile":25.912017167381975}},"tenDayDecayingPercentileMean":null,"rankSummary":{"mean":4144,"median":4144,"max":4144,"min":4144},"percentileSummary":{"mean":25.912017167381975,"median":25.912017167381975,"max":25.912017167381975,"min":25.912017167381975}}