{"name":"Plateau","scoreData":{"2020-11-07":{"id":3796304193951898000,"name":"Plateau","score":53300,"level":5,"character":12,"platform":18,"runframes":28192,"runend":1018,"unknown1":1745,"unknown2":2433,"rank":1745,"percentile":63.484087102177554}},"tenDayPercentiles":[],"tenDayDecayingPercentileScore":0,"scoresByDay":[],"rankSummary":{"mean":1745,"median":1745,"max":1745,"min":1745},"percentileSummary":{"mean":63.484087102177554,"median":63.484087102177554,"max":63.484087102177554,"min":63.484087102177554}}