{"name":"Platinum42","scoreData":{"2020-10-23":{"id":76561197970716750,"name":"Platinum42","score":8100,"level":1,"character":0,"platform":18,"runframes":4397,"runend":1022,"unknown1":4294965489,"unknown2":608,"rank":4854,"percentile":7.048458149779734}},"tenDayPercentiles":[],"tenDayDecayingPercentileScore":0,"scoresByDay":[],"rankSummary":{"mean":4854,"median":4854,"max":4854,"min":4854},"percentileSummary":{"mean":7.048458149779734,"median":7.048458149779734,"max":7.048458149779734,"min":7.048458149779734}}