{"name":"ploool_mm","scoreData":{"2020-09-25":{"id":7617145882067203000,"name":"ploool_mm","score":2000,"level":1,"character":2,"platform":48,"runframes":2150,"runend":1022,"unknown1":4294966484,"unknown2":1087,"rank":2099,"percentile":8.703220191470834}},"tenDayPercentiles":[],"tenDayDecayingPercentileScore":0,"scoresByDay":[],"rankSummary":{"mean":2099,"median":2099,"max":2099,"min":2099},"percentileSummary":{"mean":8.703220191470834,"median":8.703220191470834,"max":8.703220191470834,"min":8.703220191470834}}