{"name":"PlowBoB","scoreData":{"2020-09-29":{"id":76561198848511090,"name":"PlowBoB","score":3500,"level":1,"character":2,"platform":18,"runframes":3131,"runend":1022,"unknown1":4294966390,"unknown2":113,"rank":5411,"percentile":3.254649499284696}},"tenDayPercentiles":[],"tenDayDecayingPercentileScore":0,"scoresByDay":[],"rankSummary":{"mean":5411,"median":5411,"max":5411,"min":5411},"percentileSummary":{"mean":3.254649499284696,"median":3.254649499284696,"max":3.254649499284696,"min":3.254649499284696}}