{"name":"pmendozag","scoreData":{"2020-10-10":{"id":76561198048128140,"name":"pmendozag","score":500,"level":1,"character":5,"platform":18,"runframes":2471,"runend":1022,"unknown1":4294964956,"unknown2":4294964457,"rank":6290,"percentile":4.654335961188593}},"tenDayPercentiles":[],"tenDayDecayingPercentileScore":0,"scoresByDay":[],"rankSummary":{"mean":6290,"median":6290,"max":6290,"min":6290},"percentileSummary":{"mean":4.654335961188593,"median":4.654335961188593,"max":4.654335961188593,"min":4.654335961188593}}