{"name":"Pneuma","scoreData":{"2020-09-30":{"id":76561198116898940,"name":"Pneuma","score":20600,"level":2,"character":4,"platform":18,"runframes":7866,"runend":1021,"unknown1":1347,"unknown2":1507,"rank":4338,"percentile":43.85033661315381}},"tenDayPercentiles":[],"tenDayDecayingPercentileScore":0,"scoresByDay":[],"rankSummary":{"mean":4338,"median":4338,"max":4338,"min":4338},"percentileSummary":{"mean":43.85033661315381,"median":43.85033661315381,"max":43.85033661315381,"min":43.85033661315381}}