{"name":"Poca","scoreData":{"2020-09-30":{"id":76561198064649940,"name":"Poca","score":8500,"level":3,"character":2,"platform":18,"runframes":7336,"runend":1020,"unknown1":2813,"unknown2":4294967181,"rank":3428,"percentile":55.63179699637493}},"tenDayPercentiles":[],"tenDayDecayingPercentileScore":0,"scoresByDay":[],"rankSummary":{"mean":3428,"median":3428,"max":3428,"min":3428},"percentileSummary":{"mean":55.63179699637493,"median":55.63179699637493,"max":55.63179699637493,"min":55.63179699637493}}