{"name":"podigilacorn2","scoreData":{"2020-09-17":{"id":1326991287199602400,"name":"podigilacorn2","score":500,"level":1,"character":0,"platform":48,"runframes":1328,"runend":1022,"unknown1":4294966113,"unknown2":4294964608,"rank":2814,"percentile":0.49522461973823795}},"tenDayPercentiles":[],"tenDayDecayingPercentileScore":0,"scoresByDay":[],"rankSummary":{"mean":2814,"median":2814,"max":2814,"min":2814},"percentileSummary":{"mean":0.49522461973823795,"median":0.49522461973823795,"max":0.49522461973823795,"min":0.49522461973823795}}