{"name":"pogosixsixsix","scoreData":{"2020-10-05":{"id":76561198060923800,"name":"pogosixsixsix","score":500,"level":1,"character":2,"platform":18,"runframes":1011,"runend":1022,"unknown1":4294964312,"unknown2":4294960886,"rank":6676,"percentile":2.0111567821491434}},"tenDayPercentiles":[],"tenDayDecayingPercentileScore":0,"scoresByDay":[],"rankSummary":{"mean":6676,"median":6676,"max":6676,"min":6676},"percentileSummary":{"mean":2.0111567821491434,"median":2.0111567821491434,"max":2.0111567821491434,"min":2.0111567821491434}}