{"name":"pokemanmastaz","scoreData":{"2020-09-22":{"id":6511395481814727000,"name":"pokemanmastaz","score":500,"level":1,"character":4,"platform":48,"runframes":1564,"runend":1022,"unknown1":4294966996,"unknown2":2,"rank":1975,"percentile":19.82128350934201}},"tenDayPercentiles":[],"tenDayDecayingPercentileScore":0,"scoresByDay":[],"rankSummary":{"mean":1975,"median":1975,"max":1975,"min":1975},"percentileSummary":{"mean":19.82128350934201,"median":19.82128350934201,"max":19.82128350934201,"min":19.82128350934201}}