{"name":"PokyHen86","scoreData":{"2020-10-06":{"id":76561197978955260,"name":"PokyHen86","score":15700,"level":1,"character":2,"platform":18,"runframes":5308,"runend":1022,"unknown1":4294962891,"unknown2":1134,"rank":6091,"percentile":10.375275938189844}},"tenDayPercentiles":[],"tenDayDecayingPercentileScore":0,"scoresByDay":[],"rankSummary":{"mean":6091,"median":6091,"max":6091,"min":6091},"percentileSummary":{"mean":10.375275938189844,"median":10.375275938189844,"max":10.375275938189844,"min":10.375275938189844}}