{"name":"Polar Bear","scoreData":{"2020-09-29":{"id":9098951743101178000,"name":"Polar Bear","score":22800,"level":4,"character":5,"platform":18,"runframes":14231,"runend":1019,"unknown1":1750,"unknown2":4294965393,"rank":2048,"percentile":63.39413447782547}},"tenDayPercentiles":[],"tenDayDecayingPercentileScore":0,"scoresByDay":[],"rankSummary":{"mean":2048,"median":2048,"max":2048,"min":2048},"percentileSummary":{"mean":63.39413447782547,"median":63.39413447782547,"max":63.39413447782547,"min":63.39413447782547}}