{"name":"politrix","scoreData":{"2020-09-18":{"id":8125093180446486000,"name":"politrix","score":15825,"level":6,"character":3,"platform":48,"runframes":23392,"runend":1017,"unknown1":209,"unknown2":28,"rank":654,"percentile":76.64520743919886}},"tenDayPercentiles":[],"tenDayDecayingPercentileScore":0,"scoresByDay":[],"rankSummary":{"mean":654,"median":654,"max":654,"min":654},"percentileSummary":{"mean":76.64520743919886,"median":76.64520743919886,"max":76.64520743919886,"min":76.64520743919886}}