{"name":"Police Corgi","scoreData":{"2020-09-29":{"id":76561198119746180,"name":"Police Corgi","score":8000,"level":1,"character":3,"platform":17,"runframes":934,"runend":1022,"unknown1":4294965493,"unknown2":4294963226,"rank":4944,"percentile":11.605865522174525}},"tenDayPercentiles":[],"tenDayDecayingPercentileScore":0,"scoresByDay":[],"rankSummary":{"mean":4944,"median":4944,"max":4944,"min":4944},"percentileSummary":{"mean":11.605865522174525,"median":11.605865522174525,"max":11.605865522174525,"min":11.605865522174525}}