{"name":"Polterdoggo","scoreData":{"2020-11-04":{"id":76561198032541470,"name":"Polterdoggo","score":500,"level":1,"character":3,"platform":18,"runframes":1276,"runend":1022,"unknown1":4294966159,"unknown2":4294966527,"rank":4456,"percentile":0.7574069948763622}},"tenDayPercentiles":[],"tenDayDecayingPercentileScore":0,"scoresByDay":[],"rankSummary":{"mean":4456,"median":4456,"max":4456,"min":4456},"percentileSummary":{"mean":0.7574069948763622,"median":0.7574069948763622,"max":0.7574069948763622,"min":0.7574069948763622}}