{"name":"POMARANCZA123PL","scoreData":{"2020-09-20":{"id":1167911709897385000,"name":"POMARANCZA123PL","score":21525,"level":6,"character":0,"platform":48,"runframes":27585,"runend":1017,"unknown1":4294966241,"unknown2":374,"rank":509,"percentile":82.91862811028918}},"tenDayPercentiles":[],"tenDayDecayingPercentileScore":0,"scoresByDay":[],"rankSummary":{"mean":509,"median":509,"max":509,"min":509},"percentileSummary":{"mean":82.91862811028918,"median":82.91862811028918,"max":82.91862811028918,"min":82.91862811028918}}