{"name":"Ponaya95","scoreData":{"2020-09-16":{"id":865367020679678600,"name":"Ponaya95","score":6100,"level":1,"character":0,"platform":48,"runframes":3914,"runend":1022,"unknown1":4294966785,"unknown2":4294966676,"rank":2731,"percentile":11.535968891769272}},"tenDayPercentiles":[],"tenDayDecayingPercentileScore":0,"scoresByDay":[],"rankSummary":{"mean":2731,"median":2731,"max":2731,"min":2731},"percentileSummary":{"mean":11.535968891769272,"median":11.535968891769272,"max":11.535968891769272,"min":11.535968891769272}}