{"name":"Ponskii","scoreData":{"2020-09-30":{"id":2634198742250598000,"name":"Ponskii","score":3400,"level":3,"character":4,"platform":18,"runframes":9596,"runend":1020,"unknown1":4294961864,"unknown2":66,"rank":3862,"percentile":50.01294665976178}},"tenDayPercentiles":[],"tenDayDecayingPercentileScore":0,"scoresByDay":[],"rankSummary":{"mean":3862,"median":3862,"max":3862,"min":3862},"percentileSummary":{"mean":50.01294665976178,"median":50.01294665976178,"max":50.01294665976178,"min":50.01294665976178}}