{"name":"Poolum","scoreData":{"2020-10-03":{"id":8142459314738207000,"name":"Poolum","score":11400,"level":2,"character":0,"platform":18,"runframes":7971,"runend":1021,"unknown1":254,"unknown2":39,"rank":4753,"percentile":39.83286908077994}},"tenDayPercentiles":[],"tenDayDecayingPercentileScore":0,"scoresByDay":[],"rankSummary":{"mean":4753,"median":4753,"max":4753,"min":4753},"percentileSummary":{"mean":39.83286908077994,"median":39.83286908077994,"max":39.83286908077994,"min":39.83286908077994}}