{"name":"poopus","scoreData":{"2020-11-01":{"id":3064104261730244000,"name":"poopus","score":8800,"level":4,"character":0,"platform":18,"runframes":18848,"runend":1019,"unknown1":4294966250,"unknown2":648,"rank":1913,"percentile":59.36238044633369}},"tenDayPercentiles":[],"tenDayDecayingPercentileScore":0,"scoresByDay":[],"rankSummary":{"mean":1913,"median":1913,"max":1913,"min":1913},"percentileSummary":{"mean":59.36238044633369,"median":59.36238044633369,"max":59.36238044633369,"min":59.36238044633369}}