{"name":"PoopIsMyFetish","scoreData":{"2020-10-03":{"id":76561198010302400,"name":"PoopIsMyFetish","score":16200,"level":6,"character":2,"platform":18,"runframes":26254,"runend":1017,"unknown1":4294966654,"unknown2":91,"rank":1213,"percentile":84.65434287161307}},"tenDayPercentiles":[],"tenDayDecayingPercentileScore":0,"scoresByDay":[],"rankSummary":{"mean":1213,"median":1213,"max":1213,"min":1213},"percentileSummary":{"mean":84.65434287161307,"median":84.65434287161307,"max":84.65434287161307,"min":84.65434287161307}}