{"name":"PooR VaLe","scoreData":{"2020-09-30":{"id":3323731432532885000,"name":"PooR VaLe","score":11800,"level":3,"character":2,"platform":18,"runframes":6826,"runend":1020,"unknown1":4294967149,"unknown2":5726,"rank":3092,"percentile":59.981874676333504}},"tenDayDecayingPercentileMean":null,"rankSummary":{"mean":3092,"median":3092,"max":3092,"min":3092},"percentileSummary":{"mean":59.981874676333504,"median":59.981874676333504,"max":59.981874676333504,"min":59.981874676333504}}