{"name":"PoorDesign","scoreData":{"2020-10-13":{"id":76561198068862770,"name":"PoorDesign","score":63725,"level":7,"character":5,"platform":18,"runframes":30957,"runend":1016,"unknown1":4294964125,"unknown2":132,"rank":716,"percentile":87.80903665814152}},"tenDayPercentiles":[],"tenDayDecayingPercentileScore":0,"scoresByDay":[],"rankSummary":{"mean":716,"median":716,"max":716,"min":716},"percentileSummary":{"mean":87.80903665814152,"median":87.80903665814152,"max":87.80903665814152,"min":87.80903665814152}}