{"name":"Poorino","scoreData":{"2020-09-29":{"id":76561198091114540,"name":"Poorino","score":20800,"level":4,"character":2,"platform":18,"runframes":17617,"runend":1019,"unknown1":63,"unknown2":480,"rank":2120,"percentile":62.106580829756794}},"tenDayPercentiles":[],"tenDayDecayingPercentileScore":0,"scoresByDay":[],"rankSummary":{"mean":2120,"median":2120,"max":2120,"min":2120},"percentileSummary":{"mean":62.106580829756794,"median":62.106580829756794,"max":62.106580829756794,"min":62.106580829756794}}