{"name":"Pootis Face","scoreData":{"2020-09-30":{"id":6723508040958246000,"name":"Pootis Face","score":20000,"level":2,"character":3,"platform":18,"runframes":9009,"runend":1021,"unknown1":4294966122,"unknown2":4294964842,"rank":4346,"percentile":43.746763335059555}},"tenDayDecayingPercentileMean":null,"rankSummary":{"mean":4346,"median":4346,"max":4346,"min":4346},"percentileSummary":{"mean":43.746763335059555,"median":43.746763335059555,"max":43.746763335059555,"min":43.746763335059555}}