{"name":"popek - król albanii","scoreData":{"2020-11-19":{"id":76561198087551400,"name":"popek - król albanii","score":1500,"level":1,"character":18,"platform":18,"runframes":2203,"runend":1022,"unknown1":198,"unknown2":72,"rank":3782,"percentile":3.2002048131080443}},"tenDayPercentiles":[3.2002048131080443],"tenDayDecayingPercentileScore":2.592165898617516,"scoresByDay":[2.592165898617516],"rankSummary":{"mean":3782,"median":3782,"max":3782,"min":3782},"percentileSummary":{"mean":3.2002048131080443,"median":3.2002048131080443,"max":3.2002048131080443,"min":3.2002048131080443}}