{"name":"popedispencer","scoreData":{"2020-10-24":{"id":76561197981063040,"name":"popedispencer","score":6850,"level":4,"character":4,"platform":18,"runframes":13911,"runend":1019,"unknown1":4294966080,"unknown2":4294965420,"rank":2756,"percentile":48.71556217423678}},"tenDayPercentiles":[],"tenDayDecayingPercentileScore":0,"scoresByDay":[],"rankSummary":{"mean":2756,"median":2756,"max":2756,"min":2756},"percentileSummary":{"mean":48.71556217423678,"median":48.71556217423678,"max":48.71556217423678,"min":48.71556217423678}}