{"name":"PortalRising","scoreData":{"2020-10-01":{"id":76561198260295140,"name":"PortalRising","score":11600,"level":4,"character":0,"platform":18,"runframes":12471,"runend":1019,"unknown1":4294965632,"unknown2":437,"rank":3237,"percentile":57.94125292435664}},"tenDayPercentiles":[],"tenDayDecayingPercentileScore":0,"scoresByDay":[],"rankSummary":{"mean":3237,"median":3237,"max":3237,"min":3237},"percentileSummary":{"mean":57.94125292435664,"median":57.94125292435664,"max":57.94125292435664,"min":57.94125292435664}}