{"name":"Positive Panda","scoreData":{"2020-11-15":{"id":9030360873825587000,"name":"Positive Panda","score":80950,"level":6,"character":0,"platform":18,"runframes":38358,"runend":1017,"unknown1":1396,"unknown2":63,"rank":780,"percentile":81.89635138275622}},"tenDayPercentiles":[81.89635138275622],"tenDayDecayingPercentileScore":39.17077098768302,"scoresByDay":[39.17077098768302],"rankSummary":{"mean":780,"median":780,"max":780,"min":780},"percentileSummary":{"mean":81.89635138275622,"median":81.89635138275622,"max":81.89635138275622,"min":81.89635138275622}}