{"name":"Posivated","scoreData":{"2020-10-01":{"id":76561197985910800,"name":"Posivated","score":20500,"level":4,"character":4,"platform":48,"runframes":13334,"runend":1019,"unknown1":4294965323,"unknown2":70,"rank":2695,"percentile":64.98570314530804}},"tenDayPercentiles":[],"tenDayDecayingPercentileScore":0,"scoresByDay":[],"rankSummary":{"mean":2695,"median":2695,"max":2695,"min":2695},"percentileSummary":{"mean":64.98570314530804,"median":64.98570314530804,"max":64.98570314530804,"min":64.98570314530804}}