{"name":"Posti","scoreData":{"2020-10-03":{"id":76561198045373460,"name":"Posti","score":11600,"level":2,"character":0,"platform":18,"runframes":12960,"runend":1021,"unknown1":4294965997,"unknown2":4294965403,"rank":4715,"percentile":40.31400354520132}},"tenDayPercentiles":[],"tenDayDecayingPercentileScore":0,"scoresByDay":[],"rankSummary":{"mean":4715,"median":4715,"max":4715,"min":4715},"percentileSummary":{"mean":40.31400354520132,"median":40.31400354520132,"max":40.31400354520132,"min":40.31400354520132}}