{"name":"Potato Jones","scoreData":{"2020-11-19":{"id":8535500213413369000,"name":"Potato Jones","score":3000,"level":1,"character":7,"platform":18,"runframes":7195,"runend":1022,"unknown1":4294966820,"unknown2":4294964188,"rank":3633,"percentile":7.014848950332819}},"tenDayPercentiles":[7.014848950332819],"tenDayDecayingPercentileScore":5.113824884792626,"scoresByDay":[5.113824884792626],"rankSummary":{"mean":3633,"median":3633,"max":3633,"min":3633},"percentileSummary":{"mean":7.014848950332819,"median":7.014848950332819,"max":7.014848950332819,"min":7.014848950332819}}