{"name":"PotatoWaffleVEVO","scoreData":{"2020-10-17":{"id":4360765941910409700,"name":"PotatoWaffleVEVO","score":2300,"level":1,"character":3,"platform":18,"runframes":3635,"runend":1022,"unknown1":112,"unknown2":4294964107,"rank":5392,"percentile":7.814637482900139}},"tenDayPercentiles":[],"tenDayDecayingPercentileScore":0,"scoresByDay":[],"rankSummary":{"mean":5392,"median":5392,"max":5392,"min":5392},"percentileSummary":{"mean":7.814637482900139,"median":7.814637482900139,"max":7.814637482900139,"min":7.814637482900139}}