{"name":"Poussyboi","scoreData":{"2020-10-07":{"id":76561198184162980,"name":"Poussyboi","score":2000,"level":1,"character":7,"platform":18,"runframes":2619,"runend":1022,"unknown1":4663,"unknown2":219,"rank":6287,"percentile":3.6480686695278877}},"tenDayPercentiles":[],"tenDayDecayingPercentileScore":0,"scoresByDay":[],"rankSummary":{"mean":6287,"median":6287,"max":6287,"min":6287},"percentileSummary":{"mean":3.6480686695278877,"median":3.6480686695278877,"max":3.6480686695278877,"min":3.6480686695278877}}