{"name":"President McScruffles","scoreData":{"2020-10-29":{"id":76561198061806580,"name":"President McScruffles","score":13900,"level":2,"character":6,"platform":18,"runframes":8527,"runend":1021,"unknown1":4294964864,"unknown2":4294963769,"rank":3373,"percentile":29.50031361070458}},"tenDayDecayingPercentileMean":null,"rankSummary":{"mean":3373,"median":3373,"max":3373,"min":3373},"percentileSummary":{"mean":29.50031361070458,"median":29.50031361070458,"max":29.50031361070458,"min":29.50031361070458}}