{"name":"Preußischer Erzkaiser","scoreData":{"2020-10-16":{"id":76561197964697280,"name":"Preußischer Erzkaiser","score":12000,"level":1,"character":2,"platform":18,"runframes":4128,"runend":1022,"unknown1":690,"unknown2":31,"rank":4675,"percentile":16.63991439272337}},"tenDayDecayingPercentileMean":null,"rankSummary":{"mean":4675,"median":4675,"max":4675,"min":4675},"percentileSummary":{"mean":16.63991439272337,"median":16.63991439272337,"max":16.63991439272337,"min":16.63991439272337}}