{"name":"priestiban","scoreData":{"2020-10-02":{"id":76561199631776320,"name":"priestiban","score":5500,"level":1,"character":7,"platform":18,"runframes":2577,"runend":1022,"unknown1":1927,"unknown2":570,"rank":6335,"percentile":15.127964625485731}},"tenDayPercentiles":[],"tenDayDecayingPercentileScore":0,"scoresByDay":[],"rankSummary":{"mean":6335,"median":6335,"max":6335,"min":6335},"percentileSummary":{"mean":15.127964625485731,"median":15.127964625485731,"max":15.127964625485731,"min":15.127964625485731}}