{"name":"Prietres (confusing)","scoreData":{"2020-10-20":{"id":7617145882067203000,"name":"Prietres (confusing)","score":18400,"level":5,"character":5,"platform":18,"runframes":35752,"runend":1018,"unknown1":4294964775,"unknown2":1513,"rank":2691,"percentile":50.18518518518518}},"tenDayDecayingPercentileMean":null,"rankSummary":{"mean":2691,"median":2691,"max":2691,"min":2691},"percentileSummary":{"mean":50.18518518518518,"median":50.18518518518518,"max":50.18518518518518,"min":50.18518518518518}}