{"name":"PrincessSharilee","scoreData":{"2020-11-01":{"id":3660110351612227000,"name":"PrincessSharilee","score":500,"level":1,"character":3,"platform":48,"runframes":1326,"runend":1022,"unknown1":418,"unknown2":1564,"rank":4682,"percentile":0.5100956429330523}},"tenDayPercentiles":[],"tenDayDecayingPercentileScore":0,"scoresByDay":[],"rankSummary":{"mean":4682,"median":4682,"max":4682,"min":4682},"percentileSummary":{"mean":0.5100956429330523,"median":0.5100956429330523,"max":0.5100956429330523,"min":0.5100956429330523}}