{"name":"princemason","scoreData":{"2020-10-19":{"id":76561198149668050,"name":"princemason","score":3300,"level":2,"character":3,"platform":18,"runframes":3442,"runend":1021,"unknown1":4294964231,"unknown2":886,"rank":4621,"percentile":13.612565445026178}},"tenDayPercentiles":[],"tenDayDecayingPercentileScore":0,"scoresByDay":[],"rankSummary":{"mean":4621,"median":4621,"max":4621,"min":4621},"percentileSummary":{"mean":13.612565445026178,"median":13.612565445026178,"max":13.612565445026178,"min":13.612565445026178}}