{"name":"PrinceNo-No","scoreData":{"2020-09-18":{"id":3733361607173185000,"name":"PrinceNo-No","score":600,"level":2,"character":0,"platform":48,"runframes":5360,"runend":1021,"unknown1":1,"unknown2":16,"rank":2456,"percentile":12.195994277539342}},"tenDayPercentiles":[],"tenDayDecayingPercentileScore":0,"scoresByDay":[],"rankSummary":{"mean":2456,"median":2456,"max":2456,"min":2456},"percentileSummary":{"mean":12.195994277539342,"median":12.195994277539342,"max":12.195994277539342,"min":12.195994277539342}}