{"name":"PrincessSasha","scoreData":{"2020-11-18":{"id":76561199010462300,"name":"PrincessSasha","score":36000,"level":4,"character":7,"platform":18,"runframes":22862,"runend":1019,"unknown1":1725,"unknown2":4294966139,"rank":2326,"percentile":42.10657370517929}},"tenDayPercentiles":[42.10657370517929],"tenDayDecayingPercentileScore":34.10632470119523,"scoresByDay":[34.10632470119523],"rankSummary":{"mean":2326,"median":2326,"max":2326,"min":2326},"percentileSummary":{"mean":42.10657370517929,"median":42.10657370517929,"max":42.10657370517929,"min":42.10657370517929}}