{"name":"Pripekator","scoreData":{"2020-10-09":{"id":4711751289335286000,"name":"Pripekator","score":7200,"level":2,"character":0,"platform":48,"runframes":3608,"runend":1021,"unknown1":226,"unknown2":2466,"rank":5124,"percentile":18.31951530612244}},"tenDayPercentiles":[],"tenDayDecayingPercentileScore":0,"scoresByDay":[],"rankSummary":{"mean":5124,"median":5124,"max":5124,"min":5124},"percentileSummary":{"mean":18.31951530612244,"median":18.31951530612244,"max":18.31951530612244,"min":18.31951530612244}}