{"name":"PrivateK1ll3r OwO","scoreData":{"2020-10-03":{"id":8360430610187837000,"name":"PrivateK1ll3r OwO","score":42050,"level":5,"character":0,"platform":18,"runframes":112138,"runend":1018,"unknown1":4294961865,"unknown2":4294965184,"rank":1334,"percentile":83.12230944542922}},"tenDayPercentiles":[],"tenDayDecayingPercentileScore":0,"scoresByDay":[],"rankSummary":{"mean":1334,"median":1334,"max":1334,"min":1334},"percentileSummary":{"mean":83.12230944542922,"median":83.12230944542922,"max":83.12230944542922,"min":83.12230944542922}}