{"name":"ProbablyTom","scoreData":{"2020-09-20":{"id":4695277953743087000,"name":"ProbablyTom","score":5000,"level":1,"character":0,"platform":48,"runframes":2099,"runend":1022,"unknown1":201,"unknown2":1681,"rank":2699,"percentile":9.280430396772019}},"tenDayPercentiles":[],"tenDayDecayingPercentileScore":0,"scoresByDay":[],"rankSummary":{"mean":2699,"median":2699,"max":2699,"min":2699},"percentileSummary":{"mean":9.280430396772019,"median":9.280430396772019,"max":9.280430396772019,"min":9.280430396772019}}