{"name":"probably_not_a_cat","scoreData":{"2020-10-04":{"id":76561198049655660,"name":"probably_not_a_cat","score":18600,"level":4,"character":3,"platform":18,"runframes":20385,"runend":1019,"unknown1":3833,"unknown2":82,"rank":2523,"percentile":66.42705005324814}},"tenDayPercentiles":[],"tenDayDecayingPercentileScore":0,"scoresByDay":[],"rankSummary":{"mean":2523,"median":2523,"max":2523,"min":2523},"percentileSummary":{"mean":66.42705005324814,"median":66.42705005324814,"max":66.42705005324814,"min":66.42705005324814}}