{"name":"ProdigySoulz","scoreData":{"2020-09-17":{"id":516918510903825400,"name":"ProdigySoulz","score":7600,"level":4,"character":0,"platform":48,"runframes":12801,"runend":1019,"unknown1":4294964855,"unknown2":4294965382,"rank":557,"percentile":80.3325079589671}},"tenDayPercentiles":[],"tenDayDecayingPercentileScore":0,"scoresByDay":[],"rankSummary":{"mean":557,"median":557,"max":557,"min":557},"percentileSummary":{"mean":80.3325079589671,"median":80.3325079589671,"max":80.3325079589671,"min":80.3325079589671}}