{"name":"ProEthereal","scoreData":{"2020-09-17":{"id":8406566498020468000,"name":"ProEthereal","score":21100,"level":4,"character":3,"platform":48,"runframes":17703,"runend":1019,"unknown1":4294965832,"unknown2":4294965945,"rank":455,"percentile":83.94057304563141}},"tenDayPercentiles":[],"tenDayDecayingPercentileScore":0,"scoresByDay":[],"rankSummary":{"mean":455,"median":455,"max":455,"min":455},"percentileSummary":{"mean":83.94057304563141,"median":83.94057304563141,"max":83.94057304563141,"min":83.94057304563141}}