{"name":"Profan1ty","scoreData":{"2020-09-30":{"id":76561197973182140,"name":"Profan1ty","score":17000,"level":3,"character":0,"platform":18,"runframes":11358,"runend":1020,"unknown1":4294961952,"unknown2":4294961074,"rank":2761,"percentile":64.26721905748317}},"tenDayPercentiles":[],"tenDayDecayingPercentileScore":0,"scoresByDay":[],"rankSummary":{"mean":2761,"median":2761,"max":2761,"min":2761},"percentileSummary":{"mean":64.26721905748317,"median":64.26721905748317,"max":64.26721905748317,"min":64.26721905748317}}