{"name":"Professor Birk","scoreData":{"2020-10-04":{"id":76561198056442340,"name":"Professor Birk","score":2000,"level":3,"character":3,"platform":18,"runframes":10104,"runend":1020,"unknown1":4294961696,"unknown2":136,"rank":5148,"percentile":31.48296059637913}},"tenDayPercentiles":[],"tenDayDecayingPercentileScore":0,"scoresByDay":[],"rankSummary":{"mean":5148,"median":5148,"max":5148,"min":5148},"percentileSummary":{"mean":31.48296059637913,"median":31.48296059637913,"max":31.48296059637913,"min":31.48296059637913}}