{"name":"Project:Ghost","scoreData":{"2020-10-05":{"id":76561198823419230,"name":"Project:Ghost","score":1000,"level":2,"character":3,"platform":18,"runframes":3152,"runend":1021,"unknown1":1571,"unknown2":741,"rank":5295,"percentile":22.284204345273054}},"tenDayDecayingPercentileMean":null,"rankSummary":{"mean":5295,"median":5295,"max":5295,"min":5295},"percentileSummary":{"mean":22.284204345273054,"median":22.284204345273054,"max":22.284204345273054,"min":22.284204345273054}}