{"name":"Prongos","scoreData":{"2020-10-01":{"id":76561198391077150,"name":"Prongos","score":26300,"level":4,"character":7,"platform":18,"runframes":17947,"runend":1019,"unknown1":1628,"unknown2":838,"rank":2457,"percentile":68.07902261502468}},"tenDayPercentiles":[],"tenDayDecayingPercentileScore":0,"scoresByDay":[],"rankSummary":{"mean":2457,"median":2457,"max":2457,"min":2457},"percentileSummary":{"mean":68.07902261502468,"median":68.07902261502468,"max":68.07902261502468,"min":68.07902261502468}}