{"name":"Protonym","scoreData":{"2020-10-04":{"id":5171677129315924000,"name":"Protonym","score":3000,"level":2,"character":0,"platform":48,"runframes":3792,"runend":1021,"unknown1":151,"unknown2":4294964124,"rank":6192,"percentile":17.585197018104367}},"tenDayPercentiles":[],"tenDayDecayingPercentileScore":0,"scoresByDay":[],"rankSummary":{"mean":6192,"median":6192,"max":6192,"min":6192},"percentileSummary":{"mean":17.585197018104367,"median":17.585197018104367,"max":17.585197018104367,"min":17.585197018104367}}