{"name":"Prowler130","scoreData":{"2020-09-29":{"id":76561199937095040,"name":"Prowler130","score":28500,"level":4,"character":0,"platform":18,"runframes":13457,"runend":1019,"unknown1":4294962908,"unknown2":4294965354,"rank":1835,"percentile":67.20314735336194}},"tenDayPercentiles":[],"tenDayDecayingPercentileScore":0,"scoresByDay":[],"rankSummary":{"mean":1835,"median":1835,"max":1835,"min":1835},"percentileSummary":{"mean":67.20314735336194,"median":67.20314735336194,"max":67.20314735336194,"min":67.20314735336194}}