{"name":"PRowan","scoreData":{"2020-10-26":{"id":76561198345742560,"name":"PRowan","score":16800,"level":2,"character":10,"platform":18,"runframes":4549,"runend":1021,"unknown1":4294964497,"unknown2":1058,"rank":3767,"percentile":25.573122529644266}},"tenDayPercentiles":[],"tenDayDecayingPercentileScore":0,"scoresByDay":[],"rankSummary":{"mean":3767,"median":3767,"max":3767,"min":3767},"percentileSummary":{"mean":25.573122529644266,"median":25.573122529644266,"max":25.573122529644266,"min":25.573122529644266}}