{"name":"PS-Nickbuster","scoreData":{"2020-09-19":{"id":690719797656207500,"name":"PS-Nickbuster","score":3500,"level":1,"character":0,"platform":48,"runframes":1904,"runend":1022,"unknown1":821,"unknown2":4294966523,"rank":2657,"percentile":11.34846461949266}},"tenDayPercentiles":[],"tenDayDecayingPercentileScore":0,"scoresByDay":[],"rankSummary":{"mean":2657,"median":2657,"max":2657,"min":2657},"percentileSummary":{"mean":11.34846461949266,"median":11.34846461949266,"max":11.34846461949266,"min":11.34846461949266}}