{"name":"PS4_PIG","scoreData":{"2020-10-21":{"id":76561198065670200,"name":"PS4_PIG","score":3600,"level":2,"character":0,"platform":18,"runframes":2650,"runend":1021,"unknown1":1641,"unknown2":1082,"rank":4487,"percentile":16.430700447093898}},"tenDayPercentiles":[],"tenDayDecayingPercentileScore":0,"scoresByDay":[],"rankSummary":{"mean":4487,"median":4487,"max":4487,"min":4487},"percentileSummary":{"mean":16.430700447093898,"median":16.430700447093898,"max":16.430700447093898,"min":16.430700447093898}}