{"name":"Psionara-","scoreData":{"2020-09-25":{"id":794300465760451700,"name":"Psionara-","score":78575,"level":7,"character":7,"platform":48,"runframes":51504,"runend":1016,"unknown1":316,"unknown2":7,"rank":223,"percentile":90.33942558746736}},"tenDayPercentiles":[],"tenDayDecayingPercentileScore":0,"scoresByDay":[],"rankSummary":{"mean":223,"median":223,"max":223,"min":223},"percentileSummary":{"mean":90.33942558746736,"median":90.33942558746736,"max":90.33942558746736,"min":90.33942558746736}}