{"name":"psuedospike","scoreData":{"2020-09-29":{"id":6397461660035262000,"name":"psuedospike","score":9300,"level":4,"character":0,"platform":18,"runframes":13779,"runend":1019,"unknown1":2028,"unknown2":932,"rank":2473,"percentile":55.79399141630901}},"tenDayPercentiles":[],"tenDayDecayingPercentileScore":0,"scoresByDay":[],"rankSummary":{"mean":2473,"median":2473,"max":2473,"min":2473},"percentileSummary":{"mean":55.79399141630901,"median":55.79399141630901,"max":55.79399141630901,"min":55.79399141630901}}