{"name":"psychocandy666","scoreData":{"2020-09-17":{"id":952155517622477300,"name":"psychocandy666","score":32500,"level":4,"character":3,"platform":48,"runframes":17891,"runend":1019,"unknown1":4294967118,"unknown2":3,"rank":322,"percentile":88.64520693314468}},"tenDayPercentiles":[],"tenDayDecayingPercentileScore":0,"scoresByDay":[],"rankSummary":{"mean":322,"median":322,"max":322,"min":322},"percentileSummary":{"mean":88.64520693314468,"median":88.64520693314468,"max":88.64520693314468,"min":88.64520693314468}}