{"name":"PsychoD4D","scoreData":{"2020-09-29":{"id":76561197981354320,"name":"PsychoD4D","score":4700,"level":1,"character":0,"platform":18,"runframes":4953,"runend":1022,"unknown1":4294965303,"unknown2":20,"rank":5306,"percentile":5.132331902718164}},"tenDayPercentiles":[],"tenDayDecayingPercentileScore":0,"scoresByDay":[],"rankSummary":{"mean":5306,"median":5306,"max":5306,"min":5306},"percentileSummary":{"mean":5.132331902718164,"median":5.132331902718164,"max":5.132331902718164,"min":5.132331902718164}}