{"name":"Psychedelicide","scoreData":{"2020-09-17":{"id":1914301450275173400,"name":"Psychedelicide","score":3600,"level":1,"character":2,"platform":48,"runframes":2863,"runend":1022,"unknown1":1540,"unknown2":4294966782,"rank":2426,"percentile":14.22002122391227}},"tenDayPercentiles":[],"tenDayDecayingPercentileScore":0,"scoresByDay":[],"rankSummary":{"mean":2426,"median":2426,"max":2426,"min":2426},"percentileSummary":{"mean":14.22002122391227,"median":14.22002122391227,"max":14.22002122391227,"min":14.22002122391227}}