{"name":"psycho cows","scoreData":{"2020-11-02":{"id":7345268926255877000,"name":"psycho cows","score":10500,"level":3,"character":0,"platform":18,"runframes":13203,"runend":1020,"unknown1":258,"unknown2":22,"rank":2718,"percentile":39.25776883523362}},"tenDayDecayingPercentileMean":null,"rankSummary":{"mean":2718,"median":2718,"max":2718,"min":2718},"percentileSummary":{"mean":39.25776883523362,"median":39.25776883523362,"max":39.25776883523362,"min":39.25776883523362}}