{"name":"pthomas100","scoreData":{"2020-10-01":{"id":6132135924783666000,"name":"pthomas100","score":7100,"level":2,"character":0,"platform":18,"runframes":3124,"runend":1021,"unknown1":4046,"unknown2":521,"rank":5097,"percentile":33.76657135430206}},"tenDayPercentiles":[],"tenDayDecayingPercentileScore":0,"scoresByDay":[],"rankSummary":{"mean":5097,"median":5097,"max":5097,"min":5097},"percentileSummary":{"mean":33.76657135430206,"median":33.76657135430206,"max":33.76657135430206,"min":33.76657135430206}}