{"name":"PtrPanSyndrome","scoreData":{"2020-09-17":{"id":4833137178360079000,"name":"PtrPanSyndrome","score":2000,"level":1,"character":0,"platform":48,"runframes":1584,"runend":1022,"unknown1":4294965718,"unknown2":12,"rank":2643,"percentile":6.544039617969574}},"tenDayPercentiles":[],"tenDayDecayingPercentileScore":0,"scoresByDay":[],"rankSummary":{"mean":2643,"median":2643,"max":2643,"min":2643},"percentileSummary":{"mean":6.544039617969574,"median":6.544039617969574,"max":6.544039617969574,"min":6.544039617969574}}