{"name":"Pudsey132","scoreData":{"2020-09-16":{"id":770931446692924300,"name":"Pudsey132","score":16900,"level":2,"character":0,"platform":48,"runframes":9461,"runend":1021,"unknown1":4294965579,"unknown2":545,"rank":1664,"percentile":46.11147116007777}},"tenDayPercentiles":[],"tenDayDecayingPercentileScore":0,"scoresByDay":[],"rankSummary":{"mean":1664,"median":1664,"max":1664,"min":1664},"percentileSummary":{"mean":46.11147116007777,"median":46.11147116007777,"max":46.11147116007777,"min":46.11147116007777}}