{"name":"pulver_toast_","scoreData":{"2020-09-28":{"id":8751266351637057000,"name":"pulver_toast_","score":28075,"level":6,"character":0,"platform":48,"runframes":26285,"runend":1017,"unknown1":4294965892,"unknown2":4294966470,"rank":667,"percentile":69.1380908248378}},"tenDayPercentiles":[],"tenDayDecayingPercentileScore":0,"scoresByDay":[],"rankSummary":{"mean":667,"median":667,"max":667,"min":667},"percentileSummary":{"mean":69.1380908248378,"median":69.1380908248378,"max":69.1380908248378,"min":69.1380908248378}}