{"name":"Punished_Lolicon","scoreData":{"2020-10-02":{"id":1297318044109096000,"name":"Punished_Lolicon","score":15500,"level":5,"character":7,"platform":18,"runframes":15734,"runend":1018,"unknown1":1884,"unknown2":4294963526,"rank":1455,"percentile":80.51721827683238}},"tenDayPercentiles":[],"tenDayDecayingPercentileScore":0,"scoresByDay":[],"rankSummary":{"mean":1455,"median":1455,"max":1455,"min":1455},"percentileSummary":{"mean":80.51721827683238,"median":80.51721827683238,"max":80.51721827683238,"min":80.51721827683238}}