{"name":"punkhard316","scoreData":{"2020-11-10":{"id":76561198041756000,"name":"punkhard316","score":24875,"level":7,"character":8,"platform":18,"runframes":29786,"runend":1016,"unknown1":4294965842,"unknown2":1912,"rank":1168,"percentile":73.33180987202925}},"tenDayPercentiles":[73.33180987202925],"tenDayDecayingPercentileScore":25.569221075888947,"scoresByDay":[25.569221075888947],"rankSummary":{"mean":1168,"median":1168,"max":1168,"min":1168},"percentileSummary":{"mean":73.33180987202925,"median":73.33180987202925,"max":73.33180987202925,"min":73.33180987202925}}