{"name":"Punk HanS™","scoreData":{"2020-11-09":{"id":76561198283988690,"name":"Punk HanS™","score":7700,"level":1,"character":3,"platform":18,"runframes":3613,"runend":1022,"unknown1":4294966320,"unknown2":4294965342,"rank":3710,"percentile":14.989685995874396}},"tenDayDecayingPercentileMean":null,"rankSummary":{"mean":3710,"median":3710,"max":3710,"min":3710},"percentileSummary":{"mean":14.989685995874396,"median":14.989685995874396,"max":14.989685995874396,"min":14.989685995874396}}