{"name":"PuPPeT","scoreData":{"2020-09-30":{"id":76561198829916480,"name":"PuPPeT","score":2000,"level":1,"character":0,"platform":18,"runframes":1470,"runend":1022,"unknown1":3896,"unknown2":6226,"rank":7551,"percentile":2.2527187985499637}},"tenDayPercentiles":[],"tenDayDecayingPercentileScore":0,"scoresByDay":[],"rankSummary":{"mean":7551,"median":7551,"max":7551,"min":7551},"percentileSummary":{"mean":2.2527187985499637,"median":2.2527187985499637,"max":2.2527187985499637,"min":2.2527187985499637}}