{"name":"Pure--Pazaak","scoreData":{"2020-09-24":{"id":1640255562043199200,"name":"Pure--Pazaak","score":5600,"level":1,"character":0,"platform":48,"runframes":4456,"runend":1022,"unknown1":736,"unknown2":4294966010,"rank":2109,"percentile":8.586296617519523}},"tenDayPercentiles":[],"tenDayDecayingPercentileScore":0,"scoresByDay":[],"rankSummary":{"mean":2109,"median":2109,"max":2109,"min":2109},"percentileSummary":{"mean":8.586296617519523,"median":8.586296617519523,"max":8.586296617519523,"min":8.586296617519523}}