{"name":"purpledrank","scoreData":{"2020-11-07":{"id":3294200008975296000,"name":"purpledrank","score":3500,"level":1,"character":18,"platform":18,"runframes":835,"runend":1022,"unknown1":4294965450,"unknown2":4294964579,"rank":4584,"percentile":4.041038525963145}},"tenDayPercentiles":[],"tenDayDecayingPercentileScore":0,"scoresByDay":[],"rankSummary":{"mean":4584,"median":4584,"max":4584,"min":4584},"percentileSummary":{"mean":4.041038525963145,"median":4.041038525963145,"max":4.041038525963145,"min":4.041038525963145}}