{"name":"purple-filth88","scoreData":{"2020-09-29":{"id":230925356364167680,"name":"purple-filth88","score":41425,"level":6,"character":2,"platform":48,"runframes":28173,"runend":1017,"unknown1":1805,"unknown2":1266,"rank":817,"percentile":85.4077253218884}},"tenDayPercentiles":[],"tenDayDecayingPercentileScore":0,"scoresByDay":[],"rankSummary":{"mean":817,"median":817,"max":817,"min":817},"percentileSummary":{"mean":85.4077253218884,"median":85.4077253218884,"max":85.4077253218884,"min":85.4077253218884}}