{"name":"PurpleHail","scoreData":{"2020-09-30":{"id":76561198137433680,"name":"PurpleHail","score":12600,"level":3,"character":1,"platform":18,"runframes":16319,"runend":1020,"unknown1":4294965783,"unknown2":51,"rank":3015,"percentile":60.97876747799068}},"tenDayPercentiles":[],"tenDayDecayingPercentileScore":0,"scoresByDay":[],"rankSummary":{"mean":3015,"median":3015,"max":3015,"min":3015},"percentileSummary":{"mean":60.97876747799068,"median":60.97876747799068,"max":60.97876747799068,"min":60.97876747799068}}