{"name":"Puujalkakeisari","scoreData":{"2020-10-04":{"id":76561198103573200,"name":"Puujalkakeisari","score":17100,"level":4,"character":3,"platform":18,"runframes":12445,"runend":1019,"unknown1":1289,"unknown2":76,"rank":2643,"percentile":64.82960596379127}},"tenDayPercentiles":[],"tenDayDecayingPercentileScore":0,"scoresByDay":[],"rankSummary":{"mean":2643,"median":2643,"max":2643,"min":2643},"percentileSummary":{"mean":64.82960596379127,"median":64.82960596379127,"max":64.82960596379127,"min":64.82960596379127}}