{"name":"pwnius","scoreData":{"2020-09-26":{"id":1815712598382418400,"name":"pwnius","score":32900,"level":4,"character":7,"platform":48,"runframes":23806,"runend":1019,"unknown1":1379,"unknown2":73,"rank":746,"percentile":71.29094412331406}},"tenDayPercentiles":[],"tenDayDecayingPercentileScore":0,"scoresByDay":[],"rankSummary":{"mean":746,"median":746,"max":746,"min":746},"percentileSummary":{"mean":71.29094412331406,"median":71.29094412331406,"max":71.29094412331406,"min":71.29094412331406}}