{"name":"PXXNZ","scoreData":{"2020-09-30":{"id":76561198390267200,"name":"PXXNZ","score":9600,"level":2,"character":3,"platform":18,"runframes":2861,"runend":1021,"unknown1":4294964106,"unknown2":69,"rank":5083,"percentile":34.20507509062661}},"tenDayPercentiles":[],"tenDayDecayingPercentileScore":0,"scoresByDay":[],"rankSummary":{"mean":5083,"median":5083,"max":5083,"min":5083},"percentileSummary":{"mean":34.20507509062661,"median":34.20507509062661,"max":34.20507509062661,"min":34.20507509062661}}