{"name":"PyraQ","scoreData":{"2020-09-29":{"id":76561198071213200,"name":"PyraQ","score":3000,"level":1,"character":0,"platform":18,"runframes":8594,"runend":1022,"unknown1":1538,"unknown2":365,"rank":5440,"percentile":2.7360515021459264}},"tenDayPercentiles":[],"tenDayDecayingPercentileScore":0,"scoresByDay":[],"rankSummary":{"mean":5440,"median":5440,"max":5440,"min":5440},"percentileSummary":{"mean":2.7360515021459264,"median":2.7360515021459264,"max":2.7360515021459264,"min":2.7360515021459264}}