{"name":"Pyxotarsis","scoreData":{"2020-10-07":{"id":76561198077562110,"name":"Pyxotarsis","score":0,"level":1,"character":0,"platform":18,"runframes":1615,"runend":1022,"unknown1":4294966847,"unknown2":2184,"rank":6472,"percentile":0.8123850398528418}},"tenDayPercentiles":[],"tenDayDecayingPercentileScore":0,"scoresByDay":[],"rankSummary":{"mean":6472,"median":6472,"max":6472,"min":6472},"percentileSummary":{"mean":0.8123850398528418,"median":0.8123850398528418,"max":0.8123850398528418,"min":0.8123850398528418}}