{"name":"PzYcHoTiK","scoreData":{"2020-10-31":{"id":76561198257182850,"name":"PzYcHoTiK","score":6800,"level":1,"character":0,"platform":48,"runframes":3040,"runend":1022,"unknown1":1934,"unknown2":2125,"rank":4308,"percentile":9.383547233326311}},"tenDayPercentiles":[],"tenDayDecayingPercentileScore":0,"scoresByDay":[],"rankSummary":{"mean":4308,"median":4308,"max":4308,"min":4308},"percentileSummary":{"mean":9.383547233326311,"median":9.383547233326311,"max":9.383547233326311,"min":9.383547233326311}}