{"name":"4chan.org/vg/d2g","scoreData":{"2020-10-28":{"id":76561198243294420,"name":"4chan.org/vg/d2g","score":6000000,"level":117,"character":2,"platform":18,"runframes":0,"runend":138,"unknown1":4294967175,"unknown2":749,"rank":4,"percentile":99.93903678114205}},"tenDayPercentiles":[],"tenDayDecayingPercentileScore":0,"scoresByDay":[],"rankSummary":{"mean":4,"median":4,"max":4,"min":4},"percentileSummary":{"mean":99.93903678114205,"median":99.93903678114205,"max":99.93903678114205,"min":99.93903678114205}}