{"name":"4lpha","scoreData":{"2020-10-20":{"id":76561198361653250,"name":"4lpha","score":3300,"level":1,"character":4,"platform":18,"runframes":2491,"runend":1022,"unknown1":4294965050,"unknown2":336,"rank":5238,"percentile":3.018518518518519}},"tenDayPercentiles":[],"tenDayDecayingPercentileScore":0,"scoresByDay":[],"rankSummary":{"mean":5238,"median":5238,"max":5238,"min":5238},"percentileSummary":{"mean":3.018518518518519,"median":3.018518518518519,"max":3.018518518518519,"min":3.018518518518519}}