{"name":"k-500f","scoreData":{"2020-09-19":{"id":4345283025950838000,"name":"k-500f","score":1000,"level":1,"character":3,"platform":48,"runframes":855,"runend":1022,"unknown1":329,"unknown2":4294966172,"rank":2891,"percentile":3.538050734312421}},"tenDayPercentiles":[],"tenDayDecayingPercentileScore":0,"scoresByDay":[],"rankSummary":{"mean":2891,"median":2891,"max":2891,"min":2891},"percentileSummary":{"mean":3.538050734312421,"median":3.538050734312421,"max":3.538050734312421,"min":3.538050734312421}}