{"name":"k10THATguyd","scoreData":{"2020-09-26":{"id":7632707293486075000,"name":"k10THATguyd","score":1500,"level":1,"character":0,"platform":48,"runframes":4557,"runend":1022,"unknown1":87,"unknown2":999,"rank":2566,"percentile":1.1560693641618514}},"tenDayPercentiles":[],"tenDayDecayingPercentileScore":0,"scoresByDay":[],"rankSummary":{"mean":2566,"median":2566,"max":2566,"min":2566},"percentileSummary":{"mean":1.1560693641618514,"median":1.1560693641618514,"max":1.1560693641618514,"min":1.1560693641618514}}