{"name":"K1dCuervo","scoreData":{"2020-09-20":{"id":1085383873516651600,"name":"K1dCuervo","score":49525,"level":7,"character":4,"platform":48,"runframes":56558,"runend":1016,"unknown1":4294965880,"unknown2":11,"rank":286,"percentile":90.41694687289845}},"tenDayPercentiles":[],"tenDayDecayingPercentileScore":0,"scoresByDay":[],"rankSummary":{"mean":286,"median":286,"max":286,"min":286},"percentileSummary":{"mean":90.41694687289845,"median":90.41694687289845,"max":90.41694687289845,"min":90.41694687289845}}