{"name":"k_marko2000","scoreData":{"2020-09-23":{"id":8589241237295275000,"name":"k_marko2000","score":12175,"level":8,"character":4,"platform":48,"runframes":22721,"runend":1015,"unknown1":4294965378,"unknown2":4294965386,"rank":217,"percentile":91.02244389027432}},"tenDayPercentiles":[],"tenDayDecayingPercentileScore":0,"scoresByDay":[],"rankSummary":{"mean":217,"median":217,"max":217,"min":217},"percentileSummary":{"mean":91.02244389027432,"median":91.02244389027432,"max":91.02244389027432,"min":91.02244389027432}}