{"name":"K_RARE","scoreData":{"2020-10-07":{"id":76561198146907100,"name":"K_RARE","score":984550,"level":9,"character":8,"platform":18,"runframes":1456,"runend":1014,"unknown1":4294963927,"unknown2":4294962864,"rank":285,"percentile":95.6468424279583}},"tenDayPercentiles":[],"tenDayDecayingPercentileScore":0,"scoresByDay":[],"rankSummary":{"mean":285,"median":285,"max":285,"min":285},"percentileSummary":{"mean":95.6468424279583,"median":95.6468424279583,"max":95.6468424279583,"min":95.6468424279583}}