{"name":"ka1inka","scoreData":{"2020-10-05":{"id":76561198055005060,"name":"ka1inka","score":35900,"level":4,"character":0,"platform":18,"runframes":26761,"runend":1019,"unknown1":3004,"unknown2":4499,"rank":2563,"percentile":62.38990017615972}},"tenDayPercentiles":[],"tenDayDecayingPercentileScore":0,"scoresByDay":[],"rankSummary":{"mean":2563,"median":2563,"max":2563,"min":2563},"percentileSummary":{"mean":62.38990017615972,"median":62.38990017615972,"max":62.38990017615972,"min":62.38990017615972}}