{"name":"Kabi the Lost","scoreData":{"2020-10-01":{"id":76561198066331300,"name":"Kabi the Lost","score":6100,"level":1,"character":0,"platform":18,"runframes":7178,"runend":1022,"unknown1":2041,"unknown2":565,"rank":5614,"percentile":27.04704964907721}},"tenDayPercentiles":[],"tenDayDecayingPercentileScore":0,"scoresByDay":[],"rankSummary":{"mean":5614,"median":5614,"max":5614,"min":5614},"percentileSummary":{"mean":27.04704964907721,"median":27.04704964907721,"max":27.04704964907721,"min":27.04704964907721}}