{"name":"Kadabrahamsen","scoreData":{"2020-09-25":{"id":2385965596806983000,"name":"Kadabrahamsen","score":17200,"level":4,"character":0,"platform":48,"runframes":16677,"runend":1019,"unknown1":911,"unknown2":1025,"rank":792,"percentile":65.57876414273281}},"tenDayPercentiles":[],"tenDayDecayingPercentileScore":0,"scoresByDay":[],"rankSummary":{"mean":792,"median":792,"max":792,"min":792},"percentileSummary":{"mean":65.57876414273281,"median":65.57876414273281,"max":65.57876414273281,"min":65.57876414273281}}