{"name":"Kafka912","scoreData":{"2020-09-15":{"id":3139891540839359500,"name":"Kafka912","score":7700,"level":1,"character":0,"platform":48,"runframes":3397,"runend":1022,"unknown1":1113,"unknown2":230,"rank":1507,"percentile":17.07048458149781}},"tenDayPercentiles":[],"tenDayDecayingPercentileScore":0,"scoresByDay":[],"rankSummary":{"mean":1507,"median":1507,"max":1507,"min":1507},"percentileSummary":{"mean":17.07048458149781,"median":17.07048458149781,"max":17.07048458149781,"min":17.07048458149781}}