{"name":"Kai","scoreData":{"2020-10-01":{"id":76561198142415840,"name":"Kai","score":2000,"level":2,"character":2,"platform":18,"runframes":13212,"runend":1021,"unknown1":3024,"unknown2":2062,"rank":5254,"percentile":31.726020275539383}},"tenDayPercentiles":[],"tenDayDecayingPercentileScore":0,"scoresByDay":[],"rankSummary":{"mean":5254,"median":5254,"max":5254,"min":5254},"percentileSummary":{"mean":31.726020275539383,"median":31.726020275539383,"max":31.726020275539383,"min":31.726020275539383}}