{"name":"kaito_louco","scoreData":{"2020-09-30":{"id":1755298932563658000,"name":"kaito_louco","score":9500,"level":4,"character":8,"platform":18,"runframes":24832,"runend":1019,"unknown1":4294966566,"unknown2":4294964081,"rank":1953,"percentile":74.72812014500259}},"tenDayPercentiles":[],"tenDayDecayingPercentileScore":0,"scoresByDay":[],"rankSummary":{"mean":1953,"median":1953,"max":1953,"min":1953},"percentileSummary":{"mean":74.72812014500259,"median":74.72812014500259,"max":74.72812014500259,"min":74.72812014500259}}