{"name":"kaizerice","scoreData":{"2020-10-10":{"id":76561198137535470,"name":"kaizerice","score":600,"level":1,"character":0,"platform":48,"runframes":3186,"runend":1022,"unknown1":4294967172,"unknown2":2007,"rank":6266,"percentile":5.0181928441479755}},"tenDayPercentiles":[],"tenDayDecayingPercentileScore":0,"scoresByDay":[],"rankSummary":{"mean":6266,"median":6266,"max":6266,"min":6266},"percentileSummary":{"mean":5.0181928441479755,"median":5.0181928441479755,"max":5.0181928441479755,"min":5.0181928441479755}}