{"name":"kakkinhowojtylla","scoreData":{"2020-10-07":{"id":7330065554753886000,"name":"kakkinhowojtylla","score":11300,"level":2,"character":3,"platform":18,"runframes":9715,"runend":1021,"unknown1":4294965809,"unknown2":268,"rank":3272,"percentile":49.86204782342122}},"tenDayPercentiles":[],"tenDayDecayingPercentileScore":0,"scoresByDay":[],"rankSummary":{"mean":3272,"median":3272,"max":3272,"min":3272},"percentileSummary":{"mean":49.86204782342122,"median":49.86204782342122,"max":49.86204782342122,"min":49.86204782342122}}