{"name":"KalashnikovIRE","scoreData":{"2020-10-20":{"id":76561198159318400,"name":"KalashnikovIRE","score":26350,"level":5,"character":7,"platform":48,"runframes":18273,"runend":1018,"unknown1":4294965365,"unknown2":4294963125,"rank":2436,"percentile":54.907407407407405}},"tenDayPercentiles":[],"tenDayDecayingPercentileScore":0,"scoresByDay":[],"rankSummary":{"mean":2436,"median":2436,"max":2436,"min":2436},"percentileSummary":{"mean":54.907407407407405,"median":54.907407407407405,"max":54.907407407407405,"min":54.907407407407405}}