{"name":"kallebourghardt","scoreData":{"2020-10-20":{"id":5703215447927888000,"name":"kallebourghardt","score":17200,"level":5,"character":7,"platform":48,"runframes":20182,"runend":1018,"unknown1":4294964970,"unknown2":79,"rank":2718,"percentile":49.68518518518519}},"tenDayPercentiles":[],"tenDayDecayingPercentileScore":0,"scoresByDay":[],"rankSummary":{"mean":2718,"median":2718,"max":2718,"min":2718},"percentileSummary":{"mean":49.68518518518519,"median":49.68518518518519,"max":49.68518518518519,"min":49.68518518518519}}