{"name":"KAMBEENIE","scoreData":{"2020-11-09":{"id":76561197996025800,"name":"KAMBEENIE","score":51350,"level":9,"character":7,"platform":18,"runframes":33353,"runend":1014,"unknown1":144,"unknown2":997,"rank":587,"percentile":86.56887462754986}},"tenDayPercentiles":[],"tenDayDecayingPercentileScore":0,"scoresByDay":[],"rankSummary":{"mean":587,"median":587,"max":587,"min":587},"percentileSummary":{"mean":86.56887462754986,"median":86.56887462754986,"max":86.56887462754986,"min":86.56887462754986}}