{"name":"Kamikaze4x","scoreData":{"2020-09-25":{"id":4559354999885537300,"name":"Kamikaze4x","score":500,"level":1,"character":3,"platform":48,"runframes":1321,"runend":1022,"unknown1":4294966944,"unknown2":453,"rank":2288,"percentile":0.4786771105308958}},"tenDayPercentiles":[],"tenDayDecayingPercentileScore":0,"scoresByDay":[],"rankSummary":{"mean":2288,"median":2288,"max":2288,"min":2288},"percentileSummary":{"mean":0.4786771105308958,"median":0.4786771105308958,"max":0.4786771105308958,"min":0.4786771105308958}}