{"name":"kampfgnomus","scoreData":{"2020-11-18":{"id":76561198038132860,"name":"kampfgnomus","score":21600,"level":5,"character":0,"platform":48,"runframes":35882,"runend":1018,"unknown1":4294964461,"unknown2":4294964081,"rank":2095,"percentile":47.8585657370518}},"tenDayPercentiles":[47.8585657370518],"tenDayDecayingPercentileScore":34.88889442231076,"scoresByDay":[34.88889442231076],"rankSummary":{"mean":2095,"median":2095,"max":2095,"min":2095},"percentileSummary":{"mean":47.8585657370518,"median":47.8585657370518,"max":47.8585657370518,"min":47.8585657370518}}