{"name":"Kangg","scoreData":{"2020-11-16":{"id":76561199076516640,"name":"Kangg","score":7000,"level":4,"character":3,"platform":18,"runframes":6212,"runend":1019,"unknown1":3751,"unknown2":844,"rank":2036,"percentile":47.87397540983606}},"tenDayPercentiles":[47.87397540983606],"tenDayDecayingPercentileScore":31.410115266393447,"scoresByDay":[31.410115266393447],"rankSummary":{"mean":2036,"median":2036,"max":2036,"min":2036},"percentileSummary":{"mean":47.87397540983606,"median":47.87397540983606,"max":47.87397540983606,"min":47.87397540983606}}