{"name":"Kaos","scoreData":{"2020-10-02":{"id":5830043031591854000,"name":"Kaos","score":0,"level":1,"character":0,"platform":18,"runframes":813,"runend":1022,"unknown1":596,"unknown2":4294964405,"rank":7374,"percentile":1.2059493501272982}},"tenDayPercentiles":[],"tenDayDecayingPercentileScore":0,"scoresByDay":[],"rankSummary":{"mean":7374,"median":7374,"max":7374,"min":7374},"percentileSummary":{"mean":1.2059493501272982,"median":1.2059493501272982,"max":1.2059493501272982,"min":1.2059493501272982}}