{"name":"Kapish","scoreData":{"2020-10-10":{"id":76561198029587660,"name":"Kapish","score":7800,"level":2,"character":5,"platform":18,"runframes":5461,"runend":1021,"unknown1":4294962125,"unknown2":4294960983,"rank":3997,"percentile":39.41782898726501}},"tenDayPercentiles":[],"tenDayDecayingPercentileScore":0,"scoresByDay":[],"rankSummary":{"mean":3997,"median":3997,"max":3997,"min":3997},"percentileSummary":{"mean":39.41782898726501,"median":39.41782898726501,"max":39.41782898726501,"min":39.41782898726501}}