{"name":"Kaptain-Kohl","scoreData":{"2020-09-16":{"id":2996187512782378000,"name":"Kaptain-Kohl","score":17650,"level":4,"character":3,"platform":48,"runframes":26892,"runend":1019,"unknown1":4294967014,"unknown2":4294964731,"rank":597,"percentile":80.68697342838627}},"tenDayPercentiles":[],"tenDayDecayingPercentileScore":0,"scoresByDay":[],"rankSummary":{"mean":597,"median":597,"max":597,"min":597},"percentileSummary":{"mean":80.68697342838627,"median":80.68697342838627,"max":80.68697342838627,"min":80.68697342838627}}