{"name":"Karlos","scoreData":{"2020-10-07":{"id":76561198042676240,"name":"Karlos","score":3000,"level":1,"character":0,"platform":18,"runframes":2794,"runend":1022,"unknown1":4294966092,"unknown2":4294966390,"rank":6167,"percentile":5.487431023911711}},"tenDayPercentiles":[],"tenDayDecayingPercentileScore":0,"scoresByDay":[],"rankSummary":{"mean":6167,"median":6167,"max":6167,"min":6167},"percentileSummary":{"mean":5.487431023911711,"median":5.487431023911711,"max":5.487431023911711,"min":5.487431023911711}}