{"name":"karl2007","scoreData":{"2020-11-15":{"id":76561198060611860,"name":"karl2007","score":15700,"level":2,"character":8,"platform":18,"runframes":10521,"runend":1021,"unknown1":4294965741,"unknown2":60,"rank":2777,"percentile":35.48686962584243}},"tenDayPercentiles":[35.48686962584243],"tenDayDecayingPercentileScore":16.973259732744598,"scoresByDay":[16.973259732744598],"rankSummary":{"mean":2777,"median":2777,"max":2777,"min":2777},"percentileSummary":{"mean":35.48686962584243,"median":35.48686962584243,"max":35.48686962584243,"min":35.48686962584243}}