{"name":"KarmaPoliceman94","scoreData":{"2020-09-15":{"id":7359137232539364000,"name":"KarmaPoliceman94","score":9300,"level":2,"character":0,"platform":48,"runframes":8596,"runend":1021,"unknown1":4294967188,"unknown2":169,"rank":952,"percentile":47.63215859030837}},"tenDayPercentiles":[],"tenDayDecayingPercentileScore":0,"scoresByDay":[],"rankSummary":{"mean":952,"median":952,"max":952,"min":952},"percentileSummary":{"mean":47.63215859030837,"median":47.63215859030837,"max":47.63215859030837,"min":47.63215859030837}}