{"name":"karoakeprincess","scoreData":{"2020-10-31":{"id":76561198047009150,"name":"karoakeprincess","score":500,"level":1,"character":7,"platform":18,"runframes":574,"runend":1022,"unknown1":4294967123,"unknown2":4294966687,"rank":4671,"percentile":1.7462655165158907}},"tenDayPercentiles":[],"tenDayDecayingPercentileScore":0,"scoresByDay":[],"rankSummary":{"mean":4671,"median":4671,"max":4671,"min":4671},"percentileSummary":{"mean":1.7462655165158907,"median":1.7462655165158907,"max":1.7462655165158907,"min":1.7462655165158907}}