{"name":"karslatt","scoreData":{"2020-10-29":{"id":6602045196663241000,"name":"karslatt","score":7400,"level":2,"character":0,"platform":48,"runframes":6940,"runend":1021,"unknown1":88,"unknown2":1199,"rank":3839,"percentile":19.75747438845913}},"tenDayPercentiles":[],"tenDayDecayingPercentileScore":0,"scoresByDay":[],"rankSummary":{"mean":3839,"median":3839,"max":3839,"min":3839},"percentileSummary":{"mean":19.75747438845913,"median":19.75747438845913,"max":19.75747438845913,"min":19.75747438845913}}