{"name":"Kartoffel000","scoreData":{"2020-10-31":{"id":5684095649261092000,"name":"Kartoffel000","score":47425,"level":14,"character":7,"platform":18,"runframes":70397,"runend":1009,"unknown1":4294966410,"unknown2":88,"rank":152,"percentile":96.82305912055544}},"tenDayPercentiles":[],"tenDayDecayingPercentileScore":0,"scoresByDay":[],"rankSummary":{"mean":152,"median":152,"max":152,"min":152},"percentileSummary":{"mean":96.82305912055544,"median":96.82305912055544,"max":96.82305912055544,"min":96.82305912055544}}