{"name":"Kaspbrak","scoreData":{"2020-10-08":{"id":76561198121317920,"name":"Kaspbrak","score":16300,"level":5,"character":5,"platform":18,"runframes":28044,"runend":1018,"unknown1":1692,"unknown2":11,"rank":1784,"percentile":71.87253510017354}},"tenDayPercentiles":[],"tenDayDecayingPercentileScore":0,"scoresByDay":[],"rankSummary":{"mean":1784,"median":1784,"max":1784,"min":1784},"percentileSummary":{"mean":71.87253510017354,"median":71.87253510017354,"max":71.87253510017354,"min":71.87253510017354}}