{"name":"Kath","scoreData":{"2020-11-21":{"id":8812354606505845000,"name":"Kath","score":24900,"level":4,"character":5,"platform":18,"runframes":10911,"runend":1019,"unknown1":4294967072,"unknown2":2267,"rank":2221,"percentile":46.518911105757645}},"tenDayPercentiles":[46.518911105757645],"tenDayDecayingPercentileScore":41.867019995181884,"scoresByDay":[41.867019995181884],"rankSummary":{"mean":2221,"median":2221,"max":2221,"min":2221},"percentileSummary":{"mean":46.518911105757645,"median":46.518911105757645,"max":46.518911105757645,"min":46.518911105757645}}