{"name":"katlezymcfly","scoreData":{"2020-10-13":{"id":76561198025334320,"name":"katlezymcfly","score":1500,"level":2,"character":3,"platform":48,"runframes":2388,"runend":1021,"unknown1":1766,"unknown2":4294964311,"rank":5234,"percentile":10.775788576300087}},"tenDayPercentiles":[],"tenDayDecayingPercentileScore":0,"scoresByDay":[],"rankSummary":{"mean":5234,"median":5234,"max":5234,"min":5234},"percentileSummary":{"mean":10.775788576300087,"median":10.775788576300087,"max":10.775788576300087,"min":10.775788576300087}}