{"name":"Katy:3","scoreData":{"2020-10-27":{"id":5873613007546613000,"name":"Katy:3","score":9200,"level":4,"character":14,"platform":18,"runframes":16091,"runend":1019,"unknown1":4294965451,"unknown2":4294965581,"rank":1865,"percentile":62.54771950974482}},"tenDayDecayingPercentileMean":null,"rankSummary":{"mean":1865,"median":1865,"max":1865,"min":1865},"percentileSummary":{"mean":62.54771950974482,"median":62.54771950974482,"max":62.54771950974482,"min":62.54771950974482}}