{"name":"kauvedoble","scoreData":{"2020-09-19":{"id":2386341313971702000,"name":"kauvedoble","score":7200,"level":2,"character":7,"platform":48,"runframes":6494,"runend":1021,"unknown1":2415,"unknown2":399,"rank":1628,"percentile":45.694259012016026}},"tenDayPercentiles":[],"tenDayDecayingPercentileScore":0,"scoresByDay":[],"rankSummary":{"mean":1628,"median":1628,"max":1628,"min":1628},"percentileSummary":{"mean":45.694259012016026,"median":45.694259012016026,"max":45.694259012016026,"min":45.694259012016026}}