{"name":"KawaiiHawaii","scoreData":{"2020-10-29":{"id":76561198070235980,"name":"KawaiiHawaii","score":9500,"level":2,"character":5,"platform":18,"runframes":6500,"runend":1021,"unknown1":42,"unknown2":343,"rank":3712,"percentile":22.412711687225595}},"tenDayPercentiles":[],"tenDayDecayingPercentileScore":0,"scoresByDay":[],"rankSummary":{"mean":3712,"median":3712,"max":3712,"min":3712},"percentileSummary":{"mean":22.412711687225595,"median":22.412711687225595,"max":22.412711687225595,"min":22.412711687225595}}