{"name":"kawwe","scoreData":{"2020-10-01":{"id":5683815916034447000,"name":"kawwe","score":4000,"level":1,"character":0,"platform":18,"runframes":3298,"runend":1022,"unknown1":4294962133,"unknown2":47,"rank":6776,"percentile":11.944372238107619}},"tenDayPercentiles":[],"tenDayDecayingPercentileScore":0,"scoresByDay":[],"rankSummary":{"mean":6776,"median":6776,"max":6776,"min":6776},"percentileSummary":{"mean":11.944372238107619,"median":11.944372238107619,"max":11.944372238107619,"min":11.944372238107619}}