{"name":"kayhauschildt","scoreData":{"2020-10-06":{"id":76561198042694510,"name":"kayhauschildt","score":9900,"level":3,"character":7,"platform":18,"runframes":44878,"runend":1020,"unknown1":4294966202,"unknown2":4294961236,"rank":3608,"percentile":46.916850625459894}},"tenDayPercentiles":[],"tenDayDecayingPercentileScore":0,"scoresByDay":[],"rankSummary":{"mean":3608,"median":3608,"max":3608,"min":3608},"percentileSummary":{"mean":46.916850625459894,"median":46.916850625459894,"max":46.916850625459894,"min":46.916850625459894}}