{"name":"KaZerr_","scoreData":{"2020-11-20":{"id":6618470574939083000,"name":"KaZerr_","score":33700,"level":9,"character":7,"platform":48,"runframes":41621,"runend":1014,"unknown1":4294964842,"unknown2":1273,"rank":723,"percentile":82.12871287128712}},"tenDayPercentiles":[],"tenDayDecayingPercentileScore":0,"scoresByDay":[],"rankSummary":{"mean":723,"median":723,"max":723,"min":723},"percentileSummary":{"mean":82.12871287128712,"median":82.12871287128712,"max":82.12871287128712,"min":82.12871287128712}}