{"name":"KBPorter","scoreData":{"2020-09-21":{"id":5771461107136664000,"name":"KBPorter","score":12200,"level":4,"character":7,"platform":48,"runframes":16594,"runend":1019,"unknown1":1354,"unknown2":169,"rank":908,"percentile":63.67641169403284}},"tenDayPercentiles":[],"tenDayDecayingPercentileScore":0,"scoresByDay":[],"rankSummary":{"mean":908,"median":908,"max":908,"min":908},"percentileSummary":{"mean":63.67641169403284,"median":63.67641169403284,"max":63.67641169403284,"min":63.67641169403284}}