{"name":"kbrenn91","scoreData":{"2020-10-03":{"id":76561197962255740,"name":"kbrenn91","score":3700,"level":2,"character":3,"platform":18,"runframes":7438,"runend":1021,"unknown1":4294965298,"unknown2":2185,"rank":6303,"percentile":20.20764750569765}},"tenDayPercentiles":[],"tenDayDecayingPercentileScore":0,"scoresByDay":[],"rankSummary":{"mean":6303,"median":6303,"max":6303,"min":6303},"percentileSummary":{"mean":20.20764750569765,"median":20.20764750569765,"max":20.20764750569765,"min":20.20764750569765}}