{"name":"KBthaDon","scoreData":{"2020-09-24":{"id":2286799653870199600,"name":"KBthaDon","score":6800,"level":3,"character":3,"platform":48,"runframes":33408,"runend":1020,"unknown1":4294967176,"unknown2":4294966231,"rank":1003,"percentile":56.548135299219425}},"tenDayPercentiles":[],"tenDayDecayingPercentileScore":0,"scoresByDay":[],"rankSummary":{"mean":1003,"median":1003,"max":1003,"min":1003},"percentileSummary":{"mean":56.548135299219425,"median":56.548135299219425,"max":56.548135299219425,"min":56.548135299219425}}