{"name":"KeeEZ","scoreData":{"2020-10-04":{"id":76561197992741680,"name":"KeeEZ","score":6000,"level":4,"character":7,"platform":18,"runframes":4423,"runend":1019,"unknown1":2570,"unknown2":45,"rank":3633,"percentile":51.6506922257721}},"tenDayPercentiles":[],"tenDayDecayingPercentileScore":0,"scoresByDay":[],"rankSummary":{"mean":3633,"median":3633,"max":3633,"min":3633},"percentileSummary":{"mean":51.6506922257721,"median":51.6506922257721,"max":51.6506922257721,"min":51.6506922257721}}