{"name":"kees 14","scoreData":{"2020-10-03":{"id":76561198257165490,"name":"kees 14","score":8000,"level":1,"character":0,"platform":18,"runframes":6118,"runend":1022,"unknown1":4294961808,"unknown2":4294963871,"rank":7215,"percentile":8.660420359584705}},"tenDayDecayingPercentileMean":null,"rankSummary":{"mean":7215,"median":7215,"max":7215,"min":7215},"percentileSummary":{"mean":8.660420359584705,"median":8.660420359584705,"max":8.660420359584705,"min":8.660420359584705}}