{"name":"Kekno","scoreData":{"2020-10-04":{"id":2736352650844941000,"name":"Kekno","score":10000,"level":4,"character":7,"platform":18,"runframes":7497,"runend":1019,"unknown1":4294964051,"unknown2":407,"rank":3380,"percentile":55.018636847710326}},"tenDayPercentiles":[],"tenDayDecayingPercentileScore":0,"scoresByDay":[],"rankSummary":{"mean":3380,"median":3380,"max":3380,"min":3380},"percentileSummary":{"mean":55.018636847710326,"median":55.018636847710326,"max":55.018636847710326,"min":55.018636847710326}}