{"name":"kelly_0810","scoreData":{"2020-09-20":{"id":2361602283635448000,"name":"kelly_0810","score":5100,"level":1,"character":1,"platform":48,"runframes":1472,"runend":1022,"unknown1":730,"unknown2":4294967053,"rank":2690,"percentile":9.58305312710155}},"tenDayPercentiles":[],"tenDayDecayingPercentileScore":0,"scoresByDay":[],"rankSummary":{"mean":2690,"median":2690,"max":2690,"min":2690},"percentileSummary":{"mean":9.58305312710155,"median":9.58305312710155,"max":9.58305312710155,"min":9.58305312710155}}