{"name":"Kelpsters","scoreData":{"2020-09-30":{"id":5823009669995230000,"name":"Kelpsters","score":6800,"level":1,"character":0,"platform":18,"runframes":3388,"runend":1022,"unknown1":6123,"unknown2":36,"rank":6765,"percentile":12.428793371310192}},"tenDayPercentiles":[],"tenDayDecayingPercentileScore":0,"scoresByDay":[],"rankSummary":{"mean":6765,"median":6765,"max":6765,"min":6765},"percentileSummary":{"mean":12.428793371310192,"median":12.428793371310192,"max":12.428793371310192,"min":12.428793371310192}}