{"name":"kennethwilliams9","scoreData":{"2020-11-06":{"id":76561198058564020,"name":"kennethwilliams9","score":7300,"level":3,"character":0,"platform":48,"runframes":19825,"runend":1020,"unknown1":4294965706,"unknown2":4294967259,"rank":3334,"percentile":26.50496141124586}},"tenDayPercentiles":[],"tenDayDecayingPercentileScore":0,"scoresByDay":[],"rankSummary":{"mean":3334,"median":3334,"max":3334,"min":3334},"percentileSummary":{"mean":26.50496141124586,"median":26.50496141124586,"max":26.50496141124586,"min":26.50496141124586}}