{"name":"kennyjewels","scoreData":{"2020-10-17":{"id":5863217773768369000,"name":"kennyjewels","score":500,"level":1,"character":0,"platform":48,"runframes":11691,"runend":1022,"unknown1":2503,"unknown2":3263,"rank":5555,"percentile":5.02735978112176}},"tenDayPercentiles":[],"tenDayDecayingPercentileScore":0,"scoresByDay":[],"rankSummary":{"mean":5555,"median":5555,"max":5555,"min":5555},"percentileSummary":{"mean":5.02735978112176,"median":5.02735978112176,"max":5.02735978112176,"min":5.02735978112176}}