{"name":"Kenneckz","scoreData":{"2020-09-16":{"id":5811672806208291000,"name":"Kenneckz","score":12300,"level":4,"character":7,"platform":48,"runframes":8807,"runend":1019,"unknown1":4294965570,"unknown2":4294966644,"rank":666,"percentile":78.45106934543098}},"tenDayPercentiles":[],"tenDayDecayingPercentileScore":0,"scoresByDay":[],"rankSummary":{"mean":666,"median":666,"max":666,"min":666},"percentileSummary":{"mean":78.45106934543098,"median":78.45106934543098,"max":78.45106934543098,"min":78.45106934543098}}