{"name":"Kenshin Hayate","scoreData":{"2020-10-17":{"id":76561198256529380,"name":"Kenshin Hayate","score":3700,"level":2,"character":0,"platform":18,"runframes":8826,"runend":1021,"unknown1":2461,"unknown2":556,"rank":4427,"percentile":24.31600547195623}},"tenDayDecayingPercentileMean":null,"rankSummary":{"mean":4427,"median":4427,"max":4427,"min":4427},"percentileSummary":{"mean":24.31600547195623,"median":24.31600547195623,"max":24.31600547195623,"min":24.31600547195623}}