{"name":"kerchungus","scoreData":{"2020-09-30":{"id":5011876721740709000,"name":"kerchungus","score":8800,"level":2,"character":3,"platform":18,"runframes":13317,"runend":1021,"unknown1":4294963168,"unknown2":4294962291,"rank":5171,"percentile":33.06576903158985}},"tenDayPercentiles":[],"tenDayDecayingPercentileScore":0,"scoresByDay":[],"rankSummary":{"mean":5171,"median":5171,"max":5171,"min":5171},"percentileSummary":{"mean":33.06576903158985,"median":33.06576903158985,"max":33.06576903158985,"min":33.06576903158985}}