{"name":"Kerflonk","scoreData":{"2020-10-08":{"id":7080870561155624000,"name":"Kerflonk","score":7300,"level":2,"character":0,"platform":18,"runframes":3877,"runend":1021,"unknown1":4294966761,"unknown2":2560,"rank":5401,"percentile":14.813061997160432}},"tenDayPercentiles":[],"tenDayDecayingPercentileScore":0,"scoresByDay":[],"rankSummary":{"mean":5401,"median":5401,"max":5401,"min":5401},"percentileSummary":{"mean":14.813061997160432,"median":14.813061997160432,"max":14.813061997160432,"min":14.813061997160432}}