{"name":"Kernal Corn","scoreData":{"2020-10-25":{"id":76561198125222770,"name":"Kernal Corn","score":12500,"level":3,"character":7,"platform":18,"runframes":8954,"runend":1020,"unknown1":4294965681,"unknown2":1313,"rank":3564,"percentile":35.8018018018018}},"tenDayPercentiles":[],"tenDayDecayingPercentileScore":0,"scoresByDay":[],"rankSummary":{"mean":3564,"median":3564,"max":3564,"min":3564},"percentileSummary":{"mean":35.8018018018018,"median":35.8018018018018,"max":35.8018018018018,"min":35.8018018018018}}