{"name":"kerriop","scoreData":{"2020-09-30":{"id":76561198136777230,"name":"kerriop","score":4500,"level":1,"character":3,"platform":18,"runframes":2227,"runend":1022,"unknown1":1888,"unknown2":1003,"rank":7312,"percentile":5.346970481615742}},"tenDayPercentiles":[],"tenDayDecayingPercentileScore":0,"scoresByDay":[],"rankSummary":{"mean":7312,"median":7312,"max":7312,"min":7312},"percentileSummary":{"mean":5.346970481615742,"median":5.346970481615742,"max":5.346970481615742,"min":5.346970481615742}}