{"name":"kerszikers","scoreData":{"2020-10-12":{"id":2519053027206074000,"name":"kerszikers","score":0,"level":1,"character":0,"platform":18,"runframes":506,"runend":1022,"unknown1":4294965635,"unknown2":419,"rank":5921,"percentile":1.069518716577548}},"tenDayPercentiles":[],"tenDayDecayingPercentileScore":0,"scoresByDay":[],"rankSummary":{"mean":5921,"median":5921,"max":5921,"min":5921},"percentileSummary":{"mean":1.069518716577548,"median":1.069518716577548,"max":1.069518716577548,"min":1.069518716577548}}