{"name":"Kettleroot","scoreData":{"2020-10-03":{"id":7755827928448596000,"name":"Kettleroot","score":49100,"level":5,"character":3,"platform":18,"runframes":28071,"runend":1018,"unknown1":4294966230,"unknown2":197,"rank":1293,"percentile":83.64142820967334}},"tenDayPercentiles":[],"tenDayDecayingPercentileScore":0,"scoresByDay":[],"rankSummary":{"mean":1293,"median":1293,"max":1293,"min":1293},"percentileSummary":{"mean":83.64142820967334,"median":83.64142820967334,"max":83.64142820967334,"min":83.64142820967334}}