{"name":"kharts","scoreData":{"2020-09-21":{"id":170415173046986020,"name":"kharts","score":3100,"level":3,"character":0,"platform":48,"runframes":6364,"runend":1020,"unknown1":59,"unknown2":295,"rank":1482,"percentile":40.688826591910285}},"tenDayPercentiles":[],"tenDayDecayingPercentileScore":0,"scoresByDay":[],"rankSummary":{"mean":1482,"median":1482,"max":1482,"min":1482},"percentileSummary":{"mean":40.688826591910285,"median":40.688826591910285,"max":40.688826591910285,"min":40.688826591910285}}