{"name":"Kharnor","scoreData":{"2020-10-28":{"id":76561197995101470,"name":"Kharnor","score":10600,"level":2,"character":8,"platform":18,"runframes":3528,"runend":1021,"unknown1":1213,"unknown2":1694,"rank":3826,"percentile":22.271895956106476}},"tenDayPercentiles":[],"tenDayDecayingPercentileScore":0,"scoresByDay":[],"rankSummary":{"mean":3826,"median":3826,"max":3826,"min":3826},"percentileSummary":{"mean":22.271895956106476,"median":22.271895956106476,"max":22.271895956106476,"min":22.271895956106476}}