{"name":"Khardor","scoreData":{"2020-10-06":{"id":1284347474593798100,"name":"Khardor","score":2500,"level":1,"character":0,"platform":18,"runframes":2759,"runend":1022,"unknown1":4294961403,"unknown2":4294965631,"rank":6428,"percentile":5.41574687270051}},"tenDayPercentiles":[],"tenDayDecayingPercentileScore":0,"scoresByDay":[],"rankSummary":{"mean":6428,"median":6428,"max":6428,"min":6428},"percentileSummary":{"mean":5.41574687270051,"median":5.41574687270051,"max":5.41574687270051,"min":5.41574687270051}}