{"name":"KHRS","scoreData":{"2020-09-30":{"id":76561198042308480,"name":"KHRS","score":1300,"level":2,"character":4,"platform":18,"runframes":14668,"runend":1021,"unknown1":4294964107,"unknown2":4294961490,"rank":5816,"percentile":24.71517348524081}},"tenDayPercentiles":[],"tenDayDecayingPercentileScore":0,"scoresByDay":[],"rankSummary":{"mean":5816,"median":5816,"max":5816,"min":5816},"percentileSummary":{"mean":24.71517348524081,"median":24.71517348524081,"max":24.71517348524081,"min":24.71517348524081}}