{"name":"KibKaeb","scoreData":{"2020-09-15":{"id":9045786940017221000,"name":"KibKaeb","score":8900,"level":1,"character":3,"platform":48,"runframes":2664,"runend":1022,"unknown1":59,"unknown2":4294966111,"rank":1460,"percentile":19.658590308370037}},"tenDayPercentiles":[],"tenDayDecayingPercentileScore":0,"scoresByDay":[],"rankSummary":{"mean":1460,"median":1460,"max":1460,"min":1460},"percentileSummary":{"mean":19.658590308370037,"median":19.658590308370037,"max":19.658590308370037,"min":19.658590308370037}}