{"name":"KidneyBeans7","scoreData":{"2020-10-01":{"id":4680514828806072000,"name":"KidneyBeans7","score":9900,"level":2,"character":2,"platform":48,"runframes":7966,"runend":1021,"unknown1":3011,"unknown2":1095,"rank":4959,"percentile":35.56017676111256}},"tenDayPercentiles":[],"tenDayDecayingPercentileScore":0,"scoresByDay":[],"rankSummary":{"mean":4959,"median":4959,"max":4959,"min":4959},"percentileSummary":{"mean":35.56017676111256,"median":35.56017676111256,"max":35.56017676111256,"min":35.56017676111256}}