{"name":"Kiefer_Tree","scoreData":{"2020-10-21":{"id":76561198029587660,"name":"Kiefer_Tree","score":11550,"level":4,"character":4,"platform":18,"runframes":20632,"runend":1019,"unknown1":646,"unknown2":101,"rank":2581,"percentile":51.93740685543965}},"tenDayPercentiles":[],"tenDayDecayingPercentileScore":0,"scoresByDay":[],"rankSummary":{"mean":2581,"median":2581,"max":2581,"min":2581},"percentileSummary":{"mean":51.93740685543965,"median":51.93740685543965,"max":51.93740685543965,"min":51.93740685543965}}