{"name":"Kieferboys","scoreData":{"2020-10-29":{"id":2810076597741234000,"name":"Kieferboys","score":8800,"level":2,"character":3,"platform":18,"runframes":3970,"runend":1021,"unknown1":2276,"unknown2":171,"rank":3747,"percentile":21.680953376541922}},"tenDayPercentiles":[],"tenDayDecayingPercentileScore":0,"scoresByDay":[],"rankSummary":{"mean":3747,"median":3747,"max":3747,"min":3747},"percentileSummary":{"mean":21.680953376541922,"median":21.680953376541922,"max":21.680953376541922,"min":21.680953376541922}}