{"name":"Kiey","scoreData":{"2020-09-17":{"id":3920989620879198000,"name":"Kiey","score":3100,"level":1,"character":0,"platform":48,"runframes":3747,"runend":1022,"unknown1":4294966184,"unknown2":29,"rank":2501,"percentile":11.567032189600283}},"tenDayPercentiles":[],"tenDayDecayingPercentileScore":0,"scoresByDay":[],"rankSummary":{"mean":2501,"median":2501,"max":2501,"min":2501},"percentileSummary":{"mean":11.567032189600283,"median":11.567032189600283,"max":11.567032189600283,"min":11.567032189600283}}