{"name":"KIKI","scoreData":{"2020-09-30":{"id":76561198058079230,"name":"KIKI","score":7600,"level":1,"character":0,"platform":18,"runframes":5943,"runend":1022,"unknown1":4294963672,"unknown2":396,"rank":6643,"percentile":14.008285862247533}},"tenDayPercentiles":[],"tenDayDecayingPercentileScore":0,"scoresByDay":[],"rankSummary":{"mean":6643,"median":6643,"max":6643,"min":6643},"percentileSummary":{"mean":14.008285862247533,"median":14.008285862247533,"max":14.008285862247533,"min":14.008285862247533}}