{"name":"Killjoy4hire","scoreData":{"2020-10-12":{"id":3262512257780452000,"name":"Killjoy4hire","score":500,"level":1,"character":3,"platform":48,"runframes":1312,"runend":1022,"unknown1":3261,"unknown2":256,"rank":5819,"percentile":2.774064171122987}},"tenDayPercentiles":[],"tenDayDecayingPercentileScore":0,"scoresByDay":[],"rankSummary":{"mean":5819,"median":5819,"max":5819,"min":5819},"percentileSummary":{"mean":2.774064171122987,"median":2.774064171122987,"max":2.774064171122987,"min":2.774064171122987}}