{"name":"Killswitch_x88","scoreData":{"2020-10-03":{"id":76561198060483410,"name":"Killswitch_x88","score":20025,"level":6,"character":0,"platform":48,"runframes":39890,"runend":1017,"unknown1":4294965560,"unknown2":1062,"rank":1201,"percentile":84.80628007090402}},"tenDayPercentiles":[],"tenDayDecayingPercentileScore":0,"scoresByDay":[],"rankSummary":{"mean":1201,"median":1201,"max":1201,"min":1201},"percentileSummary":{"mean":84.80628007090402,"median":84.80628007090402,"max":84.80628007090402,"min":84.80628007090402}}