{"name":"kill infidels","scoreData":{"2020-10-01":{"id":76561197996652000,"name":"kill infidels","score":4000,"level":1,"character":0,"platform":18,"runframes":3600,"runend":1022,"unknown1":1946,"unknown2":4294967138,"rank":6746,"percentile":12.334286456979456}},"tenDayDecayingPercentileMean":null,"rankSummary":{"mean":6746,"median":6746,"max":6746,"min":6746},"percentileSummary":{"mean":12.334286456979456,"median":12.334286456979456,"max":12.334286456979456,"min":12.334286456979456}}