{"name":"KillDill","scoreData":{"2020-10-03":{"id":76561198125085860,"name":"KillDill","score":1800,"level":2,"character":3,"platform":18,"runframes":10316,"runend":1021,"unknown1":4294963720,"unknown2":632,"rank":6592,"percentile":16.548493289440373}},"tenDayPercentiles":[],"tenDayDecayingPercentileScore":0,"scoresByDay":[],"rankSummary":{"mean":6592,"median":6592,"max":6592,"min":6592},"percentileSummary":{"mean":16.548493289440373,"median":16.548493289440373,"max":16.548493289440373,"min":16.548493289440373}}