{"name":"KillerDoorKnob","scoreData":{"2020-10-12":{"id":76561198040719020,"name":"KillerDoorKnob","score":68450,"level":6,"character":5,"platform":18,"runframes":40362,"runend":1017,"unknown1":786,"unknown2":4294966248,"rank":686,"percentile":88.55280748663101}},"tenDayPercentiles":[],"tenDayDecayingPercentileScore":0,"scoresByDay":[],"rankSummary":{"mean":686,"median":686,"max":686,"min":686},"percentileSummary":{"mean":88.55280748663101,"median":88.55280748663101,"max":88.55280748663101,"min":88.55280748663101}}