{"name":"killjoyAut","scoreData":{"2020-10-20":{"id":76561198274193420,"name":"killjoyAut","score":7300,"level":4,"character":0,"platform":18,"runframes":32582,"runend":1019,"unknown1":4294965240,"unknown2":106,"rank":3689,"percentile":31.703703703703695}},"tenDayPercentiles":[],"tenDayDecayingPercentileScore":0,"scoresByDay":[],"rankSummary":{"mean":3689,"median":3689,"max":3689,"min":3689},"percentileSummary":{"mean":31.703703703703695,"median":31.703703703703695,"max":31.703703703703695,"min":31.703703703703695}}