{"name":"KILLPUDDLE_306","scoreData":{"2020-10-20":{"id":76561198120201170,"name":"KILLPUDDLE_306","score":130150,"level":13,"character":3,"platform":48,"runframes":68300,"runend":1010,"unknown1":3505,"unknown2":4013,"rank":196,"percentile":96.38888888888889}},"tenDayPercentiles":[],"tenDayDecayingPercentileScore":0,"scoresByDay":[],"rankSummary":{"mean":196,"median":196,"max":196,"min":196},"percentileSummary":{"mean":96.38888888888889,"median":96.38888888888889,"max":96.38888888888889,"min":96.38888888888889}}