{"name":"kill_switchPWD","scoreData":{"2020-09-15":{"id":1550635946751481000,"name":"kill_switchPWD","score":18100,"level":4,"character":0,"platform":48,"runframes":16636,"runend":1019,"unknown1":528,"unknown2":366,"rank":537,"percentile":70.48458149779735}},"tenDayPercentiles":[],"tenDayDecayingPercentileScore":0,"scoresByDay":[],"rankSummary":{"mean":537,"median":537,"max":537,"min":537},"percentileSummary":{"mean":70.48458149779735,"median":70.48458149779735,"max":70.48458149779735,"min":70.48458149779735}}