{"name":"KILLSCR3EN85","scoreData":{"2020-09-21":{"id":9220295981871559000,"name":"KILLSCR3EN85","score":1300,"level":1,"character":0,"platform":48,"runframes":1130,"runend":1022,"unknown1":929,"unknown2":515,"rank":2345,"percentile":6.127352823388065}},"tenDayPercentiles":[],"tenDayDecayingPercentileScore":0,"scoresByDay":[],"rankSummary":{"mean":2345,"median":2345,"max":2345,"min":2345},"percentileSummary":{"mean":6.127352823388065,"median":6.127352823388065,"max":6.127352823388065,"min":6.127352823388065}}