{"name":"Kilometers","scoreData":{"2020-09-29":{"id":8611123239368721000,"name":"Kilometers","score":8000,"level":1,"character":0,"platform":18,"runframes":2866,"runend":1022,"unknown1":4294966505,"unknown2":109,"rank":4991,"percentile":10.765379113018597}},"tenDayPercentiles":[],"tenDayDecayingPercentileScore":0,"scoresByDay":[],"rankSummary":{"mean":4991,"median":4991,"max":4991,"min":4991},"percentileSummary":{"mean":10.765379113018597,"median":10.765379113018597,"max":10.765379113018597,"min":10.765379113018597}}