{"name":"KiloAlphaJuliett","scoreData":{"2020-11-19":{"id":76561197993298340,"name":"KiloAlphaJuliett","score":0,"level":1,"character":2,"platform":48,"runframes":1181,"runend":1022,"unknown1":4294967191,"unknown2":143,"rank":3889,"percentile":0.4608294930875587}},"tenDayPercentiles":[0.4608294930875587],"tenDayDecayingPercentileScore":0.4147465437788029,"scoresByDay":[0.4147465437788029],"rankSummary":{"mean":3889,"median":3889,"max":3889,"min":3889},"percentileSummary":{"mean":0.4608294930875587,"median":0.4608294930875587,"max":0.4608294930875587,"min":0.4608294930875587}}