{"name":"Kilwatt","scoreData":{"2020-10-02":{"id":76561197970514600,"name":"Kilwatt","score":14600,"level":2,"character":4,"platform":18,"runframes":10860,"runend":1021,"unknown1":857,"unknown2":29,"rank":4180,"percentile":44.00375184242262}},"tenDayPercentiles":[],"tenDayDecayingPercentileScore":0,"scoresByDay":[],"rankSummary":{"mean":4180,"median":4180,"max":4180,"min":4180},"percentileSummary":{"mean":44.00375184242262,"median":44.00375184242262,"max":44.00375184242262,"min":44.00375184242262}}