{"name":"Kim Jong Il","scoreData":{"2020-09-30":{"id":76561198028991180,"name":"Kim Jong Il","score":31500,"level":3,"character":3,"platform":18,"runframes":12935,"runend":1020,"unknown1":4294963701,"unknown2":4294967273,"rank":2210,"percentile":71.40082858622475}},"tenDayPercentiles":[],"tenDayDecayingPercentileScore":0,"scoresByDay":[],"rankSummary":{"mean":2210,"median":2210,"max":2210,"min":2210},"percentileSummary":{"mean":71.40082858622475,"median":71.40082858622475,"max":71.40082858622475,"min":71.40082858622475}}