{"name":"Kind_0f_BLue","scoreData":{"2020-11-09":{"id":8326948014061952000,"name":"Kind_0f_BLue","score":43550,"level":5,"character":18,"platform":18,"runframes":43207,"runend":1018,"unknown1":1595,"unknown2":1099,"rank":1788,"percentile":59.041943616777445}},"tenDayPercentiles":[59.041943616777445],"tenDayDecayingPercentileScore":20.586652800770118,"scoresByDay":[20.586652800770118],"rankSummary":{"mean":1788,"median":1788,"max":1788,"min":1788},"percentileSummary":{"mean":59.041943616777445,"median":59.041943616777445,"max":59.041943616777445,"min":59.041943616777445}}