{"name":"KingClovus","scoreData":{"2020-11-05":{"id":1679349781080534800,"name":"KingClovus","score":2200,"level":1,"character":3,"platform":48,"runframes":1447,"runend":1022,"unknown1":3408,"unknown2":3350,"rank":4110,"percentile":8.648288128056919}},"tenDayPercentiles":[],"tenDayDecayingPercentileScore":0,"scoresByDay":[],"rankSummary":{"mean":4110,"median":4110,"max":4110,"min":4110},"percentileSummary":{"mean":8.648288128056919,"median":8.648288128056919,"max":8.648288128056919,"min":8.648288128056919}}