{"name":"KingMoss357","scoreData":{"2020-09-28":{"id":5814695363894017000,"name":"KingMoss357","score":23600,"level":4,"character":8,"platform":48,"runframes":18851,"runend":1019,"unknown1":4294965649,"unknown2":4294965848,"rank":1014,"percentile":53.058387395736794}},"tenDayPercentiles":[],"tenDayDecayingPercentileScore":0,"scoresByDay":[],"rankSummary":{"mean":1014,"median":1014,"max":1014,"min":1014},"percentileSummary":{"mean":53.058387395736794,"median":53.058387395736794,"max":53.058387395736794,"min":53.058387395736794}}