{"name":"Kingseeker Frampt's Right Eye","scoreData":{"2020-09-30":{"id":76561198277214740,"name":"Kingseeker Frampt's Right Eye","score":7700,"level":1,"character":7,"platform":18,"runframes":2730,"runend":1022,"unknown1":4294961427,"unknown2":4294961521,"rank":6591,"percentile":14.681512169860184}},"tenDayPercentiles":[],"tenDayDecayingPercentileScore":0,"scoresByDay":[],"rankSummary":{"mean":6591,"median":6591,"max":6591,"min":6591},"percentileSummary":{"mean":14.681512169860184,"median":14.681512169860184,"max":14.681512169860184,"min":14.681512169860184}}