{"name":"King0fthieves56","scoreData":{"2020-10-12":{"id":76561198007442800,"name":"King0fthieves56","score":4500,"level":2,"character":7,"platform":48,"runframes":7363,"runend":1021,"unknown1":4294964784,"unknown2":4294962750,"rank":4694,"percentile":21.574197860962556}},"tenDayPercentiles":[],"tenDayDecayingPercentileScore":0,"scoresByDay":[],"rankSummary":{"mean":4694,"median":4694,"max":4694,"min":4694},"percentileSummary":{"mean":21.574197860962556,"median":21.574197860962556,"max":21.574197860962556,"min":21.574197860962556}}