{"name":"kingofspace1","scoreData":{"2020-09-19":{"id":5512174042790189000,"name":"kingofspace1","score":19075,"level":5,"character":7,"platform":48,"runframes":14859,"runend":1018,"unknown1":1622,"unknown2":43,"rank":493,"percentile":83.5781041388518}},"tenDayPercentiles":[],"tenDayDecayingPercentileScore":0,"scoresByDay":[],"rankSummary":{"mean":493,"median":493,"max":493,"min":493},"percentileSummary":{"mean":83.5781041388518,"median":83.5781041388518,"max":83.5781041388518,"min":83.5781041388518}}