{"name":"King-Cring831","scoreData":{"2020-09-21":{"id":9211554910822866000,"name":"King-Cring831","score":1100,"level":1,"character":0,"platform":48,"runframes":2873,"runend":1022,"unknown1":4294966665,"unknown2":624,"rank":2363,"percentile":5.4064877853424065}},"tenDayPercentiles":[],"tenDayDecayingPercentileScore":0,"scoresByDay":[],"rankSummary":{"mean":2363,"median":2363,"max":2363,"min":2363},"percentileSummary":{"mean":5.4064877853424065,"median":5.4064877853424065,"max":5.4064877853424065,"min":5.4064877853424065}}