{"name":"Kingjerm421","scoreData":{"2020-11-13":{"id":76561198068703890,"name":"Kingjerm421","score":7600,"level":2,"character":3,"platform":48,"runframes":7719,"runend":1021,"unknown1":4294965712,"unknown2":4294964350,"rank":3692,"percentile":12.11904761904762}},"tenDayPercentiles":[12.11904761904762],"tenDayDecayingPercentileScore":5.796502907142859,"scoresByDay":[5.796502907142859],"rankSummary":{"mean":3692,"median":3692,"max":3692,"min":3692},"percentileSummary":{"mean":12.11904761904762,"median":12.11904761904762,"max":12.11904761904762,"min":12.11904761904762}}