{"name":"KingLuXoR","scoreData":{"2020-09-19":{"id":5465733201348915000,"name":"KingLuXoR","score":1700,"level":1,"character":0,"platform":48,"runframes":4979,"runend":1022,"unknown1":4294965552,"unknown2":29,"rank":2852,"percentile":4.839786381842458}},"tenDayPercentiles":[],"tenDayDecayingPercentileScore":0,"scoresByDay":[],"rankSummary":{"mean":2852,"median":2852,"max":2852,"min":2852},"percentileSummary":{"mean":4.839786381842458,"median":4.839786381842458,"max":4.839786381842458,"min":4.839786381842458}}