{"name":"King_Julien135","scoreData":{"2020-09-15":{"id":6985983460760989000,"name":"King_Julien135","score":7300,"level":2,"character":0,"platform":48,"runframes":4446,"runend":1021,"unknown1":4294966787,"unknown2":209,"rank":1048,"percentile":42.345814977973575}},"tenDayPercentiles":[],"tenDayDecayingPercentileScore":0,"scoresByDay":[],"rankSummary":{"mean":1048,"median":1048,"max":1048,"min":1048},"percentileSummary":{"mean":42.345814977973575,"median":42.345814977973575,"max":42.345814977973575,"min":42.345814977973575}}