{"name":"King6ix46","scoreData":{"2020-10-25":{"id":6841473984297249000,"name":"King6ix46","score":5200,"level":1,"character":7,"platform":48,"runframes":5299,"runend":1022,"unknown1":4294964420,"unknown2":4294962989,"rank":5046,"percentile":9.099099099099092}},"tenDayPercentiles":[],"tenDayDecayingPercentileScore":0,"scoresByDay":[],"rankSummary":{"mean":5046,"median":5046,"max":5046,"min":5046},"percentileSummary":{"mean":9.099099099099092,"median":9.099099099099092,"max":9.099099099099092,"min":9.099099099099092}}