{"name":"Kino","scoreData":{"2020-10-07":{"id":1260276417745553000,"name":"Kino","score":2700,"level":2,"character":0,"platform":18,"runframes":6130,"runend":1021,"unknown1":4294962865,"unknown2":71,"rank":4835,"percentile":25.904353157572046}},"tenDayPercentiles":[],"tenDayDecayingPercentileScore":0,"scoresByDay":[],"rankSummary":{"mean":4835,"median":4835,"max":4835,"min":4835},"percentileSummary":{"mean":25.904353157572046,"median":25.904353157572046,"max":25.904353157572046,"min":25.904353157572046}}