{"name":"Kintar82","scoreData":{"2020-10-03":{"id":76561199024755460,"name":"Kintar82","score":8300,"level":2,"character":0,"platform":48,"runframes":10852,"runend":1021,"unknown1":4294965535,"unknown2":901,"rank":5486,"percentile":30.552038490757155}},"tenDayPercentiles":[],"tenDayDecayingPercentileScore":0,"scoresByDay":[],"rankSummary":{"mean":5486,"median":5486,"max":5486,"min":5486},"percentileSummary":{"mean":30.552038490757155,"median":30.552038490757155,"max":30.552038490757155,"min":30.552038490757155}}