{"name":"Kirb","scoreData":{"2020-11-17":{"id":3768193322418364000,"name":"Kirb","score":4300,"level":3,"character":10,"platform":18,"runframes":3455,"runend":1020,"unknown1":4294963427,"unknown2":4294965698,"rank":2580,"percentile":34.17559979581419}},"tenDayPercentiles":[34.17559979581419],"tenDayDecayingPercentileScore":27.6822358346095,"scoresByDay":[27.6822358346095],"rankSummary":{"mean":2580,"median":2580,"max":2580,"min":2580},"percentileSummary":{"mean":34.17559979581419,"median":34.17559979581419,"max":34.17559979581419,"min":34.17559979581419}}