{"name":"Kirenis23","scoreData":{"2020-10-03":{"id":76561197992620110,"name":"Kirenis23","score":22000,"level":2,"character":3,"platform":18,"runframes":12450,"runend":1021,"unknown1":4294964467,"unknown2":524,"rank":2789,"percentile":64.69992403140034}},"tenDayPercentiles":[],"tenDayDecayingPercentileScore":0,"scoresByDay":[],"rankSummary":{"mean":2789,"median":2789,"max":2789,"min":2789},"percentileSummary":{"mean":64.69992403140034,"median":64.69992403140034,"max":64.69992403140034,"min":64.69992403140034}}