{"name":"Kiroon","scoreData":{"2020-10-23":{"id":76561198169532320,"name":"Kiroon","score":6900,"level":2,"character":7,"platform":18,"runframes":5417,"runend":1021,"unknown1":2400,"unknown2":310,"rank":4205,"percentile":19.47902700632062}},"tenDayPercentiles":[],"tenDayDecayingPercentileScore":0,"scoresByDay":[],"rankSummary":{"mean":4205,"median":4205,"max":4205,"min":4205},"percentileSummary":{"mean":19.47902700632062,"median":19.47902700632062,"max":19.47902700632062,"min":19.47902700632062}}