{"name":"Kiro_Himura","scoreData":{"2020-09-24":{"id":3416363347099323000,"name":"Kiro_Himura","score":20375,"level":5,"character":0,"platform":48,"runframes":26793,"runend":1018,"unknown1":58,"unknown2":740,"rank":431,"percentile":81.3529921942758}},"tenDayPercentiles":[],"tenDayDecayingPercentileScore":0,"scoresByDay":[],"rankSummary":{"mean":431,"median":431,"max":431,"min":431},"percentileSummary":{"mean":81.3529921942758,"median":81.3529921942758,"max":81.3529921942758,"min":81.3529921942758}}