{"name":"kisspower12","scoreData":{"2020-11-15":{"id":76561198038132860,"name":"kisspower12","score":8700,"level":2,"character":1,"platform":48,"runframes":5595,"runend":1021,"unknown1":414,"unknown2":4294966713,"rank":3428,"percentile":20.357889844294675}},"tenDayPercentiles":[20.357889844294675],"tenDayDecayingPercentileScore":10.819017336741808,"scoresByDay":[10.819017336741808],"rankSummary":{"mean":3428,"median":3428,"max":3428,"min":3428},"percentileSummary":{"mean":20.357889844294675,"median":20.357889844294675,"max":20.357889844294675,"min":20.357889844294675}}