{"name":"kitcat159","scoreData":{"2020-09-19":{"id":1750405977299987000,"name":"kitcat159","score":6300,"level":2,"character":14,"platform":48,"runframes":4298,"runend":1021,"unknown1":4294966885,"unknown2":4294965145,"rank":1726,"percentile":42.423230974632844}},"tenDayPercentiles":[],"tenDayDecayingPercentileScore":0,"scoresByDay":[],"rankSummary":{"mean":1726,"median":1726,"max":1726,"min":1726},"percentileSummary":{"mean":42.423230974632844,"median":42.423230974632844,"max":42.423230974632844,"min":42.423230974632844}}