{"name":"kiwi98","scoreData":{"2020-10-21":{"id":76561198038868420,"name":"kiwi98","score":8600,"level":3,"character":7,"platform":18,"runframes":9558,"runend":1020,"unknown1":4294967007,"unknown2":4294965092,"rank":3163,"percentile":41.095380029806265}},"tenDayPercentiles":[],"tenDayDecayingPercentileScore":0,"scoresByDay":[],"rankSummary":{"mean":3163,"median":3163,"max":3163,"min":3163},"percentileSummary":{"mean":41.095380029806265,"median":41.095380029806265,"max":41.095380029806265,"min":41.095380029806265}}