{"name":"kiwin95","scoreData":{"2020-09-24":{"id":5622291001677795000,"name":"kiwin95","score":16225,"level":6,"character":7,"platform":48,"runframes":28613,"runend":1017,"unknown1":4294966386,"unknown2":4294965644,"rank":327,"percentile":85.86296617519514}},"tenDayPercentiles":[],"tenDayDecayingPercentileScore":0,"scoresByDay":[],"rankSummary":{"mean":327,"median":327,"max":327,"min":327},"percentileSummary":{"mean":85.86296617519514,"median":85.86296617519514,"max":85.86296617519514,"min":85.86296617519514}}