{"name":"kjiktheshark","scoreData":{"2020-10-05":{"id":1292897031298636000,"name":"kjiktheshark","score":2000,"level":1,"character":7,"platform":18,"runframes":1922,"runend":1022,"unknown1":4294961230,"unknown2":110,"rank":6143,"percentile":9.835584263065172}},"tenDayPercentiles":[],"tenDayDecayingPercentileScore":0,"scoresByDay":[],"rankSummary":{"mean":6143,"median":6143,"max":6143,"min":6143},"percentileSummary":{"mean":9.835584263065172,"median":9.835584263065172,"max":9.835584263065172,"min":9.835584263065172}}