{"name":"kjones7841","scoreData":{"2020-10-10":{"id":76561198003439330,"name":"kjones7841","score":2100,"level":2,"character":7,"platform":18,"runframes":2201,"runend":1021,"unknown1":4294966862,"unknown2":2865,"rank":4700,"percentile":28.759854457246817}},"tenDayPercentiles":[],"tenDayDecayingPercentileScore":0,"scoresByDay":[],"rankSummary":{"mean":4700,"median":4700,"max":4700,"min":4700},"percentileSummary":{"mean":28.759854457246817,"median":28.759854457246817,"max":28.759854457246817,"min":28.759854457246817}}