{"name":"KK_Phoenix7788","scoreData":{"2020-09-28":{"id":1545496641222386400,"name":"KK_Phoenix7788","score":3700,"level":1,"character":3,"platform":48,"runframes":2515,"runend":1022,"unknown1":1521,"unknown2":273,"rank":1988,"percentile":7.924003707136237}},"tenDayPercentiles":[],"tenDayDecayingPercentileScore":0,"scoresByDay":[],"rankSummary":{"mean":1988,"median":1988,"max":1988,"min":1988},"percentileSummary":{"mean":7.924003707136237,"median":7.924003707136237,"max":7.924003707136237,"min":7.924003707136237}}