{"name":"kkrusher","scoreData":{"2020-10-19":{"id":76561198079490610,"name":"kkrusher","score":7800,"level":2,"character":0,"platform":18,"runframes":5184,"runend":1021,"unknown1":2421,"unknown2":742,"rank":4295,"percentile":19.70830216903515}},"tenDayPercentiles":[],"tenDayDecayingPercentileScore":0,"scoresByDay":[],"rankSummary":{"mean":4295,"median":4295,"max":4295,"min":4295},"percentileSummary":{"mean":19.70830216903515,"median":19.70830216903515,"max":19.70830216903515,"min":19.70830216903515}}