{"name":"Klaatu","scoreData":{"2020-10-30":{"id":76561198052770340,"name":"Klaatu","score":2700,"level":2,"character":0,"platform":18,"runframes":6273,"runend":1021,"unknown1":1410,"unknown2":1413,"rank":4112,"percentile":13.434407243630247}},"tenDayPercentiles":[],"tenDayDecayingPercentileScore":0,"scoresByDay":[],"rankSummary":{"mean":4112,"median":4112,"max":4112,"min":4112},"percentileSummary":{"mean":13.434407243630247,"median":13.434407243630247,"max":13.434407243630247,"min":13.434407243630247}}