{"name":"klang387","scoreData":{"2020-10-22":{"id":13729642000518572000,"name":"klang387","score":13000,"level":2,"character":3,"platform":48,"runframes":7225,"runend":1021,"unknown1":123,"unknown2":703,"rank":4340,"percentile":18.240060297719992}},"tenDayPercentiles":[],"tenDayDecayingPercentileScore":0,"scoresByDay":[],"rankSummary":{"mean":4340,"median":4340,"max":4340,"min":4340},"percentileSummary":{"mean":18.240060297719992,"median":18.240060297719992,"max":18.240060297719992,"min":18.240060297719992}}