{"name":"Klapprot","scoreData":{"2020-10-17":{"id":621140550704796200,"name":"Klapprot","score":1300,"level":2,"character":1,"platform":18,"runframes":6534,"runend":1021,"unknown1":203,"unknown2":51,"rank":4910,"percentile":16.05677154582763}},"tenDayPercentiles":[],"tenDayDecayingPercentileScore":0,"scoresByDay":[],"rankSummary":{"mean":4910,"median":4910,"max":4910,"min":4910},"percentileSummary":{"mean":16.05677154582763,"median":16.05677154582763,"max":16.05677154582763,"min":16.05677154582763}}