{"name":"kLenz3","scoreData":{"2020-09-15":{"id":6178330521085169000,"name":"kLenz3","score":28225,"level":5,"character":2,"platform":48,"runframes":18469,"runend":1018,"unknown1":4294967182,"unknown2":9,"rank":286,"percentile":84.30616740088105}},"tenDayPercentiles":[],"tenDayDecayingPercentileScore":0,"scoresByDay":[],"rankSummary":{"mean":286,"median":286,"max":286,"min":286},"percentileSummary":{"mean":84.30616740088105,"median":84.30616740088105,"max":84.30616740088105,"min":84.30616740088105}}