{"name":"klettari","scoreData":{"2020-10-01":{"id":76561197997334640,"name":"klettari","score":4800,"level":1,"character":0,"platform":18,"runframes":6840,"runend":1022,"unknown1":4294964666,"unknown2":250,"rank":6192,"percentile":19.53470236547959}},"tenDayPercentiles":[],"tenDayDecayingPercentileScore":0,"scoresByDay":[],"rankSummary":{"mean":6192,"median":6192,"max":6192,"min":6192},"percentileSummary":{"mean":19.53470236547959,"median":19.53470236547959,"max":19.53470236547959,"min":19.53470236547959}}