{"name":"Klitch","scoreData":{"2020-10-02":{"id":2674183977103684600,"name":"Klitch","score":1000,"level":1,"character":3,"platform":18,"runframes":3160,"runend":1022,"unknown1":975,"unknown2":1065,"rank":7082,"percentile":5.11858501942919}},"tenDayPercentiles":[],"tenDayDecayingPercentileScore":0,"scoresByDay":[],"rankSummary":{"mean":7082,"median":7082,"max":7082,"min":7082},"percentileSummary":{"mean":5.11858501942919,"median":5.11858501942919,"max":5.11858501942919,"min":5.11858501942919}}