{"name":"kmtburton","scoreData":{"2020-11-02":{"id":76561197965121980,"name":"kmtburton","score":8500,"level":2,"character":0,"platform":48,"runframes":7412,"runend":1021,"unknown1":4294964942,"unknown2":4294966215,"rank":3961,"percentile":11.468812877263574}},"tenDayPercentiles":[],"tenDayDecayingPercentileScore":0,"scoresByDay":[],"rankSummary":{"mean":3961,"median":3961,"max":3961,"min":3961},"percentileSummary":{"mean":11.468812877263574,"median":11.468812877263574,"max":11.468812877263574,"min":11.468812877263574}}