{"name":"Knaegan","scoreData":{"2020-10-11":{"id":76561198037104750,"name":"Knaegan","score":12600,"level":3,"character":3,"platform":18,"runframes":10022,"runend":1020,"unknown1":3002,"unknown2":2887,"rank":4088,"percentile":35.63779527559056}},"tenDayPercentiles":[],"tenDayDecayingPercentileScore":0,"scoresByDay":[],"rankSummary":{"mean":4088,"median":4088,"max":4088,"min":4088},"percentileSummary":{"mean":35.63779527559056,"median":35.63779527559056,"max":35.63779527559056,"min":35.63779527559056}}