{"name":"KnightOfTheNine","scoreData":{"2020-10-02":{"id":4481578860169747000,"name":"KnightOfTheNine","score":6900,"level":3,"character":3,"platform":18,"runframes":10981,"runend":1020,"unknown1":2733,"unknown2":494,"rank":3553,"percentile":52.40519898164277}},"tenDayPercentiles":[],"tenDayDecayingPercentileScore":0,"scoresByDay":[],"rankSummary":{"mean":3553,"median":3553,"max":3553,"min":3553},"percentileSummary":{"mean":52.40519898164277,"median":52.40519898164277,"max":52.40519898164277,"min":52.40519898164277}}