{"name":"KnotTheFox","scoreData":{"2020-10-25":{"id":8053476024115874000,"name":"KnotTheFox","score":64200,"level":5,"character":9,"platform":48,"runframes":34609,"runend":1018,"unknown1":4294964555,"unknown2":4294963416,"rank":1455,"percentile":73.8018018018018}},"tenDayPercentiles":[],"tenDayDecayingPercentileScore":0,"scoresByDay":[],"rankSummary":{"mean":1455,"median":1455,"max":1455,"min":1455},"percentileSummary":{"mean":73.8018018018018,"median":73.8018018018018,"max":73.8018018018018,"min":73.8018018018018}}