{"name":"Knubbkarre","scoreData":{"2020-09-29":{"id":76561198278642000,"name":"Knubbkarre","score":59375,"level":7,"character":0,"platform":18,"runframes":36601,"runend":1016,"unknown1":480,"unknown2":220,"rank":453,"percentile":91.9170243204578}},"tenDayPercentiles":[],"tenDayDecayingPercentileScore":0,"scoresByDay":[],"rankSummary":{"mean":453,"median":453,"max":453,"min":453},"percentileSummary":{"mean":91.9170243204578,"median":91.9170243204578,"max":91.9170243204578,"min":91.9170243204578}}