{"name":"KnuckleDuster3","scoreData":{"2020-11-07":{"id":76561198073896960,"name":"KnuckleDuster3","score":3800,"level":1,"character":0,"platform":48,"runframes":1452,"runend":1022,"unknown1":263,"unknown2":4294966828,"rank":4582,"percentile":4.0829145728643255}},"tenDayPercentiles":[],"tenDayDecayingPercentileScore":0,"scoresByDay":[],"rankSummary":{"mean":4582,"median":4582,"max":4582,"min":4582},"percentileSummary":{"mean":4.0829145728643255,"median":4.0829145728643255,"max":4.0829145728643255,"min":4.0829145728643255}}