{"name":"Kocarey","scoreData":{"2020-09-25":{"id":4378059977575991000,"name":"Kocarey","score":5800,"level":1,"character":2,"platform":48,"runframes":4180,"runend":1022,"unknown1":4294966662,"unknown2":418,"rank":1709,"percentile":25.674499564838996}},"tenDayPercentiles":[],"tenDayDecayingPercentileScore":0,"scoresByDay":[],"rankSummary":{"mean":1709,"median":1709,"max":1709,"min":1709},"percentileSummary":{"mean":25.674499564838996,"median":25.674499564838996,"max":25.674499564838996,"min":25.674499564838996}}