{"name":"koham_HD","scoreData":{"2020-11-10":{"id":76561198382798980,"name":"koham_HD","score":6800,"level":2,"character":7,"platform":48,"runframes":6187,"runend":1021,"unknown1":4294965279,"unknown2":182,"rank":3707,"percentile":15.310786106032907}},"tenDayPercentiles":[15.310786106032907],"tenDayDecayingPercentileScore":5.931712240173676,"scoresByDay":[5.931712240173676],"rankSummary":{"mean":3707,"median":3707,"max":3707,"min":3707},"percentileSummary":{"mean":15.310786106032907,"median":15.310786106032907,"max":15.310786106032907,"min":15.310786106032907}}