{"name":"kollatt","scoreData":{"2020-09-16":{"id":2603953639882502000,"name":"kollatt","score":22500,"level":3,"character":7,"platform":48,"runframes":19987,"runend":1020,"unknown1":4294965837,"unknown2":310,"rank":880,"percentile":71.51652624756967}},"tenDayPercentiles":[],"tenDayDecayingPercentileScore":0,"scoresByDay":[],"rankSummary":{"mean":880,"median":880,"max":880,"min":880},"percentileSummary":{"mean":71.51652624756967,"median":71.51652624756967,"max":71.51652624756967,"min":71.51652624756967}}