{"name":"Kona","scoreData":{"2020-10-01":{"id":6397461660035262000,"name":"Kona","score":4000,"level":1,"character":4,"platform":18,"runframes":1829,"runend":1022,"unknown1":4294966953,"unknown2":1343,"rank":6628,"percentile":13.86794905120874}},"tenDayPercentiles":[],"tenDayDecayingPercentileScore":0,"scoresByDay":[],"rankSummary":{"mean":6628,"median":6628,"max":6628,"min":6628},"percentileSummary":{"mean":13.86794905120874,"median":13.86794905120874,"max":13.86794905120874,"min":13.86794905120874}}