{"name":"kondzikxd","scoreData":{"2020-11-06":{"id":76561199701545010,"name":"kondzikxd","score":5100,"level":3,"character":7,"platform":48,"runframes":4977,"runend":1020,"unknown1":4294964481,"unknown2":4294963976,"rank":3400,"percentile":25.049614112458656}},"tenDayPercentiles":[],"tenDayDecayingPercentileScore":0,"scoresByDay":[],"rankSummary":{"mean":3400,"median":3400,"max":3400,"min":3400},"percentileSummary":{"mean":25.049614112458656,"median":25.049614112458656,"max":25.049614112458656,"min":25.049614112458656}}