{"name":"Kontijaro","scoreData":{"2020-09-17":{"id":1139910057727635100,"name":"Kontijaro","score":2100,"level":1,"character":0,"platform":48,"runframes":422,"runend":1022,"unknown1":1539,"unknown2":216,"rank":2636,"percentile":6.7916519278387}},"tenDayPercentiles":[],"tenDayDecayingPercentileScore":0,"scoresByDay":[],"rankSummary":{"mean":2636,"median":2636,"max":2636,"min":2636},"percentileSummary":{"mean":6.7916519278387,"median":6.7916519278387,"max":6.7916519278387,"min":6.7916519278387}}