{"name":"Koojav","scoreData":{"2020-10-13":{"id":76561198350669680,"name":"Koojav","score":16300,"level":3,"character":7,"platform":18,"runframes":8929,"runend":1020,"unknown1":4294966526,"unknown2":265,"rank":2557,"percentile":56.41943734015345}},"tenDayPercentiles":[],"tenDayDecayingPercentileScore":0,"scoresByDay":[],"rankSummary":{"mean":2557,"median":2557,"max":2557,"min":2557},"percentileSummary":{"mean":56.41943734015345,"median":56.41943734015345,"max":56.41943734015345,"min":56.41943734015345}}