{"name":"Koops64","scoreData":{"2020-11-10":{"id":76561198089892210,"name":"Koops64","score":24951,"level":8,"character":2,"platform":18,"runframes":62989,"runend":1015,"unknown1":4294965817,"unknown2":329,"rank":906,"percentile":79.31901279707495}},"tenDayPercentiles":[79.31901279707495],"tenDayDecayingPercentileScore":27.656829652356038,"scoresByDay":[27.656829652356038],"rankSummary":{"mean":906,"median":906,"max":906,"min":906},"percentileSummary":{"mean":79.31901279707495,"median":79.31901279707495,"max":79.31901279707495,"min":79.31901279707495}}