{"name":"Korsle","scoreData":{"2020-10-13":{"id":76561198028954670,"name":"Korsle","score":8200,"level":3,"character":0,"platform":18,"runframes":6942,"runend":1020,"unknown1":4294964502,"unknown2":4294964824,"rank":2971,"percentile":49.36061381074168}},"tenDayPercentiles":[],"tenDayDecayingPercentileScore":0,"scoresByDay":[],"rankSummary":{"mean":2971,"median":2971,"max":2971,"min":2971},"percentileSummary":{"mean":49.36061381074168,"median":49.36061381074168,"max":49.36061381074168,"min":49.36061381074168}}