{"name":"Kosmick_Voidz","scoreData":{"2020-11-21":{"id":157271271350784320,"name":"Kosmick_Voidz","score":20900,"level":4,"character":7,"platform":48,"runframes":14786,"runend":1019,"unknown1":4294963864,"unknown2":25,"rank":2366,"percentile":43.0257769212238}},"tenDayPercentiles":[43.0257769212238],"tenDayDecayingPercentileScore":38.723199229101425,"scoresByDay":[38.723199229101425],"rankSummary":{"mean":2366,"median":2366,"max":2366,"min":2366},"percentileSummary":{"mean":43.0257769212238,"median":43.0257769212238,"max":43.0257769212238,"min":43.0257769212238}}