{"name":"Kouyoumdjaneitor","scoreData":{"2020-11-03":{"id":76561197983019900,"name":"Kouyoumdjaneitor","score":10125,"level":6,"character":0,"platform":48,"runframes":24081,"runend":1017,"unknown1":1231,"unknown2":4294966962,"rank":1998,"percentile":55.602489995553576}},"tenDayPercentiles":[],"tenDayDecayingPercentileScore":0,"scoresByDay":[],"rankSummary":{"mean":1998,"median":1998,"max":1998,"min":1998},"percentileSummary":{"mean":55.602489995553576,"median":55.602489995553576,"max":55.602489995553576,"min":55.602489995553576}}