{"name":"KoZbArIs","scoreData":{"2020-10-09":{"id":4869235061679507000,"name":"KoZbArIs","score":51900,"level":5,"character":1,"platform":48,"runframes":27779,"runend":1018,"unknown1":4294965147,"unknown2":1139,"rank":2037,"percentile":67.53826530612244}},"tenDayPercentiles":[],"tenDayDecayingPercentileScore":0,"scoresByDay":[],"rankSummary":{"mean":2037,"median":2037,"max":2037,"min":2037},"percentileSummary":{"mean":67.53826530612244,"median":67.53826530612244,"max":67.53826530612244,"min":67.53826530612244}}