{"name":"Krabster","scoreData":{"2020-10-12":{"id":76561198441787650,"name":"Krabster","score":11000,"level":4,"character":7,"platform":18,"runframes":14519,"runend":1019,"unknown1":2825,"unknown2":3339,"rank":2187,"percentile":63.469251336898395}},"tenDayPercentiles":[],"tenDayDecayingPercentileScore":0,"scoresByDay":[],"rankSummary":{"mean":2187,"median":2187,"max":2187,"min":2187},"percentileSummary":{"mean":63.469251336898395,"median":63.469251336898395,"max":63.469251336898395,"min":63.469251336898395}}