{"name":"kraszu","scoreData":{"2020-10-04":{"id":76561198049858880,"name":"kraszu","score":14000,"level":4,"character":0,"platform":18,"runframes":10496,"runend":1019,"unknown1":101,"unknown2":318,"rank":2965,"percentile":60.543130990415335}},"tenDayPercentiles":[],"tenDayDecayingPercentileScore":0,"scoresByDay":[],"rankSummary":{"mean":2965,"median":2965,"max":2965,"min":2965},"percentileSummary":{"mean":60.543130990415335,"median":60.543130990415335,"max":60.543130990415335,"min":60.543130990415335}}