{"name":"krautsourced","scoreData":{"2020-09-15":{"id":7362584585499523000,"name":"krautsourced","score":23200,"level":3,"character":0,"platform":48,"runframes":12516,"runend":1020,"unknown1":1319,"unknown2":75,"rank":641,"percentile":64.75770925110132}},"tenDayPercentiles":[],"tenDayDecayingPercentileScore":0,"scoresByDay":[],"rankSummary":{"mean":641,"median":641,"max":641,"min":641},"percentileSummary":{"mean":64.75770925110132,"median":64.75770925110132,"max":64.75770925110132,"min":64.75770925110132}}