{"name":"Krochet","scoreData":{"2020-10-01":{"id":2415025282958030300,"name":"Krochet","score":158750,"level":13,"character":6,"platform":48,"runframes":97251,"runend":1010,"unknown1":1287,"unknown2":172,"rank":148,"percentile":98.08942032752795}},"tenDayPercentiles":[],"tenDayDecayingPercentileScore":0,"scoresByDay":[],"rankSummary":{"mean":148,"median":148,"max":148,"min":148},"percentileSummary":{"mean":98.08942032752795,"median":98.08942032752795,"max":98.08942032752795,"min":98.08942032752795}}