{"name":"krunchy_boi","scoreData":{"2020-09-21":{"id":3356615197475254300,"name":"krunchy_boi","score":3600,"level":2,"character":0,"platform":48,"runframes":4546,"runend":1021,"unknown1":1581,"unknown2":4294967283,"rank":1905,"percentile":23.748498197837407}},"tenDayPercentiles":[],"tenDayDecayingPercentileScore":0,"scoresByDay":[],"rankSummary":{"mean":1905,"median":1905,"max":1905,"min":1905},"percentileSummary":{"mean":23.748498197837407,"median":23.748498197837407,"max":23.748498197837407,"min":23.748498197837407}}