{"name":"Kryde","scoreData":{"2020-09-29":{"id":76561197989995520,"name":"Kryde","score":15600,"level":3,"character":0,"platform":18,"runframes":15660,"runend":1020,"unknown1":1525,"unknown2":256,"rank":2945,"percentile":47.35336194563662}},"tenDayPercentiles":[],"tenDayDecayingPercentileScore":0,"scoresByDay":[],"rankSummary":{"mean":2945,"median":2945,"max":2945,"min":2945},"percentileSummary":{"mean":47.35336194563662,"median":47.35336194563662,"max":47.35336194563662,"min":47.35336194563662}}