{"name":"krynn8","scoreData":{"2020-10-04":{"id":76561197977622480,"name":"krynn8","score":12600,"level":4,"character":8,"platform":48,"runframes":19553,"runend":1019,"unknown1":4294964444,"unknown2":4294967100,"rank":3112,"percentile":58.58626198083067}},"tenDayPercentiles":[],"tenDayDecayingPercentileScore":0,"scoresByDay":[],"rankSummary":{"mean":3112,"median":3112,"max":3112,"min":3112},"percentileSummary":{"mean":58.58626198083067,"median":58.58626198083067,"max":58.58626198083067,"min":58.58626198083067}}