{"name":"Krzywy","scoreData":{"2020-11-11":{"id":8259838515180501000,"name":"Krzywy","score":17700,"level":4,"character":7,"platform":18,"runframes":16377,"runend":1019,"unknown1":4294966379,"unknown2":1134,"rank":2613,"percentile":41.276978417266186}},"tenDayPercentiles":[41.276978417266186],"tenDayDecayingPercentileScore":15.991547162859716,"scoresByDay":[15.991547162859716],"rankSummary":{"mean":2613,"median":2613,"max":2613,"min":2613},"percentileSummary":{"mean":41.276978417266186,"median":41.276978417266186,"max":41.276978417266186,"min":41.276978417266186}}