{"name":"KsiężniczkaChaosu","scoreData":{"2020-09-29":{"id":76561197996587000,"name":"KsiężniczkaChaosu","score":4000,"level":3,"character":2,"platform":18,"runframes":9274,"runend":1020,"unknown1":4294963955,"unknown2":619,"rank":3335,"percentile":40.379113018598}},"tenDayPercentiles":[],"tenDayDecayingPercentileScore":0,"scoresByDay":[],"rankSummary":{"mean":3335,"median":3335,"max":3335,"min":3335},"percentileSummary":{"mean":40.379113018598,"median":40.379113018598,"max":40.379113018598,"min":40.379113018598}}