{"name":"KsiiAle / Vuokkii","scoreData":{"2020-10-24":{"id":76561198085938380,"name":"KsiiAle / Vuokkii","score":5500,"level":2,"character":7,"platform":18,"runframes":6002,"runend":1021,"unknown1":4294963311,"unknown2":4294966867,"rank":4254,"percentile":20.83023082650783}},"tenDayDecayingPercentileMean":null,"rankSummary":{"mean":4254,"median":4254,"max":4254,"min":4254},"percentileSummary":{"mean":20.83023082650783,"median":20.83023082650783,"max":20.83023082650783,"min":20.83023082650783}}