{"name":"ksuxa1155","scoreData":{"2020-10-27":{"id":76561198248215800,"name":"ksuxa1155","score":4000,"level":1,"character":2,"platform":48,"runframes":5121,"runend":1022,"unknown1":4294964524,"unknown2":4294964575,"rank":4767,"percentile":4.239501707856135}},"tenDayPercentiles":[],"tenDayDecayingPercentileScore":0,"scoresByDay":[],"rankSummary":{"mean":4767,"median":4767,"max":4767,"min":4767},"percentileSummary":{"mean":4.239501707856135,"median":4.239501707856135,"max":4.239501707856135,"min":4.239501707856135}}