{"name":"KTyeung","scoreData":{"2020-10-16":{"id":1747196665799879400,"name":"KTyeung","score":2700,"level":3,"character":13,"platform":48,"runframes":17272,"runend":1020,"unknown1":4294966793,"unknown2":4294964397,"rank":3163,"percentile":43.606206527554846}},"tenDayPercentiles":[],"tenDayDecayingPercentileScore":0,"scoresByDay":[],"rankSummary":{"mean":3163,"median":3163,"max":3163,"min":3163},"percentileSummary":{"mean":43.606206527554846,"median":43.606206527554846,"max":43.606206527554846,"min":43.606206527554846}}