{"name":"Kudeff","scoreData":{"2020-10-01":{"id":76561198200975870,"name":"Kudeff","score":500,"level":1,"character":3,"platform":18,"runframes":2081,"runend":1022,"unknown1":1043,"unknown2":4294963300,"rank":7497,"percentile":2.573433844554202}},"tenDayPercentiles":[],"tenDayDecayingPercentileScore":0,"scoresByDay":[],"rankSummary":{"mean":7497,"median":7497,"max":7497,"min":7497},"percentileSummary":{"mean":2.573433844554202,"median":2.573433844554202,"max":2.573433844554202,"min":2.573433844554202}}