{"name":"Kukkajumala","scoreData":{"2020-09-30":{"id":291277491278554300,"name":"Kukkajumala","score":15525,"level":5,"character":7,"platform":48,"runframes":27715,"runend":1018,"unknown1":636,"unknown2":1,"rank":1177,"percentile":84.774728120145}},"tenDayPercentiles":[],"tenDayDecayingPercentileScore":0,"scoresByDay":[],"rankSummary":{"mean":1177,"median":1177,"max":1177,"min":1177},"percentileSummary":{"mean":84.774728120145,"median":84.774728120145,"max":84.774728120145,"min":84.774728120145}}