{"name":"KulifunkeHarz","scoreData":{"2020-11-18":{"id":76561198081761840,"name":"KulifunkeHarz","score":500,"level":1,"character":6,"platform":48,"runframes":649,"runend":1022,"unknown1":4294966273,"unknown2":646,"rank":4007,"percentile":0.2490039840637479}},"tenDayPercentiles":[0.2490039840637479],"tenDayDecayingPercentileScore":0.2016932270916358,"scoresByDay":[0.2016932270916358],"rankSummary":{"mean":4007,"median":4007,"max":4007,"min":4007},"percentileSummary":{"mean":0.2490039840637479,"median":0.2490039840637479,"max":0.2490039840637479,"min":0.2490039840637479}}