{"name":"KuniBLKstar","scoreData":{"2020-09-17":{"id":1351954675714000100,"name":"KuniBLKstar","score":25000,"level":4,"character":0,"platform":48,"runframes":16183,"runend":1019,"unknown1":4294966989,"unknown2":4294967200,"rank":405,"percentile":85.7092324018394}},"tenDayPercentiles":[],"tenDayDecayingPercentileScore":0,"scoresByDay":[],"rankSummary":{"mean":405,"median":405,"max":405,"min":405},"percentileSummary":{"mean":85.7092324018394,"median":85.7092324018394,"max":85.7092324018394,"min":85.7092324018394}}