{"name":"Kurinshi","scoreData":{"2020-09-30":{"id":4002425693527702500,"name":"Kurinshi","score":2300,"level":3,"character":7,"platform":18,"runframes":9635,"runend":1020,"unknown1":4294962709,"unknown2":4294963463,"rank":3986,"percentile":48.40756084930088}},"tenDayPercentiles":[],"tenDayDecayingPercentileScore":0,"scoresByDay":[],"rankSummary":{"mean":3986,"median":3986,"max":3986,"min":3986},"percentileSummary":{"mean":48.40756084930088,"median":48.40756084930088,"max":48.40756084930088,"min":48.40756084930088}}