{"name":"Kuro_lIl","scoreData":{"2020-11-18":{"id":7732834302846393000,"name":"Kuro_lIl","score":9900,"level":4,"character":0,"platform":48,"runframes":9503,"runend":1019,"unknown1":4294965652,"unknown2":1154,"rank":2725,"percentile":32.17131474103586}},"tenDayPercentiles":[32.17131474103586],"tenDayDecayingPercentileScore":28.954183266932272,"scoresByDay":[28.954183266932272],"rankSummary":{"mean":2725,"median":2725,"max":2725,"min":2725},"percentileSummary":{"mean":32.17131474103586,"median":32.17131474103586,"max":32.17131474103586,"min":32.17131474103586}}