{"name":"KurodoWolfX","scoreData":{"2020-09-23":{"id":577833854118434800,"name":"KurodoWolfX","score":10400,"level":3,"character":3,"platform":48,"runframes":8073,"runend":1020,"unknown1":4294967025,"unknown2":4294966453,"rank":1271,"percentile":47.21529509559434}},"tenDayPercentiles":[],"tenDayDecayingPercentileScore":0,"scoresByDay":[],"rankSummary":{"mean":1271,"median":1271,"max":1271,"min":1271},"percentileSummary":{"mean":47.21529509559434,"median":47.21529509559434,"max":47.21529509559434,"min":47.21529509559434}}