{"name":"kurt","scoreData":{"2020-09-30":{"id":76561197968706980,"name":"kurt","score":13300,"level":3,"character":14,"platform":18,"runframes":13641,"runend":1020,"unknown1":1785,"unknown2":2352,"rank":2955,"percentile":61.75556706369756}},"tenDayPercentiles":[],"tenDayDecayingPercentileScore":0,"scoresByDay":[],"rankSummary":{"mean":2955,"median":2955,"max":2955,"min":2955},"percentileSummary":{"mean":61.75556706369756,"median":61.75556706369756,"max":61.75556706369756,"min":61.75556706369756}}