{"name":"Kutulue","scoreData":{"2020-10-01":{"id":76561198323379090,"name":"Kutulue","score":600,"level":1,"character":3,"platform":18,"runframes":1674,"runend":1022,"unknown1":3585,"unknown2":1116,"rank":7429,"percentile":3.457239407330391}},"tenDayPercentiles":[],"tenDayDecayingPercentileScore":0,"scoresByDay":[],"rankSummary":{"mean":7429,"median":7429,"max":7429,"min":7429},"percentileSummary":{"mean":3.457239407330391,"median":3.457239407330391,"max":3.457239407330391,"min":3.457239407330391}}