{"name":"Kyle Kyle Crocodile","scoreData":{"2020-10-07":{"id":76561197984109490,"name":"Kyle Kyle Crocodile","score":28975,"level":14,"character":7,"platform":18,"runframes":48914,"runend":1009,"unknown1":2738,"unknown2":178,"rank":98,"percentile":98.51318209687308}},"tenDayPercentiles":[],"tenDayDecayingPercentileScore":0,"scoresByDay":[],"rankSummary":{"mean":98,"median":98,"max":98,"min":98},"percentileSummary":{"mean":98.51318209687308,"median":98.51318209687308,"max":98.51318209687308,"min":98.51318209687308}}