{"name":"KyleColcloughYT","scoreData":{"2020-10-11":{"id":76561197993371800,"name":"KyleColcloughYT","score":11600,"level":1,"character":0,"platform":18,"runframes":4259,"runend":1022,"unknown1":970,"unknown2":4294964638,"rank":5520,"percentile":13.086614173228355}},"tenDayPercentiles":[],"tenDayDecayingPercentileScore":0,"scoresByDay":[],"rankSummary":{"mean":5520,"median":5520,"max":5520,"min":5520},"percentileSummary":{"mean":13.086614173228355,"median":13.086614173228355,"max":13.086614173228355,"min":13.086614173228355}}