{"name":"Kyon245N","scoreData":{"2020-10-20":{"id":76561197994337280,"name":"Kyon245N","score":3700,"level":2,"character":0,"platform":48,"runframes":3347,"runend":1021,"unknown1":1821,"unknown2":630,"rank":5034,"percentile":6.796296296296305}},"tenDayPercentiles":[],"tenDayDecayingPercentileScore":0,"scoresByDay":[],"rankSummary":{"mean":5034,"median":5034,"max":5034,"min":5034},"percentileSummary":{"mean":6.796296296296305,"median":6.796296296296305,"max":6.796296296296305,"min":6.796296296296305}}