{"name":"kyora","scoreData":{"2020-10-03":{"id":76561198036936940,"name":"kyora","score":7200,"level":1,"character":1,"platform":18,"runframes":1266,"runend":1022,"unknown1":4294966224,"unknown2":4294963495,"rank":7306,"percentile":7.508229931628264}},"tenDayPercentiles":[],"tenDayDecayingPercentileScore":0,"scoresByDay":[],"rankSummary":{"mean":7306,"median":7306,"max":7306,"min":7306},"percentileSummary":{"mean":7.508229931628264,"median":7.508229931628264,"max":7.508229931628264,"min":7.508229931628264}}