{"name":"Kyubey","scoreData":{"2020-10-02":{"id":76561198081722850,"name":"Kyubey","score":67875,"level":7,"character":7,"platform":18,"runframes":41549,"runend":1016,"unknown1":4294963729,"unknown2":117,"rank":379,"percentile":94.93501272946536}},"tenDayPercentiles":[],"tenDayDecayingPercentileScore":0,"scoresByDay":[],"rankSummary":{"mean":379,"median":379,"max":379,"min":379},"percentileSummary":{"mean":94.93501272946536,"median":94.93501272946536,"max":94.93501272946536,"min":94.93501272946536}}