{"name":"KyuuTpie","scoreData":{"2020-09-17":{"id":6041264183096507000,"name":"KyuuTpie","score":9000,"level":1,"character":0,"platform":48,"runframes":8340,"runend":1022,"unknown1":4294965714,"unknown2":4294966519,"rank":2032,"percentile":28.157056950831276}},"tenDayPercentiles":[],"tenDayDecayingPercentileScore":0,"scoresByDay":[],"rankSummary":{"mean":2032,"median":2032,"max":2032,"min":2032},"percentileSummary":{"mean":28.157056950831276,"median":28.157056950831276,"max":28.157056950831276,"min":28.157056950831276}}