{"name":"R1ch_Tea_Biscuit","scoreData":{"2020-09-20":{"id":3176010419057888000,"name":"R1ch_Tea_Biscuit","score":5800,"level":2,"character":4,"platform":48,"runframes":4245,"runend":1021,"unknown1":4294966404,"unknown2":4294966234,"rank":2122,"percentile":28.681909885675864}},"tenDayPercentiles":[],"tenDayDecayingPercentileScore":0,"scoresByDay":[],"rankSummary":{"mean":2122,"median":2122,"max":2122,"min":2122},"percentileSummary":{"mean":28.681909885675864,"median":28.681909885675864,"max":28.681909885675864,"min":28.681909885675864}}