{"name":"r.totale","scoreData":{"2020-10-27":{"id":76561198301801710,"name":"r.totale","score":7100,"level":2,"character":0,"platform":18,"runframes":6244,"runend":1021,"unknown1":4294967017,"unknown2":1163,"rank":4342,"percentile":12.778782399035563}},"tenDayPercentiles":[],"tenDayDecayingPercentileScore":0,"scoresByDay":[],"rankSummary":{"mean":4342,"median":4342,"max":4342,"min":4342},"percentileSummary":{"mean":12.778782399035563,"median":12.778782399035563,"max":12.778782399035563,"min":12.778782399035563}}