{"name":"Ra-Thor","scoreData":{"2020-10-06":{"id":6279517588812784000,"name":"Ra-Thor","score":18200,"level":4,"character":7,"platform":18,"runframes":10863,"runend":1019,"unknown1":4294963684,"unknown2":238,"rank":2429,"percentile":64.26784400294335}},"tenDayPercentiles":[],"tenDayDecayingPercentileScore":0,"scoresByDay":[],"rankSummary":{"mean":2429,"median":2429,"max":2429,"min":2429},"percentileSummary":{"mean":64.26784400294335,"median":64.26784400294335,"max":64.26784400294335,"min":64.26784400294335}}