{"name":"RabbiGuruBeatnik","scoreData":{"2020-10-02":{"id":7076833783451216000,"name":"RabbiGuruBeatnik","score":34900,"level":6,"character":10,"platform":18,"runframes":41188,"runend":1017,"unknown1":4294964603,"unknown2":4294962788,"rank":641,"percentile":91.42436017687257}},"tenDayPercentiles":[],"tenDayDecayingPercentileScore":0,"scoresByDay":[],"rankSummary":{"mean":641,"median":641,"max":641,"min":641},"percentileSummary":{"mean":91.42436017687257,"median":91.42436017687257,"max":91.42436017687257,"min":91.42436017687257}}