{"name":"RadiatingJoint","scoreData":{"2020-11-02":{"id":76561198802374350,"name":"RadiatingJoint","score":583339,"level":22,"character":16,"platform":18,"runframes":258484,"runend":489,"unknown1":4294966688,"unknown2":4294965711,"rank":29,"percentile":99.37402190923318}},"tenDayPercentiles":[],"tenDayDecayingPercentileScore":0,"scoresByDay":[],"rankSummary":{"mean":29,"median":29,"max":29,"min":29},"percentileSummary":{"mean":99.37402190923318,"median":99.37402190923318,"max":99.37402190923318,"min":99.37402190923318}}