{"name":"rafavoliv","scoreData":{"2020-10-06":{"id":76561199063742300,"name":"rafavoliv","score":5400,"level":1,"character":1,"platform":18,"runframes":11425,"runend":1022,"unknown1":4294965115,"unknown2":4294963939,"rank":6323,"percentile":6.961000735835171}},"tenDayPercentiles":[],"tenDayDecayingPercentileScore":0,"scoresByDay":[],"rankSummary":{"mean":6323,"median":6323,"max":6323,"min":6323},"percentileSummary":{"mean":6.961000735835171,"median":6.961000735835171,"max":6.961000735835171,"min":6.961000735835171}}