{"name":"rafaelsm","scoreData":{"2020-10-10":{"id":76561198236829900,"name":"rafaelsm","score":8900,"level":4,"character":5,"platform":18,"runframes":17438,"runend":1019,"unknown1":4294965923,"unknown2":53,"rank":1300,"percentile":80.30624620982414}},"tenDayPercentiles":[],"tenDayDecayingPercentileScore":0,"scoresByDay":[],"rankSummary":{"mean":1300,"median":1300,"max":1300,"min":1300},"percentileSummary":{"mean":80.30624620982414,"median":80.30624620982414,"max":80.30624620982414,"min":80.30624620982414}}