{"name":"raffertyw","scoreData":{"2020-11-02":{"id":76561198936614660,"name":"raffertyw","score":19100,"level":3,"character":3,"platform":48,"runframes":11197,"runend":1020,"unknown1":4294966006,"unknown2":4294967191,"rank":2616,"percentile":41.53811759445563}},"tenDayPercentiles":[],"tenDayDecayingPercentileScore":0,"scoresByDay":[],"rankSummary":{"mean":2616,"median":2616,"max":2616,"min":2616},"percentileSummary":{"mean":41.53811759445563,"median":41.53811759445563,"max":41.53811759445563,"min":41.53811759445563}}