{"name":"ragagr","scoreData":{"2020-09-22":{"id":4639462344563235000,"name":"ragagr","score":0,"level":1,"character":0,"platform":48,"runframes":866,"runend":1022,"unknown1":122,"unknown2":4294966033,"rank":2420,"percentile":1.7465475223395543}},"tenDayPercentiles":[],"tenDayDecayingPercentileScore":0,"scoresByDay":[],"rankSummary":{"mean":2420,"median":2420,"max":2420,"min":2420},"percentileSummary":{"mean":1.7465475223395543,"median":1.7465475223395543,"max":1.7465475223395543,"min":1.7465475223395543}}