{"name":"Ragi42","scoreData":{"2020-10-06":{"id":2352437065392262700,"name":"Ragi42","score":11200,"level":3,"character":3,"platform":48,"runframes":18861,"runend":1020,"unknown1":772,"unknown2":720,"rank":3540,"percentile":47.91758646063282}},"tenDayPercentiles":[],"tenDayDecayingPercentileScore":0,"scoresByDay":[],"rankSummary":{"mean":3540,"median":3540,"max":3540,"min":3540},"percentileSummary":{"mean":47.91758646063282,"median":47.91758646063282,"max":47.91758646063282,"min":47.91758646063282}}