{"name":"Ragna_Ex_666","scoreData":{"2020-09-26":{"id":8461423794829895000,"name":"Ragna_Ex_666","score":8500,"level":1,"character":0,"platform":48,"runframes":1744,"runend":1022,"unknown1":433,"unknown2":5,"rank":2333,"percentile":10.134874759152211}},"tenDayPercentiles":[],"tenDayDecayingPercentileScore":0,"scoresByDay":[],"rankSummary":{"mean":2333,"median":2333,"max":2333,"min":2333},"percentileSummary":{"mean":10.134874759152211,"median":10.134874759152211,"max":10.134874759152211,"min":10.134874759152211}}