{"name":"ragont","scoreData":{"2020-11-22":{"id":6250484280566741000,"name":"ragont","score":30450,"level":7,"character":8,"platform":18,"runframes":23615,"runend":1016,"unknown1":129,"unknown2":436,"rank":401,"percentile":89.99749937484371}},"tenDayPercentiles":[],"tenDayDecayingPercentileScore":0,"scoresByDay":[],"rankSummary":{"mean":401,"median":401,"max":401,"min":401},"percentileSummary":{"mean":89.99749937484371,"median":89.99749937484371,"max":89.99749937484371,"min":89.99749937484371}}