{"name":"raidhead848","scoreData":{"2020-10-11":{"id":76561197970282880,"name":"raidhead848","score":16200,"level":4,"character":2,"platform":48,"runframes":8502,"runend":1019,"unknown1":2132,"unknown2":557,"rank":2923,"percentile":53.98425196850394}},"tenDayPercentiles":[],"tenDayDecayingPercentileScore":0,"scoresByDay":[],"rankSummary":{"mean":2923,"median":2923,"max":2923,"min":2923},"percentileSummary":{"mean":53.98425196850394,"median":53.98425196850394,"max":53.98425196850394,"min":53.98425196850394}}