{"name":"Raid: Shadow Legends","scoreData":{"2020-10-03":{"id":76561198018995650,"name":"Raid: Shadow Legends","score":18600,"level":3,"character":0,"platform":18,"runframes":14104,"runend":1020,"unknown1":4294966153,"unknown2":30,"rank":2317,"percentile":70.67612053684476}},"tenDayPercentiles":[],"tenDayDecayingPercentileScore":0,"scoresByDay":[],"rankSummary":{"mean":2317,"median":2317,"max":2317,"min":2317},"percentileSummary":{"mean":70.67612053684476,"median":70.67612053684476,"max":70.67612053684476,"min":70.67612053684476}}