{"name":"RAINxx85","scoreData":{"2020-09-19":{"id":2096043674527402200,"name":"RAINxx85","score":3300,"level":2,"character":4,"platform":48,"runframes":2545,"runend":1021,"unknown1":4294966594,"unknown2":4294965478,"rank":1960,"percentile":34.612817089452605}},"tenDayPercentiles":[],"tenDayDecayingPercentileScore":0,"scoresByDay":[],"rankSummary":{"mean":1960,"median":1960,"max":1960,"min":1960},"percentileSummary":{"mean":34.612817089452605,"median":34.612817089452605,"max":34.612817089452605,"min":34.612817089452605}}