{"name":"Rainbow Rival","scoreData":{"2020-10-10":{"id":76561199013838820,"name":"Rainbow Rival","score":3500,"level":2,"character":0,"platform":18,"runframes":4813,"runend":1021,"unknown1":481,"unknown2":1379,"rank":4500,"percentile":31.791995148574898}},"tenDayPercentiles":[],"tenDayDecayingPercentileScore":0,"scoresByDay":[],"rankSummary":{"mean":4500,"median":4500,"max":4500,"min":4500},"percentileSummary":{"mean":31.791995148574898,"median":31.791995148574898,"max":31.791995148574898,"min":31.791995148574898}}