{"name":"RaindanceBDK","scoreData":{"2020-10-04":{"id":76561198125706740,"name":"RaindanceBDK","score":5800,"level":2,"character":19,"platform":48,"runframes":2981,"runend":1021,"unknown1":4441,"unknown2":395,"rank":5664,"percentile":24.61395101171459}},"tenDayPercentiles":[],"tenDayDecayingPercentileScore":0,"scoresByDay":[],"rankSummary":{"mean":5664,"median":5664,"max":5664,"min":5664},"percentileSummary":{"mean":24.61395101171459,"median":24.61395101171459,"max":24.61395101171459,"min":24.61395101171459}}