{"name":"Raku","scoreData":{"2020-10-30":{"id":76561198071936690,"name":"Raku","score":7600,"level":2,"character":0,"platform":18,"runframes":12575,"runend":1021,"unknown1":2943,"unknown2":21,"rank":3556,"percentile":25.14213518635502}},"tenDayPercentiles":[],"tenDayDecayingPercentileScore":0,"scoresByDay":[],"rankSummary":{"mean":3556,"median":3556,"max":3556,"min":3556},"percentileSummary":{"mean":25.14213518635502,"median":25.14213518635502,"max":25.14213518635502,"min":25.14213518635502}}