{"name":"Ralfii","scoreData":{"2020-11-17":{"id":5688855367750643000,"name":"Ralfii","score":34925,"level":7,"character":0,"platform":18,"runframes":41138,"runend":1016,"unknown1":4294963863,"unknown2":4294964060,"rank":681,"percentile":82.64420622766718}},"tenDayPercentiles":[82.64420622766718],"tenDayDecayingPercentileScore":54.22286370597245,"scoresByDay":[54.22286370597245],"rankSummary":{"mean":681,"median":681,"max":681,"min":681},"percentileSummary":{"mean":82.64420622766718,"median":82.64420622766718,"max":82.64420622766718,"min":82.64420622766718}}