{"name":"ralgun","scoreData":{"2020-09-29":{"id":1711847745662930200,"name":"ralgun","score":26100,"level":3,"character":0,"platform":18,"runframes":10617,"runend":1020,"unknown1":4294966820,"unknown2":740,"rank":2615,"percentile":53.25464949928469}},"tenDayPercentiles":[],"tenDayDecayingPercentileScore":0,"scoresByDay":[],"rankSummary":{"mean":2615,"median":2615,"max":2615,"min":2615},"percentileSummary":{"mean":53.25464949928469,"median":53.25464949928469,"max":53.25464949928469,"min":53.25464949928469}}