{"name":"Rallenbird","scoreData":{"2020-09-16":{"id":6337552474278510000,"name":"Rallenbird","score":10500,"level":2,"character":0,"platform":48,"runframes":12333,"runend":1021,"unknown1":204,"unknown2":7,"rank":2204,"percentile":28.613091380427733}},"tenDayPercentiles":[],"tenDayDecayingPercentileScore":0,"scoresByDay":[],"rankSummary":{"mean":2204,"median":2204,"max":2204,"min":2204},"percentileSummary":{"mean":28.613091380427733,"median":28.613091380427733,"max":28.613091380427733,"min":28.613091380427733}}