{"name":"Ramathorn95","scoreData":{"2020-09-30":{"id":1721084478019799300,"name":"Ramathorn95","score":4800,"level":2,"character":0,"platform":18,"runframes":17907,"runend":1021,"unknown1":2346,"unknown2":35,"rank":5580,"percentile":27.770585189021233}},"tenDayPercentiles":[],"tenDayDecayingPercentileScore":0,"scoresByDay":[],"rankSummary":{"mean":5580,"median":5580,"max":5580,"min":5580},"percentileSummary":{"mean":27.770585189021233,"median":27.770585189021233,"max":27.770585189021233,"min":27.770585189021233}}