{"name":"Ramon-024-","scoreData":{"2020-09-20":{"id":7413034944399975000,"name":"Ramon-024-","score":44675,"level":7,"character":7,"platform":48,"runframes":36541,"runend":1016,"unknown1":4294966042,"unknown2":74,"rank":302,"percentile":89.87895090786819}},"tenDayPercentiles":[],"tenDayDecayingPercentileScore":0,"scoresByDay":[],"rankSummary":{"mean":302,"median":302,"max":302,"min":302},"percentileSummary":{"mean":89.87895090786819,"median":89.87895090786819,"max":89.87895090786819,"min":89.87895090786819}}