{"name":"Ramoten","scoreData":{"2020-09-19":{"id":6154864492651360000,"name":"Ramoten","score":2800,"level":1,"character":0,"platform":48,"runframes":3238,"runend":1022,"unknown1":4294966433,"unknown2":286,"rank":2757,"percentile":8.010680907877159}},"tenDayPercentiles":[],"tenDayDecayingPercentileScore":0,"scoresByDay":[],"rankSummary":{"mean":2757,"median":2757,"max":2757,"min":2757},"percentileSummary":{"mean":8.010680907877159,"median":8.010680907877159,"max":8.010680907877159,"min":8.010680907877159}}