{"name":"RandomGuy","scoreData":{"2020-10-23":{"id":76561198824828700,"name":"RandomGuy","score":32800,"level":4,"character":0,"platform":18,"runframes":23516,"runend":1019,"unknown1":4294965519,"unknown2":4294966204,"rank":2505,"percentile":52.03983911128137}},"tenDayPercentiles":[],"tenDayDecayingPercentileScore":0,"scoresByDay":[],"rankSummary":{"mean":2505,"median":2505,"max":2505,"min":2505},"percentileSummary":{"mean":52.03983911128137,"median":52.03983911128137,"max":52.03983911128137,"min":52.03983911128137}}