{"name":"RandyButterrnubs","scoreData":{"2020-09-17":{"id":6997197196066428000,"name":"RandyButterrnubs","score":1000,"level":1,"character":0,"platform":48,"runframes":6979,"runend":1022,"unknown1":861,"unknown2":4294966356,"rank":2743,"percentile":3.0067209055535926}},"tenDayPercentiles":[],"tenDayDecayingPercentileScore":0,"scoresByDay":[],"rankSummary":{"mean":2743,"median":2743,"max":2743,"min":2743},"percentileSummary":{"mean":3.0067209055535926,"median":3.0067209055535926,"max":3.0067209055535926,"min":3.0067209055535926}}