{"name":"randomNIBBA69","scoreData":{"2020-10-07":{"id":76561198296456540,"name":"randomNIBBA69","score":40925,"level":5,"character":3,"platform":48,"runframes":19825,"runend":1018,"unknown1":982,"unknown2":2885,"rank":972,"percentile":85.11649294911098}},"tenDayPercentiles":[],"tenDayDecayingPercentileScore":0,"scoresByDay":[],"rankSummary":{"mean":972,"median":972,"max":972,"min":972},"percentileSummary":{"mean":85.11649294911098,"median":85.11649294911098,"max":85.11649294911098,"min":85.11649294911098}}