{"name":"Rasmutius","scoreData":{"2020-10-01":{"id":76561198010108820,"name":"Rasmutius","score":2100,"level":1,"character":3,"platform":18,"runframes":2135,"runend":1022,"unknown1":3786,"unknown2":264,"rank":7217,"percentile":6.212633220691444}},"tenDayPercentiles":[],"tenDayDecayingPercentileScore":0,"scoresByDay":[],"rankSummary":{"mean":7217,"median":7217,"max":7217,"min":7217},"percentileSummary":{"mean":6.212633220691444,"median":6.212633220691444,"max":6.212633220691444,"min":6.212633220691444}}