{"name":"RasMas01","scoreData":{"2020-11-22":{"id":5761635093604142000,"name":"RasMas01","score":5500,"level":1,"character":0,"platform":48,"runframes":2329,"runend":1022,"unknown1":4294964266,"unknown2":4294964308,"rank":3627,"percentile":9.327331832958237}},"tenDayPercentiles":[],"tenDayDecayingPercentileScore":0,"scoresByDay":[],"rankSummary":{"mean":3627,"median":3627,"max":3627,"min":3627},"percentileSummary":{"mean":9.327331832958237,"median":9.327331832958237,"max":9.327331832958237,"min":9.327331832958237}}