{"name":"Rasputin27","scoreData":{"2020-09-30":{"id":76561198064323000,"name":"Rasputin27","score":18750,"level":7,"character":8,"platform":18,"runframes":45289,"runend":1016,"unknown1":3522,"unknown2":579,"rank":601,"percentile":92.23200414293112}},"tenDayPercentiles":[],"tenDayDecayingPercentileScore":0,"scoresByDay":[],"rankSummary":{"mean":601,"median":601,"max":601,"min":601},"percentileSummary":{"mean":92.23200414293112,"median":92.23200414293112,"max":92.23200414293112,"min":92.23200414293112}}