{"name":"RastaFox","scoreData":{"2020-10-12":{"id":76561198315021420,"name":"RastaFox","score":25200,"level":4,"character":7,"platform":18,"runframes":19934,"runend":1019,"unknown1":2006,"unknown2":1503,"rank":1798,"percentile":69.96991978609626}},"tenDayPercentiles":[],"tenDayDecayingPercentileScore":0,"scoresByDay":[],"rankSummary":{"mean":1798,"median":1798,"max":1798,"min":1798},"percentileSummary":{"mean":69.96991978609626,"median":69.96991978609626,"max":69.96991978609626,"min":69.96991978609626}}