{"name":"RatrickBoss","scoreData":{"2020-11-06":{"id":76561198327586050,"name":"RatrickBoss","score":3700,"level":2,"character":0,"platform":18,"runframes":8747,"runend":1021,"unknown1":100,"unknown2":1305,"rank":4094,"percentile":9.746416758544655}},"tenDayPercentiles":[],"tenDayDecayingPercentileScore":0,"scoresByDay":[],"rankSummary":{"mean":4094,"median":4094,"max":4094,"min":4094},"percentileSummary":{"mean":9.746416758544655,"median":9.746416758544655,"max":9.746416758544655,"min":9.746416758544655}}