{"name":"Ravenna","scoreData":{"2020-10-07":{"id":76561199007008980,"name":"Ravenna","score":20200,"level":2,"character":14,"platform":18,"runframes":15245,"runend":1021,"unknown1":1547,"unknown2":100,"rank":2825,"percentile":56.71367259350092}},"tenDayPercentiles":[],"tenDayDecayingPercentileScore":0,"scoresByDay":[],"rankSummary":{"mean":2825,"median":2825,"max":2825,"min":2825},"percentileSummary":{"mean":56.71367259350092,"median":56.71367259350092,"max":56.71367259350092,"min":56.71367259350092}}