{"name":"ravengaga0710","scoreData":{"2020-11-17":{"id":4831638874144084000,"name":"ravengaga0710","score":15600,"level":4,"character":7,"platform":48,"runframes":19349,"runend":1019,"unknown1":4294966979,"unknown2":1517,"rank":1625,"percentile":58.55028075548749}},"tenDayPercentiles":[58.55028075548749],"tenDayDecayingPercentileScore":47.42572741194487,"scoresByDay":[47.42572741194487],"rankSummary":{"mean":1625,"median":1625,"max":1625,"min":1625},"percentileSummary":{"mean":58.55028075548749,"median":58.55028075548749,"max":58.55028075548749,"min":58.55028075548749}}