{"name":"Rawe G","scoreData":{"2020-09-29":{"id":76561198000729890,"name":"Rawe G","score":10700,"level":2,"character":1,"platform":18,"runframes":5131,"runend":1021,"unknown1":4294966350,"unknown2":4294966688,"rank":3669,"percentile":34.4062947067239}},"tenDayPercentiles":[],"tenDayDecayingPercentileScore":0,"scoresByDay":[],"rankSummary":{"mean":3669,"median":3669,"max":3669,"min":3669},"percentileSummary":{"mean":34.4062947067239,"median":34.4062947067239,"max":34.4062947067239,"min":34.4062947067239}}