{"name":"Rawr","scoreData":{"2020-10-24":{"id":4391217936454008000,"name":"Rawr","score":400,"level":3,"character":7,"platform":18,"runframes":5367,"runend":1020,"unknown1":4294965351,"unknown2":19,"rank":3377,"percentile":37.15562174236783}},"tenDayPercentiles":[],"tenDayDecayingPercentileScore":0,"scoresByDay":[],"rankSummary":{"mean":3377,"median":3377,"max":3377,"min":3377},"percentileSummary":{"mean":37.15562174236783,"median":37.15562174236783,"max":37.15562174236783,"min":37.15562174236783}}