{"name":"rayck23","scoreData":{"2020-10-20":{"id":7546831091312090000,"name":"rayck23","score":9300,"level":1,"character":1,"platform":18,"runframes":9329,"runend":1022,"unknown1":4746,"unknown2":4987,"rank":5099,"percentile":5.592592592592595}},"tenDayPercentiles":[],"tenDayDecayingPercentileScore":0,"scoresByDay":[],"rankSummary":{"mean":5099,"median":5099,"max":5099,"min":5099},"percentileSummary":{"mean":5.592592592592595,"median":5.592592592592595,"max":5.592592592592595,"min":5.592592592592595}}