{"name":"rayduQ","scoreData":{"2020-09-29":{"id":76561198278192260,"name":"rayduQ","score":20300,"level":5,"character":5,"platform":18,"runframes":27123,"runend":1018,"unknown1":620,"unknown2":385,"rank":1485,"percentile":73.4620886981402}},"tenDayPercentiles":[],"tenDayDecayingPercentileScore":0,"scoresByDay":[],"rankSummary":{"mean":1485,"median":1485,"max":1485,"min":1485},"percentileSummary":{"mean":73.4620886981402,"median":73.4620886981402,"max":73.4620886981402,"min":73.4620886981402}}