{"name":"Raymoo","scoreData":{"2020-09-29":{"id":76561198023121250,"name":"Raymoo","score":26600,"level":3,"character":0,"platform":18,"runframes":9322,"runend":1020,"unknown1":177,"unknown2":537,"rank":2608,"percentile":53.37982832618026}},"tenDayPercentiles":[],"tenDayDecayingPercentileScore":0,"scoresByDay":[],"rankSummary":{"mean":2608,"median":2608,"max":2608,"min":2608},"percentileSummary":{"mean":53.37982832618026,"median":53.37982832618026,"max":53.37982832618026,"min":53.37982832618026}}