{"name":"RayReloada","scoreData":{"2020-09-19":{"id":8047037031076793000,"name":"RayReloada","score":5200,"level":2,"character":2,"platform":48,"runframes":7722,"runend":1021,"unknown1":4294966969,"unknown2":73,"rank":1826,"percentile":39.08544726301736}},"tenDayPercentiles":[],"tenDayDecayingPercentileScore":0,"scoresByDay":[],"rankSummary":{"mean":1826,"median":1826,"max":1826,"min":1826},"percentileSummary":{"mean":39.08544726301736,"median":39.08544726301736,"max":39.08544726301736,"min":39.08544726301736}}