{"name":"Rays","scoreData":{"2020-11-10":{"id":2717946350008814000,"name":"Rays","score":3100,"level":3,"character":6,"platform":18,"runframes":8330,"runend":1020,"unknown1":4294966573,"unknown2":4294966013,"rank":3245,"percentile":25.868372943327245}},"tenDayPercentiles":[25.868372943327245],"tenDayDecayingPercentileScore":9.019743925804391,"scoresByDay":[9.019743925804391],"rankSummary":{"mean":3245,"median":3245,"max":3245,"min":3245},"percentileSummary":{"mean":25.868372943327245,"median":25.868372943327245,"max":25.868372943327245,"min":25.868372943327245}}