{"name":"razerchain763","scoreData":{"2020-10-07":{"id":76561198037535870,"name":"razerchain763","score":2300,"level":2,"character":0,"platform":48,"runframes":9783,"runend":1021,"unknown1":4294962465,"unknown2":4294964716,"rank":4905,"percentile":24.83139178418149}},"tenDayPercentiles":[],"tenDayDecayingPercentileScore":0,"scoresByDay":[],"rankSummary":{"mean":4905,"median":4905,"max":4905,"min":4905},"percentileSummary":{"mean":24.83139178418149,"median":24.83139178418149,"max":24.83139178418149,"min":24.83139178418149}}