{"name":"RC10703","scoreData":{"2020-11-14":{"id":76561197962029550,"name":"RC10703","score":9900,"level":3,"character":7,"platform":18,"runframes":13026,"runend":1020,"unknown1":4294966743,"unknown2":4294965183,"rank":1815,"percentile":57.960602549246815}},"tenDayPercentiles":[57.960602549246815],"tenDayDecayingPercentileScore":24.95013886929317,"scoresByDay":[24.95013886929317],"rankSummary":{"mean":1815,"median":1815,"max":1815,"min":1815},"percentileSummary":{"mean":57.960602549246815,"median":57.960602549246815,"max":57.960602549246815,"min":57.960602549246815}}