{"name":"reakz111","scoreData":{"2020-09-20":{"id":3046630065627332000,"name":"reakz111","score":9300,"level":2,"character":0,"platform":48,"runframes":3380,"runend":1021,"unknown1":4294966369,"unknown2":47,"rank":1714,"percentile":42.40080699394755}},"tenDayPercentiles":[],"tenDayDecayingPercentileScore":0,"scoresByDay":[],"rankSummary":{"mean":1714,"median":1714,"max":1714,"min":1714},"percentileSummary":{"mean":42.40080699394755,"median":42.40080699394755,"max":42.40080699394755,"min":42.40080699394755}}