{"name":"real eobard thawne not fake","scoreData":{"2020-10-27":{"id":76561199005870560,"name":"real eobard thawne not fake","score":13000,"level":3,"character":4,"platform":18,"runframes":9098,"runend":1020,"unknown1":137,"unknown2":2150,"rank":2794,"percentile":43.881856540084385}},"tenDayPercentiles":[],"tenDayDecayingPercentileScore":0,"scoresByDay":[],"rankSummary":{"mean":2794,"median":2794,"max":2794,"min":2794},"percentileSummary":{"mean":43.881856540084385,"median":43.881856540084385,"max":43.881856540084385,"min":43.881856540084385}}