{"name":"Realist_Danko","scoreData":{"2020-11-14":{"id":76561198882586860,"name":"Realist_Danko","score":8700,"level":2,"character":0,"platform":48,"runframes":6922,"runend":1021,"unknown1":4294967022,"unknown2":4294965830,"rank":2920,"percentile":32.35225955967556}},"tenDayPercentiles":[32.35225955967556],"tenDayDecayingPercentileScore":15.473985455388188,"scoresByDay":[15.473985455388188],"rankSummary":{"mean":2920,"median":2920,"max":2920,"min":2920},"percentileSummary":{"mean":32.35225955967556,"median":32.35225955967556,"max":32.35225955967556,"min":32.35225955967556}}