{"name":"Reaperlord","scoreData":{"2020-09-29":{"id":76561198022872270,"name":"Reaperlord","score":11000,"level":3,"character":3,"platform":18,"runframes":9970,"runend":1020,"unknown1":4294964468,"unknown2":4294962809,"rank":3153,"percentile":43.63376251788269}},"tenDayPercentiles":[],"tenDayDecayingPercentileScore":0,"scoresByDay":[],"rankSummary":{"mean":3153,"median":3153,"max":3153,"min":3153},"percentileSummary":{"mean":43.63376251788269,"median":43.63376251788269,"max":43.63376251788269,"min":43.63376251788269}}