{"name":"reaper52687","scoreData":{"2020-09-16":{"id":8526008327162086000,"name":"reaper52687","score":7000,"level":1,"character":0,"platform":48,"runframes":8743,"runend":1022,"unknown1":4294966473,"unknown2":255,"rank":2662,"percentile":13.771872974724559}},"tenDayPercentiles":[],"tenDayDecayingPercentileScore":0,"scoresByDay":[],"rankSummary":{"mean":2662,"median":2662,"max":2662,"min":2662},"percentileSummary":{"mean":13.771872974724559,"median":13.771872974724559,"max":13.771872974724559,"min":13.771872974724559}}