{"name":"RecklessFilth","scoreData":{"2020-09-18":{"id":5092608977847790000,"name":"RecklessFilth","score":0,"level":1,"character":0,"platform":48,"runframes":1988,"runend":1022,"unknown1":4294965496,"unknown2":272,"rank":2764,"percentile":1.1802575107296036}},"tenDayPercentiles":[],"tenDayDecayingPercentileScore":0,"scoresByDay":[],"rankSummary":{"mean":2764,"median":2764,"max":2764,"min":2764},"percentileSummary":{"mean":1.1802575107296036,"median":1.1802575107296036,"max":1.1802575107296036,"min":1.1802575107296036}}