{"name":"ReconTS","scoreData":{"2020-10-02":{"id":76561198034126350,"name":"ReconTS","score":2500,"level":1,"character":14,"platform":18,"runframes":1712,"runend":1022,"unknown1":4294964600,"unknown2":320,"rank":6797,"percentile":8.937424628165616}},"tenDayPercentiles":[],"tenDayDecayingPercentileScore":0,"scoresByDay":[],"rankSummary":{"mean":6797,"median":6797,"max":6797,"min":6797},"percentileSummary":{"mean":8.937424628165616,"median":8.937424628165616,"max":8.937424628165616,"min":8.937424628165616}}