{"name":"Recul","scoreData":{"2020-10-01":{"id":6041264183096507000,"name":"Recul","score":0,"level":1,"character":3,"platform":18,"runframes":602,"runend":1022,"unknown1":4294963715,"unknown2":649,"rank":7634,"percentile":0.7928255783727565}},"tenDayPercentiles":[],"tenDayDecayingPercentileScore":0,"scoresByDay":[],"rankSummary":{"mean":7634,"median":7634,"max":7634,"min":7634},"percentileSummary":{"mean":0.7928255783727565,"median":0.7928255783727565,"max":0.7928255783727565,"min":0.7928255783727565}}