{"name":"reddle","scoreData":{"2020-09-30":{"id":76561198084032640,"name":"reddle","score":14400,"level":3,"character":0,"platform":18,"runframes":10843,"runend":1020,"unknown1":3513,"unknown2":1363,"rank":2892,"percentile":62.571206628689794}},"tenDayPercentiles":[],"tenDayDecayingPercentileScore":0,"scoresByDay":[],"rankSummary":{"mean":2892,"median":2892,"max":2892,"min":2892},"percentileSummary":{"mean":62.571206628689794,"median":62.571206628689794,"max":62.571206628689794,"min":62.571206628689794}}