{"name":"RedoomXSpuds","scoreData":{"2020-11-01":{"id":76561198208954480,"name":"RedoomXSpuds","score":25400,"level":6,"character":19,"platform":48,"runframes":29318,"runend":1017,"unknown1":4294967095,"unknown2":299,"rank":1213,"percentile":74.24017003188098}},"tenDayPercentiles":[],"tenDayDecayingPercentileScore":0,"scoresByDay":[],"rankSummary":{"mean":1213,"median":1213,"max":1213,"min":1213},"percentileSummary":{"mean":74.24017003188098,"median":74.24017003188098,"max":74.24017003188098,"min":74.24017003188098}}