{"name":"redpbdragon","scoreData":{"2020-10-02":{"id":76561198002077710,"name":"redpbdragon","score":0,"level":1,"character":0,"platform":18,"runframes":825,"runend":1022,"unknown1":941,"unknown2":67,"rank":7455,"percentile":0.12059493501273266}},"tenDayPercentiles":[],"tenDayDecayingPercentileScore":0,"scoresByDay":[],"rankSummary":{"mean":7455,"median":7455,"max":7455,"min":7455},"percentileSummary":{"mean":0.12059493501273266,"median":0.12059493501273266,"max":0.12059493501273266,"min":0.12059493501273266}}