{"name":"RedSteelD","scoreData":{"2020-11-02":{"id":76561198039317360,"name":"RedSteelD","score":21100,"level":2,"character":2,"platform":48,"runframes":13886,"runend":1021,"unknown1":4294965963,"unknown2":414,"rank":2928,"percentile":34.56293315448245}},"tenDayPercentiles":[],"tenDayDecayingPercentileScore":0,"scoresByDay":[],"rankSummary":{"mean":2928,"median":2928,"max":2928,"min":2928},"percentileSummary":{"mean":34.56293315448245,"median":34.56293315448245,"max":34.56293315448245,"min":34.56293315448245}}