{"name":"Redtwin","scoreData":{"2020-09-29":{"id":76561198171994720,"name":"Redtwin","score":13175,"level":5,"character":5,"platform":18,"runframes":15178,"runend":1018,"unknown1":2405,"unknown2":4294967064,"rank":1557,"percentile":72.17453505007153}},"tenDayPercentiles":[],"tenDayDecayingPercentileScore":0,"scoresByDay":[],"rankSummary":{"mean":1557,"median":1557,"max":1557,"min":1557},"percentileSummary":{"mean":72.17453505007153,"median":72.17453505007153,"max":72.17453505007153,"min":72.17453505007153}}