{"name":"RedZoneRogue","scoreData":{"2020-09-19":{"id":6440751748673277000,"name":"RedZoneRogue","score":13700,"level":2,"character":0,"platform":48,"runframes":7594,"runend":1021,"unknown1":1106,"unknown2":968,"rank":1282,"percentile":57.242990654205606}},"tenDayPercentiles":[],"tenDayDecayingPercentileScore":0,"scoresByDay":[],"rankSummary":{"mean":1282,"median":1282,"max":1282,"min":1282},"percentileSummary":{"mean":57.242990654205606,"median":57.242990654205606,"max":57.242990654205606,"min":57.242990654205606}}