{"name":"REEE_CINEK","scoreData":{"2020-09-15":{"id":4562568199672823000,"name":"REEE_CINEK","score":5300,"level":1,"character":2,"platform":48,"runframes":1667,"runend":1022,"unknown1":114,"unknown2":407,"rank":1647,"percentile":9.36123348017621}},"tenDayPercentiles":[],"tenDayDecayingPercentileScore":0,"scoresByDay":[],"rankSummary":{"mean":1647,"median":1647,"max":1647,"min":1647},"percentileSummary":{"mean":9.36123348017621,"median":9.36123348017621,"max":9.36123348017621,"min":9.36123348017621}}