{"name":"Reepe","scoreData":{"2020-10-06":{"id":76561198093418370,"name":"Reepe","score":2900,"level":4,"character":7,"platform":18,"runframes":23314,"runend":1019,"unknown1":4294966711,"unknown2":4294966790,"rank":2761,"percentile":59.381898454746135}},"tenDayPercentiles":[],"tenDayDecayingPercentileScore":0,"scoresByDay":[],"rankSummary":{"mean":2761,"median":2761,"max":2761,"min":2761},"percentileSummary":{"mean":59.381898454746135,"median":59.381898454746135,"max":59.381898454746135,"min":59.381898454746135}}