{"name":"Ref1x","scoreData":{"2020-10-06":{"id":6519276667741943000,"name":"Ref1x","score":8700,"level":2,"character":2,"platform":18,"runframes":10798,"runend":1021,"unknown1":4294963533,"unknown2":4294965287,"rank":5321,"percentile":21.707137601177337}},"tenDayPercentiles":[],"tenDayDecayingPercentileScore":0,"scoresByDay":[],"rankSummary":{"mean":5321,"median":5321,"max":5321,"min":5321},"percentileSummary":{"mean":21.707137601177337,"median":21.707137601177337,"max":21.707137601177337,"min":21.707137601177337}}