{"name":"Reffuji","scoreData":{"2020-10-16":{"id":76561198025363980,"name":"Reffuji","score":2950,"level":4,"character":0,"platform":48,"runframes":12689,"runend":1019,"unknown1":4294966589,"unknown2":508,"rank":1896,"percentile":66.20296058498306}},"tenDayPercentiles":[],"tenDayDecayingPercentileScore":0,"scoresByDay":[],"rankSummary":{"mean":1896,"median":1896,"max":1896,"min":1896},"percentileSummary":{"mean":66.20296058498306,"median":66.20296058498306,"max":66.20296058498306,"min":66.20296058498306}}