{"name":"reggaeboy94","scoreData":{"2020-11-05":{"id":76561197988152140,"name":"reggaeboy94","score":2300,"level":1,"character":0,"platform":48,"runframes":2336,"runend":1022,"unknown1":2468,"unknown2":4294967263,"rank":4090,"percentile":9.09293019119609}},"tenDayPercentiles":[],"tenDayDecayingPercentileScore":0,"scoresByDay":[],"rankSummary":{"mean":4090,"median":4090,"max":4090,"min":4090},"percentileSummary":{"mean":9.09293019119609,"median":9.09293019119609,"max":9.09293019119609,"min":9.09293019119609}}