{"name":"Regordevil","scoreData":{"2020-09-27":{"id":3603828133396646400,"name":"Regordevil","score":4000,"level":1,"character":0,"platform":48,"runframes":4799,"runend":1022,"unknown1":1127,"unknown2":2280,"rank":2187,"percentile":12.560000000000002}},"tenDayPercentiles":[],"tenDayDecayingPercentileScore":0,"scoresByDay":[],"rankSummary":{"mean":2187,"median":2187,"max":2187,"min":2187},"percentileSummary":{"mean":12.560000000000002,"median":12.560000000000002,"max":12.560000000000002,"min":12.560000000000002}}