{"name":"Regular-Legs","scoreData":{"2020-10-04":{"id":222038696313383230,"name":"Regular-Legs","score":23200,"level":4,"character":0,"platform":18,"runframes":26253,"runend":1019,"unknown1":4294964322,"unknown2":4294960420,"rank":2234,"percentile":70.27422790202343}},"tenDayPercentiles":[],"tenDayDecayingPercentileScore":0,"scoresByDay":[],"rankSummary":{"mean":2234,"median":2234,"max":2234,"min":2234},"percentileSummary":{"mean":70.27422790202343,"median":70.27422790202343,"max":70.27422790202343,"min":70.27422790202343}}