{"name":"rEIMA","scoreData":{"2020-10-04":{"id":1136952108504197800,"name":"rEIMA","score":2100,"level":2,"character":3,"platform":18,"runframes":10234,"runend":1021,"unknown1":4294964369,"unknown2":56,"rank":6349,"percentile":15.49520766773162}},"tenDayPercentiles":[],"tenDayDecayingPercentileScore":0,"scoresByDay":[],"rankSummary":{"mean":6349,"median":6349,"max":6349,"min":6349},"percentileSummary":{"mean":15.49520766773162,"median":15.49520766773162,"max":15.49520766773162,"min":15.49520766773162}}