{"name":"rekiniasty1","scoreData":{"2020-11-15":{"id":76561198002081950,"name":"rekiniasty1","score":6900,"level":1,"character":0,"platform":48,"runframes":3865,"runend":1022,"unknown1":269,"unknown2":374,"rank":3921,"percentile":8.900766906809196}},"tenDayPercentiles":[8.900766906809196],"tenDayDecayingPercentileScore":5.255813850801762,"scoresByDay":[5.255813850801762],"rankSummary":{"mean":3921,"median":3921,"max":3921,"min":3921},"percentileSummary":{"mean":8.900766906809196,"median":8.900766906809196,"max":8.900766906809196,"min":8.900766906809196}}