{"name":"REKSAT1993","scoreData":{"2020-10-15":{"id":76561198087039900,"name":"REKSAT1993","score":33425,"level":7,"character":7,"platform":48,"runframes":29651,"runend":1016,"unknown1":4294967107,"unknown2":2177,"rank":989,"percentile":82.83828382838284}},"tenDayPercentiles":[],"tenDayDecayingPercentileScore":0,"scoresByDay":[],"rankSummary":{"mean":989,"median":989,"max":989,"min":989},"percentileSummary":{"mean":82.83828382838284,"median":82.83828382838284,"max":82.83828382838284,"min":82.83828382838284}}