{"name":"Relaximum","scoreData":{"2020-10-18":{"id":76561197980716370,"name":"Relaximum","score":6600,"level":3,"character":7,"platform":18,"runframes":13278,"runend":1020,"unknown1":3755,"unknown2":4294967197,"rank":4958,"percentile":16.379892037786774}},"tenDayPercentiles":[],"tenDayDecayingPercentileScore":0,"scoresByDay":[],"rankSummary":{"mean":4958,"median":4958,"max":4958,"min":4958},"percentileSummary":{"mean":16.379892037786774,"median":16.379892037786774,"max":16.379892037786774,"min":16.379892037786774}}