{"name":"relleno41","scoreData":{"2020-10-01":{"id":76561197985603460,"name":"relleno41","score":52100,"level":8,"character":0,"platform":18,"runframes":24989,"runend":1015,"unknown1":3993,"unknown2":5655,"rank":675,"percentile":91.23992721601248}},"tenDayPercentiles":[],"tenDayDecayingPercentileScore":0,"scoresByDay":[],"rankSummary":{"mean":675,"median":675,"max":675,"min":675},"percentileSummary":{"mean":91.23992721601248,"median":91.23992721601248,"max":91.23992721601248,"min":91.23992721601248}}