{"name":"RenegadeMonkey","scoreData":{"2020-09-15":{"id":8526345993887505000,"name":"RenegadeMonkey","score":8600,"level":1,"character":0,"platform":48,"runframes":4266,"runend":1022,"unknown1":691,"unknown2":428,"rank":1468,"percentile":19.21806167400881}},"tenDayPercentiles":[],"tenDayDecayingPercentileScore":0,"scoresByDay":[],"rankSummary":{"mean":1468,"median":1468,"max":1468,"min":1468},"percentileSummary":{"mean":19.21806167400881,"median":19.21806167400881,"max":19.21806167400881,"min":19.21806167400881}}