{"name":"rentyfish","scoreData":{"2020-09-25":{"id":5359448943181315000,"name":"rentyfish","score":2100,"level":1,"character":0,"platform":48,"runframes":1485,"runend":1022,"unknown1":653,"unknown2":802,"rank":2001,"percentile":12.967798085291562}},"tenDayPercentiles":[],"tenDayDecayingPercentileScore":0,"scoresByDay":[],"rankSummary":{"mean":2001,"median":2001,"max":2001,"min":2001},"percentileSummary":{"mean":12.967798085291562,"median":12.967798085291562,"max":12.967798085291562,"min":12.967798085291562}}