{"name":"repping","scoreData":{"2020-10-07":{"id":4104499074593524700,"name":"repping","score":6700,"level":2,"character":10,"platform":18,"runframes":4930,"runend":1021,"unknown1":4294962959,"unknown2":4294962863,"rank":4029,"percentile":38.258736971183325}},"tenDayPercentiles":[],"tenDayDecayingPercentileScore":0,"scoresByDay":[],"rankSummary":{"mean":4029,"median":4029,"max":4029,"min":4029},"percentileSummary":{"mean":38.258736971183325,"median":38.258736971183325,"max":38.258736971183325,"min":38.258736971183325}}