{"name":"resalamander","scoreData":{"2020-10-17":{"id":395097376122309200,"name":"resalamander","score":32700,"level":5,"character":5,"platform":18,"runframes":36349,"runend":1018,"unknown1":4294966141,"unknown2":2869,"rank":2036,"percentile":65.20177838577291}},"tenDayPercentiles":[],"tenDayDecayingPercentileScore":0,"scoresByDay":[],"rankSummary":{"mean":2036,"median":2036,"max":2036,"min":2036},"percentileSummary":{"mean":65.20177838577291,"median":65.20177838577291,"max":65.20177838577291,"min":65.20177838577291}}