{"name":"retroknuckles888","scoreData":{"2020-11-15":{"id":76561199062374100,"name":"retroknuckles888","score":0,"level":1,"character":3,"platform":48,"runframes":427,"runend":1022,"unknown1":4294964391,"unknown2":150,"rank":4293,"percentile":0.2556356030676312}},"tenDayPercentiles":[0.2556356030676312],"tenDayDecayingPercentileScore":0.15095026725540558,"scoresByDay":[0.15095026725540558],"rankSummary":{"mean":4293,"median":4293,"max":4293,"min":4293},"percentileSummary":{"mean":0.2556356030676312,"median":0.2556356030676312,"max":0.2556356030676312,"min":0.2556356030676312}}