{"name":"RetroTech","scoreData":{"2020-10-03":{"id":76561197989681810,"name":"RetroTech","score":14100,"level":1,"character":2,"platform":18,"runframes":9257,"runend":1022,"unknown1":4697,"unknown2":135,"rank":6810,"percentile":13.788300835654596}},"tenDayPercentiles":[],"tenDayDecayingPercentileScore":0,"scoresByDay":[],"rankSummary":{"mean":6810,"median":6810,"max":6810,"min":6810},"percentileSummary":{"mean":13.788300835654596,"median":13.788300835654596,"max":13.788300835654596,"min":13.788300835654596}}