{"name":"Revoltty","scoreData":{"2020-10-04":{"id":76561198994904270,"name":"Revoltty","score":2800,"level":4,"character":2,"platform":18,"runframes":5692,"runend":1019,"unknown1":4294962914,"unknown2":1497,"rank":3651,"percentile":51.41107561235357}},"tenDayPercentiles":[],"tenDayDecayingPercentileScore":0,"scoresByDay":[],"rankSummary":{"mean":3651,"median":3651,"max":3651,"min":3651},"percentileSummary":{"mean":51.41107561235357,"median":51.41107561235357,"max":51.41107561235357,"min":51.41107561235357}}