{"name":"revolvingpuma","scoreData":{"2020-10-11":{"id":76561199015838180,"name":"revolvingpuma","score":3900,"level":1,"character":3,"platform":48,"runframes":1399,"runend":1022,"unknown1":4294965993,"unknown2":1215,"rank":5779,"percentile":9.00787401574803}},"tenDayPercentiles":[],"tenDayDecayingPercentileScore":0,"scoresByDay":[],"rankSummary":{"mean":5779,"median":5779,"max":5779,"min":5779},"percentileSummary":{"mean":9.00787401574803,"median":9.00787401574803,"max":9.00787401574803,"min":9.00787401574803}}