{"name":"RevolverC","scoreData":{"2020-10-02":{"id":76561199381863890,"name":"RevolverC","score":9600,"level":2,"character":5,"platform":18,"runframes":7534,"runend":1021,"unknown1":390,"unknown2":635,"rank":4639,"percentile":37.853410156773414}},"tenDayPercentiles":[],"tenDayDecayingPercentileScore":0,"scoresByDay":[],"rankSummary":{"mean":4639,"median":4639,"max":4639,"min":4639},"percentileSummary":{"mean":37.853410156773414,"median":37.853410156773414,"max":37.853410156773414,"min":37.853410156773414}}