{"name":"Rew","scoreData":{"2020-10-01":{"id":76561198154207250,"name":"Rew","score":9700,"level":2,"character":2,"platform":18,"runframes":9511,"runend":1021,"unknown1":1148,"unknown2":160,"rank":4977,"percentile":35.32622822978945}},"tenDayPercentiles":[],"tenDayDecayingPercentileScore":0,"scoresByDay":[],"rankSummary":{"mean":4977,"median":4977,"max":4977,"min":4977},"percentileSummary":{"mean":35.32622822978945,"median":35.32622822978945,"max":35.32622822978945,"min":35.32622822978945}}