{"name":"Rewberto","scoreData":{"2020-11-19":{"id":5402796098977503000,"name":"Rewberto","score":8500,"level":2,"character":3,"platform":48,"runframes":7143,"runend":1021,"unknown1":1649,"unknown2":287,"rank":3186,"percentile":18.458781362007173}},"tenDayPercentiles":[],"tenDayDecayingPercentileScore":0,"scoresByDay":[],"rankSummary":{"mean":3186,"median":3186,"max":3186,"min":3186},"percentileSummary":{"mean":18.458781362007173,"median":18.458781362007173,"max":18.458781362007173,"min":18.458781362007173}}