{"name":"rexbananas","scoreData":{"2020-10-05":{"id":76561199048240800,"name":"rexbananas","score":7500,"level":1,"character":0,"platform":18,"runframes":2945,"runend":1022,"unknown1":4294965566,"unknown2":4294961516,"rank":5402,"percentile":20.713446858485028}},"tenDayPercentiles":[],"tenDayDecayingPercentileScore":0,"scoresByDay":[],"rankSummary":{"mean":5402,"median":5402,"max":5402,"min":5402},"percentileSummary":{"mean":20.713446858485028,"median":20.713446858485028,"max":20.713446858485028,"min":20.713446858485028}}