{"name":"rfrias95","scoreData":{"2020-09-30":{"id":1432204808500273700,"name":"rfrias95","score":2750,"level":3,"character":3,"platform":18,"runframes":5120,"runend":1020,"unknown1":548,"unknown2":77,"rank":3937,"percentile":49.041947177628174}},"tenDayPercentiles":[],"tenDayDecayingPercentileScore":0,"scoresByDay":[],"rankSummary":{"mean":3937,"median":3937,"max":3937,"min":3937},"percentileSummary":{"mean":49.041947177628174,"median":49.041947177628174,"max":49.041947177628174,"min":49.041947177628174}}