{"name":"Rhinochick11","scoreData":{"2020-11-08":{"id":76561199054979780,"name":"Rhinochick11","score":19700,"level":2,"character":1,"platform":18,"runframes":9061,"runend":1021,"unknown1":3695,"unknown2":23,"rank":2939,"percentile":37.6882290562036}},"tenDayPercentiles":[],"tenDayDecayingPercentileScore":0,"scoresByDay":[],"rankSummary":{"mean":2939,"median":2939,"max":2939,"min":2939},"percentileSummary":{"mean":37.6882290562036,"median":37.6882290562036,"max":37.6882290562036,"min":37.6882290562036}}