{"name":"RHVIJ","scoreData":{"2020-09-25":{"id":5858030306568855000,"name":"RHVIJ","score":1000,"level":1,"character":0,"platform":48,"runframes":1237,"runend":1022,"unknown1":1268,"unknown2":1831,"rank":2241,"percentile":2.5239338555265505}},"tenDayPercentiles":[],"tenDayDecayingPercentileScore":0,"scoresByDay":[],"rankSummary":{"mean":2241,"median":2241,"max":2241,"min":2241},"percentileSummary":{"mean":2.5239338555265505,"median":2.5239338555265505,"max":2.5239338555265505,"min":2.5239338555265505}}