{"name":"Ricardo Cezar","scoreData":{"2020-10-05":{"id":76561197970373460,"name":"Ricardo Cezar","score":5000,"level":1,"character":7,"platform":18,"runframes":3645,"runend":1022,"unknown1":1029,"unknown2":314,"rank":5574,"percentile":18.18849089841457}},"tenDayPercentiles":[],"tenDayDecayingPercentileScore":0,"scoresByDay":[],"rankSummary":{"mean":5574,"median":5574,"max":5574,"min":5574},"percentileSummary":{"mean":18.18849089841457,"median":18.18849089841457,"max":18.18849089841457,"min":18.18849089841457}}