{"name":"Rick Dimension C137","scoreData":{"2020-10-02":{"id":76561198136423470,"name":"Rick Dimension C137","score":3500,"level":1,"character":0,"platform":18,"runframes":5565,"runend":1022,"unknown1":2819,"unknown2":1485,"rank":6643,"percentile":11.000937960605654}},"tenDayDecayingPercentileMean":null,"rankSummary":{"mean":6643,"median":6643,"max":6643,"min":6643},"percentileSummary":{"mean":11.000937960605654,"median":11.000937960605654,"max":11.000937960605654,"min":11.000937960605654}}