{"name":"rickyjones512","scoreData":{"2020-09-27":{"id":7663167934913632000,"name":"rickyjones512","score":2000,"level":1,"character":1,"platform":48,"runframes":2051,"runend":1022,"unknown1":4294967086,"unknown2":26,"rank":2449,"percentile":2.0799999999999983}},"tenDayPercentiles":[],"tenDayDecayingPercentileScore":0,"scoresByDay":[],"rankSummary":{"mean":2449,"median":2449,"max":2449,"min":2449},"percentileSummary":{"mean":2.0799999999999983,"median":2.0799999999999983,"max":2.0799999999999983,"min":2.0799999999999983}}