{"name":"Rickthaprikk","scoreData":{"2020-10-04":{"id":7584095425901483000,"name":"Rickthaprikk","score":2000,"level":3,"character":3,"platform":48,"runframes":5290,"runend":1020,"unknown1":4003,"unknown2":3084,"rank":5151,"percentile":31.443024494142705}},"tenDayPercentiles":[],"tenDayDecayingPercentileScore":0,"scoresByDay":[],"rankSummary":{"mean":5151,"median":5151,"max":5151,"min":5151},"percentileSummary":{"mean":31.443024494142705,"median":31.443024494142705,"max":31.443024494142705,"min":31.443024494142705}}