{"name":"Ricon","scoreData":{"2020-10-02":{"id":76561198858735970,"name":"Ricon","score":27475,"level":5,"character":7,"platform":18,"runframes":17950,"runend":1018,"unknown1":4294963477,"unknown2":1135,"rank":1106,"percentile":85.19362186788155}},"tenDayPercentiles":[],"tenDayDecayingPercentileScore":0,"scoresByDay":[],"rankSummary":{"mean":1106,"median":1106,"max":1106,"min":1106},"percentileSummary":{"mean":85.19362186788155,"median":85.19362186788155,"max":85.19362186788155,"min":85.19362186788155}}