{"name":"ridvankanarya","scoreData":{"2020-11-19":{"id":76561198297281250,"name":"ridvankanarya","score":5000,"level":3,"character":3,"platform":48,"runframes":5625,"runend":1020,"unknown1":4294965898,"unknown2":2040,"rank":2648,"percentile":32.23246287762417}},"tenDayPercentiles":[32.23246287762417],"tenDayDecayingPercentileScore":23.497465437788026,"scoresByDay":[23.497465437788026],"rankSummary":{"mean":2648,"median":2648,"max":2648,"min":2648},"percentileSummary":{"mean":32.23246287762417,"median":32.23246287762417,"max":32.23246287762417,"min":32.23246287762417}}