{"name":"Rigam","scoreData":{"2020-10-04":{"id":5152434520698611000,"name":"Rigam","score":3200,"level":2,"character":3,"platform":18,"runframes":4871,"runend":1021,"unknown1":4294963290,"unknown2":451,"rank":6146,"percentile":18.197550585729502}},"tenDayPercentiles":[],"tenDayDecayingPercentileScore":0,"scoresByDay":[],"rankSummary":{"mean":6146,"median":6146,"max":6146,"min":6146},"percentileSummary":{"mean":18.197550585729502,"median":18.197550585729502,"max":18.197550585729502,"min":18.197550585729502}}