{"name":"Right Leg of the Forbidden One","scoreData":{"2020-10-31":{"id":76561198036286640,"name":"Right Leg of the Forbidden One","score":200000,"level":22,"character":3,"platform":18,"runframes":0,"runend":489,"unknown1":3264,"unknown2":171,"rank":16,"percentile":99.68440984641279}},"tenDayDecayingPercentileMean":null,"rankSummary":{"mean":16,"median":16,"max":16,"min":16},"percentileSummary":{"mean":99.68440984641279,"median":99.68440984641279,"max":99.68440984641279,"min":99.68440984641279}}