{"name":"Rint","scoreData":{"2020-11-05":{"id":76561199213083920,"name":"Rint","score":7600,"level":3,"character":0,"platform":18,"runframes":13853,"runend":1020,"unknown1":2852,"unknown2":1180,"rank":2569,"percentile":42.90795909293019}},"tenDayPercentiles":[],"tenDayDecayingPercentileScore":0,"scoresByDay":[],"rankSummary":{"mean":2569,"median":2569,"max":2569,"min":2569},"percentileSummary":{"mean":42.90795909293019,"median":42.90795909293019,"max":42.90795909293019,"min":42.90795909293019}}