{"name":"riouk__","scoreData":{"2020-09-26":{"id":582941870949533400,"name":"riouk__","score":19300,"level":2,"character":0,"platform":48,"runframes":9172,"runend":1021,"unknown1":4294967081,"unknown2":1474,"rank":1881,"percentile":27.552986512524086}},"tenDayPercentiles":[],"tenDayDecayingPercentileScore":0,"scoresByDay":[],"rankSummary":{"mean":1881,"median":1881,"max":1881,"min":1881},"percentileSummary":{"mean":27.552986512524086,"median":27.552986512524086,"max":27.552986512524086,"min":27.552986512524086}}