{"name":"Ripped Uncle","scoreData":{"2020-11-01":{"id":76561197995980720,"name":"Ripped Uncle","score":11400,"level":3,"character":3,"platform":18,"runframes":8312,"runend":1020,"unknown1":558,"unknown2":92,"rank":2726,"percentile":42.082890541976624}},"tenDayPercentiles":[],"tenDayDecayingPercentileScore":0,"scoresByDay":[],"rankSummary":{"mean":2726,"median":2726,"max":2726,"min":2726},"percentileSummary":{"mean":42.082890541976624,"median":42.082890541976624,"max":42.082890541976624,"min":42.082890541976624}}