{"name":"Risako11","scoreData":{"2020-10-01":{"id":76561197970387170,"name":"Risako11","score":28850,"level":6,"character":0,"platform":18,"runframes":62420,"runend":1017,"unknown1":4294961960,"unknown2":4294965281,"rank":1284,"percentile":83.32466857291396}},"tenDayPercentiles":[],"tenDayDecayingPercentileScore":0,"scoresByDay":[],"rankSummary":{"mean":1284,"median":1284,"max":1284,"min":1284},"percentileSummary":{"mean":83.32466857291396,"median":83.32466857291396,"max":83.32466857291396,"min":83.32466857291396}}