{"name":"RiskTKR3","scoreData":{"2020-11-11":{"id":76561198263513120,"name":"RiskTKR3","score":2500,"level":2,"character":2,"platform":48,"runframes":2081,"runend":1021,"unknown1":4294965929,"unknown2":4294963703,"rank":4103,"percentile":7.77877697841727}},"tenDayPercentiles":[7.77877697841727],"tenDayDecayingPercentileScore":3.013657580800362,"scoresByDay":[3.013657580800362],"rankSummary":{"mean":4103,"median":4103,"max":4103,"min":4103},"percentileSummary":{"mean":7.77877697841727,"median":7.77877697841727,"max":7.77877697841727,"min":7.77877697841727}}