{"name":"riverbeats","scoreData":{"2020-10-01":{"id":76561198373271260,"name":"riverbeats","score":4000,"level":3,"character":3,"platform":18,"runframes":10594,"runend":1020,"unknown1":4294962012,"unknown2":4294963313,"rank":4501,"percentile":41.512867169222766}},"tenDayPercentiles":[],"tenDayDecayingPercentileScore":0,"scoresByDay":[],"rankSummary":{"mean":4501,"median":4501,"max":4501,"min":4501},"percentileSummary":{"mean":41.512867169222766,"median":41.512867169222766,"max":41.512867169222766,"min":41.512867169222766}}