{"name":"riverbetty","scoreData":{"2020-10-05":{"id":3647371498625830000,"name":"riverbetty","score":2000,"level":2,"character":2,"platform":48,"runframes":2127,"runend":1021,"unknown1":4294967278,"unknown2":4294966717,"rank":5269,"percentile":22.665883734586018}},"tenDayPercentiles":[],"tenDayDecayingPercentileScore":0,"scoresByDay":[],"rankSummary":{"mean":5269,"median":5269,"max":5269,"min":5269},"percentileSummary":{"mean":22.665883734586018,"median":22.665883734586018,"max":22.665883734586018,"min":22.665883734586018}}