{"name":"RiZingOmega","scoreData":{"2020-10-26":{"id":76561198272993600,"name":"RiZingOmega","score":7800,"level":2,"character":3,"platform":18,"runframes":3234,"runend":1021,"unknown1":4294964890,"unknown2":564,"rank":4169,"percentile":17.62845849802372}},"tenDayPercentiles":[],"tenDayDecayingPercentileScore":0,"scoresByDay":[],"rankSummary":{"mean":4169,"median":4169,"max":4169,"min":4169},"percentileSummary":{"mean":17.62845849802372,"median":17.62845849802372,"max":17.62845849802372,"min":17.62845849802372}}