{"name":"Rizzle","scoreData":{"2020-11-07":{"id":76561197982972240,"name":"Rizzle","score":16800,"level":4,"character":0,"platform":18,"runframes":24034,"runend":1019,"unknown1":2750,"unknown2":2779,"rank":2553,"percentile":46.56616415410385}},"tenDayPercentiles":[],"tenDayDecayingPercentileScore":0,"scoresByDay":[],"rankSummary":{"mean":2553,"median":2553,"max":2553,"min":2553},"percentileSummary":{"mean":46.56616415410385,"median":46.56616415410385,"max":46.56616415410385,"min":46.56616415410385}}