{"name":"rjsquire19","scoreData":{"2020-11-14":{"id":5636601438307450000,"name":"rjsquire19","score":100,"level":2,"character":2,"platform":48,"runframes":6037,"runend":1021,"unknown1":4294966081,"unknown2":4294964423,"rank":3914,"percentile":9.316338354577056}},"tenDayPercentiles":[9.316338354577056],"tenDayDecayingPercentileScore":5.501204634994206,"scoresByDay":[5.501204634994206],"rankSummary":{"mean":3914,"median":3914,"max":3914,"min":3914},"percentileSummary":{"mean":9.316338354577056,"median":9.316338354577056,"max":9.316338354577056,"min":9.316338354577056}}