{"name":"Rm89","scoreData":{"2020-10-01":{"id":76561198012255180,"name":"Rm89","score":10100,"level":4,"character":3,"platform":18,"runframes":29976,"runend":1019,"unknown1":1442,"unknown2":1845,"rank":3312,"percentile":56.96646737717702}},"tenDayPercentiles":[],"tenDayDecayingPercentileScore":0,"scoresByDay":[],"rankSummary":{"mean":3312,"median":3312,"max":3312,"min":3312},"percentileSummary":{"mean":56.96646737717702,"median":56.96646737717702,"max":56.96646737717702,"min":56.96646737717702}}