{"name":"rmkpz","scoreData":{"2020-10-18":{"id":76561198025303420,"name":"rmkpz","score":57075,"level":8,"character":0,"platform":48,"runframes":54164,"runend":1015,"unknown1":4294967240,"unknown2":4294965320,"rank":1308,"percentile":77.95209176788124}},"tenDayPercentiles":[],"tenDayDecayingPercentileScore":0,"scoresByDay":[],"rankSummary":{"mean":1308,"median":1308,"max":1308,"min":1308},"percentileSummary":{"mean":77.95209176788124,"median":77.95209176788124,"max":77.95209176788124,"min":77.95209176788124}}