{"name":"Ro","scoreData":{"2020-11-21":{"id":76561198080292640,"name":"Ro","score":2500,"level":3,"character":7,"platform":18,"runframes":3648,"runend":1020,"unknown1":738,"unknown2":4294964418,"rank":3231,"percentile":22.18742471693568}},"tenDayPercentiles":[22.18742471693568],"tenDayDecayingPercentileScore":19.968682245242114,"scoresByDay":[19.968682245242114],"rankSummary":{"mean":3231,"median":3231,"max":3231,"min":3231},"percentileSummary":{"mean":22.18742471693568,"median":22.18742471693568,"max":22.18742471693568,"min":22.18742471693568}}