{"name":"Rob_Royce","scoreData":{"2020-09-23":{"id":798407831766230700,"name":"Rob_Royce","score":7000,"level":3,"character":2,"platform":48,"runframes":17735,"runend":1020,"unknown1":4294966460,"unknown2":4294966253,"rank":1365,"percentile":43.30839567747299}},"tenDayPercentiles":[],"tenDayDecayingPercentileScore":0,"scoresByDay":[],"rankSummary":{"mean":1365,"median":1365,"max":1365,"min":1365},"percentileSummary":{"mean":43.30839567747299,"median":43.30839567747299,"max":43.30839567747299,"min":43.30839567747299}}