{"name":"robertm2359","scoreData":{"2020-09-28":{"id":6973520414986985000,"name":"robertm2359","score":4400,"level":1,"character":0,"platform":48,"runframes":5837,"runend":1022,"unknown1":4294965594,"unknown2":4294965496,"rank":1955,"percentile":9.45319740500463}},"tenDayPercentiles":[],"tenDayDecayingPercentileScore":0,"scoresByDay":[],"rankSummary":{"mean":1955,"median":1955,"max":1955,"min":1955},"percentileSummary":{"mean":9.45319740500463,"median":9.45319740500463,"max":9.45319740500463,"min":9.45319740500463}}