{"name":"Robert0031","scoreData":{"2020-09-24":{"id":4890255452173405000,"name":"Robert0031","score":9200,"level":3,"character":0,"platform":48,"runframes":5265,"runend":1020,"unknown1":797,"unknown2":303,"rank":933,"percentile":59.5836947094536}},"tenDayPercentiles":[],"tenDayDecayingPercentileScore":0,"scoresByDay":[],"rankSummary":{"mean":933,"median":933,"max":933,"min":933},"percentileSummary":{"mean":59.5836947094536,"median":59.5836947094536,"max":59.5836947094536,"min":59.5836947094536}}