{"name":"robinhk-04","scoreData":{"2020-09-20":{"id":6617750893146758000,"name":"robinhk-04","score":1600,"level":1,"character":3,"platform":48,"runframes":3228,"runend":1022,"unknown1":4294965702,"unknown2":183,"rank":2902,"percentile":2.4546065904505667}},"tenDayPercentiles":[],"tenDayDecayingPercentileScore":0,"scoresByDay":[],"rankSummary":{"mean":2902,"median":2902,"max":2902,"min":2902},"percentileSummary":{"mean":2.4546065904505667,"median":2.4546065904505667,"max":2.4546065904505667,"min":2.4546065904505667}}