{"name":"robooz","scoreData":{"2020-10-10":{"id":7242385621947771000,"name":"robooz","score":1600,"level":1,"character":7,"platform":18,"runframes":4211,"runend":1022,"unknown1":4294965924,"unknown2":4294960990,"rank":5983,"percentile":9.3086719223772}},"tenDayPercentiles":[],"tenDayDecayingPercentileScore":0,"scoresByDay":[],"rankSummary":{"mean":5983,"median":5983,"max":5983,"min":5983},"percentileSummary":{"mean":9.3086719223772,"median":9.3086719223772,"max":9.3086719223772,"min":9.3086719223772}}