{"name":"Robo_Steve","scoreData":{"2020-09-30":{"id":76561198088087660,"name":"Robo_Steve","score":12100,"level":4,"character":0,"platform":18,"runframes":25239,"runend":1019,"unknown1":4481,"unknown2":415,"rank":1868,"percentile":75.82858622475402}},"tenDayPercentiles":[],"tenDayDecayingPercentileScore":0,"scoresByDay":[],"rankSummary":{"mean":1868,"median":1868,"max":1868,"min":1868},"percentileSummary":{"mean":75.82858622475402,"median":75.82858622475402,"max":75.82858622475402,"min":75.82858622475402}}