{"name":"roboguy3000lol","scoreData":{"2020-09-22":{"id":7700065029018414000,"name":"roboguy3000lol","score":6000,"level":2,"character":7,"platform":48,"runframes":4010,"runend":1021,"unknown1":397,"unknown2":19,"rank":1416,"percentile":42.5264012997563}},"tenDayPercentiles":[],"tenDayDecayingPercentileScore":0,"scoresByDay":[],"rankSummary":{"mean":1416,"median":1416,"max":1416,"min":1416},"percentileSummary":{"mean":42.5264012997563,"median":42.5264012997563,"max":42.5264012997563,"min":42.5264012997563}}