{"name":"Robo_Head64","scoreData":{"2020-09-15":{"id":1639676322369545700,"name":"Robo_Head64","score":12100,"level":2,"character":0,"platform":48,"runframes":5056,"runend":1021,"unknown1":474,"unknown2":12,"rank":856,"percentile":52.91850220264317}},"tenDayPercentiles":[],"tenDayDecayingPercentileScore":0,"scoresByDay":[],"rankSummary":{"mean":856,"median":856,"max":856,"min":856},"percentileSummary":{"mean":52.91850220264317,"median":52.91850220264317,"max":52.91850220264317,"min":52.91850220264317}}