{"name":"robotickilldozer","scoreData":{"2020-09-16":{"id":8070534098119840000,"name":"robotickilldozer","score":28650,"level":5,"character":0,"platform":48,"runframes":22766,"runend":1018,"unknown1":1661,"unknown2":277,"rank":345,"percentile":88.85288399222294}},"tenDayPercentiles":[],"tenDayDecayingPercentileScore":0,"scoresByDay":[],"rankSummary":{"mean":345,"median":345,"max":345,"min":345},"percentileSummary":{"mean":88.85288399222294,"median":88.85288399222294,"max":88.85288399222294,"min":88.85288399222294}}