{"name":"rocketspore","scoreData":{"2020-10-02":{"id":76561198088841660,"name":"rocketspore","score":8700,"level":2,"character":3,"platform":48,"runframes":4863,"runend":1021,"unknown1":411,"unknown2":391,"rank":4842,"percentile":35.13332440037519}},"tenDayPercentiles":[],"tenDayDecayingPercentileScore":0,"scoresByDay":[],"rankSummary":{"mean":4842,"median":4842,"max":4842,"min":4842},"percentileSummary":{"mean":35.13332440037519,"median":35.13332440037519,"max":35.13332440037519,"min":35.13332440037519}}