{"name":"rockman_97","scoreData":{"2020-11-10":{"id":76561197973562830,"name":"rockman_97","score":8200,"level":2,"character":3,"platform":18,"runframes":9458,"runend":1021,"unknown1":4294966458,"unknown2":252,"rank":3619,"percentile":17.3217550274223}},"tenDayPercentiles":[17.3217550274223],"tenDayDecayingPercentileScore":6.7108028030621565,"scoresByDay":[6.7108028030621565],"rankSummary":{"mean":3619,"median":3619,"max":3619,"min":3619},"percentileSummary":{"mean":17.3217550274223,"median":17.3217550274223,"max":17.3217550274223,"min":17.3217550274223}}