{"name":"RockHardBrock","scoreData":{"2020-10-28":{"id":3815191974852595700,"name":"RockHardBrock","score":15650,"level":6,"character":7,"platform":18,"runframes":17703,"runend":1017,"unknown1":4294964284,"unknown2":10,"rank":1616,"percentile":67.18146718146718}},"tenDayPercentiles":[],"tenDayDecayingPercentileScore":0,"scoresByDay":[],"rankSummary":{"mean":1616,"median":1616,"max":1616,"min":1616},"percentileSummary":{"mean":67.18146718146718,"median":67.18146718146718,"max":67.18146718146718,"min":67.18146718146718}}