{"name":"Rodas","scoreData":{"2020-10-23":{"id":76561198263924020,"name":"Rodas","score":13700,"level":3,"character":7,"platform":18,"runframes":8695,"runend":1020,"unknown1":4294964623,"unknown2":4294963676,"rank":3438,"percentile":34.1696992913235}},"tenDayPercentiles":[],"tenDayDecayingPercentileScore":0,"scoresByDay":[],"rankSummary":{"mean":3438,"median":3438,"max":3438,"min":3438},"percentileSummary":{"mean":34.1696992913235,"median":34.1696992913235,"max":34.1696992913235,"min":34.1696992913235}}