{"name":"Roffel","scoreData":{"2020-11-02":{"id":1367876180495648300,"name":"Roffel","score":0,"level":1,"character":18,"platform":18,"runframes":795,"runend":1022,"unknown1":4294966381,"unknown2":4294967056,"rank":4461,"percentile":0.29063268499888295}},"tenDayPercentiles":[],"tenDayDecayingPercentileScore":0,"scoresByDay":[],"rankSummary":{"mean":4461,"median":4461,"max":4461,"min":4461},"percentileSummary":{"mean":0.29063268499888295,"median":0.29063268499888295,"max":0.29063268499888295,"min":0.29063268499888295}}