{"name":"RoffyDSloth","scoreData":{"2020-10-08":{"id":1604512301925193000,"name":"RoffyDSloth","score":10600,"level":3,"character":3,"platform":48,"runframes":10371,"runend":1020,"unknown1":4294966432,"unknown2":4294964393,"rank":3999,"percentile":36.93011516011989}},"tenDayPercentiles":[],"tenDayDecayingPercentileScore":0,"scoresByDay":[],"rankSummary":{"mean":3999,"median":3999,"max":3999,"min":3999},"percentileSummary":{"mean":36.93011516011989,"median":36.93011516011989,"max":36.93011516011989,"min":36.93011516011989}}