{"name":"Rogerz79","scoreData":{"2020-09-16":{"id":7506789011740771000,"name":"Rogerz79","score":26200,"level":3,"character":0,"platform":48,"runframes":27719,"runend":1020,"unknown1":643,"unknown2":47,"rank":842,"percentile":72.74789371354504}},"tenDayPercentiles":[],"tenDayDecayingPercentileScore":0,"scoresByDay":[],"rankSummary":{"mean":842,"median":842,"max":842,"min":842},"percentileSummary":{"mean":72.74789371354504,"median":72.74789371354504,"max":72.74789371354504,"min":72.74789371354504}}