{"name":"RogueQuill","scoreData":{"2020-10-10":{"id":772791482649930200,"name":"RogueQuill","score":0,"level":1,"character":0,"platform":18,"runframes":1884,"runend":1022,"unknown1":1980,"unknown2":422,"rank":6508,"percentile":1.3493026076409933}},"tenDayPercentiles":[],"tenDayDecayingPercentileScore":0,"scoresByDay":[],"rankSummary":{"mean":6508,"median":6508,"max":6508,"min":6508},"percentileSummary":{"mean":1.3493026076409933,"median":1.3493026076409933,"max":1.3493026076409933,"min":1.3493026076409933}}