{"name":"Rokefor [P4Q]","scoreData":{"2020-11-20":{"id":76561198006445170,"name":"Rokefor [P4Q]","score":33400,"level":4,"character":4,"platform":18,"runframes":20719,"runend":1019,"unknown1":4294966723,"unknown2":632,"rank":2332,"percentile":42.301980198019805}},"tenDayPercentiles":[42.301980198019805],"tenDayDecayingPercentileScore":38.07178217821782,"scoresByDay":[38.07178217821782],"rankSummary":{"mean":2332,"median":2332,"max":2332,"min":2332},"percentileSummary":{"mean":42.301980198019805,"median":42.301980198019805,"max":42.301980198019805,"min":42.301980198019805}}