{"name":"RolandADoobie","scoreData":{"2020-09-18":{"id":1094888711944991200,"name":"RolandADoobie","score":13000,"level":4,"character":3,"platform":48,"runframes":23908,"runend":1019,"unknown1":1598,"unknown2":4294966980,"rank":1363,"percentile":51.287553648068666}},"tenDayPercentiles":[],"tenDayDecayingPercentileScore":0,"scoresByDay":[],"rankSummary":{"mean":1363,"median":1363,"max":1363,"min":1363},"percentileSummary":{"mean":51.287553648068666,"median":51.287553648068666,"max":51.287553648068666,"min":51.287553648068666}}