{"name":"ROLA_DE_PATO","scoreData":{"2020-11-21":{"id":76561198125137730,"name":"ROLA_DE_PATO","score":2700,"level":1,"character":5,"platform":18,"runframes":2905,"runend":1022,"unknown1":238,"unknown2":504,"rank":3828,"percentile":7.805348108889419}},"tenDayPercentiles":[],"tenDayDecayingPercentileScore":0,"scoresByDay":[],"rankSummary":{"mean":3828,"median":3828,"max":3828,"min":3828},"percentileSummary":{"mean":7.805348108889419,"median":7.805348108889419,"max":7.805348108889419,"min":7.805348108889419}}