{"name":"Rolo the Donkey","scoreData":{"2020-11-18":{"id":76561198254169040,"name":"Rolo the Donkey","score":4000,"level":2,"character":8,"platform":18,"runframes":15434,"runend":1021,"unknown1":1484,"unknown2":4294965915,"rank":3541,"percentile":11.852589641434264}},"tenDayPercentiles":[11.852589641434264],"tenDayDecayingPercentileScore":7.776484063745022,"scoresByDay":[7.776484063745022],"rankSummary":{"mean":3541,"median":3541,"max":3541,"min":3541},"percentileSummary":{"mean":11.852589641434264,"median":11.852589641434264,"max":11.852589641434264,"min":11.852589641434264}}