{"name":"Roochster","scoreData":{"2020-10-01":{"id":76561197975308380,"name":"Roochster","score":3700,"level":2,"character":0,"platform":18,"runframes":9627,"runend":1021,"unknown1":4836,"unknown2":39,"rank":5224,"percentile":32.11593449441122}},"tenDayPercentiles":[],"tenDayDecayingPercentileScore":0,"scoresByDay":[],"rankSummary":{"mean":5224,"median":5224,"max":5224,"min":5224},"percentileSummary":{"mean":32.11593449441122,"median":32.11593449441122,"max":32.11593449441122,"min":32.11593449441122}}