{"name":"rorfee","scoreData":{"2020-10-28":{"id":76561198014870240,"name":"rorfee","score":23700,"level":5,"character":2,"platform":18,"runframes":16547,"runend":1018,"unknown1":4294965342,"unknown2":46,"rank":2168,"percentile":55.964234911603334}},"tenDayPercentiles":[],"tenDayDecayingPercentileScore":0,"scoresByDay":[],"rankSummary":{"mean":2168,"median":2168,"max":2168,"min":2168},"percentileSummary":{"mean":55.964234911603334,"median":55.964234911603334,"max":55.964234911603334,"min":55.964234911603334}}