{"name":"RosetheFiend","scoreData":{"2020-11-08":{"id":5247412035348044000,"name":"RosetheFiend","score":2300,"level":1,"character":3,"platform":48,"runframes":3403,"runend":1022,"unknown1":104,"unknown2":21,"rank":3996,"percentile":15.270413573700964}},"tenDayPercentiles":[],"tenDayDecayingPercentileScore":0,"scoresByDay":[],"rankSummary":{"mean":3996,"median":3996,"max":3996,"min":3996},"percentileSummary":{"mean":15.270413573700964,"median":15.270413573700964,"max":15.270413573700964,"min":15.270413573700964}}