{"name":"Roses","scoreData":{"2020-10-06":{"id":3976820600653699600,"name":"Roses","score":8000,"level":3,"character":0,"platform":18,"runframes":18099,"runend":1020,"unknown1":4820,"unknown2":1429,"rank":3721,"percentile":45.253863134657834}},"tenDayPercentiles":[],"tenDayDecayingPercentileScore":0,"scoresByDay":[],"rankSummary":{"mean":3721,"median":3721,"max":3721,"min":3721},"percentileSummary":{"mean":45.253863134657834,"median":45.253863134657834,"max":45.253863134657834,"min":45.253863134657834}}