{"name":"rostislvyshka","scoreData":{"2020-10-02":{"id":4271041297393031000,"name":"rostislvyshka","score":0,"level":1,"character":3,"platform":48,"runframes":1023,"runend":1022,"unknown1":4294964188,"unknown2":152,"rank":7391,"percentile":0.978158917325473}},"tenDayPercentiles":[],"tenDayDecayingPercentileScore":0,"scoresByDay":[],"rankSummary":{"mean":7391,"median":7391,"max":7391,"min":7391},"percentileSummary":{"mean":0.978158917325473,"median":0.978158917325473,"max":0.978158917325473,"min":0.978158917325473}}