{"name":"RotWrath","scoreData":{"2020-10-04":{"id":76561198049301180,"name":"RotWrath","score":21100,"level":4,"character":8,"platform":18,"runframes":27230,"runend":1019,"unknown1":3510,"unknown2":1072,"rank":2336,"percentile":68.91640042598509}},"tenDayPercentiles":[],"tenDayDecayingPercentileScore":0,"scoresByDay":[],"rankSummary":{"mean":2336,"median":2336,"max":2336,"min":2336},"percentileSummary":{"mean":68.91640042598509,"median":68.91640042598509,"max":68.91640042598509,"min":68.91640042598509}}