{"name":"Round_Robin","scoreData":{"2020-09-30":{"id":76561198200753310,"name":"Round_Robin","score":13400,"level":2,"character":0,"platform":18,"runframes":7210,"runend":1021,"unknown1":4294964421,"unknown2":229,"rank":4715,"percentile":38.9694458829622}},"tenDayPercentiles":[],"tenDayDecayingPercentileScore":0,"scoresByDay":[],"rankSummary":{"mean":4715,"median":4715,"max":4715,"min":4715},"percentileSummary":{"mean":38.9694458829622,"median":38.9694458829622,"max":38.9694458829622,"min":38.9694458829622}}