{"name":"Rowley058","scoreData":{"2020-09-15":{"id":7669855976749192000,"name":"Rowley058","score":3600,"level":2,"character":0,"platform":48,"runframes":4909,"runend":1021,"unknown1":625,"unknown2":36,"rank":1242,"percentile":31.662995594713664}},"tenDayPercentiles":[],"tenDayDecayingPercentileScore":0,"scoresByDay":[],"rankSummary":{"mean":1242,"median":1242,"max":1242,"min":1242},"percentileSummary":{"mean":31.662995594713664,"median":31.662995594713664,"max":31.662995594713664,"min":31.662995594713664}}