{"name":"RoxxorArmor","scoreData":{"2020-09-29":{"id":1907032074952259000,"name":"RoxxorArmor","score":30100,"level":6,"character":7,"platform":48,"runframes":23659,"runend":1017,"unknown1":667,"unknown2":487,"rank":870,"percentile":84.45994277539342}},"tenDayPercentiles":[],"tenDayDecayingPercentileScore":0,"scoresByDay":[],"rankSummary":{"mean":870,"median":870,"max":870,"min":870},"percentileSummary":{"mean":84.45994277539342,"median":84.45994277539342,"max":84.45994277539342,"min":84.45994277539342}}