{"name":"Roy42","scoreData":{"2020-09-16":{"id":6555598488012762000,"name":"Roy42","score":14000,"level":2,"character":0,"platform":48,"runframes":8981,"runend":1021,"unknown1":249,"unknown2":27,"rank":1900,"percentile":38.46403110823072}},"tenDayPercentiles":[],"tenDayDecayingPercentileScore":0,"scoresByDay":[],"rankSummary":{"mean":1900,"median":1900,"max":1900,"min":1900},"percentileSummary":{"mean":38.46403110823072,"median":38.46403110823072,"max":38.46403110823072,"min":38.46403110823072}}