{"name":"Royal Derplet","scoreData":{"2020-09-30":{"id":76561198010732860,"name":"Royal Derplet","score":5500,"level":1,"character":0,"platform":18,"runframes":2307,"runend":1022,"unknown1":1493,"unknown2":5543,"rank":7174,"percentile":7.133609528741573}},"tenDayDecayingPercentileMean":null,"rankSummary":{"mean":7174,"median":7174,"max":7174,"min":7174},"percentileSummary":{"mean":7.133609528741573,"median":7.133609528741573,"max":7.133609528741573,"min":7.133609528741573}}