{"name":"Royalty","scoreData":{"2020-10-05":{"id":76561197960686380,"name":"Royalty","score":3200,"level":1,"character":5,"platform":18,"runframes":3335,"runend":1022,"unknown1":4294966223,"unknown2":4294966075,"rank":5968,"percentile":12.404580152671755}},"tenDayPercentiles":[],"tenDayDecayingPercentileScore":0,"scoresByDay":[],"rankSummary":{"mean":5968,"median":5968,"max":5968,"min":5968},"percentileSummary":{"mean":12.404580152671755,"median":12.404580152671755,"max":12.404580152671755,"min":12.404580152671755}}