{"name":"RoyHammock","scoreData":{"2020-10-18":{"id":76561198040253780,"name":"RoyHammock","score":53300,"level":5,"character":7,"platform":18,"runframes":26552,"runend":1018,"unknown1":3918,"unknown2":3868,"rank":2328,"percentile":60.74561403508772}},"tenDayPercentiles":[],"tenDayDecayingPercentileScore":0,"scoresByDay":[],"rankSummary":{"mean":2328,"median":2328,"max":2328,"min":2328},"percentileSummary":{"mean":60.74561403508772,"median":60.74561403508772,"max":60.74561403508772,"min":60.74561403508772}}