{"name":"rRnadrea","scoreData":{"2020-09-30":{"id":76561198081486830,"name":"rRnadrea","score":10500,"level":3,"character":7,"platform":18,"runframes":7645,"runend":1020,"unknown1":4093,"unknown2":2676,"rank":3224,"percentile":58.27291558777835}},"tenDayPercentiles":[],"tenDayDecayingPercentileScore":0,"scoresByDay":[],"rankSummary":{"mean":3224,"median":3224,"max":3224,"min":3224},"percentileSummary":{"mean":58.27291558777835,"median":58.27291558777835,"max":58.27291558777835,"min":58.27291558777835}}