{"name":"RRReuben220406","scoreData":{"2020-10-21":{"id":76561198019213280,"name":"RRReuben220406","score":800,"level":1,"character":3,"platform":48,"runframes":1309,"runend":1022,"unknown1":127,"unknown2":254,"rank":5235,"percentile":2.496274217585693}},"tenDayPercentiles":[],"tenDayDecayingPercentileScore":0,"scoresByDay":[],"rankSummary":{"mean":5235,"median":5235,"max":5235,"min":5235},"percentileSummary":{"mean":2.496274217585693,"median":2.496274217585693,"max":2.496274217585693,"min":2.496274217585693}}