{"name":"rsf2021","scoreData":{"2020-09-30":{"id":76561198161780030,"name":"rsf2021","score":23700,"level":3,"character":0,"platform":18,"runframes":12259,"runend":1020,"unknown1":2786,"unknown2":214,"rank":2450,"percentile":68.2936302433972}},"tenDayPercentiles":[],"tenDayDecayingPercentileScore":0,"scoresByDay":[],"rankSummary":{"mean":2450,"median":2450,"max":2450,"min":2450},"percentileSummary":{"mean":68.2936302433972,"median":68.2936302433972,"max":68.2936302433972,"min":68.2936302433972}}