{"name":"rtopz","scoreData":{"2020-09-30":{"id":76561198022035040,"name":"rtopz","score":1200,"level":1,"character":2,"platform":18,"runframes":1000,"runend":1022,"unknown1":1812,"unknown2":2020,"rank":7616,"percentile":1.4111859140341778}},"tenDayPercentiles":[],"tenDayDecayingPercentileScore":0,"scoresByDay":[],"rankSummary":{"mean":7616,"median":7616,"max":7616,"min":7616},"percentileSummary":{"mean":1.4111859140341778,"median":1.4111859140341778,"max":1.4111859140341778,"min":1.4111859140341778}}