{"name":"rubenmimirrr","scoreData":{"2020-10-29":{"id":76561197995072770,"name":"rubenmimirrr","score":0,"level":1,"character":3,"platform":18,"runframes":2243,"runend":1022,"unknown1":2835,"unknown2":678,"rank":4775,"percentile":0.18816642274722994}},"tenDayPercentiles":[],"tenDayDecayingPercentileScore":0,"scoresByDay":[],"rankSummary":{"mean":4775,"median":4775,"max":4775,"min":4775},"percentileSummary":{"mean":0.18816642274722994,"median":0.18816642274722994,"max":0.18816642274722994,"min":0.18816642274722994}}