{"name":"RubenRoars","scoreData":{"2020-11-17":{"id":2456744786880801000,"name":"RubenRoars","score":26700,"level":3,"character":18,"platform":18,"runframes":16120,"runend":1020,"unknown1":2546,"unknown2":21,"rank":1908,"percentile":51.32720775906074}},"tenDayPercentiles":[51.32720775906074],"tenDayDecayingPercentileScore":37.417534456355284,"scoresByDay":[37.417534456355284],"rankSummary":{"mean":1908,"median":1908,"max":1908,"min":1908},"percentileSummary":{"mean":51.32720775906074,"median":51.32720775906074,"max":51.32720775906074,"min":51.32720775906074}}