{"name":"Rubric_Marine","scoreData":{"2020-10-05":{"id":76561198068025550,"name":"Rubric_Marine","score":7000,"level":1,"character":7,"platform":48,"runframes":4069,"runend":1022,"unknown1":4294962255,"unknown2":441,"rank":5450,"percentile":20.00880798590721}},"tenDayPercentiles":[],"tenDayDecayingPercentileScore":0,"scoresByDay":[],"rankSummary":{"mean":5450,"median":5450,"max":5450,"min":5450},"percentileSummary":{"mean":20.00880798590721,"median":20.00880798590721,"max":20.00880798590721,"min":20.00880798590721}}