{"name":"RubyIII","scoreData":{"2020-11-09":{"id":9173612069577571000,"name":"RubyIII","score":5800,"level":1,"character":0,"platform":48,"runframes":3198,"runend":1022,"unknown1":4294964010,"unknown2":4294963650,"rank":4020,"percentile":7.884483153793269}},"tenDayPercentiles":[7.884483153793269],"tenDayDecayingPercentileScore":2.749149287059366,"scoresByDay":[2.749149287059366],"rankSummary":{"mean":4020,"median":4020,"max":4020,"min":4020},"percentileSummary":{"mean":7.884483153793269,"median":7.884483153793269,"max":7.884483153793269,"min":7.884483153793269}}