{"name":"rudefirelight","scoreData":{"2020-11-20":{"id":3729015982023065600,"name":"rudefirelight","score":5800,"level":3,"character":0,"platform":48,"runframes":3582,"runend":1020,"unknown1":4294965287,"unknown2":157,"rank":2985,"percentile":26.138613861386133}},"tenDayPercentiles":[],"tenDayDecayingPercentileScore":0,"scoresByDay":[],"rankSummary":{"mean":2985,"median":2985,"max":2985,"min":2985},"percentileSummary":{"mean":26.138613861386133,"median":26.138613861386133,"max":26.138613861386133,"min":26.138613861386133}}