{"name":"Ruiner816","scoreData":{"2020-10-28":{"id":7294438781643560000,"name":"Ruiner816","score":3500,"level":2,"character":2,"platform":18,"runframes":5637,"runend":1021,"unknown1":4294965084,"unknown2":4294963999,"rank":4396,"percentile":10.688884373094893}},"tenDayPercentiles":[],"tenDayDecayingPercentileScore":0,"scoresByDay":[],"rankSummary":{"mean":4396,"median":4396,"max":4396,"min":4396},"percentileSummary":{"mean":10.688884373094893,"median":10.688884373094893,"max":10.688884373094893,"min":10.688884373094893}}