{"name":"Ruinedcosmonaut","scoreData":{"2020-10-02":{"id":6710052186946317000,"name":"Ruinedcosmonaut","score":5700,"level":1,"character":3,"platform":48,"runframes":3150,"runend":1022,"unknown1":1001,"unknown2":4294967183,"rank":6312,"percentile":15.436151681629369}},"tenDayPercentiles":[],"tenDayDecayingPercentileScore":0,"scoresByDay":[],"rankSummary":{"mean":6312,"median":6312,"max":6312,"min":6312},"percentileSummary":{"mean":15.436151681629369,"median":15.436151681629369,"max":15.436151681629369,"min":15.436151681629369}}