{"name":"RukasuSama","scoreData":{"2020-09-29":{"id":1679349781080534800,"name":"RukasuSama","score":4800,"level":2,"character":0,"platform":18,"runframes":3354,"runend":1021,"unknown1":4294965905,"unknown2":4294961933,"rank":4305,"percentile":23.03290414878397}},"tenDayPercentiles":[],"tenDayDecayingPercentileScore":0,"scoresByDay":[],"rankSummary":{"mean":4305,"median":4305,"max":4305,"min":4305},"percentileSummary":{"mean":23.03290414878397,"median":23.03290414878397,"max":23.03290414878397,"min":23.03290414878397}}