{"name":"RumblePak64","scoreData":{"2020-10-04":{"id":76561198064314880,"name":"RumblePak64","score":23800,"level":4,"character":0,"platform":18,"runframes":18602,"runend":1019,"unknown1":4294965502,"unknown2":4294961636,"rank":2200,"percentile":70.72683706070288}},"tenDayPercentiles":[],"tenDayDecayingPercentileScore":0,"scoresByDay":[],"rankSummary":{"mean":2200,"median":2200,"max":2200,"min":2200},"percentileSummary":{"mean":70.72683706070288,"median":70.72683706070288,"max":70.72683706070288,"min":70.72683706070288}}