{"name":"RunawayOutlaw","scoreData":{"2020-09-29":{"id":3744300947696106500,"name":"RunawayOutlaw","score":7600,"level":2,"character":7,"platform":48,"runframes":5878,"runend":1021,"unknown1":2177,"unknown2":186,"rank":3963,"percentile":29.148783977110156}},"tenDayPercentiles":[],"tenDayDecayingPercentileScore":0,"scoresByDay":[],"rankSummary":{"mean":3963,"median":3963,"max":3963,"min":3963},"percentileSummary":{"mean":29.148783977110156,"median":29.148783977110156,"max":29.148783977110156,"min":29.148783977110156}}