{"name":"Runner359","scoreData":{"2020-10-06":{"id":76561198123515800,"name":"Runner359","score":1300,"level":1,"character":3,"platform":18,"runframes":5177,"runend":1022,"unknown1":3122,"unknown2":167,"rank":6493,"percentile":4.459161147902861}},"tenDayPercentiles":[],"tenDayDecayingPercentileScore":0,"scoresByDay":[],"rankSummary":{"mean":6493,"median":6493,"max":6493,"min":6493},"percentileSummary":{"mean":4.459161147902861,"median":4.459161147902861,"max":4.459161147902861,"min":4.459161147902861}}