{"name":"Rusty Cougar Mama","scoreData":{"2020-11-10":{"id":76561198075751550,"name":"Rusty Cougar Mama","score":3300,"level":3,"character":0,"platform":18,"runframes":15959,"runend":1020,"unknown1":4294965500,"unknown2":4294966873,"rank":3214,"percentile":26.576782449725783}},"tenDayDecayingPercentileMean":null,"rankSummary":{"mean":3214,"median":3214,"max":3214,"min":3214},"percentileSummary":{"mean":26.576782449725783,"median":26.576782449725783,"max":26.576782449725783,"min":26.576782449725783}}