{"name":"Rute","scoreData":{"2020-11-20":{"id":6880434273984292000,"name":"Rute","score":20775,"level":9,"character":6,"platform":18,"runframes":65426,"runend":1014,"unknown1":1048,"unknown2":4294967294,"rank":764,"percentile":81.11386138613861}},"tenDayPercentiles":[81.11386138613861],"tenDayDecayingPercentileScore":65.70222772277228,"scoresByDay":[65.70222772277228],"rankSummary":{"mean":764,"median":764,"max":764,"min":764},"percentileSummary":{"mean":81.11386138613861,"median":81.11386138613861,"max":81.11386138613861,"min":81.11386138613861}}