{"name":"Rworqx","scoreData":{"2020-10-05":{"id":76561198003862320,"name":"Rworqx","score":182100,"level":18,"character":0,"platform":18,"runframes":101725,"runend":749,"unknown1":4294962198,"unknown2":4294962985,"rank":39,"percentile":99.44216089254257}},"tenDayPercentiles":[],"tenDayDecayingPercentileScore":0,"scoresByDay":[],"rankSummary":{"mean":39,"median":39,"max":39,"min":39},"percentileSummary":{"mean":99.44216089254257,"median":99.44216089254257,"max":99.44216089254257,"min":99.44216089254257}}