{"name":"RWSK","scoreData":{"2020-10-18":{"id":2432064285727177000,"name":"RWSK","score":15500,"level":2,"character":3,"platform":48,"runframes":12197,"runend":1021,"unknown1":1126,"unknown2":4294963614,"rank":5270,"percentile":11.11673414304994}},"tenDayPercentiles":[],"tenDayDecayingPercentileScore":0,"scoresByDay":[],"rankSummary":{"mean":5270,"median":5270,"max":5270,"min":5270},"percentileSummary":{"mean":11.11673414304994,"median":11.11673414304994,"max":11.11673414304994,"min":11.11673414304994}}