{"name":"ryan.72stevens","scoreData":{"2020-10-21":{"id":3088642135728591400,"name":"ryan.72stevens","score":10002499,"level":1,"character":0,"platform":18,"runframes":0,"runend":1022,"unknown1":4294964713,"unknown2":4294965514,"rank":4777,"percentile":11.028315946348727}},"tenDayDecayingPercentileMean":null,"rankSummary":{"mean":4777,"median":4777,"max":4777,"min":4777},"percentileSummary":{"mean":11.028315946348727,"median":11.028315946348727,"max":11.028315946348727,"min":11.028315946348727}}