{"name":"ryangalazka","scoreData":{"2020-09-29":{"id":76561198207217040,"name":"ryangalazka","score":75925,"level":7,"character":0,"platform":18,"runframes":56687,"runend":1016,"unknown1":1825,"unknown2":552,"rank":409,"percentile":92.70386266094421}},"tenDayPercentiles":[],"tenDayDecayingPercentileScore":0,"scoresByDay":[],"rankSummary":{"mean":409,"median":409,"max":409,"min":409},"percentileSummary":{"mean":92.70386266094421,"median":92.70386266094421,"max":92.70386266094421,"min":92.70386266094421}}