{"name":"RyanLB1985","scoreData":{"2020-09-15":{"id":160525961163837570,"name":"RyanLB1985","score":22200,"level":3,"character":2,"platform":48,"runframes":19568,"runend":1020,"unknown1":4294967274,"unknown2":250,"rank":650,"percentile":64.26211453744494}},"tenDayPercentiles":[],"tenDayDecayingPercentileScore":0,"scoresByDay":[],"rankSummary":{"mean":650,"median":650,"max":650,"min":650},"percentileSummary":{"mean":64.26211453744494,"median":64.26211453744494,"max":64.26211453744494,"min":64.26211453744494}}