{"name":"Ryan5280","scoreData":{"2020-09-19":{"id":6394816079177227000,"name":"Ryan5280","score":17700,"level":3,"character":3,"platform":48,"runframes":6978,"runend":1020,"unknown1":326,"unknown2":92,"rank":877,"percentile":70.76101468624833}},"tenDayPercentiles":[],"tenDayDecayingPercentileScore":0,"scoresByDay":[],"rankSummary":{"mean":877,"median":877,"max":877,"min":877},"percentileSummary":{"mean":70.76101468624833,"median":70.76101468624833,"max":70.76101468624833,"min":70.76101468624833}}