{"name":"Ryan-DayNight","scoreData":{"2020-11-21":{"id":820863786163759900,"name":"Ryan-DayNight","score":19200,"level":4,"character":0,"platform":48,"runframes":18140,"runend":1019,"unknown1":4294966892,"unknown2":28,"rank":2416,"percentile":41.8212478920742}},"tenDayPercentiles":[41.8212478920742],"tenDayDecayingPercentileScore":37.639123102866776,"scoresByDay":[37.639123102866776],"rankSummary":{"mean":2416,"median":2416,"max":2416,"min":2416},"percentileSummary":{"mean":41.8212478920742,"median":41.8212478920742,"max":41.8212478920742,"min":41.8212478920742}}