{"name":"Ryobo | K-0-N","scoreData":{"2020-09-30":{"id":76561198165158620,"name":"Ryobo | K-0-N","score":6600,"level":1,"character":2,"platform":18,"runframes":3018,"runend":1022,"unknown1":416,"unknown2":94,"rank":6808,"percentile":11.872087001553595}},"tenDayDecayingPercentileMean":null,"rankSummary":{"mean":6808,"median":6808,"max":6808,"min":6808},"percentileSummary":{"mean":11.872087001553595,"median":11.872087001553595,"max":11.872087001553595,"min":11.872087001553595}}