{"name":"ryryry19","scoreData":{"2020-10-20":{"id":1078732213927103600,"name":"ryryry19","score":29500,"level":4,"character":0,"platform":48,"runframes":28450,"runend":1019,"unknown1":4294966245,"unknown2":4294963165,"rank":3037,"percentile":43.777777777777786}},"tenDayPercentiles":[],"tenDayDecayingPercentileScore":0,"scoresByDay":[],"rankSummary":{"mean":3037,"median":3037,"max":3037,"min":3037},"percentileSummary":{"mean":43.777777777777786,"median":43.777777777777786,"max":43.777777777777786,"min":43.777777777777786}}