{"name":"Ryuze","scoreData":{"2020-09-30":{"id":6861739802888383000,"name":"Ryuze","score":144575,"level":13,"character":0,"platform":18,"runframes":103045,"runend":1010,"unknown1":4294966539,"unknown2":4294966799,"rank":72,"percentile":99.08078715691352}},"tenDayPercentiles":[],"tenDayDecayingPercentileScore":0,"scoresByDay":[],"rankSummary":{"mean":72,"median":72,"max":72,"min":72},"percentileSummary":{"mean":99.08078715691352,"median":99.08078715691352,"max":99.08078715691352,"min":99.08078715691352}}