{"name":"D-funct","scoreData":{"2020-10-09":{"id":76561197971558990,"name":"D-funct","score":106925,"level":12,"character":7,"platform":18,"runframes":97830,"runend":1011,"unknown1":4533,"unknown2":2364,"rank":353,"percentile":94.38775510204081}},"tenDayPercentiles":[],"tenDayDecayingPercentileScore":0,"scoresByDay":[],"rankSummary":{"mean":353,"median":353,"max":353,"min":353},"percentileSummary":{"mean":94.38775510204081,"median":94.38775510204081,"max":94.38775510204081,"min":94.38775510204081}}