{"name":"D-MOB2001","scoreData":{"2020-09-22":{"id":4147573251683717600,"name":"D-MOB2001","score":1300,"level":1,"character":2,"platform":48,"runframes":3393,"runend":1022,"unknown1":4294966774,"unknown2":4294965601,"rank":1936,"percentile":21.40536149471974}},"tenDayPercentiles":[],"tenDayDecayingPercentileScore":0,"scoresByDay":[],"rankSummary":{"mean":1936,"median":1936,"max":1936,"min":1936},"percentileSummary":{"mean":21.40536149471974,"median":21.40536149471974,"max":21.40536149471974,"min":21.40536149471974}}