{"name":"D-ritt","scoreData":{"2020-10-31":{"id":1413228290493562400,"name":"D-ritt","score":19900,"level":2,"character":5,"platform":48,"runframes":6277,"runend":1021,"unknown1":4294964156,"unknown2":4294963172,"rank":2729,"percentile":42.604670734273085}},"tenDayPercentiles":[],"tenDayDecayingPercentileScore":0,"scoresByDay":[],"rankSummary":{"mean":2729,"median":2729,"max":2729,"min":2729},"percentileSummary":{"mean":42.604670734273085,"median":42.604670734273085,"max":42.604670734273085,"min":42.604670734273085}}