{"name":"d.p.stephenson","scoreData":{"2020-10-11":{"id":76561198322416350,"name":"d.p.stephenson","score":9000,"level":1,"character":0,"platform":18,"runframes":7680,"runend":1022,"unknown1":4294964180,"unknown2":4294962053,"rank":5562,"percentile":12.425196850393704}},"tenDayDecayingPercentileMean":null,"rankSummary":{"mean":5562,"median":5562,"max":5562,"min":5562},"percentileSummary":{"mean":12.425196850393704,"median":12.425196850393704,"max":12.425196850393704,"min":12.425196850393704}}