{"name":"D5GMERS","scoreData":{"2020-10-23":{"id":76561198132360660,"name":"D5GMERS","score":15300,"level":3,"character":7,"platform":48,"runframes":7897,"runend":1020,"unknown1":4294965365,"unknown2":4294963357,"rank":3373,"percentile":35.414671518866115}},"tenDayPercentiles":[],"tenDayDecayingPercentileScore":0,"scoresByDay":[],"rankSummary":{"mean":3373,"median":3373,"max":3373,"min":3373},"percentileSummary":{"mean":35.414671518866115,"median":35.414671518866115,"max":35.414671518866115,"min":35.414671518866115}}