{"name":"D85Winchester","scoreData":{"2020-10-10":{"id":76561198444818190,"name":"D85Winchester","score":500,"level":2,"character":4,"platform":48,"runframes":4401,"runend":1021,"unknown1":269,"unknown2":34,"rank":4885,"percentile":25.955124317768338}},"tenDayPercentiles":[],"tenDayDecayingPercentileScore":0,"scoresByDay":[],"rankSummary":{"mean":4885,"median":4885,"max":4885,"min":4885},"percentileSummary":{"mean":25.955124317768338,"median":25.955124317768338,"max":25.955124317768338,"min":25.955124317768338}}