{"name":"D_K91","scoreData":{"2020-10-26":{"id":76561199062227040,"name":"D_K91","score":800,"level":1,"character":0,"platform":48,"runframes":985,"runend":1022,"unknown1":4294962657,"unknown2":4294963111,"rank":5024,"percentile":0.7312252964426875}},"tenDayPercentiles":[],"tenDayDecayingPercentileScore":0,"scoresByDay":[],"rankSummary":{"mean":5024,"median":5024,"max":5024,"min":5024},"percentileSummary":{"mean":0.7312252964426875,"median":0.7312252964426875,"max":0.7312252964426875,"min":0.7312252964426875}}