{"name":"da_boss228","scoreData":{"2020-09-18":{"id":837281203384842200,"name":"da_boss228","score":3500,"level":3,"character":0,"platform":48,"runframes":7923,"runend":1020,"unknown1":4294966535,"unknown2":4294964617,"rank":1825,"percentile":34.763948497854074}},"tenDayPercentiles":[],"tenDayDecayingPercentileScore":0,"scoresByDay":[],"rankSummary":{"mean":1825,"median":1825,"max":1825,"min":1825},"percentileSummary":{"mean":34.763948497854074,"median":34.763948497854074,"max":34.763948497854074,"min":34.763948497854074}}