{"name":"Da_Rynoceros","scoreData":{"2020-10-06":{"id":76561198171627250,"name":"Da_Rynoceros","score":7600,"level":2,"character":0,"platform":48,"runframes":6234,"runend":1021,"unknown1":4294965271,"unknown2":4294963823,"rank":5461,"percentile":19.646799116997798}},"tenDayPercentiles":[],"tenDayDecayingPercentileScore":0,"scoresByDay":[],"rankSummary":{"mean":5461,"median":5461,"max":5461,"min":5461},"percentileSummary":{"mean":19.646799116997798,"median":19.646799116997798,"max":19.646799116997798,"min":19.646799116997798}}