{"name":"DabOnTheTaters","scoreData":{"2020-11-03":{"id":76561197995292740,"name":"DabOnTheTaters","score":20875,"level":5,"character":7,"platform":18,"runframes":9821,"runend":1018,"unknown1":4294966473,"unknown2":823,"rank":2319,"percentile":48.465984882169856}},"tenDayPercentiles":[],"tenDayDecayingPercentileScore":0,"scoresByDay":[],"rankSummary":{"mean":2319,"median":2319,"max":2319,"min":2319},"percentileSummary":{"mean":48.465984882169856,"median":48.465984882169856,"max":48.465984882169856,"min":48.465984882169856}}