{"name":"DaButtCheeks","scoreData":{"2020-11-15":{"id":816670089397670900,"name":"DaButtCheeks","score":59775,"level":7,"character":13,"platform":18,"runframes":37675,"runend":1016,"unknown1":2263,"unknown2":196,"rank":695,"percentile":83.8717174064606}},"tenDayPercentiles":[83.8717174064606],"tenDayDecayingPercentileScore":55.02823379037881,"scoresByDay":[55.02823379037881],"rankSummary":{"mean":695,"median":695,"max":695,"min":695},"percentileSummary":{"mean":83.8717174064606,"median":83.8717174064606,"max":83.8717174064606,"min":83.8717174064606}}