{"name":"DaDaDum2011","scoreData":{"2020-09-15":{"id":2856494851420555300,"name":"DaDaDum2011","score":23400,"level":4,"character":1,"platform":48,"runframes":22179,"runend":1019,"unknown1":192,"unknown2":13,"rank":490,"percentile":73.07268722466961}},"tenDayPercentiles":[],"tenDayDecayingPercentileScore":0,"scoresByDay":[],"rankSummary":{"mean":490,"median":490,"max":490,"min":490},"percentileSummary":{"mean":73.07268722466961,"median":73.07268722466961,"max":73.07268722466961,"min":73.07268722466961}}