{"name":"daddyvato1979","scoreData":{"2020-09-27":{"id":8553757377093443000,"name":"daddyvato1979","score":1100,"level":1,"character":3,"platform":48,"runframes":3479,"runend":1022,"unknown1":4294966845,"unknown2":4294965618,"rank":2470,"percentile":1.2399999999999949}},"tenDayPercentiles":[],"tenDayDecayingPercentileScore":0,"scoresByDay":[],"rankSummary":{"mean":2470,"median":2470,"max":2470,"min":2470},"percentileSummary":{"mean":1.2399999999999949,"median":1.2399999999999949,"max":1.2399999999999949,"min":1.2399999999999949}}