{"name":"daddy_hoothoot","scoreData":{"2020-10-06":{"id":76561198405052020,"name":"daddy_hoothoot","score":5200,"level":2,"character":2,"platform":18,"runframes":5843,"runend":1021,"unknown1":4294963661,"unknown2":1004,"rank":5717,"percentile":15.879323031640908}},"tenDayPercentiles":[],"tenDayDecayingPercentileScore":0,"scoresByDay":[],"rankSummary":{"mean":5717,"median":5717,"max":5717,"min":5717},"percentileSummary":{"mean":15.879323031640908,"median":15.879323031640908,"max":15.879323031640908,"min":15.879323031640908}}