{"name":"dage79","scoreData":{"2020-11-22":{"id":76561198250380450,"name":"dage79","score":4800,"level":1,"character":7,"platform":48,"runframes":4027,"runend":1022,"unknown1":4294966814,"unknown2":4294965790,"rank":3655,"percentile":8.6271567891973}},"tenDayPercentiles":[],"tenDayDecayingPercentileScore":0,"scoresByDay":[],"rankSummary":{"mean":3655,"median":3655,"max":3655,"min":3655},"percentileSummary":{"mean":8.6271567891973,"median":8.6271567891973,"max":8.6271567891973,"min":8.6271567891973}}