{"name":"dalen","scoreData":{"2020-11-21":{"id":76561198997054700,"name":"dalen","score":22700,"level":4,"character":3,"platform":18,"runframes":13652,"runend":1019,"unknown1":2229,"unknown2":4294966490,"rank":2292,"percentile":44.80847988436521}},"tenDayPercentiles":[44.80847988436521],"tenDayDecayingPercentileScore":40.32763189592869,"scoresByDay":[40.32763189592869],"rankSummary":{"mean":2292,"median":2292,"max":2292,"min":2292},"percentileSummary":{"mean":44.80847988436521,"median":44.80847988436521,"max":44.80847988436521,"min":44.80847988436521}}