{"name":"Daltn21","scoreData":{"2020-10-16":{"id":2321595483666216400,"name":"Daltn21","score":8800,"level":2,"character":10,"platform":48,"runframes":4924,"runend":1021,"unknown1":4294963056,"unknown2":4294965638,"rank":4011,"percentile":28.482254324950958}},"tenDayPercentiles":[],"tenDayDecayingPercentileScore":0,"scoresByDay":[],"rankSummary":{"mean":4011,"median":4011,"max":4011,"min":4011},"percentileSummary":{"mean":28.482254324950958,"median":28.482254324950958,"max":28.482254324950958,"min":28.482254324950958}}