{"name":"damoosep","scoreData":{"2020-10-05":{"id":76561198117636270,"name":"damoosep","score":3800,"level":1,"character":3,"platform":48,"runframes":2594,"runend":1022,"unknown1":4294962492,"unknown2":1173,"rank":5770,"percentile":15.311215502055191}},"tenDayPercentiles":[],"tenDayDecayingPercentileScore":0,"scoresByDay":[],"rankSummary":{"mean":5770,"median":5770,"max":5770,"min":5770},"percentileSummary":{"mean":15.311215502055191,"median":15.311215502055191,"max":15.311215502055191,"min":15.311215502055191}}