{"name":"DancingDruid","scoreData":{"2020-09-18":{"id":5022622513851716000,"name":"DancingDruid","score":2200,"level":3,"character":0,"platform":48,"runframes":5833,"runend":1020,"unknown1":4294966782,"unknown2":129,"rank":1849,"percentile":33.90557939914163}},"tenDayPercentiles":[],"tenDayDecayingPercentileScore":0,"scoresByDay":[],"rankSummary":{"mean":1849,"median":1849,"max":1849,"min":1849},"percentileSummary":{"mean":33.90557939914163,"median":33.90557939914163,"max":33.90557939914163,"min":33.90557939914163}}