{"name":"DanDohDrew","scoreData":{"2020-11-10":{"id":8201352306770440000,"name":"DanDohDrew","score":3500,"level":3,"character":7,"platform":48,"runframes":7859,"runend":1020,"unknown1":545,"unknown2":4294965658,"rank":3184,"percentile":27.262340036563074}},"tenDayPercentiles":[],"tenDayDecayingPercentileScore":0,"scoresByDay":[],"rankSummary":{"mean":3184,"median":3184,"max":3184,"min":3184},"percentileSummary":{"mean":27.262340036563074,"median":27.262340036563074,"max":27.262340036563074,"min":27.262340036563074}}