{"name":"DanFletcher","scoreData":{"2020-09-27":{"id":1623830475658825700,"name":"DanFletcher","score":8500,"level":1,"character":0,"platform":48,"runframes":6302,"runend":1022,"unknown1":4294966404,"unknown2":111,"rank":1829,"percentile":26.88000000000001}},"tenDayPercentiles":[],"tenDayDecayingPercentileScore":0,"scoresByDay":[],"rankSummary":{"mean":1829,"median":1829,"max":1829,"min":1829},"percentileSummary":{"mean":26.88000000000001,"median":26.88000000000001,"max":26.88000000000001,"min":26.88000000000001}}