{"name":"danfeldman90","scoreData":{"2020-11-21":{"id":4227176198063461400,"name":"danfeldman90","score":4000,"level":1,"character":7,"platform":48,"runframes":5511,"runend":1022,"unknown1":648,"unknown2":4294965216,"rank":3778,"percentile":9.00987713803903}},"tenDayPercentiles":[9.00987713803903],"tenDayDecayingPercentileScore":8.108889424235128,"scoresByDay":[8.108889424235128],"rankSummary":{"mean":3778,"median":3778,"max":3778,"min":3778},"percentileSummary":{"mean":9.00987713803903,"median":9.00987713803903,"max":9.00987713803903,"min":9.00987713803903}}