{"name":"DanF8","scoreData":{"2020-09-30":{"id":7056513539479192000,"name":"DanF8","score":30700,"level":5,"character":7,"platform":18,"runframes":36638,"runend":1018,"unknown1":3659,"unknown2":23,"rank":1089,"percentile":85.91403417918177}},"tenDayPercentiles":[],"tenDayDecayingPercentileScore":0,"scoresByDay":[],"rankSummary":{"mean":1089,"median":1089,"max":1089,"min":1089},"percentileSummary":{"mean":85.91403417918177,"median":85.91403417918177,"max":85.91403417918177,"min":85.91403417918177}}