{"name":"Danger-Ranger0_o","scoreData":{"2020-09-24":{"id":3273534908356493000,"name":"Danger-Ranger0_o","score":3300,"level":2,"character":0,"platform":48,"runframes":5316,"runend":1021,"unknown1":4294966613,"unknown2":1235,"rank":1869,"percentile":18.993928881179528}},"tenDayPercentiles":[],"tenDayDecayingPercentileScore":0,"scoresByDay":[],"rankSummary":{"mean":1869,"median":1869,"max":1869,"min":1869},"percentileSummary":{"mean":18.993928881179528,"median":18.993928881179528,"max":18.993928881179528,"min":18.993928881179528}}