{"name":"danile123","scoreData":{"2020-11-08":{"id":4322755716606583300,"name":"danile123","score":3100,"level":1,"character":3,"platform":48,"runframes":1929,"runend":1022,"unknown1":4294963617,"unknown2":4294963260,"rank":3890,"percentile":17.51855779427359}},"tenDayPercentiles":[],"tenDayDecayingPercentileScore":0,"scoresByDay":[],"rankSummary":{"mean":3890,"median":3890,"max":3890,"min":3890},"percentileSummary":{"mean":17.51855779427359,"median":17.51855779427359,"max":17.51855779427359,"min":17.51855779427359}}