{"name":"danimal30","scoreData":{"2020-09-16":{"id":7222196112901988000,"name":"danimal30","score":2000,"level":1,"character":2,"platform":48,"runframes":1662,"runend":1022,"unknown1":4294965202,"unknown2":30,"rank":3044,"percentile":1.393389500972134}},"tenDayPercentiles":[],"tenDayDecayingPercentileScore":0,"scoresByDay":[],"rankSummary":{"mean":3044,"median":3044,"max":3044,"min":3044},"percentileSummary":{"mean":1.393389500972134,"median":1.393389500972134,"max":1.393389500972134,"min":1.393389500972134}}