{"name":"DanieIDanDanny","scoreData":{"2020-09-16":{"id":3059760157591425500,"name":"DanieIDanDanny","score":20700,"level":2,"character":0,"platform":48,"runframes":14322,"runend":1021,"unknown1":1404,"unknown2":552,"rank":1421,"percentile":53.98574206092028}},"tenDayPercentiles":[],"tenDayDecayingPercentileScore":0,"scoresByDay":[],"rankSummary":{"mean":1421,"median":1421,"max":1421,"min":1421},"percentileSummary":{"mean":53.98574206092028,"median":53.98574206092028,"max":53.98574206092028,"min":53.98574206092028}}