{"name":"DanielleKillrich","scoreData":{"2020-09-21":{"id":2358473122127565300,"name":"DanielleKillrich","score":3900,"level":3,"character":0,"platform":48,"runframes":26528,"runend":1020,"unknown1":878,"unknown2":515,"rank":1440,"percentile":42.37084501401682}},"tenDayPercentiles":[],"tenDayDecayingPercentileScore":0,"scoresByDay":[],"rankSummary":{"mean":1440,"median":1440,"max":1440,"min":1440},"percentileSummary":{"mean":42.37084501401682,"median":42.37084501401682,"max":42.37084501401682,"min":42.37084501401682}}