{"name":"Dank Hill","scoreData":{"2020-10-27":{"id":76561198056160900,"name":"Dank Hill","score":6050,"level":7,"character":6,"platform":18,"runframes":39478,"runend":1016,"unknown1":4294966640,"unknown2":4294964678,"rank":728,"percentile":85.39280691179425}},"tenDayPercentiles":[],"tenDayDecayingPercentileScore":0,"scoresByDay":[],"rankSummary":{"mean":728,"median":728,"max":728,"min":728},"percentileSummary":{"mean":85.39280691179425,"median":85.39280691179425,"max":85.39280691179425,"min":85.39280691179425}}