{"name":"DannyNopez","scoreData":{"2020-09-29":{"id":76561197993179600,"name":"DannyNopez","score":13100,"level":3,"character":0,"platform":18,"runframes":10319,"runend":1020,"unknown1":4294966039,"unknown2":4294966311,"rank":3058,"percentile":45.33261802575107}},"tenDayPercentiles":[],"tenDayDecayingPercentileScore":0,"scoresByDay":[],"rankSummary":{"mean":3058,"median":3058,"max":3058,"min":3058},"percentileSummary":{"mean":45.33261802575107,"median":45.33261802575107,"max":45.33261802575107,"min":45.33261802575107}}