{"name":"Dannyd0247","scoreData":{"2020-11-12":{"id":1972686216699627300,"name":"Dannyd0247","score":4800,"level":3,"character":3,"platform":48,"runframes":5765,"runend":1020,"unknown1":1387,"unknown2":532,"rank":1824,"percentile":57.246716697936215}},"tenDayPercentiles":[57.246716697936215],"tenDayDecayingPercentileScore":24.64283441862102,"scoresByDay":[24.64283441862102],"rankSummary":{"mean":1824,"median":1824,"max":1824,"min":1824},"percentileSummary":{"mean":57.246716697936215,"median":57.246716697936215,"max":57.246716697936215,"min":57.246716697936215}}