{"name":"danoahboa","scoreData":{"2020-11-21":{"id":6337811521149539000,"name":"danoahboa","score":2700,"level":1,"character":2,"platform":48,"runframes":5249,"runend":1022,"unknown1":2329,"unknown2":287,"rank":3827,"percentile":7.829438689472411}},"tenDayPercentiles":[],"tenDayDecayingPercentileScore":0,"scoresByDay":[],"rankSummary":{"mean":3827,"median":3827,"max":3827,"min":3827},"percentileSummary":{"mean":7.829438689472411,"median":7.829438689472411,"max":7.829438689472411,"min":7.829438689472411}}