{"name":"DanZion","scoreData":{"2020-10-21":{"id":1711847745662930200,"name":"DanZion","score":10900,"level":2,"character":16,"platform":18,"runframes":10704,"runend":1021,"unknown1":2236,"unknown2":450,"rank":3618,"percentile":32.61922503725782}},"tenDayPercentiles":[],"tenDayDecayingPercentileScore":0,"scoresByDay":[],"rankSummary":{"mean":3618,"median":3618,"max":3618,"min":3618},"percentileSummary":{"mean":32.61922503725782,"median":32.61922503725782,"max":32.61922503725782,"min":32.61922503725782}}