{"name":"Danzyr","scoreData":{"2020-11-14":{"id":76561198043735230,"name":"Danzyr","score":2900,"level":3,"character":0,"platform":18,"runframes":15965,"runend":1020,"unknown1":3139,"unknown2":244,"rank":2115,"percentile":51.008111239860945}},"tenDayPercentiles":[51.008111239860945],"tenDayDecayingPercentileScore":27.107801645422942,"scoresByDay":[27.107801645422942],"rankSummary":{"mean":2115,"median":2115,"max":2115,"min":2115},"percentileSummary":{"mean":51.008111239860945,"median":51.008111239860945,"max":51.008111239860945,"min":51.008111239860945}}