{"name":"darigger","scoreData":{"2020-10-18":{"id":7881689370897153000,"name":"darigger","score":28775,"level":11,"character":10,"platform":18,"runframes":52647,"runend":1012,"unknown1":4294966763,"unknown2":4294965590,"rank":601,"percentile":89.87854251012146}},"tenDayPercentiles":[],"tenDayDecayingPercentileScore":0,"scoresByDay":[],"rankSummary":{"mean":601,"median":601,"max":601,"min":601},"percentileSummary":{"mean":89.87854251012146,"median":89.87854251012146,"max":89.87854251012146,"min":89.87854251012146}}