{"name":"daricb","scoreData":{"2020-09-23":{"id":2326919324725601300,"name":"daricb","score":13300,"level":2,"character":0,"platform":48,"runframes":14268,"runend":1021,"unknown1":648,"unknown2":4294965761,"rank":1812,"percentile":24.729842061512883}},"tenDayPercentiles":[],"tenDayDecayingPercentileScore":0,"scoresByDay":[],"rankSummary":{"mean":1812,"median":1812,"max":1812,"min":1812},"percentileSummary":{"mean":24.729842061512883,"median":24.729842061512883,"max":24.729842061512883,"min":24.729842061512883}}