{"name":"DarkAipom","scoreData":{"2020-11-18":{"id":76561198316270270,"name":"DarkAipom","score":10800,"level":3,"character":5,"platform":18,"runframes":13886,"runend":1020,"unknown1":499,"unknown2":455,"rank":2988,"percentile":25.622509960159363}},"tenDayPercentiles":[25.622509960159363],"tenDayDecayingPercentileScore":23.060258964143426,"scoresByDay":[23.060258964143426],"rankSummary":{"mean":2988,"median":2988,"max":2988,"min":2988},"percentileSummary":{"mean":25.622509960159363,"median":25.622509960159363,"max":25.622509960159363,"min":25.622509960159363}}