{"name":"darkdeveloper9","scoreData":{"2020-09-24":{"id":196102157442304060,"name":"darkdeveloper9","score":7800,"level":6,"character":8,"platform":48,"runframes":63815,"runend":1017,"unknown1":198,"unknown2":112,"rank":361,"percentile":84.38855160450997}},"tenDayPercentiles":[],"tenDayDecayingPercentileScore":0,"scoresByDay":[],"rankSummary":{"mean":361,"median":361,"max":361,"min":361},"percentileSummary":{"mean":84.38855160450997,"median":84.38855160450997,"max":84.38855160450997,"min":84.38855160450997}}