{"name":"DarkraiX001","scoreData":{"2020-09-30":{"id":76561197993258900,"name":"DarkraiX001","score":14900,"level":4,"character":0,"platform":48,"runframes":15077,"runend":1019,"unknown1":4294962368,"unknown2":4294961948,"rank":1780,"percentile":76.96789228379077}},"tenDayPercentiles":[],"tenDayDecayingPercentileScore":0,"scoresByDay":[],"rankSummary":{"mean":1780,"median":1780,"max":1780,"min":1780},"percentileSummary":{"mean":76.96789228379077,"median":76.96789228379077,"max":76.96789228379077,"min":76.96789228379077}}