{"name":"darkullylilbro","scoreData":{"2020-11-06":{"id":76561198027398830,"name":"darkullylilbro","score":3500,"level":2,"character":0,"platform":48,"runframes":3658,"runend":1021,"unknown1":4294966580,"unknown2":4294963631,"rank":4105,"percentile":9.503858875413457}},"tenDayPercentiles":[],"tenDayDecayingPercentileScore":0,"scoresByDay":[],"rankSummary":{"mean":4105,"median":4105,"max":4105,"min":4105},"percentileSummary":{"mean":9.503858875413457,"median":9.503858875413457,"max":9.503858875413457,"min":9.503858875413457}}