{"name":"DaRk_HeadShotZ--","scoreData":{"2020-10-13":{"id":76561199058579340,"name":"DaRk_HeadShotZ--","score":7900,"level":3,"character":4,"platform":48,"runframes":7225,"runend":1020,"unknown1":2537,"unknown2":668,"rank":2991,"percentile":49.01960784313726}},"tenDayPercentiles":[],"tenDayDecayingPercentileScore":0,"scoresByDay":[],"rankSummary":{"mean":2991,"median":2991,"max":2991,"min":2991},"percentileSummary":{"mean":49.01960784313726,"median":49.01960784313726,"max":49.01960784313726,"min":49.01960784313726}}