{"name":"Darksonic407","scoreData":{"2020-11-11":{"id":6933665956345085000,"name":"Darksonic407","score":6000,"level":2,"character":0,"platform":18,"runframes":9593,"runend":1021,"unknown1":4294965886,"unknown2":1432,"rank":4028,"percentile":9.464928057553962}},"tenDayPercentiles":[9.464928057553962],"tenDayDecayingPercentileScore":3.666907056407377,"scoresByDay":[3.666907056407377],"rankSummary":{"mean":4028,"median":4028,"max":4028,"min":4028},"percentileSummary":{"mean":9.464928057553962,"median":9.464928057553962,"max":9.464928057553962,"min":9.464928057553962}}