{"name":"DarkGreyvor","scoreData":{"2020-11-08":{"id":5964640965181230000,"name":"DarkGreyvor","score":14300,"level":4,"character":5,"platform":48,"runframes":11274,"runend":1019,"unknown1":1567,"unknown2":1423,"rank":1343,"percentile":71.53764581124072}},"tenDayPercentiles":[],"tenDayDecayingPercentileScore":0,"scoresByDay":[],"rankSummary":{"mean":1343,"median":1343,"max":1343,"min":1343},"percentileSummary":{"mean":71.53764581124072,"median":71.53764581124072,"max":71.53764581124072,"min":71.53764581124072}}