{"name":"Darkace1324","scoreData":{"2020-10-04":{"id":2084723357294047200,"name":"Darkace1324","score":13200,"level":3,"character":6,"platform":48,"runframes":13416,"runend":1020,"unknown1":3502,"unknown2":439,"rank":4108,"percentile":45.32747603833865}},"tenDayPercentiles":[],"tenDayDecayingPercentileScore":0,"scoresByDay":[],"rankSummary":{"mean":4108,"median":4108,"max":4108,"min":4108},"percentileSummary":{"mean":45.32747603833865,"median":45.32747603833865,"max":45.32747603833865,"min":45.32747603833865}}