{"name":"Darkone286","scoreData":{"2020-10-06":{"id":8317470017686722000,"name":"Darkone286","score":7400,"level":2,"character":3,"platform":48,"runframes":6865,"runend":1021,"unknown1":5667,"unknown2":264,"rank":5493,"percentile":19.17586460632819}},"tenDayPercentiles":[],"tenDayDecayingPercentileScore":0,"scoresByDay":[],"rankSummary":{"mean":5493,"median":5493,"max":5493,"min":5493},"percentileSummary":{"mean":19.17586460632819,"median":19.17586460632819,"max":19.17586460632819,"min":19.17586460632819}}