{"name":"Darth_Matthew_","scoreData":{"2020-09-22":{"id":2519640536821894700,"name":"Darth_Matthew_","score":0,"level":1,"character":0,"platform":48,"runframes":3032,"runend":1022,"unknown1":2065,"unknown2":4294967086,"rank":2399,"percentile":2.5995125913891144}},"tenDayPercentiles":[],"tenDayDecayingPercentileScore":0,"scoresByDay":[],"rankSummary":{"mean":2399,"median":2399,"max":2399,"min":2399},"percentileSummary":{"mean":2.5995125913891144,"median":2.5995125913891144,"max":2.5995125913891144,"min":2.5995125913891144}}