{"name":"Darut","scoreData":{"2020-10-24":{"id":76561198025085620,"name":"Darut","score":35725,"level":8,"character":7,"platform":48,"runframes":46693,"runend":1015,"unknown1":1401,"unknown2":1299,"rank":796,"percentile":85.20104244229337}},"tenDayPercentiles":[],"tenDayDecayingPercentileScore":0,"scoresByDay":[],"rankSummary":{"mean":796,"median":796,"max":796,"min":796},"percentileSummary":{"mean":85.20104244229337,"median":85.20104244229337,"max":85.20104244229337,"min":85.20104244229337}}