{"name":"Das_igloo","scoreData":{"2020-09-20":{"id":3992190200926030000,"name":"Das_igloo","score":35700,"level":9,"character":7,"platform":48,"runframes":34837,"runend":1014,"unknown1":1199,"unknown2":4294966849,"rank":144,"percentile":95.19166106254202}},"tenDayPercentiles":[],"tenDayDecayingPercentileScore":0,"scoresByDay":[],"rankSummary":{"mean":144,"median":144,"max":144,"min":144},"percentileSummary":{"mean":95.19166106254202,"median":95.19166106254202,"max":95.19166106254202,"min":95.19166106254202}}