{"name":"daSB","scoreData":{"2020-10-01":{"id":5771660842537192000,"name":"daSB","score":2800,"level":1,"character":3,"platform":18,"runframes":1362,"runend":1022,"unknown1":4028,"unknown2":243,"rank":7122,"percentile":7.447361580452309}},"tenDayPercentiles":[],"tenDayDecayingPercentileScore":0,"scoresByDay":[],"rankSummary":{"mean":7122,"median":7122,"max":7122,"min":7122},"percentileSummary":{"mean":7.447361580452309,"median":7.447361580452309,"max":7.447361580452309,"min":7.447361580452309}}