{"name":"daveb22","scoreData":{"2020-10-02":{"id":76561197996799490,"name":"daveb22","score":3100,"level":1,"character":0,"platform":18,"runframes":6380,"runend":1022,"unknown1":2666,"unknown2":2518,"rank":6671,"percentile":10.62575371834383}},"tenDayPercentiles":[],"tenDayDecayingPercentileScore":0,"scoresByDay":[],"rankSummary":{"mean":6671,"median":6671,"max":6671,"min":6671},"percentileSummary":{"mean":10.62575371834383,"median":10.62575371834383,"max":10.62575371834383,"min":10.62575371834383}}