{"name":"DaveOwl","scoreData":{"2020-10-30":{"id":7283027544715467000,"name":"DaveOwl","score":11500,"level":2,"character":0,"platform":48,"runframes":8214,"runend":1021,"unknown1":4294963380,"unknown2":4294964074,"rank":2938,"percentile":38.15540113708149}},"tenDayPercentiles":[],"tenDayDecayingPercentileScore":0,"scoresByDay":[],"rankSummary":{"mean":2938,"median":2938,"max":2938,"min":2938},"percentileSummary":{"mean":38.15540113708149,"median":38.15540113708149,"max":38.15540113708149,"min":38.15540113708149}}