{"name":"DavePryor","scoreData":{"2020-09-30":{"id":76561198344069540,"name":"DavePryor","score":9300,"level":1,"character":3,"platform":18,"runframes":5083,"runend":1022,"unknown1":3161,"unknown2":1789,"rank":6256,"percentile":19.018643190056963}},"tenDayPercentiles":[],"tenDayDecayingPercentileScore":0,"scoresByDay":[],"rankSummary":{"mean":6256,"median":6256,"max":6256,"min":6256},"percentileSummary":{"mean":19.018643190056963,"median":19.018643190056963,"max":19.018643190056963,"min":19.018643190056963}}