{"name":"David E","scoreData":{"2020-11-14":{"id":4711751289335286000,"name":"David E","score":4600,"level":2,"character":0,"platform":18,"runframes":8419,"runend":1021,"unknown1":4294966695,"unknown2":4294966141,"rank":3516,"percentile":18.539976825028972}},"tenDayPercentiles":[18.539976825028972],"tenDayDecayingPercentileScore":9.852903823870223,"scoresByDay":[9.852903823870223],"rankSummary":{"mean":3516,"median":3516,"max":3516,"min":3516},"percentileSummary":{"mean":18.539976825028972,"median":18.539976825028972,"max":18.539976825028972,"min":18.539976825028972}}