{"name":"davidsip1989","scoreData":{"2020-11-20":{"id":3613158118904644600,"name":"davidsip1989","score":12000,"level":1,"character":3,"platform":18,"runframes":9093,"runend":1022,"unknown1":1233,"unknown2":70,"rank":3849,"percentile":4.752475247524757}},"tenDayPercentiles":[4.752475247524757],"tenDayDecayingPercentileScore":4.277227722772281,"scoresByDay":[4.277227722772281],"rankSummary":{"mean":3849,"median":3849,"max":3849,"min":3849},"percentileSummary":{"mean":4.752475247524757,"median":4.752475247524757,"max":4.752475247524757,"min":4.752475247524757}}