{"name":"David050805","scoreData":{"2020-10-27":{"id":1539118940304475000,"name":"David050805","score":9800,"level":2,"character":0,"platform":48,"runframes":6461,"runend":1021,"unknown1":247,"unknown2":247,"rank":3903,"percentile":21.599357042395013}},"tenDayPercentiles":[],"tenDayDecayingPercentileScore":0,"scoresByDay":[],"rankSummary":{"mean":3903,"median":3903,"max":3903,"min":3903},"percentileSummary":{"mean":21.599357042395013,"median":21.599357042395013,"max":21.599357042395013,"min":21.599357042395013}}