{"name":"Davidqfer","scoreData":{"2020-11-15":{"id":76561198028244210,"name":"Davidqfer","score":6500,"level":3,"character":0,"platform":48,"runframes":15241,"runend":1020,"unknown1":4294964641,"unknown2":4294964422,"rank":2405,"percentile":44.13200092958402}},"tenDayPercentiles":[44.13200092958402],"tenDayDecayingPercentileScore":23.453554706019062,"scoresByDay":[23.453554706019062],"rankSummary":{"mean":2405,"median":2405,"max":2405,"min":2405},"percentileSummary":{"mean":44.13200092958402,"median":44.13200092958402,"max":44.13200092958402,"min":44.13200092958402}}