{"name":"DavudDefenschi","scoreData":{"2020-09-30":{"id":76561198166526820,"name":"DavudDefenschi","score":1600,"level":2,"character":0,"platform":18,"runframes":7599,"runend":1021,"unknown1":4294967287,"unknown2":4294962294,"rank":5810,"percentile":24.792853443811495}},"tenDayPercentiles":[],"tenDayDecayingPercentileScore":0,"scoresByDay":[],"rankSummary":{"mean":5810,"median":5810,"max":5810,"min":5810},"percentileSummary":{"mean":24.792853443811495,"median":24.792853443811495,"max":24.792853443811495,"min":24.792853443811495}}