{"name":"DayneHD","scoreData":{"2020-11-14":{"id":76561198025213650,"name":"DayneHD","score":3500,"level":2,"character":0,"platform":48,"runframes":2542,"runend":1021,"unknown1":79,"unknown2":31,"rank":3650,"percentile":15.434530706836611}},"tenDayPercentiles":[15.434530706836611],"tenDayDecayingPercentileScore":9.113936037079952,"scoresByDay":[9.113936037079952],"rankSummary":{"mean":3650,"median":3650,"max":3650,"min":3650},"percentileSummary":{"mean":15.434530706836611,"median":15.434530706836611,"max":15.434530706836611,"min":15.434530706836611}}