{"name":"db1386","scoreData":{"2020-11-11":{"id":76561197963945440,"name":"db1386","score":26800,"level":4,"character":5,"platform":18,"runframes":10334,"runend":1019,"unknown1":4294965350,"unknown2":4294965350,"rank":2350,"percentile":47.18974820143885}},"tenDayPercentiles":[47.18974820143885],"tenDayDecayingPercentileScore":16.454047791589485,"scoresByDay":[16.454047791589485],"rankSummary":{"mean":2350,"median":2350,"max":2350,"min":2350},"percentileSummary":{"mean":47.18974820143885,"median":47.18974820143885,"max":47.18974820143885,"min":47.18974820143885}}