{"name":"dbording","scoreData":{"2020-10-16":{"id":76561198103023300,"name":"dbording","score":5000,"level":2,"character":0,"platform":18,"runframes":8935,"runend":1021,"unknown1":4294966688,"unknown2":313,"rank":4308,"percentile":23.185304084180487}},"tenDayPercentiles":[],"tenDayDecayingPercentileScore":0,"scoresByDay":[],"rankSummary":{"mean":4308,"median":4308,"max":4308,"min":4308},"percentileSummary":{"mean":23.185304084180487,"median":23.185304084180487,"max":23.185304084180487,"min":23.185304084180487}}