{"name":"dbrus1","scoreData":{"2020-11-09":{"id":76561198159228640,"name":"dbrus1","score":3500,"level":1,"character":0,"platform":48,"runframes":2895,"runend":1022,"unknown1":4294965594,"unknown2":1068,"rank":4196,"percentile":3.850561540224618}},"tenDayPercentiles":[3.850561540224618],"tenDayDecayingPercentileScore":1.3426077913545735,"scoresByDay":[1.3426077913545735],"rankSummary":{"mean":4196,"median":4196,"max":4196,"min":4196},"percentileSummary":{"mean":3.850561540224618,"median":3.850561540224618,"max":3.850561540224618,"min":3.850561540224618}}