{"name":"DC_Nils_Cool007","scoreData":{"2020-11-14":{"id":4877693951243626000,"name":"DC_Nils_Cool007","score":7900,"level":3,"character":14,"platform":48,"runframes":7802,"runend":1020,"unknown1":4294964550,"unknown2":4294964710,"rank":1875,"percentile":56.57010428736964}},"tenDayPercentiles":[56.57010428736964],"tenDayDecayingPercentileScore":33.4040808806489,"scoresByDay":[33.4040808806489],"rankSummary":{"mean":1875,"median":1875,"max":1875,"min":1875},"percentileSummary":{"mean":56.57010428736964,"median":56.57010428736964,"max":56.57010428736964,"min":56.57010428736964}}