{"name":"Dcamp15","scoreData":{"2020-10-04":{"id":76561198004587090,"name":"Dcamp15","score":1500,"level":1,"character":0,"platform":48,"runframes":2862,"runend":1022,"unknown1":890,"unknown2":2735,"rank":7026,"percentile":6.4829605963791295}},"tenDayPercentiles":[],"tenDayDecayingPercentileScore":0,"scoresByDay":[],"rankSummary":{"mean":7026,"median":7026,"max":7026,"min":7026},"percentileSummary":{"mean":6.4829605963791295,"median":6.4829605963791295,"max":6.4829605963791295,"min":6.4829605963791295}}