{"name":"DctrGrim","scoreData":{"2020-11-09":{"id":76561198863699180,"name":"DctrGrim","score":86950,"level":8,"character":0,"platform":18,"runframes":75415,"runend":1015,"unknown1":2183,"unknown2":4294966520,"rank":789,"percentile":81.93903277561311}},"tenDayPercentiles":[81.93903277561311],"tenDayDecayingPercentileScore":28.570374131503563,"scoresByDay":[28.570374131503563],"rankSummary":{"mean":789,"median":789,"max":789,"min":789},"percentileSummary":{"mean":81.93903277561311,"median":81.93903277561311,"max":81.93903277561311,"min":81.93903277561311}}