{"name":"Deadrisy","scoreData":{"2020-11-16":{"id":76561198041900600,"name":"Deadrisy","score":1600,"level":1,"character":3,"platform":48,"runframes":2103,"runend":1022,"unknown1":1835,"unknown2":4294966553,"rank":3672,"percentile":5.968237704918039}},"tenDayPercentiles":[5.968237704918039],"tenDayDecayingPercentileScore":4.350845286885251,"scoresByDay":[4.350845286885251],"rankSummary":{"mean":3672,"median":3672,"max":3672,"min":3672},"percentileSummary":{"mean":5.968237704918039,"median":5.968237704918039,"max":5.968237704918039,"min":5.968237704918039}}