{"name":"deadron92","scoreData":{"2020-09-19":{"id":8802942510675796000,"name":"deadron92","score":1500,"level":3,"character":0,"platform":48,"runframes":9643,"runend":1020,"unknown1":4294967220,"unknown2":16,"rank":1123,"percentile":62.55006675567423}},"tenDayPercentiles":[],"tenDayDecayingPercentileScore":0,"scoresByDay":[],"rankSummary":{"mean":1123,"median":1123,"max":1123,"min":1123},"percentileSummary":{"mean":62.55006675567423,"median":62.55006675567423,"max":62.55006675567423,"min":62.55006675567423}}