{"name":"deadlykitten285","scoreData":{"2020-09-27":{"id":8358245573797262000,"name":"deadlykitten285","score":4500,"level":1,"character":0,"platform":48,"runframes":5413,"runend":1022,"unknown1":1158,"unknown2":134,"rank":2140,"percentile":14.439999999999998}},"tenDayPercentiles":[],"tenDayDecayingPercentileScore":0,"scoresByDay":[],"rankSummary":{"mean":2140,"median":2140,"max":2140,"min":2140},"percentileSummary":{"mean":14.439999999999998,"median":14.439999999999998,"max":14.439999999999998,"min":14.439999999999998}}