{"name":"DeadPool","scoreData":{"2020-11-07":{"id":76561198208289890,"name":"DeadPool","score":9300,"level":2,"character":8,"platform":18,"runframes":5900,"runend":1021,"unknown1":4294966059,"unknown2":4294964084,"rank":3708,"percentile":22.382747068676707}},"tenDayPercentiles":[],"tenDayDecayingPercentileScore":0,"scoresByDay":[],"rankSummary":{"mean":3708,"median":3708,"max":3708,"min":3708},"percentileSummary":{"mean":22.382747068676707,"median":22.382747068676707,"max":22.382747068676707,"min":22.382747068676707}}