{"name":"deafkhan1","scoreData":{"2020-10-11":{"id":9067443397413253000,"name":"deafkhan1","score":11200,"level":1,"character":6,"platform":18,"runframes":6397,"runend":1022,"unknown1":4294964181,"unknown2":4294964446,"rank":5526,"percentile":12.99212598425197}},"tenDayPercentiles":[],"tenDayDecayingPercentileScore":0,"scoresByDay":[],"rankSummary":{"mean":5526,"median":5526,"max":5526,"min":5526},"percentileSummary":{"mean":12.99212598425197,"median":12.99212598425197,"max":12.99212598425197,"min":12.99212598425197}}