{"name":"DeAtH-_-STARzZz","scoreData":{"2020-09-23":{"id":6764796356152072000,"name":"DeAtH-_-STARzZz","score":5000,"level":3,"character":7,"platform":48,"runframes":11252,"runend":1020,"unknown1":18,"unknown2":13,"rank":1466,"percentile":39.11055694098088}},"tenDayPercentiles":[],"tenDayDecayingPercentileScore":0,"scoresByDay":[],"rankSummary":{"mean":1466,"median":1466,"max":1466,"min":1466},"percentileSummary":{"mean":39.11055694098088,"median":39.11055694098088,"max":39.11055694098088,"min":39.11055694098088}}