{"name":"death_doge915_V2","scoreData":{"2020-10-10":{"id":7551611073451484000,"name":"death_doge915_V2","score":18400,"level":3,"character":3,"platform":48,"runframes":23001,"runend":1020,"unknown1":807,"unknown2":661,"rank":1780,"percentile":73.02910855063675}},"tenDayPercentiles":[],"tenDayDecayingPercentileScore":0,"scoresByDay":[],"rankSummary":{"mean":1780,"median":1780,"max":1780,"min":1780},"percentileSummary":{"mean":73.02910855063675,"median":73.02910855063675,"max":73.02910855063675,"min":73.02910855063675}}