{"name":"deathcorebunny","scoreData":{"2020-10-15":{"id":9108243269873497000,"name":"deathcorebunny","score":33650,"level":5,"character":6,"platform":48,"runframes":28998,"runend":1018,"unknown1":3861,"unknown2":752,"rank":1804,"percentile":68.68160500260552}},"tenDayPercentiles":[],"tenDayDecayingPercentileScore":0,"scoresByDay":[],"rankSummary":{"mean":1804,"median":1804,"max":1804,"min":1804},"percentileSummary":{"mean":68.68160500260552,"median":68.68160500260552,"max":68.68160500260552,"min":68.68160500260552}}