{"name":"DeathlyQuiet","scoreData":{"2020-10-08":{"id":2194493653199362300,"name":"DeathlyQuiet","score":13200,"level":3,"character":12,"platform":18,"runframes":69175,"runend":1020,"unknown1":4294961975,"unknown2":4294964747,"rank":3835,"percentile":39.51727401798391}},"tenDayPercentiles":[],"tenDayDecayingPercentileScore":0,"scoresByDay":[],"rankSummary":{"mean":3835,"median":3835,"max":3835,"min":3835},"percentileSummary":{"mean":39.51727401798391,"median":39.51727401798391,"max":39.51727401798391,"min":39.51727401798391}}