{"name":"Debacle_Juice","scoreData":{"2020-09-30":{"id":76561198398712980,"name":"Debacle_Juice","score":26000,"level":4,"character":4,"platform":48,"runframes":14394,"runend":1019,"unknown1":3557,"unknown2":83,"rank":1526,"percentile":80.25634386328328}},"tenDayPercentiles":[],"tenDayDecayingPercentileScore":0,"scoresByDay":[],"rankSummary":{"mean":1526,"median":1526,"max":1526,"min":1526},"percentileSummary":{"mean":80.25634386328328,"median":80.25634386328328,"max":80.25634386328328,"min":80.25634386328328}}