{"name":"Debakulum","scoreData":{"2020-10-03":{"id":925625746897510100,"name":"Debakulum","score":2600,"level":1,"character":1,"platform":48,"runframes":4882,"runend":1022,"unknown1":2397,"unknown2":1763,"rank":7562,"percentile":4.266903013421114}},"tenDayPercentiles":[],"tenDayDecayingPercentileScore":0,"scoresByDay":[],"rankSummary":{"mean":7562,"median":7562,"max":7562,"min":7562},"percentileSummary":{"mean":4.266903013421114,"median":4.266903013421114,"max":4.266903013421114,"min":4.266903013421114}}