{"name":"Decime","scoreData":{"2020-09-29":{"id":4144833497701954600,"name":"Decime","score":8800,"level":1,"character":1,"platform":18,"runframes":1862,"runend":1022,"unknown1":2355,"unknown2":212,"rank":4785,"percentile":14.449213161659515}},"tenDayPercentiles":[],"tenDayDecayingPercentileScore":0,"scoresByDay":[],"rankSummary":{"mean":4785,"median":4785,"max":4785,"min":4785},"percentileSummary":{"mean":14.449213161659515,"median":14.449213161659515,"max":14.449213161659515,"min":14.449213161659515}}