{"name":"Declan","scoreData":{"2020-10-18":{"id":7751957582573857000,"name":"Declan","score":9600,"level":4,"character":7,"platform":18,"runframes":15727,"runend":1019,"unknown1":1065,"unknown2":4294965648,"rank":4065,"percentile":31.44399460188933}},"tenDayPercentiles":[],"tenDayDecayingPercentileScore":0,"scoresByDay":[],"rankSummary":{"mean":4065,"median":4065,"max":4065,"min":4065},"percentileSummary":{"mean":31.44399460188933,"median":31.44399460188933,"max":31.44399460188933,"min":31.44399460188933}}