{"name":"Ded_sec112","scoreData":{"2020-11-17":{"id":76561198057975520,"name":"Ded_sec112","score":2300,"level":2,"character":7,"platform":48,"runframes":4227,"runend":1021,"unknown1":4294966795,"unknown2":718,"rank":3526,"percentile":10.030627871362938}},"tenDayPercentiles":[10.030627871362938],"tenDayDecayingPercentileScore":6.581094946401225,"scoresByDay":[6.581094946401225],"rankSummary":{"mean":3526,"median":3526,"max":3526,"min":3526},"percentileSummary":{"mean":10.030627871362938,"median":10.030627871362938,"max":10.030627871362938,"min":10.030627871362938}}