{"name":"Deegs","scoreData":{"2020-10-05":{"id":2016789060872556800,"name":"Deegs","score":25000,"level":4,"character":3,"platform":18,"runframes":18134,"runend":1019,"unknown1":5337,"unknown2":4122,"rank":2914,"percentile":57.237228420434526}},"tenDayPercentiles":[],"tenDayDecayingPercentileScore":0,"scoresByDay":[],"rankSummary":{"mean":2914,"median":2914,"max":2914,"min":2914},"percentileSummary":{"mean":57.237228420434526,"median":57.237228420434526,"max":57.237228420434526,"min":57.237228420434526}}