{"name":"DeepsInThePza","scoreData":{"2020-10-09":{"id":76561197990709940,"name":"DeepsInThePza","score":14000,"level":3,"character":0,"platform":18,"runframes":16362,"runend":1020,"unknown1":4294963694,"unknown2":4294961705,"rank":3977,"percentile":36.60714285714286}},"tenDayPercentiles":[],"tenDayDecayingPercentileScore":0,"scoresByDay":[],"rankSummary":{"mean":3977,"median":3977,"max":3977,"min":3977},"percentileSummary":{"mean":36.60714285714286,"median":36.60714285714286,"max":36.60714285714286,"min":36.60714285714286}}