{"name":"Deerhaunter","scoreData":{"2020-10-09":{"id":1193980698543862800,"name":"Deerhaunter","score":8900,"level":2,"character":7,"platform":18,"runframes":5191,"runend":1021,"unknown1":4294965070,"unknown2":4294961676,"rank":4960,"percentile":20.934311224489804}},"tenDayPercentiles":[],"tenDayDecayingPercentileScore":0,"scoresByDay":[],"rankSummary":{"mean":4960,"median":4960,"max":4960,"min":4960},"percentileSummary":{"mean":20.934311224489804,"median":20.934311224489804,"max":20.934311224489804,"min":20.934311224489804}}