{"name":"DeFy-DiZaSTeR","scoreData":{"2020-09-23":{"id":5762760284764762000,"name":"DeFy-DiZaSTeR","score":1500,"level":2,"character":2,"platform":48,"runframes":2525,"runend":1021,"unknown1":411,"unknown2":4294966721,"rank":2341,"percentile":2.743142144638398}},"tenDayPercentiles":[],"tenDayDecayingPercentileScore":0,"scoresByDay":[],"rankSummary":{"mean":2341,"median":2341,"max":2341,"min":2341},"percentileSummary":{"mean":2.743142144638398,"median":2.743142144638398,"max":2.743142144638398,"min":2.743142144638398}}