{"name":"Deh","scoreData":{"2020-10-07":{"id":76561198037627890,"name":"Deh","score":7300,"level":2,"character":7,"platform":18,"runframes":5151,"runend":1021,"unknown1":2926,"unknown2":49,"rank":3879,"percentile":40.557939914163086}},"tenDayPercentiles":[],"tenDayDecayingPercentileScore":0,"scoresByDay":[],"rankSummary":{"mean":3879,"median":3879,"max":3879,"min":3879},"percentileSummary":{"mean":40.557939914163086,"median":40.557939914163086,"max":40.557939914163086,"min":40.557939914163086}}