{"name":"Deity","scoreData":{"2020-10-28":{"id":76561198029400660,"name":"Deity","score":6100,"level":3,"character":0,"platform":18,"runframes":5519,"runend":1020,"unknown1":4294966383,"unknown2":567,"rank":3218,"percentile":34.627108311318835}},"tenDayPercentiles":[],"tenDayDecayingPercentileScore":0,"scoresByDay":[],"rankSummary":{"mean":3218,"median":3218,"max":3218,"min":3218},"percentileSummary":{"mean":34.627108311318835,"median":34.627108311318835,"max":34.627108311318835,"min":34.627108311318835}}