{"name":"delbia_94","scoreData":{"2020-10-04":{"id":81402418917841820,"name":"delbia_94","score":28300,"level":4,"character":18,"platform":48,"runframes":17405,"runend":1019,"unknown1":4294966039,"unknown2":1010,"rank":2042,"percentile":72.83013844515442}},"tenDayPercentiles":[],"tenDayDecayingPercentileScore":0,"scoresByDay":[],"rankSummary":{"mean":2042,"median":2042,"max":2042,"min":2042},"percentileSummary":{"mean":72.83013844515442,"median":72.83013844515442,"max":72.83013844515442,"min":72.83013844515442}}