{"name":"DeliciousFruit","scoreData":{"2020-09-30":{"id":395097376122309200,"name":"DeliciousFruit","score":27300,"level":3,"character":7,"platform":18,"runframes":24648,"runend":1020,"unknown1":4294962669,"unknown2":4294959764,"rank":2321,"percentile":69.96374935266701}},"tenDayPercentiles":[],"tenDayDecayingPercentileScore":0,"scoresByDay":[],"rankSummary":{"mean":2321,"median":2321,"max":2321,"min":2321},"percentileSummary":{"mean":69.96374935266701,"median":69.96374935266701,"max":69.96374935266701,"min":69.96374935266701}}