{"name":"deltajuliet07","scoreData":{"2020-10-28":{"id":76561198029265800,"name":"deltajuliet07","score":1100,"level":2,"character":3,"platform":48,"runframes":8228,"runend":1021,"unknown1":1463,"unknown2":4257,"rank":4474,"percentile":9.10384068278806}},"tenDayPercentiles":[],"tenDayDecayingPercentileScore":0,"scoresByDay":[],"rankSummary":{"mean":4474,"median":4474,"max":4474,"min":4474},"percentileSummary":{"mean":9.10384068278806,"median":9.10384068278806,"max":9.10384068278806,"min":9.10384068278806}}