{"name":"delvro","scoreData":{"2020-11-21":{"id":76561197961365200,"name":"delvro","score":3700,"level":2,"character":3,"platform":18,"runframes":12295,"runend":1021,"unknown1":2316,"unknown2":3088,"rank":3507,"percentile":15.538424476029874}},"tenDayPercentiles":[],"tenDayDecayingPercentileScore":0,"scoresByDay":[],"rankSummary":{"mean":3507,"median":3507,"max":3507,"min":3507},"percentileSummary":{"mean":15.538424476029874,"median":15.538424476029874,"max":15.538424476029874,"min":15.538424476029874}}