{"name":"demonram","scoreData":{"2020-10-15":{"id":76561197991742370,"name":"demonram","score":14950,"level":5,"character":3,"platform":18,"runframes":26168,"runend":1018,"unknown1":1449,"unknown2":1615,"rank":2166,"percentile":62.39360778183081}},"tenDayPercentiles":[],"tenDayDecayingPercentileScore":0,"scoresByDay":[],"rankSummary":{"mean":2166,"median":2166,"max":2166,"min":2166},"percentileSummary":{"mean":62.39360778183081,"median":62.39360778183081,"max":62.39360778183081,"min":62.39360778183081}}