{"name":"Demonmiker","scoreData":{"2020-11-05":{"id":76561198085460300,"name":"Demonmiker","score":6300,"level":3,"character":4,"platform":18,"runframes":12283,"runend":1020,"unknown1":4294964858,"unknown2":4294966819,"rank":2589,"percentile":42.463317029791014}},"tenDayPercentiles":[],"tenDayDecayingPercentileScore":0,"scoresByDay":[],"rankSummary":{"mean":2589,"median":2589,"max":2589,"min":2589},"percentileSummary":{"mean":42.463317029791014,"median":42.463317029791014,"max":42.463317029791014,"min":42.463317029791014}}