{"name":"Demog","scoreData":{"2020-11-13":{"id":76561198052779200,"name":"Demog","score":24000,"level":3,"character":0,"platform":18,"runframes":12404,"runend":1020,"unknown1":1039,"unknown2":1170,"rank":2455,"percentile":41.57142857142857}},"tenDayPercentiles":[41.57142857142857],"tenDayDecayingPercentileScore":16.10562318557143,"scoresByDay":[16.10562318557143],"rankSummary":{"mean":2455,"median":2455,"max":2455,"min":2455},"percentileSummary":{"mean":41.57142857142857,"median":41.57142857142857,"max":41.57142857142857,"min":41.57142857142857}}