{"name":"demonking619","scoreData":{"2020-11-20":{"id":7356486039403087000,"name":"demonking619","score":47500,"level":4,"character":0,"platform":48,"runframes":19699,"runend":1019,"unknown1":2249,"unknown2":593,"rank":2047,"percentile":49.35643564356435}},"tenDayPercentiles":[49.35643564356435],"tenDayDecayingPercentileScore":39.97871287128713,"scoresByDay":[39.97871287128713],"rankSummary":{"mean":2047,"median":2047,"max":2047,"min":2047},"percentileSummary":{"mean":49.35643564356435,"median":49.35643564356435,"max":49.35643564356435,"min":49.35643564356435}}