{"name":"DeNis_thE_Gamer1","scoreData":{"2020-11-21":{"id":76561198038355570,"name":"DeNis_thE_Gamer1","score":50025,"level":9,"character":5,"platform":48,"runframes":31875,"runend":1014,"unknown1":4294966728,"unknown2":192,"rank":371,"percentile":91.08648518429294}},"tenDayPercentiles":[91.08648518429294],"tenDayDecayingPercentileScore":81.97783666586365,"scoresByDay":[81.97783666586365],"rankSummary":{"mean":371,"median":371,"max":371,"min":371},"percentileSummary":{"mean":91.08648518429294,"median":91.08648518429294,"max":91.08648518429294,"min":91.08648518429294}}