{"name":"Depressyv","scoreData":{"2020-10-14":{"id":2364720318271179300,"name":"Depressyv","score":500,"level":1,"character":3,"platform":18,"runframes":2700,"runend":1022,"unknown1":4294964083,"unknown2":1941,"rank":5327,"percentile":3.723788864786698}},"tenDayPercentiles":[],"tenDayDecayingPercentileScore":0,"scoresByDay":[],"rankSummary":{"mean":5327,"median":5327,"max":5327,"min":5327},"percentileSummary":{"mean":3.723788864786698,"median":3.723788864786698,"max":3.723788864786698,"min":3.723788864786698}}