{"name":"Der_Geile_Geist","scoreData":{"2020-09-19":{"id":5978341660998496000,"name":"Der_Geile_Geist","score":1300,"level":2,"character":3,"platform":48,"runframes":2569,"runend":1021,"unknown1":4294967166,"unknown2":1330,"rank":2113,"percentile":29.5060080106809}},"tenDayPercentiles":[],"tenDayDecayingPercentileScore":0,"scoresByDay":[],"rankSummary":{"mean":2113,"median":2113,"max":2113,"min":2113},"percentileSummary":{"mean":29.5060080106809,"median":29.5060080106809,"max":29.5060080106809,"min":29.5060080106809}}