{"name":"Der_Opferknecht","scoreData":{"2020-10-24":{"id":76561199091959400,"name":"Der_Opferknecht","score":7480,"level":4,"character":2,"platform":48,"runframes":21739,"runend":1019,"unknown1":2335,"unknown2":49,"rank":2736,"percentile":49.08786299329858}},"tenDayPercentiles":[],"tenDayDecayingPercentileScore":0,"scoresByDay":[],"rankSummary":{"mean":2736,"median":2736,"max":2736,"min":2736},"percentileSummary":{"mean":49.08786299329858,"median":49.08786299329858,"max":49.08786299329858,"min":49.08786299329858}}