{"name":"DercooleDennis","scoreData":{"2020-10-29":{"id":5417963085983273000,"name":"DercooleDennis","score":6600,"level":2,"character":3,"platform":18,"runframes":5213,"runend":1021,"unknown1":749,"unknown2":4294964317,"rank":3883,"percentile":18.837549655028226}},"tenDayPercentiles":[],"tenDayDecayingPercentileScore":0,"scoresByDay":[],"rankSummary":{"mean":3883,"median":3883,"max":3883,"min":3883},"percentileSummary":{"mean":18.837549655028226,"median":18.837549655028226,"max":18.837549655028226,"min":18.837549655028226}}