{"name":"Derpking109","scoreData":{"2020-10-14":{"id":76561197963748750,"name":"Derpking109","score":3200,"level":1,"character":2,"platform":48,"runframes":1848,"runend":1022,"unknown1":4294966486,"unknown2":34,"rank":4462,"percentile":19.36008676789588}},"tenDayPercentiles":[],"tenDayDecayingPercentileScore":0,"scoresByDay":[],"rankSummary":{"mean":4462,"median":4462,"max":4462,"min":4462},"percentileSummary":{"mean":19.36008676789588,"median":19.36008676789588,"max":19.36008676789588,"min":19.36008676789588}}