{"name":"Derpky","scoreData":{"2020-10-11":{"id":6283534940052050000,"name":"Derpky","score":35400,"level":5,"character":7,"platform":18,"runframes":24023,"runend":1018,"unknown1":1248,"unknown2":1724,"rank":1742,"percentile":72.58267716535433}},"tenDayPercentiles":[],"tenDayDecayingPercentileScore":0,"scoresByDay":[],"rankSummary":{"mean":1742,"median":1742,"max":1742,"min":1742},"percentileSummary":{"mean":72.58267716535433,"median":72.58267716535433,"max":72.58267716535433,"min":72.58267716535433}}