{"name":"Detross","scoreData":{"2020-10-01":{"id":76561198041695840,"name":"Detross","score":500,"level":1,"character":0,"platform":18,"runframes":2131,"runend":1022,"unknown1":4294967089,"unknown2":546,"rank":7543,"percentile":1.9755653756173643}},"tenDayPercentiles":[],"tenDayDecayingPercentileScore":0,"scoresByDay":[],"rankSummary":{"mean":7543,"median":7543,"max":7543,"min":7543},"percentileSummary":{"mean":1.9755653756173643,"median":1.9755653756173643,"max":1.9755653756173643,"min":1.9755653756173643}}