{"name":"devik62670","scoreData":{"2020-11-02":{"id":76561197967712980,"name":"devik62670","score":28575,"level":5,"character":1,"platform":48,"runframes":32155,"runend":1018,"unknown1":4294966929,"unknown2":4294964904,"rank":1892,"percentile":57.72412251285491}},"tenDayPercentiles":[],"tenDayDecayingPercentileScore":0,"scoresByDay":[],"rankSummary":{"mean":1892,"median":1892,"max":1892,"min":1892},"percentileSummary":{"mean":57.72412251285491,"median":57.72412251285491,"max":57.72412251285491,"min":57.72412251285491}}