{"name":"DewoCZ","scoreData":{"2020-11-10":{"id":7015601534686754000,"name":"DewoCZ","score":14150,"level":4,"character":7,"platform":48,"runframes":19347,"runend":1019,"unknown1":4294965550,"unknown2":4294966859,"rank":2156,"percentile":50.75411334552102}},"tenDayPercentiles":[50.75411334552102],"tenDayDecayingPercentileScore":19.663183411083185,"scoresByDay":[19.663183411083185],"rankSummary":{"mean":2156,"median":2156,"max":2156,"min":2156},"percentileSummary":{"mean":50.75411334552102,"median":50.75411334552102,"max":50.75411334552102,"min":50.75411334552102}}