{"name":"deyvid","scoreData":{"2020-11-06":{"id":76561198037208220,"name":"deyvid","score":1900,"level":2,"character":2,"platform":18,"runframes":13878,"runend":1021,"unknown1":4294964963,"unknown2":4294964992,"rank":4224,"percentile":6.87982359426681}},"tenDayPercentiles":[],"tenDayDecayingPercentileScore":0,"scoresByDay":[],"rankSummary":{"mean":4224,"median":4224,"max":4224,"min":4224},"percentileSummary":{"mean":6.87982359426681,"median":6.87982359426681,"max":6.87982359426681,"min":6.87982359426681}}