{"name":"dez33z","scoreData":{"2020-09-29":{"id":76561198037924880,"name":"dez33z","score":100,"level":2,"character":0,"platform":18,"runframes":4264,"runend":1021,"unknown1":3756,"unknown2":1822,"rank":4637,"percentile":17.095851216022893}},"tenDayPercentiles":[],"tenDayDecayingPercentileScore":0,"scoresByDay":[],"rankSummary":{"mean":4637,"median":4637,"max":4637,"min":4637},"percentileSummary":{"mean":17.095851216022893,"median":17.095851216022893,"max":17.095851216022893,"min":17.095851216022893}}