{"name":"DGenerator","scoreData":{"2020-10-02":{"id":76561198025458750,"name":"DGenerator","score":1300,"level":1,"character":8,"platform":18,"runframes":502,"runend":1022,"unknown1":1011,"unknown2":156,"rank":7055,"percentile":5.480369824467374}},"tenDayPercentiles":[],"tenDayDecayingPercentileScore":0,"scoresByDay":[],"rankSummary":{"mean":7055,"median":7055,"max":7055,"min":7055},"percentileSummary":{"mean":5.480369824467374,"median":5.480369824467374,"max":5.480369824467374,"min":5.480369824467374}}