{"name":"Diaper Dawg","scoreData":{"2020-09-30":{"id":76561198247750500,"name":"Diaper Dawg","score":4500,"level":1,"character":0,"platform":18,"runframes":3410,"runend":1022,"unknown1":6335,"unknown2":32,"rank":7275,"percentile":5.825996892801655}},"tenDayPercentiles":[],"tenDayDecayingPercentileScore":0,"scoresByDay":[],"rankSummary":{"mean":7275,"median":7275,"max":7275,"min":7275},"percentileSummary":{"mean":5.825996892801655,"median":5.825996892801655,"max":5.825996892801655,"min":5.825996892801655}}