{"name":"diego.93.vila","scoreData":{"2020-10-24":{"id":76561198036110050,"name":"diego.93.vila","score":1300,"level":1,"character":0,"platform":18,"runframes":6854,"runend":1022,"unknown1":1915,"unknown2":1309,"rank":4997,"percentile":6.999255398361882}},"tenDayDecayingPercentileMean":null,"rankSummary":{"mean":4997,"median":4997,"max":4997,"min":4997},"percentileSummary":{"mean":6.999255398361882,"median":6.999255398361882,"max":6.999255398361882,"min":6.999255398361882}}