{"name":"Diejoubu","scoreData":{"2020-10-05":{"id":76561198099978020,"name":"Diejoubu","score":26000,"level":4,"character":0,"platform":18,"runframes":23627,"runend":1019,"unknown1":1861,"unknown2":1364,"rank":2872,"percentile":57.853787433940106}},"tenDayPercentiles":[],"tenDayDecayingPercentileScore":0,"scoresByDay":[],"rankSummary":{"mean":2872,"median":2872,"max":2872,"min":2872},"percentileSummary":{"mean":57.853787433940106,"median":57.853787433940106,"max":57.853787433940106,"min":57.853787433940106}}