{"name":"diespell","scoreData":{"2020-10-03":{"id":76561198173259620,"name":"diespell","score":4700,"level":2,"character":0,"platform":18,"runframes":12576,"runend":1021,"unknown1":817,"unknown2":599,"rank":6154,"percentile":22.09420106356039}},"tenDayPercentiles":[],"tenDayDecayingPercentileScore":0,"scoresByDay":[],"rankSummary":{"mean":6154,"median":6154,"max":6154,"min":6154},"percentileSummary":{"mean":22.09420106356039,"median":22.09420106356039,"max":22.09420106356039,"min":22.09420106356039}}