{"name":"Digitopolis","scoreData":{"2020-11-19":{"id":76561198411189330,"name":"Digitopolis","score":3000,"level":3,"character":3,"platform":48,"runframes":6691,"runend":1020,"unknown1":813,"unknown2":1422,"rank":2684,"percentile":31.310803891449055}},"tenDayPercentiles":[31.310803891449055],"tenDayDecayingPercentileScore":28.17972350230415,"scoresByDay":[28.17972350230415],"rankSummary":{"mean":2684,"median":2684,"max":2684,"min":2684},"percentileSummary":{"mean":31.310803891449055,"median":31.310803891449055,"max":31.310803891449055,"min":31.310803891449055}}