{"name":"DigiTamerRiley","scoreData":{"2020-10-06":{"id":76561198179978160,"name":"DigiTamerRiley","score":1300,"level":2,"character":0,"platform":18,"runframes":8480,"runend":1021,"unknown1":4294963842,"unknown2":4294960725,"rank":6043,"percentile":11.081677704194263}},"tenDayPercentiles":[],"tenDayDecayingPercentileScore":0,"scoresByDay":[],"rankSummary":{"mean":6043,"median":6043,"max":6043,"min":6043},"percentileSummary":{"mean":11.081677704194263,"median":11.081677704194263,"max":11.081677704194263,"min":11.081677704194263}}