{"name":"DiLLOMANUK","scoreData":{"2020-09-23":{"id":3617592041259091500,"name":"DiLLOMANUK","score":16175,"level":6,"character":10,"platform":48,"runframes":41803,"runend":1017,"unknown1":4294965968,"unknown2":4294965781,"rank":513,"percentile":78.71986699916874}},"tenDayPercentiles":[],"tenDayDecayingPercentileScore":0,"scoresByDay":[],"rankSummary":{"mean":513,"median":513,"max":513,"min":513},"percentileSummary":{"mean":78.71986699916874,"median":78.71986699916874,"max":78.71986699916874,"min":78.71986699916874}}