{"name":"Dillweed","scoreData":{"2020-10-01":{"id":76561198041822660,"name":"Dillweed","score":70725,"level":8,"character":4,"platform":18,"runframes":57541,"runend":1015,"unknown1":948,"unknown2":1884,"rank":595,"percentile":92.27969846633741}},"tenDayPercentiles":[],"tenDayDecayingPercentileScore":0,"scoresByDay":[],"rankSummary":{"mean":595,"median":595,"max":595,"min":595},"percentileSummary":{"mean":92.27969846633741,"median":92.27969846633741,"max":92.27969846633741,"min":92.27969846633741}}