{"name":"dingiermonkey","scoreData":{"2020-11-15":{"id":76561198842201360,"name":"dingiermonkey","score":17100,"level":2,"character":1,"platform":18,"runframes":11168,"runend":1021,"unknown1":131,"unknown2":4294963331,"rank":2702,"percentile":37.22983964675808}},"tenDayPercentiles":[37.22983964675808],"tenDayDecayingPercentileScore":24.42649779223798,"scoresByDay":[24.42649779223798],"rankSummary":{"mean":2702,"median":2702,"max":2702,"min":2702},"percentileSummary":{"mean":37.22983964675808,"median":37.22983964675808,"max":37.22983964675808,"min":37.22983964675808}}