{"name":"Dingtron","scoreData":{"2020-10-10":{"id":8647338521993079000,"name":"Dingtron","score":600,"level":2,"character":2,"platform":18,"runframes":5323,"runend":1021,"unknown1":4294963828,"unknown2":4294962069,"rank":4823,"percentile":26.89508793208006}},"tenDayPercentiles":[],"tenDayDecayingPercentileScore":0,"scoresByDay":[],"rankSummary":{"mean":4823,"median":4823,"max":4823,"min":4823},"percentileSummary":{"mean":26.89508793208006,"median":26.89508793208006,"max":26.89508793208006,"min":26.89508793208006}}