{"name":"Diogo_Nobre","scoreData":{"2020-09-29":{"id":3368866225412474400,"name":"Diogo_Nobre","score":25200,"level":4,"character":0,"platform":18,"runframes":20247,"runend":1019,"unknown1":1289,"unknown2":1726,"rank":1956,"percentile":65.03934191702432}},"tenDayPercentiles":[],"tenDayDecayingPercentileScore":0,"scoresByDay":[],"rankSummary":{"mean":1956,"median":1956,"max":1956,"min":1956},"percentileSummary":{"mean":65.03934191702432,"median":65.03934191702432,"max":65.03934191702432,"min":65.03934191702432}}