{"name":"Diogenes_Watts","scoreData":{"2020-09-16":{"id":691159307166976800,"name":"Diogenes_Watts","score":5100,"level":1,"character":0,"platform":48,"runframes":3261,"runend":1022,"unknown1":4294967062,"unknown2":537,"rank":2821,"percentile":8.619572261827614}},"tenDayPercentiles":[],"tenDayDecayingPercentileScore":0,"scoresByDay":[],"rankSummary":{"mean":2821,"median":2821,"max":2821,"min":2821},"percentileSummary":{"mean":8.619572261827614,"median":8.619572261827614,"max":8.619572261827614,"min":8.619572261827614}}