{"name":"Diogo_456","scoreData":{"2020-10-10":{"id":7100011968157484000,"name":"Diogo_456","score":1400,"level":1,"character":3,"platform":18,"runframes":1154,"runend":1022,"unknown1":4294961869,"unknown2":47,"rank":6032,"percentile":8.56579745300182}},"tenDayPercentiles":[],"tenDayDecayingPercentileScore":0,"scoresByDay":[],"rankSummary":{"mean":6032,"median":6032,"max":6032,"min":6032},"percentileSummary":{"mean":8.56579745300182,"median":8.56579745300182,"max":8.56579745300182,"min":8.56579745300182}}