{"name":"DionisioKun","scoreData":{"2020-10-30":{"id":76561198027059860,"name":"DionisioKun","score":6000,"level":2,"character":3,"platform":18,"runframes":4454,"runend":1021,"unknown1":4294967139,"unknown2":609,"rank":3811,"percentile":19.772583701831962}},"tenDayPercentiles":[],"tenDayDecayingPercentileScore":0,"scoresByDay":[],"rankSummary":{"mean":3811,"median":3811,"max":3811,"min":3811},"percentileSummary":{"mean":19.772583701831962,"median":19.772583701831962,"max":19.772583701831962,"min":19.772583701831962}}