{"name":"Dippyegg_","scoreData":{"2020-09-15":{"id":6441538080951249000,"name":"Dippyegg_","score":8500,"level":1,"character":0,"platform":48,"runframes":2632,"runend":1022,"unknown1":276,"unknown2":156,"rank":1474,"percentile":18.887665198237897}},"tenDayPercentiles":[],"tenDayDecayingPercentileScore":0,"scoresByDay":[],"rankSummary":{"mean":1474,"median":1474,"max":1474,"min":1474},"percentileSummary":{"mean":18.887665198237897,"median":18.887665198237897,"max":18.887665198237897,"min":18.887665198237897}}