{"name":"dipstick","scoreData":{"2020-09-29":{"id":1840445761257681000,"name":"dipstick","score":16100,"level":3,"character":0,"platform":18,"runframes":19215,"runend":1020,"unknown1":4294966508,"unknown2":4294967149,"rank":2920,"percentile":47.80042918454935}},"tenDayPercentiles":[],"tenDayDecayingPercentileScore":0,"scoresByDay":[],"rankSummary":{"mean":2920,"median":2920,"max":2920,"min":2920},"percentileSummary":{"mean":47.80042918454935,"median":47.80042918454935,"max":47.80042918454935,"min":47.80042918454935}}