{"name":"DireClamor","scoreData":{"2020-11-08":{"id":76561197993298340,"name":"DireClamor","score":10400,"level":3,"character":0,"platform":48,"runframes":15700,"runend":1020,"unknown1":1315,"unknown2":4294966357,"rank":2391,"percentile":49.31071049840933}},"tenDayPercentiles":[],"tenDayDecayingPercentileScore":0,"scoresByDay":[],"rankSummary":{"mean":2391,"median":2391,"max":2391,"min":2391},"percentileSummary":{"mean":49.31071049840933,"median":49.31071049840933,"max":49.31071049840933,"min":49.31071049840933}}