{"name":"Dirk Notitski","scoreData":{"2020-10-25":{"id":76561198021885660,"name":"Dirk Notitski","score":12800,"level":2,"character":0,"platform":18,"runframes":5676,"runend":1021,"unknown1":1021,"unknown2":473,"rank":4283,"percentile":22.846846846846844}},"tenDayDecayingPercentileMean":null,"rankSummary":{"mean":4283,"median":4283,"max":4283,"min":4283},"percentileSummary":{"mean":22.846846846846844,"median":22.846846846846844,"max":22.846846846846844,"min":22.846846846846844}}