{"name":"dirtyacidbeats58","scoreData":{"2020-11-14":{"id":4594776440575922000,"name":"dirtyacidbeats58","score":0,"level":1,"character":5,"platform":48,"runframes":453,"runend":1022,"unknown1":1636,"unknown2":401,"rank":4304,"percentile":0.2780996523754311}},"tenDayPercentiles":[0.2780996523754311],"tenDayDecayingPercentileScore":0.13301420162224636,"scoresByDay":[0.13301420162224636],"rankSummary":{"mean":4304,"median":4304,"max":4304,"min":4304},"percentileSummary":{"mean":0.2780996523754311,"median":0.2780996523754311,"max":0.2780996523754311,"min":0.2780996523754311}}