{"name":"Dirty Dinkelz","scoreData":{"2020-10-18":{"id":76561198019694480,"name":"Dirty Dinkelz","score":53050,"level":6,"character":7,"platform":18,"runframes":56766,"runend":1017,"unknown1":4294963177,"unknown2":4294965720,"rank":2021,"percentile":65.92442645074223}},"tenDayDecayingPercentileMean":null,"rankSummary":{"mean":2021,"median":2021,"max":2021,"min":2021},"percentileSummary":{"mean":65.92442645074223,"median":65.92442645074223,"max":65.92442645074223,"min":65.92442645074223}}