{"name":"DirtyCrevice","scoreData":{"2020-09-22":{"id":4711751289335286000,"name":"DirtyCrevice","score":1000,"level":2,"character":7,"platform":48,"runframes":4336,"runend":1021,"unknown1":4294966924,"unknown2":274,"rank":1688,"percentile":31.47847278635257}},"tenDayPercentiles":[],"tenDayDecayingPercentileScore":0,"scoresByDay":[],"rankSummary":{"mean":1688,"median":1688,"max":1688,"min":1688},"percentileSummary":{"mean":31.47847278635257,"median":31.47847278635257,"max":31.47847278635257,"min":31.47847278635257}}