{"name":"Disk-Cord","scoreData":{"2020-11-16":{"id":76561198048297360,"name":"Disk-Cord","score":5000,"level":1,"character":5,"platform":48,"runframes":4544,"runend":1022,"unknown1":2156,"unknown2":2560,"rank":3251,"percentile":16.752049180327873}},"tenDayPercentiles":[16.752049180327873],"tenDayDecayingPercentileScore":9.891917520491807,"scoresByDay":[9.891917520491807],"rankSummary":{"mean":3251,"median":3251,"max":3251,"min":3251},"percentileSummary":{"mean":16.752049180327873,"median":16.752049180327873,"max":16.752049180327873,"min":16.752049180327873}}