{"name":"Distractibility","scoreData":{"2020-10-13":{"id":7923621743066031000,"name":"Distractibility","score":4100,"level":2,"character":3,"platform":18,"runframes":6377,"runend":1021,"unknown1":1426,"unknown2":4294965401,"rank":5002,"percentile":14.731457800511507}},"tenDayPercentiles":[],"tenDayDecayingPercentileScore":0,"scoresByDay":[],"rankSummary":{"mean":5002,"median":5002,"max":5002,"min":5002},"percentileSummary":{"mean":14.731457800511507,"median":14.731457800511507,"max":14.731457800511507,"min":14.731457800511507}}