{"name":"divniy","scoreData":{"2020-11-18":{"id":7409832164923389000,"name":"divniy","score":30000,"level":4,"character":0,"platform":48,"runframes":36021,"runend":1019,"unknown1":4294966320,"unknown2":4294967120,"rank":2455,"percentile":38.89442231075697}},"tenDayPercentiles":[38.89442231075697],"tenDayDecayingPercentileScore":28.354033864541837,"scoresByDay":[28.354033864541837],"rankSummary":{"mean":2455,"median":2455,"max":2455,"min":2455},"percentileSummary":{"mean":38.89442231075697,"median":38.89442231075697,"max":38.89442231075697,"min":38.89442231075697}}