{"name":"DJ Skabajzbakan","scoreData":{"2020-10-04":{"id":76561198241282430,"name":"DJ Skabajzbakan","score":2300,"level":2,"character":4,"platform":18,"runframes":8622,"runend":1021,"unknown1":4294961437,"unknown2":4294961917,"rank":6320,"percentile":15.881256656017044}},"tenDayDecayingPercentileMean":null,"rankSummary":{"mean":6320,"median":6320,"max":6320,"min":6320},"percentileSummary":{"mean":15.881256656017044,"median":15.881256656017044,"max":15.881256656017044,"min":15.881256656017044}}