{"name":"DJ","scoreData":{"2020-09-30":{"id":76561198079634100,"name":"DJ","score":29100,"level":4,"character":7,"platform":18,"runframes":13063,"runend":1019,"unknown1":391,"unknown2":520,"rank":1472,"percentile":80.95546349041948}},"tenDayPercentiles":[],"tenDayDecayingPercentileScore":0,"scoresByDay":[],"rankSummary":{"mean":1472,"median":1472,"max":1472,"min":1472},"percentileSummary":{"mean":80.95546349041948,"median":80.95546349041948,"max":80.95546349041948,"min":80.95546349041948}}