{"name":"DJ Womprat","scoreData":{"2020-10-01":{"id":76561198027920100,"name":"DJ Womprat","score":22700,"level":3,"character":4,"platform":18,"runframes":20071,"runend":1020,"unknown1":4294966015,"unknown2":4294963836,"rank":3532,"percentile":54.10709643878347}},"tenDayPercentiles":[],"tenDayDecayingPercentileScore":0,"scoresByDay":[],"rankSummary":{"mean":3532,"median":3532,"max":3532,"min":3532},"percentileSummary":{"mean":54.10709643878347,"median":54.10709643878347,"max":54.10709643878347,"min":54.10709643878347}}