{"name":"DjangoZimm","scoreData":{"2020-09-19":{"id":4077520966877071400,"name":"DjangoZimm","score":2000,"level":3,"character":7,"platform":48,"runframes":6656,"runend":1020,"unknown1":838,"unknown2":1331,"rank":1117,"percentile":62.75033377837116}},"tenDayPercentiles":[],"tenDayDecayingPercentileScore":0,"scoresByDay":[],"rankSummary":{"mean":1117,"median":1117,"max":1117,"min":1117},"percentileSummary":{"mean":62.75033377837116,"median":62.75033377837116,"max":62.75033377837116,"min":62.75033377837116}}