{"name":"djbladebrown","scoreData":{"2020-10-11":{"id":4731908600533102000,"name":"djbladebrown","score":33200,"level":3,"character":1,"platform":48,"runframes":26672,"runend":1020,"unknown1":4294963519,"unknown2":4294963967,"rank":3410,"percentile":46.314960629921266}},"tenDayPercentiles":[],"tenDayDecayingPercentileScore":0,"scoresByDay":[],"rankSummary":{"mean":3410,"median":3410,"max":3410,"min":3410},"percentileSummary":{"mean":46.314960629921266,"median":46.314960629921266,"max":46.314960629921266,"min":46.314960629921266}}