{"name":"DjBunnyMan","scoreData":{"2020-09-17":{"id":7403271947151495000,"name":"DjBunnyMan","score":500,"level":1,"character":5,"platform":48,"runframes":1304,"runend":1022,"unknown1":4294967089,"unknown2":4294966467,"rank":2789,"percentile":1.3795542978422333}},"tenDayPercentiles":[],"tenDayDecayingPercentileScore":0,"scoresByDay":[],"rankSummary":{"mean":2789,"median":2789,"max":2789,"min":2789},"percentileSummary":{"mean":1.3795542978422333,"median":1.3795542978422333,"max":1.3795542978422333,"min":1.3795542978422333}}