{"name":"DJDaDong","scoreData":{"2020-10-16":{"id":76561197987784960,"name":"DJDaDong","score":500,"level":1,"character":0,"platform":18,"runframes":828,"runend":1022,"unknown1":4294962492,"unknown2":4294965100,"rank":5539,"percentile":1.2306046013911214}},"tenDayPercentiles":[],"tenDayDecayingPercentileScore":0,"scoresByDay":[],"rankSummary":{"mean":5539,"median":5539,"max":5539,"min":5539},"percentileSummary":{"mean":1.2306046013911214,"median":1.2306046013911214,"max":1.2306046013911214,"min":1.2306046013911214}}