{"name":"djh746","scoreData":{"2020-09-30":{"id":2075103522859137800,"name":"djh746","score":7900,"level":1,"character":0,"platform":48,"runframes":3315,"runend":1022,"unknown1":4294962622,"unknown2":821,"rank":6577,"percentile":14.862765406525114}},"tenDayPercentiles":[],"tenDayDecayingPercentileScore":0,"scoresByDay":[],"rankSummary":{"mean":6577,"median":6577,"max":6577,"min":6577},"percentileSummary":{"mean":14.862765406525114,"median":14.862765406525114,"max":14.862765406525114,"min":14.862765406525114}}