{"name":"DK3443","scoreData":{"2020-10-07":{"id":8381396018978556000,"name":"DK3443","score":17500,"level":4,"character":0,"platform":18,"runframes":15711,"runend":1019,"unknown1":1673,"unknown2":363,"rank":1515,"percentile":76.79337829552422}},"tenDayPercentiles":[],"tenDayDecayingPercentileScore":0,"scoresByDay":[],"rankSummary":{"mean":1515,"median":1515,"max":1515,"min":1515},"percentileSummary":{"mean":76.79337829552422,"median":76.79337829552422,"max":76.79337829552422,"min":76.79337829552422}}