{"name":"DLS13DRE_YT","scoreData":{"2020-09-28":{"id":5160196097205609000,"name":"DLS13DRE_YT","score":6900,"level":3,"character":0,"platform":48,"runframes":16183,"runend":1020,"unknown1":4294966287,"unknown2":4294965499,"rank":1518,"percentile":29.703429101019466}},"tenDayPercentiles":[],"tenDayDecayingPercentileScore":0,"scoresByDay":[],"rankSummary":{"mean":1518,"median":1518,"max":1518,"min":1518},"percentileSummary":{"mean":29.703429101019466,"median":29.703429101019466,"max":29.703429101019466,"min":29.703429101019466}}