{"name":"dmk_112","scoreData":{"2020-11-03":{"id":2434559021862717400,"name":"dmk_112","score":0,"level":1,"character":0,"platform":48,"runframes":1369,"runend":1022,"unknown1":4294966220,"unknown2":4294967037,"rank":4439,"percentile":1.3339261894175252}},"tenDayPercentiles":[],"tenDayDecayingPercentileScore":0,"scoresByDay":[],"rankSummary":{"mean":4439,"median":4439,"max":4439,"min":4439},"percentileSummary":{"mean":1.3339261894175252,"median":1.3339261894175252,"max":1.3339261894175252,"min":1.3339261894175252}}