{"name":"DocBosch","scoreData":{"2020-09-17":{"id":5890939038043796000,"name":"DocBosch","score":17700,"level":2,"character":0,"platform":48,"runframes":10567,"runend":1021,"unknown1":4294965274,"unknown2":4294966248,"rank":1545,"percentile":45.38379908029714}},"tenDayPercentiles":[],"tenDayDecayingPercentileScore":0,"scoresByDay":[],"rankSummary":{"mean":1545,"median":1545,"max":1545,"min":1545},"percentileSummary":{"mean":45.38379908029714,"median":45.38379908029714,"max":45.38379908029714,"min":45.38379908029714}}