{"name":"DodaModa","scoreData":{"2020-10-03":{"id":76561198134473330,"name":"DodaModa","score":3600,"level":2,"character":0,"platform":18,"runframes":4217,"runend":1021,"unknown1":750,"unknown2":132,"rank":6331,"percentile":19.85312737401874}},"tenDayPercentiles":[],"tenDayDecayingPercentileScore":0,"scoresByDay":[],"rankSummary":{"mean":6331,"median":6331,"max":6331,"min":6331},"percentileSummary":{"mean":19.85312737401874,"median":19.85312737401874,"max":19.85312737401874,"min":19.85312737401874}}