{"name":"dodcdd","scoreData":{"2020-10-11":{"id":2551526147783996400,"name":"dodcdd","score":1300,"level":2,"character":3,"platform":18,"runframes":4667,"runend":1021,"unknown1":4294964024,"unknown2":4294961852,"rank":5411,"percentile":14.803149606299215}},"tenDayPercentiles":[],"tenDayDecayingPercentileScore":0,"scoresByDay":[],"rankSummary":{"mean":5411,"median":5411,"max":5411,"min":5411},"percentileSummary":{"mean":14.803149606299215,"median":14.803149606299215,"max":14.803149606299215,"min":14.803149606299215}}