{"name":"DOge","scoreData":{"2020-10-03":{"id":3698517759831477000,"name":"DOge","score":5400,"level":2,"character":0,"platform":18,"runframes":6463,"runend":1021,"unknown1":3362,"unknown2":18,"rank":6049,"percentile":23.423651557356294}},"tenDayPercentiles":[],"tenDayDecayingPercentileScore":0,"scoresByDay":[],"rankSummary":{"mean":6049,"median":6049,"max":6049,"min":6049},"percentileSummary":{"mean":23.423651557356294,"median":23.423651557356294,"max":23.423651557356294,"min":23.423651557356294}}