{"name":"Doink","scoreData":{"2020-10-13":{"id":7051294866700682000,"name":"Doink","score":3500,"level":2,"character":3,"platform":18,"runframes":3620,"runend":1021,"unknown1":4294965269,"unknown2":995,"rank":5068,"percentile":13.606138107416882}},"tenDayPercentiles":[],"tenDayDecayingPercentileScore":0,"scoresByDay":[],"rankSummary":{"mean":5068,"median":5068,"max":5068,"min":5068},"percentileSummary":{"mean":13.606138107416882,"median":13.606138107416882,"max":13.606138107416882,"min":13.606138107416882}}