{"name":"DokterJekel","scoreData":{"2020-10-31":{"id":76561198125029680,"name":"DokterJekel","score":500,"level":1,"character":5,"platform":48,"runframes":752,"runend":1022,"unknown1":1258,"unknown2":281,"rank":4700,"percentile":1.1361245529139552}},"tenDayPercentiles":[],"tenDayDecayingPercentileScore":0,"scoresByDay":[],"rankSummary":{"mean":4700,"median":4700,"max":4700,"min":4700},"percentileSummary":{"mean":1.1361245529139552,"median":1.1361245529139552,"max":1.1361245529139552,"min":1.1361245529139552}}