{"name":"DOLAN","scoreData":{"2020-10-18":{"id":76561198045051500,"name":"DOLAN","score":34650,"level":5,"character":6,"platform":18,"runframes":20790,"runend":1018,"unknown1":2075,"unknown2":1075,"rank":2685,"percentile":54.723346828609984}},"tenDayPercentiles":[],"tenDayDecayingPercentileScore":0,"scoresByDay":[],"rankSummary":{"mean":2685,"median":2685,"max":2685,"min":2685},"percentileSummary":{"mean":54.723346828609984,"median":54.723346828609984,"max":54.723346828609984,"min":54.723346828609984}}