{"name":"dole","scoreData":{"2020-10-09":{"id":76561197983546540,"name":"dole","score":204450,"level":18,"character":8,"platform":18,"runframes":123425,"runend":1005,"unknown1":3853,"unknown2":1806,"rank":77,"percentile":98.78826530612245}},"tenDayPercentiles":[],"tenDayDecayingPercentileScore":0,"scoresByDay":[],"rankSummary":{"mean":77,"median":77,"max":77,"min":77},"percentileSummary":{"mean":98.78826530612245,"median":98.78826530612245,"max":98.78826530612245,"min":98.78826530612245}}