{"name":"Domek","scoreData":{"2020-10-05":{"id":9186952752656744000,"name":"Domek","score":32600,"level":6,"character":5,"platform":18,"runframes":31226,"runend":1017,"unknown1":1160,"unknown2":4294963110,"rank":1680,"percentile":75.3523194362889}},"tenDayPercentiles":[],"tenDayDecayingPercentileScore":0,"scoresByDay":[],"rankSummary":{"mean":1680,"median":1680,"max":1680,"min":1680},"percentileSummary":{"mean":75.3523194362889,"median":75.3523194362889,"max":75.3523194362889,"min":75.3523194362889}}