{"name":"Domi-Origato","scoreData":{"2020-11-15":{"id":76561198014978160,"name":"Domi-Origato","score":1500,"level":1,"character":0,"platform":48,"runframes":1512,"runend":1022,"unknown1":4294963754,"unknown2":4294963527,"rank":4247,"percentile":1.3246572158958827}},"tenDayPercentiles":[1.3246572158958827],"tenDayDecayingPercentileScore":0.6335794399256315,"scoresByDay":[0.6335794399256315],"rankSummary":{"mean":4247,"median":4247,"max":4247,"min":4247},"percentileSummary":{"mean":1.3246572158958827,"median":1.3246572158958827,"max":1.3246572158958827,"min":1.3246572158958827}}