{"name":"Domitian","scoreData":{"2020-10-04":{"id":3482068613128449000,"name":"Domitian","score":19700,"level":4,"character":4,"platform":18,"runframes":12658,"runend":1019,"unknown1":702,"unknown2":556,"rank":2436,"percentile":67.58519701810437}},"tenDayPercentiles":[],"tenDayDecayingPercentileScore":0,"scoresByDay":[],"rankSummary":{"mean":2436,"median":2436,"max":2436,"min":2436},"percentileSummary":{"mean":67.58519701810437,"median":67.58519701810437,"max":67.58519701810437,"min":67.58519701810437}}