{"name":"Don’t Get Smoked","scoreData":{"2020-10-12":{"id":7070965501611603000,"name":"Don’t Get Smoked","score":17200,"level":3,"character":0,"platform":18,"runframes":14386,"runend":1020,"unknown1":1904,"unknown2":123,"rank":2680,"percentile":55.230614973262036}},"tenDayPercentiles":[],"tenDayDecayingPercentileScore":0,"scoresByDay":[],"rankSummary":{"mean":2680,"median":2680,"max":2680,"min":2680},"percentileSummary":{"mean":55.230614973262036,"median":55.230614973262036,"max":55.230614973262036,"min":55.230614973262036}}