{"name":"DonaldDuckingIt","scoreData":{"2020-09-21":{"id":2900476345921126000,"name":"DonaldDuckingIt","score":7900,"level":2,"character":3,"platform":48,"runframes":11002,"runend":1021,"unknown1":123,"unknown2":1161,"rank":1665,"percentile":33.360032038446136}},"tenDayPercentiles":[],"tenDayDecayingPercentileScore":0,"scoresByDay":[],"rankSummary":{"mean":1665,"median":1665,"max":1665,"min":1665},"percentileSummary":{"mean":33.360032038446136,"median":33.360032038446136,"max":33.360032038446136,"min":33.360032038446136}}