{"name":"донба князевский","scoreData":{"2020-11-01":{"id":76561198050844080,"name":"донба князевский","score":15200,"level":3,"character":4,"platform":18,"runframes":8675,"runend":1020,"unknown1":888,"unknown2":4294966381,"rank":2445,"percentile":48.05526036131774}},"tenDayDecayingPercentileMean":null,"rankSummary":{"mean":2445,"median":2445,"max":2445,"min":2445},"percentileSummary":{"mean":48.05526036131774,"median":48.05526036131774,"max":48.05526036131774,"min":48.05526036131774}}