{"name":"Dongle95","scoreData":{"2020-11-12":{"id":6916535393045009000,"name":"Dongle95","score":9600,"level":2,"character":4,"platform":48,"runframes":7545,"runend":1021,"unknown1":4294967234,"unknown2":515,"rank":2728,"percentile":36.04596622889306}},"tenDayPercentiles":[36.04596622889306],"tenDayDecayingPercentileScore":15.516606514305819,"scoresByDay":[15.516606514305819],"rankSummary":{"mean":2728,"median":2728,"max":2728,"min":2728},"percentileSummary":{"mean":36.04596622889306,"median":36.04596622889306,"max":36.04596622889306,"min":36.04596622889306}}