{"name":"DonKevin14","scoreData":{"2020-10-07":{"id":76561198262073630,"name":"DonKevin14","score":1500,"level":1,"character":5,"platform":48,"runframes":982,"runend":1022,"unknown1":1566,"unknown2":1038,"rank":6346,"percentile":2.7437155119558554}},"tenDayPercentiles":[],"tenDayDecayingPercentileScore":0,"scoresByDay":[],"rankSummary":{"mean":6346,"median":6346,"max":6346,"min":6346},"percentileSummary":{"mean":2.7437155119558554,"median":2.7437155119558554,"max":2.7437155119558554,"min":2.7437155119558554}}