{"name":"Donner012","scoreData":{"2020-10-06":{"id":76561198047532320,"name":"Donner012","score":11300,"level":1,"character":0,"platform":18,"runframes":2857,"runend":1022,"unknown1":1706,"unknown2":13,"rank":6150,"percentile":9.50699043414275}},"tenDayPercentiles":[],"tenDayDecayingPercentileScore":0,"scoresByDay":[],"rankSummary":{"mean":6150,"median":6150,"max":6150,"min":6150},"percentileSummary":{"mean":9.50699043414275,"median":9.50699043414275,"max":9.50699043414275,"min":9.50699043414275}}