{"name":"dont talk shit about zero two","scoreData":{"2020-09-30":{"id":76561198132631800,"name":"dont talk shit about zero two","score":5600,"level":1,"character":0,"platform":18,"runframes":2765,"runend":1022,"unknown1":376,"unknown2":985,"rank":7117,"percentile":7.871569135163128}},"tenDayDecayingPercentileMean":null,"rankSummary":{"mean":7117,"median":7117,"max":7117,"min":7117},"percentileSummary":{"mean":7.871569135163128,"median":7.871569135163128,"max":7.871569135163128,"min":7.871569135163128}}