{"name":"dontpanic","scoreData":{"2020-10-12":{"id":76561198064698420,"name":"dontpanic","score":5500,"level":1,"character":7,"platform":18,"runframes":1513,"runend":1022,"unknown1":4294966130,"unknown2":359,"rank":5371,"percentile":10.26069518716578}},"tenDayPercentiles":[],"tenDayDecayingPercentileScore":0,"scoresByDay":[],"rankSummary":{"mean":5371,"median":5371,"max":5371,"min":5371},"percentileSummary":{"mean":10.26069518716578,"median":10.26069518716578,"max":10.26069518716578,"min":10.26069518716578}}