{"name":"dookiemaine69","scoreData":{"2020-09-20":{"id":3451114057466268700,"name":"dookiemaine69","score":9900,"level":2,"character":0,"platform":48,"runframes":8104,"runend":1021,"unknown1":689,"unknown2":903,"rank":1678,"percentile":43.61129791526564}},"tenDayPercentiles":[],"tenDayDecayingPercentileScore":0,"scoresByDay":[],"rankSummary":{"mean":1678,"median":1678,"max":1678,"min":1678},"percentileSummary":{"mean":43.61129791526564,"median":43.61129791526564,"max":43.61129791526564,"min":43.61129791526564}}