{"name":"Dooley88","scoreData":{"2020-09-26":{"id":8705385896832427000,"name":"Dooley88","score":16400,"level":3,"character":2,"platform":48,"runframes":10003,"runend":1020,"unknown1":4294966822,"unknown2":4294966644,"rank":1471,"percentile":43.35260115606936}},"tenDayPercentiles":[],"tenDayDecayingPercentileScore":0,"scoresByDay":[],"rankSummary":{"mean":1471,"median":1471,"max":1471,"min":1471},"percentileSummary":{"mean":43.35260115606936,"median":43.35260115606936,"max":43.35260115606936,"min":43.35260115606936}}