{"name":"Doorman, let me in the door","scoreData":{"2020-11-07":{"id":76561199069214670,"name":"Doorman, let me in the door","score":16825,"level":6,"character":7,"platform":18,"runframes":24375,"runend":1017,"unknown1":4294962803,"unknown2":110,"rank":1721,"percentile":63.98659966499162}},"tenDayDecayingPercentileMean":null,"rankSummary":{"mean":1721,"median":1721,"max":1721,"min":1721},"percentileSummary":{"mean":63.98659966499162,"median":63.98659966499162,"max":63.98659966499162,"min":63.98659966499162}}