{"name":"Doozer","scoreData":{"2020-11-21":{"id":7800743112599346000,"name":"Doozer","score":81325,"level":11,"character":7,"platform":18,"runframes":69959,"runend":1012,"unknown1":1249,"unknown2":960,"rank":273,"percentile":93.44736208142616}},"tenDayPercentiles":[],"tenDayDecayingPercentileScore":0,"scoresByDay":[],"rankSummary":{"mean":273,"median":273,"max":273,"min":273},"percentileSummary":{"mean":93.44736208142616,"median":93.44736208142616,"max":93.44736208142616,"min":93.44736208142616}}