{"name":"Dora_RuNner45","scoreData":{"2020-10-18":{"id":1041354643365023400,"name":"Dora_RuNner45","score":1400,"level":1,"character":4,"platform":48,"runframes":1509,"runend":1022,"unknown1":4294963647,"unknown2":589,"rank":5750,"percentile":3.019568151147098}},"tenDayPercentiles":[],"tenDayDecayingPercentileScore":0,"scoresByDay":[],"rankSummary":{"mean":5750,"median":5750,"max":5750,"min":5750},"percentileSummary":{"mean":3.019568151147098,"median":3.019568151147098,"max":3.019568151147098,"min":3.019568151147098}}