{"name":"dorianx36","scoreData":{"2020-09-19":{"id":5006424444410597000,"name":"dorianx36","score":3300,"level":2,"character":3,"platform":48,"runframes":4465,"runend":1021,"unknown1":4294965051,"unknown2":22,"rank":1971,"percentile":34.2456608811749}},"tenDayPercentiles":[],"tenDayDecayingPercentileScore":0,"scoresByDay":[],"rankSummary":{"mean":1971,"median":1971,"max":1971,"min":1971},"percentileSummary":{"mean":34.2456608811749,"median":34.2456608811749,"max":34.2456608811749,"min":34.2456608811749}}