{"name":"dosletras316","scoreData":{"2020-10-31":{"id":486675787987159230,"name":"dosletras316","score":8700,"level":1,"character":2,"platform":48,"runframes":4099,"runend":1022,"unknown1":4294966511,"unknown2":4294965706,"rank":4127,"percentile":13.191668419945302}},"tenDayPercentiles":[],"tenDayDecayingPercentileScore":0,"scoresByDay":[],"rankSummary":{"mean":4127,"median":4127,"max":4127,"min":4127},"percentileSummary":{"mean":13.191668419945302,"median":13.191668419945302,"max":13.191668419945302,"min":13.191668419945302}}