{"name":"DoubleStepper","scoreData":{"2020-09-29":{"id":76561199038430800,"name":"DoubleStepper","score":300,"level":2,"character":0,"platform":18,"runframes":3542,"runend":1021,"unknown1":4294966475,"unknown2":251,"rank":4636,"percentile":17.113733905579394}},"tenDayPercentiles":[],"tenDayDecayingPercentileScore":0,"scoresByDay":[],"rankSummary":{"mean":4636,"median":4636,"max":4636,"min":4636},"percentileSummary":{"mean":17.113733905579394,"median":17.113733905579394,"max":17.113733905579394,"min":17.113733905579394}}