{"name":"Doug1efr3sh","scoreData":{"2020-10-22":{"id":76561198115629060,"name":"Doug1efr3sh","score":47450,"level":5,"character":7,"platform":18,"runframes":35411,"runend":1018,"unknown1":747,"unknown2":4294964314,"rank":1707,"percentile":67.85377802901829}},"tenDayPercentiles":[],"tenDayDecayingPercentileScore":0,"scoresByDay":[],"rankSummary":{"mean":1707,"median":1707,"max":1707,"min":1707},"percentileSummary":{"mean":67.85377802901829,"median":67.85377802901829,"max":67.85377802901829,"min":67.85377802901829}}