{"name":"Dough","scoreData":{"2020-10-26":{"id":76561199933021230,"name":"Dough","score":1300,"level":1,"character":4,"platform":18,"runframes":867,"runend":1022,"unknown1":4294966035,"unknown2":158,"rank":4895,"percentile":3.2806324110672023}},"tenDayPercentiles":[],"tenDayDecayingPercentileScore":0,"scoresByDay":[],"rankSummary":{"mean":4895,"median":4895,"max":4895,"min":4895},"percentileSummary":{"mean":3.2806324110672023,"median":3.2806324110672023,"max":3.2806324110672023,"min":3.2806324110672023}}