{"name":"Dove's moi","scoreData":{"2020-10-17":{"id":76561198040865000,"name":"Dove's moi","score":1500,"level":2,"character":0,"platform":18,"runframes":3887,"runend":1021,"unknown1":4951,"unknown2":297,"rank":4896,"percentile":16.29616963064295}},"tenDayDecayingPercentileMean":null,"rankSummary":{"mean":4896,"median":4896,"max":4896,"min":4896},"percentileSummary":{"mean":16.29616963064295,"median":16.29616963064295,"max":16.29616963064295,"min":16.29616963064295}}