{"name":"Downtown Coyote","scoreData":{"2020-10-13":{"id":76561198042145200,"name":"Downtown Coyote","score":4600,"level":2,"character":4,"platform":18,"runframes":2161,"runend":1021,"unknown1":1373,"unknown2":2870,"rank":4953,"percentile":15.566922421142365}},"tenDayDecayingPercentileMean":null,"rankSummary":{"mean":4953,"median":4953,"max":4953,"min":4953},"percentileSummary":{"mean":15.566922421142365,"median":15.566922421142365,"max":15.566922421142365,"min":15.566922421142365}}