{"name":"Dr Oranges","scoreData":{"2020-09-30":{"id":76561198212197090,"name":"Dr Oranges","score":6100,"level":1,"character":0,"platform":18,"runframes":3795,"runend":1022,"unknown1":4294966276,"unknown2":1340,"rank":6973,"percentile":9.735888140859657}},"tenDayDecayingPercentileMean":null,"rankSummary":{"mean":6973,"median":6973,"max":6973,"min":6973},"percentileSummary":{"mean":9.735888140859657,"median":9.735888140859657,"max":9.735888140859657,"min":9.735888140859657}}