{"name":"Dr.Manhattan","scoreData":{"2020-10-04":{"id":76561198001560900,"name":"Dr.Manhattan","score":3600,"level":2,"character":1,"platform":18,"runframes":2731,"runend":1021,"unknown1":4294966910,"unknown2":4294966162,"rank":6050,"percentile":19.47550585729499}},"tenDayDecayingPercentileMean":null,"rankSummary":{"mean":6050,"median":6050,"max":6050,"min":6050},"percentileSummary":{"mean":19.47550585729499,"median":19.47550585729499,"max":19.47550585729499,"min":19.47550585729499}}