{"name":"dr1ft3r86s","scoreData":{"2020-10-06":{"id":76561198052767150,"name":"dr1ft3r86s","score":3000,"level":2,"character":3,"platform":48,"runframes":2316,"runend":1021,"unknown1":4294962500,"unknown2":4294963383,"rank":5906,"percentile":13.097866077998532}},"tenDayPercentiles":[],"tenDayDecayingPercentileScore":0,"scoresByDay":[],"rankSummary":{"mean":5906,"median":5906,"max":5906,"min":5906},"percentileSummary":{"mean":13.097866077998532,"median":13.097866077998532,"max":13.097866077998532,"min":13.097866077998532}}