{"name":"Dr4kenm4ke","scoreData":{"2020-09-26":{"id":7398006799622230000,"name":"Dr4kenm4ke","score":11000,"level":3,"character":3,"platform":48,"runframes":6367,"runend":1020,"unknown1":45,"unknown2":203,"rank":1641,"percentile":36.80154142581888}},"tenDayPercentiles":[],"tenDayDecayingPercentileScore":0,"scoresByDay":[],"rankSummary":{"mean":1641,"median":1641,"max":1641,"min":1641},"percentileSummary":{"mean":36.80154142581888,"median":36.80154142581888,"max":36.80154142581888,"min":36.80154142581888}}