{"name":"Dr. Toad","scoreData":{"2020-10-09":{"id":7252905812946708000,"name":"Dr. Toad","score":6500,"level":2,"character":2,"platform":18,"runframes":5795,"runend":1021,"unknown1":4294963737,"unknown2":44,"rank":5168,"percentile":17.61798469387756}},"tenDayPercentiles":[],"tenDayDecayingPercentileScore":0,"scoresByDay":[],"rankSummary":{"mean":5168,"median":5168,"max":5168,"min":5168},"percentileSummary":{"mean":17.61798469387756,"median":17.61798469387756,"max":17.61798469387756,"min":17.61798469387756}}