{"name":"Dr. Irrational, PhD","scoreData":{"2020-09-30":{"id":7863740792908604000,"name":"Dr. Irrational, PhD","score":14200,"level":2,"character":0,"platform":18,"runframes":6932,"runend":1021,"unknown1":2960,"unknown2":2978,"rank":4646,"percentile":39.862765406525114}},"tenDayPercentiles":[],"tenDayDecayingPercentileScore":0,"scoresByDay":[],"rankSummary":{"mean":4646,"median":4646,"max":4646,"min":4646},"percentileSummary":{"mean":39.862765406525114,"median":39.862765406525114,"max":39.862765406525114,"min":39.862765406525114}}