{"name":"Dr. Sex","scoreData":{"2020-11-10":{"id":76561198003136940,"name":"Dr. Sex","score":10300,"level":5,"character":7,"platform":18,"runframes":10635,"runend":1018,"unknown1":4294966074,"unknown2":88,"rank":1909,"percentile":56.39853747714808}},"tenDayPercentiles":[],"tenDayDecayingPercentileScore":0,"scoresByDay":[],"rankSummary":{"mean":1909,"median":1909,"max":1909,"min":1909},"percentileSummary":{"mean":56.39853747714808,"median":56.39853747714808,"max":56.39853747714808,"min":56.39853747714808}}