{"name":"Dr_Tweeter","scoreData":{"2020-09-29":{"id":76561198346063420,"name":"Dr_Tweeter","score":20500,"level":4,"character":0,"platform":18,"runframes":12591,"runend":1019,"unknown1":4294963464,"unknown2":57,"rank":2134,"percentile":61.85622317596567}},"tenDayPercentiles":[],"tenDayDecayingPercentileScore":0,"scoresByDay":[],"rankSummary":{"mean":2134,"median":2134,"max":2134,"min":2134},"percentileSummary":{"mean":61.85622317596567,"median":61.85622317596567,"max":61.85622317596567,"min":61.85622317596567}}