{"name":"dracojames","scoreData":{"2020-10-08":{"id":76561198012180750,"name":"dracojames","score":13000,"level":2,"character":1,"platform":18,"runframes":11187,"runend":1021,"unknown1":1169,"unknown2":29,"rank":4522,"percentile":28.67960246095599}},"tenDayPercentiles":[],"tenDayDecayingPercentileScore":0,"scoresByDay":[],"rankSummary":{"mean":4522,"median":4522,"max":4522,"min":4522},"percentileSummary":{"mean":28.67960246095599,"median":28.67960246095599,"max":28.67960246095599,"min":28.67960246095599}}