{"name":"DracoOmega","scoreData":{"2020-10-05":{"id":419094587498124540,"name":"DracoOmega","score":40400,"level":4,"character":0,"platform":18,"runframes":31224,"runend":1019,"unknown1":4294962730,"unknown2":1560,"rank":2507,"percentile":63.211978860833824}},"tenDayPercentiles":[],"tenDayDecayingPercentileScore":0,"scoresByDay":[],"rankSummary":{"mean":2507,"median":2507,"max":2507,"min":2507},"percentileSummary":{"mean":63.211978860833824,"median":63.211978860833824,"max":63.211978860833824,"min":63.211978860833824}}