{"name":"dragrite","scoreData":{"2020-10-05":{"id":4622750172813965000,"name":"dragrite","score":4200,"level":1,"character":7,"platform":48,"runframes":2786,"runend":1022,"unknown1":4294965936,"unknown2":4294961582,"rank":5706,"percentile":16.25073399882561}},"tenDayPercentiles":[],"tenDayDecayingPercentileScore":0,"scoresByDay":[],"rankSummary":{"mean":5706,"median":5706,"max":5706,"min":5706},"percentileSummary":{"mean":16.25073399882561,"median":16.25073399882561,"max":16.25073399882561,"min":16.25073399882561}}