{"name":"DragonTeabags","scoreData":{"2020-10-14":{"id":76561197987013730,"name":"DragonTeabags","score":500,"level":1,"character":4,"platform":18,"runframes":549,"runend":1022,"unknown1":4294966851,"unknown2":2,"rank":5208,"percentile":5.874909616775128}},"tenDayPercentiles":[],"tenDayDecayingPercentileScore":0,"scoresByDay":[],"rankSummary":{"mean":5208,"median":5208,"max":5208,"min":5208},"percentileSummary":{"mean":5.874909616775128,"median":5.874909616775128,"max":5.874909616775128,"min":5.874909616775128}}