{"name":"Dragonhugo40","scoreData":{"2020-10-17":{"id":76561198003961360,"name":"Dragonhugo40","score":3000,"level":3,"character":7,"platform":48,"runframes":2935,"runend":1020,"unknown1":4294964580,"unknown2":4294962053,"rank":3885,"percentile":33.58413132694939}},"tenDayPercentiles":[],"tenDayDecayingPercentileScore":0,"scoresByDay":[],"rankSummary":{"mean":3885,"median":3885,"max":3885,"min":3885},"percentileSummary":{"mean":33.58413132694939,"median":33.58413132694939,"max":33.58413132694939,"min":33.58413132694939}}