{"name":"Dragonbenja","scoreData":{"2020-09-29":{"id":2677441423661665300,"name":"Dragonbenja","score":6500,"level":1,"character":3,"platform":18,"runframes":1340,"runend":1022,"unknown1":4294966198,"unknown2":14,"rank":5209,"percentile":6.866952789699582}},"tenDayPercentiles":[],"tenDayDecayingPercentileScore":0,"scoresByDay":[],"rankSummary":{"mean":5209,"median":5209,"max":5209,"min":5209},"percentileSummary":{"mean":6.866952789699582,"median":6.866952789699582,"max":6.866952789699582,"min":6.866952789699582}}