{"name":"Dravulpes","scoreData":{"2020-10-03":{"id":76561198257714270,"name":"Dravulpes","score":2400,"level":1,"character":3,"platform":18,"runframes":3112,"runend":1022,"unknown1":1027,"unknown2":4294966632,"rank":7573,"percentile":4.127627247404405}},"tenDayPercentiles":[],"tenDayDecayingPercentileScore":0,"scoresByDay":[],"rankSummary":{"mean":7573,"median":7573,"max":7573,"min":7573},"percentileSummary":{"mean":4.127627247404405,"median":4.127627247404405,"max":4.127627247404405,"min":4.127627247404405}}