{"name":"drawbadcard","scoreData":{"2020-10-02":{"id":76561198040609680,"name":"drawbadcard","score":6500,"level":2,"character":3,"platform":48,"runframes":8513,"runend":1021,"unknown1":4294961926,"unknown2":239,"rank":5346,"percentile":28.38000803966233}},"tenDayPercentiles":[],"tenDayDecayingPercentileScore":0,"scoresByDay":[],"rankSummary":{"mean":5346,"median":5346,"max":5346,"min":5346},"percentileSummary":{"mean":28.38000803966233,"median":28.38000803966233,"max":28.38000803966233,"min":28.38000803966233}}