{"name":"drcox347","scoreData":{"2020-10-28":{"id":76561198973400130,"name":"drcox347","score":0,"level":1,"character":7,"platform":48,"runframes":1068,"runend":1022,"unknown1":4294966084,"unknown2":4294963588,"rank":4782,"percentile":2.8449502133712627}},"tenDayPercentiles":[],"tenDayDecayingPercentileScore":0,"scoresByDay":[],"rankSummary":{"mean":4782,"median":4782,"max":4782,"min":4782},"percentileSummary":{"mean":2.8449502133712627,"median":2.8449502133712627,"max":2.8449502133712627,"min":2.8449502133712627}}