{"name":"Dreamliner","scoreData":{"2020-10-01":{"id":76561198038859340,"name":"Dreamliner","score":0,"level":1,"character":0,"platform":18,"runframes":709,"runend":1022,"unknown1":4294961642,"unknown2":4294961995,"rank":7596,"percentile":1.286716922277094}},"tenDayPercentiles":[],"tenDayDecayingPercentileScore":0,"scoresByDay":[],"rankSummary":{"mean":7596,"median":7596,"max":7596,"min":7596},"percentileSummary":{"mean":1.286716922277094,"median":1.286716922277094,"max":1.286716922277094,"min":1.286716922277094}}