{"name":"DrewDown94","scoreData":{"2020-09-17":{"id":1738015208961940700,"name":"DrewDown94","score":15800,"level":2,"character":2,"platform":48,"runframes":15708,"runend":1021,"unknown1":234,"unknown2":806,"rank":1578,"percentile":44.21648390519985}},"tenDayPercentiles":[],"tenDayDecayingPercentileScore":0,"scoresByDay":[],"rankSummary":{"mean":1578,"median":1578,"max":1578,"min":1578},"percentileSummary":{"mean":44.21648390519985,"median":44.21648390519985,"max":44.21648390519985,"min":44.21648390519985}}