{"name":"DrExistential","scoreData":{"2020-09-20":{"id":1651270154583809300,"name":"DrExistential","score":6400,"level":2,"character":10,"platform":48,"runframes":10166,"runend":1021,"unknown1":1077,"unknown2":1131,"rank":2047,"percentile":31.203765971755217}},"tenDayPercentiles":[],"tenDayDecayingPercentileScore":0,"scoresByDay":[],"rankSummary":{"mean":2047,"median":2047,"max":2047,"min":2047},"percentileSummary":{"mean":31.203765971755217,"median":31.203765971755217,"max":31.203765971755217,"min":31.203765971755217}}