{"name":"DrGherms","scoreData":{"2020-10-27":{"id":76561198045254190,"name":"DrGherms","score":8100,"level":2,"character":3,"platform":18,"runframes":8382,"runend":1021,"unknown1":1818,"unknown2":948,"rank":4207,"percentile":15.49125979505726}},"tenDayPercentiles":[],"tenDayDecayingPercentileScore":0,"scoresByDay":[],"rankSummary":{"mean":4207,"median":4207,"max":4207,"min":4207},"percentileSummary":{"mean":15.49125979505726,"median":15.49125979505726,"max":15.49125979505726,"min":15.49125979505726}}