{"name":"DrizzNip","scoreData":{"2020-10-23":{"id":76561198079539260,"name":"DrizzNip","score":9300,"level":2,"character":7,"platform":18,"runframes":3768,"runend":1021,"unknown1":2349,"unknown2":85,"rank":4060,"percentile":22.25627274468492}},"tenDayPercentiles":[],"tenDayDecayingPercentileScore":0,"scoresByDay":[],"rankSummary":{"mean":4060,"median":4060,"max":4060,"min":4060},"percentileSummary":{"mean":22.25627274468492,"median":22.25627274468492,"max":22.25627274468492,"min":22.25627274468492}}