{"name":"DrOctagonnn","scoreData":{"2020-10-03":{"id":7986713592098639000,"name":"DrOctagonnn","score":22700,"level":4,"character":4,"platform":18,"runframes":19058,"runend":1019,"unknown1":4294960488,"unknown2":4294959740,"rank":1851,"percentile":76.5763484426437}},"tenDayPercentiles":[],"tenDayDecayingPercentileScore":0,"scoresByDay":[],"rankSummary":{"mean":1851,"median":1851,"max":1851,"min":1851},"percentileSummary":{"mean":76.5763484426437,"median":76.5763484426437,"max":76.5763484426437,"min":76.5763484426437}}