{"name":"DropDeadBex","scoreData":{"2020-09-16":{"id":1125330571488817300,"name":"DropDeadBex","score":10000,"level":2,"character":0,"platform":48,"runframes":3541,"runend":1021,"unknown1":2707,"unknown2":39,"rank":2257,"percentile":26.895657809462094}},"tenDayPercentiles":[],"tenDayDecayingPercentileScore":0,"scoresByDay":[],"rankSummary":{"mean":2257,"median":2257,"max":2257,"min":2257},"percentileSummary":{"mean":26.895657809462094,"median":26.895657809462094,"max":26.895657809462094,"min":26.895657809462094}}