{"name":"drSchlonz1234","scoreData":{"2020-10-06":{"id":76561198028705360,"name":"drSchlonz1234","score":5900,"level":4,"character":0,"platform":48,"runframes":16506,"runend":1019,"unknown1":4294966413,"unknown2":4294965213,"rank":2712,"percentile":60.10301692420898}},"tenDayPercentiles":[],"tenDayDecayingPercentileScore":0,"scoresByDay":[],"rankSummary":{"mean":2712,"median":2712,"max":2712,"min":2712},"percentileSummary":{"mean":60.10301692420898,"median":60.10301692420898,"max":60.10301692420898,"min":60.10301692420898}}