{"name":"Drshwag","scoreData":{"2020-11-01":{"id":76561198037069180,"name":"Drshwag","score":8900,"level":3,"character":7,"platform":18,"runframes":11518,"runend":1020,"unknown1":1004,"unknown2":158,"rank":2904,"percentile":38.29968119022317}},"tenDayPercentiles":[],"tenDayDecayingPercentileScore":0,"scoresByDay":[],"rankSummary":{"mean":2904,"median":2904,"max":2904,"min":2904},"percentileSummary":{"mean":38.29968119022317,"median":38.29968119022317,"max":38.29968119022317,"min":38.29968119022317}}