{"name":"DrummingPotato","scoreData":{"2020-10-13":{"id":76561198058619230,"name":"DrummingPotato","score":19000,"level":3,"character":5,"platform":48,"runframes":8407,"runend":1020,"unknown1":4294964880,"unknown2":4294964761,"rank":2451,"percentile":58.22676896845695}},"tenDayPercentiles":[],"tenDayDecayingPercentileScore":0,"scoresByDay":[],"rankSummary":{"mean":2451,"median":2451,"max":2451,"min":2451},"percentileSummary":{"mean":58.22676896845695,"median":58.22676896845695,"max":58.22676896845695,"min":58.22676896845695}}