{"name":"DrWahtwee","scoreData":{"2020-09-23":{"id":7821510804378013000,"name":"DrWahtwee","score":2700,"level":3,"character":3,"platform":48,"runframes":11872,"runend":1020,"unknown1":4294966539,"unknown2":4294966539,"rank":1581,"percentile":34.33083956774729}},"tenDayPercentiles":[],"tenDayDecayingPercentileScore":0,"scoresByDay":[],"rankSummary":{"mean":1581,"median":1581,"max":1581,"min":1581},"percentileSummary":{"mean":34.33083956774729,"median":34.33083956774729,"max":34.33083956774729,"min":34.33083956774729}}