{"name":"DrwFtz","scoreData":{"2020-11-19":{"id":76561198216191580,"name":"DrwFtz","score":5100,"level":4,"character":1,"platform":48,"runframes":27170,"runend":1019,"unknown1":4294965752,"unknown2":4294965479,"rank":2053,"percentile":47.46543778801844}},"tenDayPercentiles":[47.46543778801844],"tenDayDecayingPercentileScore":34.602304147465446,"scoresByDay":[34.602304147465446],"rankSummary":{"mean":2053,"median":2053,"max":2053,"min":2053},"percentileSummary":{"mean":47.46543778801844,"median":47.46543778801844,"max":47.46543778801844,"min":47.46543778801844}}