{"name":"dsimp724","scoreData":{"2020-11-21":{"id":76561197987996100,"name":"dsimp724","score":0,"level":1,"character":2,"platform":48,"runframes":618,"runend":1022,"unknown1":4294966537,"unknown2":4294965298,"rank":4143,"percentile":0.21681522524691843}},"tenDayPercentiles":[0.21681522524691843],"tenDayDecayingPercentileScore":0.1951337027222266,"scoresByDay":[0.1951337027222266],"rankSummary":{"mean":4143,"median":4143,"max":4143,"min":4143},"percentileSummary":{"mean":0.21681522524691843,"median":0.21681522524691843,"max":0.21681522524691843,"min":0.21681522524691843}}