{"name":"dtsund","scoreData":{"2020-10-11":{"id":76561199062762340,"name":"dtsund","score":24100,"level":4,"character":0,"platform":18,"runframes":25032,"runend":1019,"unknown1":4294965965,"unknown2":419,"rank":2613,"percentile":58.86614173228347}},"tenDayPercentiles":[],"tenDayDecayingPercentileScore":0,"scoresByDay":[],"rankSummary":{"mean":2613,"median":2613,"max":2613,"min":2613},"percentileSummary":{"mean":58.86614173228347,"median":58.86614173228347,"max":58.86614173228347,"min":58.86614173228347}}