{"name":"dual-priced","scoreData":{"2020-09-20":{"id":2823309284276979700,"name":"dual-priced","score":10300,"level":5,"character":3,"platform":48,"runframes":25562,"runend":1018,"unknown1":4294966994,"unknown2":4294964718,"rank":661,"percentile":77.80766644250168}},"tenDayPercentiles":[],"tenDayDecayingPercentileScore":0,"scoresByDay":[],"rankSummary":{"mean":661,"median":661,"max":661,"min":661},"percentileSummary":{"mean":77.80766644250168,"median":77.80766644250168,"max":77.80766644250168,"min":77.80766644250168}}