{"name":"duan","scoreData":{"2020-10-08":{"id":76561198362367070,"name":"duan","score":0,"level":2,"character":1,"platform":18,"runframes":1323,"runend":1021,"unknown1":1694,"unknown2":4294964077,"rank":6158,"percentile":2.871115317873489}},"tenDayPercentiles":[],"tenDayDecayingPercentileScore":0,"scoresByDay":[],"rankSummary":{"mean":6158,"median":6158,"max":6158,"min":6158},"percentileSummary":{"mean":2.871115317873489,"median":2.871115317873489,"max":2.871115317873489,"min":2.871115317873489}}