{"name":"Duber-eeno","scoreData":{"2020-10-13":{"id":76561197996457760,"name":"Duber-eeno","score":13000,"level":3,"character":2,"platform":48,"runframes":12995,"runend":1020,"unknown1":3851,"unknown2":69,"rank":2679,"percentile":54.33930093776641}},"tenDayPercentiles":[],"tenDayDecayingPercentileScore":0,"scoresByDay":[],"rankSummary":{"mean":2679,"median":2679,"max":2679,"min":2679},"percentileSummary":{"mean":54.33930093776641,"median":54.33930093776641,"max":54.33930093776641,"min":54.33930093776641}}