{"name":"DuckofDoom","scoreData":{"2020-09-29":{"id":76561199651802560,"name":"DuckofDoom","score":8000,"level":2,"character":0,"platform":18,"runframes":3831,"runend":1021,"unknown1":4294963182,"unknown2":4294962722,"rank":3922,"percentile":29.881974248927037}},"tenDayPercentiles":[],"tenDayDecayingPercentileScore":0,"scoresByDay":[],"rankSummary":{"mean":3922,"median":3922,"max":3922,"min":3922},"percentileSummary":{"mean":29.881974248927037,"median":29.881974248927037,"max":29.881974248927037,"min":29.881974248927037}}