{"name":"dudeman3000","scoreData":{"2020-09-22":{"id":3797542339396720000,"name":"dudeman3000","score":0,"level":2,"character":4,"platform":48,"runframes":4666,"runend":1021,"unknown1":4294967208,"unknown2":4294966613,"rank":1756,"percentile":28.716490658001632}},"tenDayPercentiles":[],"tenDayDecayingPercentileScore":0,"scoresByDay":[],"rankSummary":{"mean":1756,"median":1756,"max":1756,"min":1756},"percentileSummary":{"mean":28.716490658001632,"median":28.716490658001632,"max":28.716490658001632,"min":28.716490658001632}}