{"name":"Dukeaholliac","scoreData":{"2020-09-19":{"id":3571003877354690000,"name":"Dukeaholliac","score":4300,"level":2,"character":3,"platform":48,"runframes":6035,"runend":1021,"unknown1":4294967015,"unknown2":4294964946,"rank":1895,"percentile":36.78237650200267}},"tenDayPercentiles":[],"tenDayDecayingPercentileScore":0,"scoresByDay":[],"rankSummary":{"mean":1895,"median":1895,"max":1895,"min":1895},"percentileSummary":{"mean":36.78237650200267,"median":36.78237650200267,"max":36.78237650200267,"min":36.78237650200267}}