{"name":"DukeSwellington1","scoreData":{"2020-11-19":{"id":76561197962409630,"name":"DukeSwellington1","score":22000,"level":3,"character":14,"platform":48,"runframes":13451,"runend":1020,"unknown1":4294964374,"unknown2":4294964789,"rank":2237,"percentile":42.754736303123394}},"tenDayPercentiles":[],"tenDayDecayingPercentileScore":0,"scoresByDay":[],"rankSummary":{"mean":2237,"median":2237,"max":2237,"min":2237},"percentileSummary":{"mean":42.754736303123394,"median":42.754736303123394,"max":42.754736303123394,"min":42.754736303123394}}