{"name":"DukeSilver57","scoreData":{"2020-10-05":{"id":76561198018908370,"name":"DukeSilver57","score":1700,"level":1,"character":2,"platform":48,"runframes":2958,"runend":1022,"unknown1":2993,"unknown2":1358,"rank":6374,"percentile":6.444509688784493}},"tenDayPercentiles":[],"tenDayDecayingPercentileScore":0,"scoresByDay":[],"rankSummary":{"mean":6374,"median":6374,"max":6374,"min":6374},"percentileSummary":{"mean":6.444509688784493,"median":6.444509688784493,"max":6.444509688784493,"min":6.444509688784493}}