{"name":"DumbXoxo","scoreData":{"2020-10-15":{"id":8044487560740206000,"name":"DumbXoxo","score":12900,"level":1,"character":0,"platform":48,"runframes":5116,"runend":1022,"unknown1":3766,"unknown2":485,"rank":5151,"percentile":10.54368594754213}},"tenDayPercentiles":[],"tenDayDecayingPercentileScore":0,"scoresByDay":[],"rankSummary":{"mean":5151,"median":5151,"max":5151,"min":5151},"percentileSummary":{"mean":10.54368594754213,"median":10.54368594754213,"max":10.54368594754213,"min":10.54368594754213}}