{"name":"DumZomB","scoreData":{"2020-10-03":{"id":76561198863252130,"name":"DumZomB","score":19200,"level":2,"character":0,"platform":48,"runframes":7429,"runend":1021,"unknown1":4294962826,"unknown2":620,"rank":3002,"percentile":62.00303874398582}},"tenDayPercentiles":[],"tenDayDecayingPercentileScore":0,"scoresByDay":[],"rankSummary":{"mean":3002,"median":3002,"max":3002,"min":3002},"percentileSummary":{"mean":62.00303874398582,"median":62.00303874398582,"max":62.00303874398582,"min":62.00303874398582}}