{"name":"duppercut","scoreData":{"2020-09-24":{"id":2681293585200956400,"name":"duppercut","score":5100,"level":2,"character":0,"platform":48,"runframes":9119,"runend":1021,"unknown1":4294967239,"unknown2":4294966914,"rank":1721,"percentile":25.411968777103212}},"tenDayPercentiles":[],"tenDayDecayingPercentileScore":0,"scoresByDay":[],"rankSummary":{"mean":1721,"median":1721,"max":1721,"min":1721},"percentileSummary":{"mean":25.411968777103212,"median":25.411968777103212,"max":25.411968777103212,"min":25.411968777103212}}