{"name":"Durnazzer","scoreData":{"2020-09-30":{"id":571480085774699700,"name":"Durnazzer","score":24200,"level":4,"character":3,"platform":18,"runframes":22937,"runend":1019,"unknown1":508,"unknown2":50,"rank":1558,"percentile":79.84205075090627}},"tenDayPercentiles":[],"tenDayDecayingPercentileScore":0,"scoresByDay":[],"rankSummary":{"mean":1558,"median":1558,"max":1558,"min":1558},"percentileSummary":{"mean":79.84205075090627,"median":79.84205075090627,"max":79.84205075090627,"min":79.84205075090627}}