{"name":"DuskySun","scoreData":{"2020-11-20":{"id":76561198240873580,"name":"DuskySun","score":49725,"level":7,"character":17,"platform":18,"runframes":51806,"runend":1016,"unknown1":1637,"unknown2":1216,"rank":1154,"percentile":71.46039603960396}},"tenDayPercentiles":[71.46039603960396],"tenDayDecayingPercentileScore":64.31435643564357,"scoresByDay":[64.31435643564357],"rankSummary":{"mean":1154,"median":1154,"max":1154,"min":1154},"percentileSummary":{"mean":71.46039603960396,"median":71.46039603960396,"max":71.46039603960396,"min":71.46039603960396}}