{"name":"Duz'Jabowg","scoreData":{"2020-10-02":{"id":76561197974670350,"name":"Duz'Jabowg","score":4000,"level":2,"character":3,"platform":18,"runframes":6766,"runend":1021,"unknown1":1342,"unknown2":778,"rank":5613,"percentile":24.802358300951354}},"tenDayDecayingPercentileMean":null,"rankSummary":{"mean":5613,"median":5613,"max":5613,"min":5613},"percentileSummary":{"mean":24.802358300951354,"median":24.802358300951354,"max":24.802358300951354,"min":24.802358300951354}}