{"name":"duztinr","scoreData":{"2020-10-03":{"id":9173612069577571000,"name":"duztinr","score":15600,"level":1,"character":2,"platform":18,"runframes":7842,"runend":1022,"unknown1":4294966441,"unknown2":629,"rank":6789,"percentile":14.054190934413782}},"tenDayPercentiles":[],"tenDayDecayingPercentileScore":0,"scoresByDay":[],"rankSummary":{"mean":6789,"median":6789,"max":6789,"min":6789},"percentileSummary":{"mean":14.054190934413782,"median":14.054190934413782,"max":14.054190934413782,"min":14.054190934413782}}