{"name":"Dyl","scoreData":{"2020-09-30":{"id":76561197972535060,"name":"Dyl","score":13900,"level":2,"character":1,"platform":18,"runframes":5831,"runend":1021,"unknown1":4294962330,"unknown2":4294963943,"rank":4673,"percentile":39.513205592957014}},"tenDayPercentiles":[],"tenDayDecayingPercentileScore":0,"scoresByDay":[],"rankSummary":{"mean":4673,"median":4673,"max":4673,"min":4673},"percentileSummary":{"mean":39.513205592957014,"median":39.513205592957014,"max":39.513205592957014,"min":39.513205592957014}}