{"name":"dyson_swarm","scoreData":{"2020-10-01":{"id":76561198095050880,"name":"dyson_swarm","score":5200,"level":1,"character":3,"platform":18,"runframes":4901,"runend":1022,"unknown1":799,"unknown2":261,"rank":5995,"percentile":22.095139069404738}},"tenDayPercentiles":[],"tenDayDecayingPercentileScore":0,"scoresByDay":[],"rankSummary":{"mean":5995,"median":5995,"max":5995,"min":5995},"percentileSummary":{"mean":22.095139069404738,"median":22.095139069404738,"max":22.095139069404738,"min":22.095139069404738}}