{"name":"Dystopia_1","scoreData":{"2020-09-26":{"id":3353141601910738000,"name":"Dystopia_1","score":6900,"level":1,"character":4,"platform":48,"runframes":3370,"runend":1022,"unknown1":305,"unknown2":403,"rank":2412,"percentile":7.0905587668593455}},"tenDayPercentiles":[],"tenDayDecayingPercentileScore":0,"scoresByDay":[],"rankSummary":{"mean":2412,"median":2412,"max":2412,"min":2412},"percentileSummary":{"mean":7.0905587668593455,"median":7.0905587668593455,"max":7.0905587668593455,"min":7.0905587668593455}}