{"name":"Dystopics","scoreData":{"2020-11-07":{"id":76561198062122300,"name":"Dystopics","score":18700,"level":4,"character":3,"platform":18,"runframes":22033,"runend":1019,"unknown1":4294965904,"unknown2":4294964276,"rank":2465,"percentile":48.40871021775545}},"tenDayPercentiles":[],"tenDayDecayingPercentileScore":0,"scoresByDay":[],"rankSummary":{"mean":2465,"median":2465,"max":2465,"min":2465},"percentileSummary":{"mean":48.40871021775545,"median":48.40871021775545,"max":48.40871021775545,"min":48.40871021775545}}