{"name":"DyzFunktionall_1","scoreData":{"2020-09-16":{"id":7026703966029637000,"name":"DyzFunktionall_1","score":7500,"level":2,"character":4,"platform":48,"runframes":4040,"runend":1021,"unknown1":4294965785,"unknown2":98,"rank":2417,"percentile":21.710952689565772}},"tenDayPercentiles":[],"tenDayDecayingPercentileScore":0,"scoresByDay":[],"rankSummary":{"mean":2417,"median":2417,"max":2417,"min":2417},"percentileSummary":{"mean":21.710952689565772,"median":21.710952689565772,"max":21.710952689565772,"min":21.710952689565772}}