{"name":"dyzundo","scoreData":{"2020-11-17":{"id":1187046242640807700,"name":"dyzundo","score":0,"level":1,"character":4,"platform":48,"runframes":1850,"runend":1022,"unknown1":799,"unknown2":4294966506,"rank":3909,"percentile":0.2552322613578468}},"tenDayPercentiles":[0.2552322613578468],"tenDayDecayingPercentileScore":0.18606431852987035,"scoresByDay":[0.18606431852987035],"rankSummary":{"mean":3909,"median":3909,"max":3909,"min":3909},"percentileSummary":{"mean":0.2552322613578468,"median":0.2552322613578468,"max":0.2552322613578468,"min":0.2552322613578468}}