{"name":"uAe-A380","scoreData":{"2020-10-06":{"id":76561197989530820,"name":"uAe-A380","score":500,"level":1,"character":2,"platform":48,"runframes":3360,"runend":1022,"unknown1":4294964918,"unknown2":145,"rank":6633,"percentile":2.3988226637233225}},"tenDayPercentiles":[],"tenDayDecayingPercentileScore":0,"scoresByDay":[],"rankSummary":{"mean":6633,"median":6633,"max":6633,"min":6633},"percentileSummary":{"mean":2.3988226637233225,"median":2.3988226637233225,"max":2.3988226637233225,"min":2.3988226637233225}}