{"name":"UGW","scoreData":{"2020-10-01":{"id":76561199013243100,"name":"UGW","score":82950,"level":12,"character":7,"platform":18,"runframes":53997,"runend":1011,"unknown1":1949,"unknown2":1415,"rank":187,"percentile":97.58253184299454}},"tenDayPercentiles":[],"tenDayDecayingPercentileScore":0,"scoresByDay":[],"rankSummary":{"mean":187,"median":187,"max":187,"min":187},"percentileSummary":{"mean":97.58253184299454,"median":97.58253184299454,"max":97.58253184299454,"min":97.58253184299454}}