{"name":"uinkiopolo","scoreData":{"2020-11-16":{"id":8797998251722063000,"name":"uinkiopolo","score":500,"level":1,"character":4,"platform":18,"runframes":691,"runend":1022,"unknown1":4294965796,"unknown2":4294965102,"rank":3849,"percentile":1.4344262295082046}},"tenDayPercentiles":[1.4344262295082046],"tenDayDecayingPercentileScore":1.0456967213114814,"scoresByDay":[1.0456967213114814],"rankSummary":{"mean":3849,"median":3849,"max":3849,"min":3849},"percentileSummary":{"mean":1.4344262295082046,"median":1.4344262295082046,"max":1.4344262295082046,"min":1.4344262295082046}}