{"name":"UlaGrey","scoreData":{"2020-10-06":{"id":76561197975255650,"name":"UlaGrey","score":2700,"level":4,"character":0,"platform":18,"runframes":27921,"runend":1019,"unknown1":4294963605,"unknown2":539,"rank":2762,"percentile":59.36718175128771}},"tenDayPercentiles":[],"tenDayDecayingPercentileScore":0,"scoresByDay":[],"rankSummary":{"mean":2762,"median":2762,"max":2762,"min":2762},"percentileSummary":{"mean":59.36718175128771,"median":59.36718175128771,"max":59.36718175128771,"min":59.36718175128771}}