{"name":"ultihero","scoreData":{"2020-10-10":{"id":76561198045794180,"name":"ultihero","score":0,"level":1,"character":1,"platform":48,"runframes":2867,"runend":1022,"unknown1":921,"unknown2":203,"rank":6481,"percentile":1.758641600970293}},"tenDayPercentiles":[],"tenDayDecayingPercentileScore":0,"scoresByDay":[],"rankSummary":{"mean":6481,"median":6481,"max":6481,"min":6481},"percentileSummary":{"mean":1.758641600970293,"median":1.758641600970293,"max":1.758641600970293,"min":1.758641600970293}}