{"name":"UltimaWeapon","scoreData":{"2020-10-07":{"id":76561198021302080,"name":"UltimaWeapon","score":4300,"level":1,"character":2,"platform":18,"runframes":2514,"runend":1022,"unknown1":1733,"unknown2":1559,"rank":5749,"percentile":11.894543225015326}},"tenDayPercentiles":[],"tenDayDecayingPercentileScore":0,"scoresByDay":[],"rankSummary":{"mean":5749,"median":5749,"max":5749,"min":5749},"percentileSummary":{"mean":11.894543225015326,"median":11.894543225015326,"max":11.894543225015326,"min":11.894543225015326}}