{"name":"UltraFoxy","scoreData":{"2020-10-11":{"id":76561198070871870,"name":"UltraFoxy","score":128450,"level":17,"character":16,"platform":18,"runframes":137404,"runend":1006,"unknown1":409,"unknown2":1715,"rank":61,"percentile":99.05511811023622}},"tenDayPercentiles":[],"tenDayDecayingPercentileScore":0,"scoresByDay":[],"rankSummary":{"mean":61,"median":61,"max":61,"min":61},"percentileSummary":{"mean":99.05511811023622,"median":99.05511811023622,"max":99.05511811023622,"min":99.05511811023622}}