{"name":"Ultra-Pilz","scoreData":{"2020-09-17":{"id":5947958110929605000,"name":"Ultra-Pilz","score":9700,"level":1,"character":2,"platform":48,"runframes":8980,"runend":1022,"unknown1":509,"unknown2":318,"rank":2006,"percentile":29.076759816059422}},"tenDayPercentiles":[],"tenDayDecayingPercentileScore":0,"scoresByDay":[],"rankSummary":{"mean":2006,"median":2006,"max":2006,"min":2006},"percentileSummary":{"mean":29.076759816059422,"median":29.076759816059422,"max":29.076759816059422,"min":29.076759816059422}}