{"name":"ultron3521","scoreData":{"2020-09-19":{"id":755988426080341600,"name":"ultron3521","score":0,"level":1,"character":0,"platform":48,"runframes":2178,"runend":1022,"unknown1":4294967072,"unknown2":18,"rank":2953,"percentile":1.468624833110809}},"tenDayPercentiles":[],"tenDayDecayingPercentileScore":0,"scoresByDay":[],"rankSummary":{"mean":2953,"median":2953,"max":2953,"min":2953},"percentileSummary":{"mean":1.468624833110809,"median":1.468624833110809,"max":1.468624833110809,"min":1.468624833110809}}