{"name":"Uncle Boo","scoreData":{"2020-10-01":{"id":76561198039938780,"name":"Uncle Boo","score":6800,"level":3,"character":3,"platform":18,"runframes":10788,"runend":1020,"unknown1":5458,"unknown2":257,"rank":4326,"percentile":43.787366779308556}},"tenDayPercentiles":[],"tenDayDecayingPercentileScore":0,"scoresByDay":[],"rankSummary":{"mean":4326,"median":4326,"max":4326,"min":4326},"percentileSummary":{"mean":43.787366779308556,"median":43.787366779308556,"max":43.787366779308556,"min":43.787366779308556}}