{"name":"UncleGrogan","scoreData":{"2020-09-16":{"id":3406637047875142700,"name":"UncleGrogan","score":13200,"level":2,"character":3,"platform":48,"runframes":6225,"runend":1021,"unknown1":924,"unknown2":509,"rank":1973,"percentile":36.098509397278036}},"tenDayPercentiles":[],"tenDayDecayingPercentileScore":0,"scoresByDay":[],"rankSummary":{"mean":1973,"median":1973,"max":1973,"min":1973},"percentileSummary":{"mean":36.098509397278036,"median":36.098509397278036,"max":36.098509397278036,"min":36.098509397278036}}