{"name":"Uncle Darry","scoreData":{"2020-10-02":{"id":76561199011248100,"name":"Uncle Darry","score":40075,"level":6,"character":14,"platform":18,"runframes":33834,"runend":1017,"unknown1":3136,"unknown2":2108,"rank":610,"percentile":91.83974273080531}},"tenDayDecayingPercentileMean":null,"rankSummary":{"mean":610,"median":610,"max":610,"min":610},"percentileSummary":{"mean":91.83974273080531,"median":91.83974273080531,"max":91.83974273080531,"min":91.83974273080531}}