{"name":"UncoloredSpoon","scoreData":{"2020-10-31":{"id":76561197973696220,"name":"UncoloredSpoon","score":10700,"level":2,"character":3,"platform":18,"runframes":9327,"runend":1021,"unknown1":3741,"unknown2":397,"rank":3553,"percentile":25.26825163054913}},"tenDayPercentiles":[],"tenDayDecayingPercentileScore":0,"scoresByDay":[],"rankSummary":{"mean":3553,"median":3553,"max":3553,"min":3553},"percentileSummary":{"mean":25.26825163054913,"median":25.26825163054913,"max":25.26825163054913,"min":25.26825163054913}}