{"name":"UndeadZaddy","scoreData":{"2020-10-25":{"id":76561198871245220,"name":"UndeadZaddy","score":10400,"level":2,"character":13,"platform":48,"runframes":6876,"runend":1021,"unknown1":4294962924,"unknown2":4294962726,"rank":4383,"percentile":21.045045045045043}},"tenDayPercentiles":[],"tenDayDecayingPercentileScore":0,"scoresByDay":[],"rankSummary":{"mean":4383,"median":4383,"max":4383,"min":4383},"percentileSummary":{"mean":21.045045045045043,"median":21.045045045045043,"max":21.045045045045043,"min":21.045045045045043}}