{"name":"Under","scoreData":{"2020-11-19":{"id":76561198271025020,"name":"Under","score":0,"level":1,"character":7,"platform":18,"runframes":2027,"runend":1022,"unknown1":4294965902,"unknown2":4294964876,"rank":3876,"percentile":0.7936507936507837}},"tenDayPercentiles":[0.7936507936507837],"tenDayDecayingPercentileScore":0.5785714285714214,"scoresByDay":[0.5785714285714214],"rankSummary":{"mean":3876,"median":3876,"max":3876,"min":3876},"percentileSummary":{"mean":0.7936507936507837,"median":0.7936507936507837,"max":0.7936507936507837,"min":0.7936507936507837}}