{"name":"unexpectedboss","scoreData":{"2020-10-10":{"id":4682490693860976000,"name":"unexpectedboss","score":1000,"level":1,"character":3,"platform":48,"runframes":1740,"runend":1022,"unknown1":4294967073,"unknown2":4294965261,"rank":6186,"percentile":6.231049120679202}},"tenDayPercentiles":[],"tenDayDecayingPercentileScore":0,"scoresByDay":[],"rankSummary":{"mean":6186,"median":6186,"max":6186,"min":6186},"percentileSummary":{"mean":6.231049120679202,"median":6.231049120679202,"max":6.231049120679202,"min":6.231049120679202}}