{"name":"unip desgracada","scoreData":{"2020-10-01":{"id":7981253634546656000,"name":"unip desgracada","score":5300,"level":1,"character":0,"platform":18,"runframes":4198,"runend":1022,"unknown1":4294964128,"unknown2":4294966358,"rank":5962,"percentile":22.524044710163764}},"tenDayDecayingPercentileMean":null,"rankSummary":{"mean":5962,"median":5962,"max":5962,"min":5962},"percentileSummary":{"mean":22.524044710163764,"median":22.524044710163764,"max":22.524044710163764,"min":22.524044710163764}}