{"name":"UNIQUE_JUST_HERE","scoreData":{"2020-11-18":{"id":3395802346222938000,"name":"UNIQUE_JUST_HERE","score":2800,"level":1,"character":1,"platform":48,"runframes":1852,"runend":1022,"unknown1":4294963299,"unknown2":4294963299,"rank":3861,"percentile":3.884462151394416}},"tenDayPercentiles":[3.884462151394416],"tenDayDecayingPercentileScore":2.83177290836653,"scoresByDay":[2.83177290836653],"rankSummary":{"mean":3861,"median":3861,"max":3861,"min":3861},"percentileSummary":{"mean":3.884462151394416,"median":3.884462151394416,"max":3.884462151394416,"min":3.884462151394416}}