{"name":"UNIT_038","scoreData":{"2020-11-17":{"id":1349021315292665300,"name":"UNIT_038","score":4050,"level":3,"character":0,"platform":48,"runframes":14569,"runend":1020,"unknown1":4294965735,"unknown2":457,"rank":2594,"percentile":33.81827462991322}},"tenDayPercentiles":[33.81827462991322],"tenDayDecayingPercentileScore":22.188169984686066,"scoresByDay":[22.188169984686066],"rankSummary":{"mean":2594,"median":2594,"max":2594,"min":2594},"percentileSummary":{"mean":33.81827462991322,"median":33.81827462991322,"max":33.81827462991322,"min":33.81827462991322}}