{"name":"unvoiced_axe8","scoreData":{"2020-09-30":{"id":76561198011540600,"name":"unvoiced_axe8","score":4300,"level":1,"character":1,"platform":48,"runframes":2059,"runend":1022,"unknown1":2807,"unknown2":126,"rank":7322,"percentile":5.217503883997935}},"tenDayPercentiles":[],"tenDayDecayingPercentileScore":0,"scoresByDay":[],"rankSummary":{"mean":7322,"median":7322,"max":7322,"min":7322},"percentileSummary":{"mean":5.217503883997935,"median":5.217503883997935,"max":5.217503883997935,"min":5.217503883997935}}