{"name":"uplinkmx","scoreData":{"2020-10-02":{"id":76561198978746560,"name":"uplinkmx","score":5900,"level":4,"character":1,"platform":18,"runframes":12711,"runend":1019,"unknown1":4294966368,"unknown2":223,"rank":2895,"percentile":61.22202867479566}},"tenDayPercentiles":[],"tenDayDecayingPercentileScore":0,"scoresByDay":[],"rankSummary":{"mean":2895,"median":2895,"max":2895,"min":2895},"percentileSummary":{"mean":61.22202867479566,"median":61.22202867479566,"max":61.22202867479566,"min":61.22202867479566}}