{"name":"Ura","scoreData":{"2020-11-18":{"id":76561198007900380,"name":"Ura","score":45425,"level":6,"character":7,"platform":18,"runframes":19995,"runend":1017,"unknown1":332,"unknown2":687,"rank":1271,"percentile":68.37649402390439}},"tenDayPercentiles":[68.37649402390439],"tenDayDecayingPercentileScore":55.38496015936256,"scoresByDay":[55.38496015936256],"rankSummary":{"mean":1271,"median":1271,"max":1271,"min":1271},"percentileSummary":{"mean":68.37649402390439,"median":68.37649402390439,"max":68.37649402390439,"min":68.37649402390439}}