{"name":"Urbz","scoreData":{"2020-11-08":{"id":10144766160939550000,"name":"Urbz","score":24325,"level":6,"character":3,"platform":18,"runframes":30345,"runend":1017,"unknown1":4294967284,"unknown2":1,"rank":764,"percentile":83.81760339342523}},"tenDayPercentiles":[],"tenDayDecayingPercentileScore":0,"scoresByDay":[],"rankSummary":{"mean":764,"median":764,"max":764,"min":764},"percentileSummary":{"mean":83.81760339342523,"median":83.81760339342523,"max":83.81760339342523,"min":83.81760339342523}}