{"name":"urotsuki_","scoreData":{"2020-09-26":{"id":2618354016166238700,"name":"urotsuki_","score":4800,"level":1,"character":0,"platform":48,"runframes":1787,"runend":1022,"unknown1":929,"unknown2":928,"rank":2489,"percentile":4.123314065510598}},"tenDayPercentiles":[],"tenDayDecayingPercentileScore":0,"scoresByDay":[],"rankSummary":{"mean":2489,"median":2489,"max":2489,"min":2489},"percentileSummary":{"mean":4.123314065510598,"median":4.123314065510598,"max":4.123314065510598,"min":4.123314065510598}}