{"name":"Ursamont","scoreData":{"2020-09-26":{"id":305878763634466400,"name":"Ursamont","score":11200,"level":3,"character":4,"platform":48,"runframes":17837,"runend":1020,"unknown1":648,"unknown2":411,"rank":1634,"percentile":37.07129094412331}},"tenDayPercentiles":[],"tenDayDecayingPercentileScore":0,"scoresByDay":[],"rankSummary":{"mean":1634,"median":1634,"max":1634,"min":1634},"percentileSummary":{"mean":37.07129094412331,"median":37.07129094412331,"max":37.07129094412331,"min":37.07129094412331}}