{"name":"Urt_DriZzle","scoreData":{"2020-10-16":{"id":1614870605868397800,"name":"Urt_DriZzle","score":2700,"level":1,"character":0,"platform":48,"runframes":3343,"runend":1022,"unknown1":3832,"unknown2":1035,"rank":5285,"percentile":5.760656322454068}},"tenDayPercentiles":[],"tenDayDecayingPercentileScore":0,"scoresByDay":[],"rankSummary":{"mean":5285,"median":5285,"max":5285,"min":5285},"percentileSummary":{"mean":5.760656322454068,"median":5.760656322454068,"max":5.760656322454068,"min":5.760656322454068}}