{"name":"Use Less","scoreData":{"2020-10-17":{"id":76561197972350620,"name":"Use Less","score":3000,"level":2,"character":0,"platform":18,"runframes":7266,"runend":1021,"unknown1":4294965732,"unknown2":4294963839,"rank":4572,"percentile":21.836525307797544}},"tenDayPercentiles":[],"tenDayDecayingPercentileScore":0,"scoresByDay":[],"rankSummary":{"mean":4572,"median":4572,"max":4572,"min":4572},"percentileSummary":{"mean":21.836525307797544,"median":21.836525307797544,"max":21.836525307797544,"min":21.836525307797544}}