{"name":"UwU_KPOPIover_XX","scoreData":{"2020-11-12":{"id":2379753409197051400,"name":"UwU_KPOPIover_XX","score":8400,"level":2,"character":18,"platform":48,"runframes":3800,"runend":1021,"unknown1":2464,"unknown2":1258,"rank":3015,"percentile":29.315196998123824}},"tenDayPercentiles":[29.315196998123824],"tenDayDecayingPercentileScore":12.61923106238274,"scoresByDay":[12.61923106238274],"rankSummary":{"mean":3015,"median":3015,"max":3015,"min":3015},"percentileSummary":{"mean":29.315196998123824,"median":29.315196998123824,"max":29.315196998123824,"min":29.315196998123824}}