{"name":"uwuMidas","scoreData":{"2020-11-20":{"id":76561198000691700,"name":"uwuMidas","score":5300,"level":2,"character":0,"platform":18,"runframes":2262,"runend":1021,"unknown1":2339,"unknown2":485,"rank":3744,"percentile":7.351485148514854}},"tenDayPercentiles":[7.351485148514854],"tenDayDecayingPercentileScore":6.616336633663368,"scoresByDay":[6.616336633663368],"rankSummary":{"mean":3744,"median":3744,"max":3744,"min":3744},"percentileSummary":{"mean":7.351485148514854,"median":7.351485148514854,"max":7.351485148514854,"min":7.351485148514854}}