{"name":"UXknowXy","scoreData":{"2020-10-03":{"id":76561197996428640,"name":"UXknowXy","score":5200,"level":2,"character":0,"platform":48,"runframes":6754,"runend":1021,"unknown1":5973,"unknown2":135,"rank":6097,"percentile":22.815902760192458}},"tenDayPercentiles":[],"tenDayDecayingPercentileScore":0,"scoresByDay":[],"rankSummary":{"mean":6097,"median":6097,"max":6097,"min":6097},"percentileSummary":{"mean":22.815902760192458,"median":22.815902760192458,"max":22.815902760192458,"min":22.815902760192458}}