{"name":"T.tv/Vulvodynia_EH","scoreData":{"2020-10-04":{"id":4957689884154907000,"name":"T.tv/Vulvodynia_EH","score":10100,"level":4,"character":3,"platform":18,"runframes":7680,"runend":1019,"unknown1":5507,"unknown2":2730,"rank":3373,"percentile":55.11182108626198}},"tenDayDecayingPercentileMean":null,"rankSummary":{"mean":3373,"median":3373,"max":3373,"min":3373},"percentileSummary":{"mean":55.11182108626198,"median":55.11182108626198,"max":55.11182108626198,"min":55.11182108626198}}