{"name":"T4-R1K","scoreData":{"2020-11-06":{"id":5434222130619843000,"name":"T4-R1K","score":2100,"level":2,"character":3,"platform":48,"runframes":4227,"runend":1021,"unknown1":4294963412,"unknown2":4294965157,"rank":4191,"percentile":7.6074972436604185}},"tenDayPercentiles":[],"tenDayDecayingPercentileScore":0,"scoresByDay":[],"rankSummary":{"mean":4191,"median":4191,"max":4191,"min":4191},"percentileSummary":{"mean":7.6074972436604185,"median":7.6074972436604185,"max":7.6074972436604185,"min":7.6074972436604185}}