{"name":"T4ZER(RRBuilder)","scoreData":{"2020-10-02":{"id":76561198091789500,"name":"T4ZER(RRBuilder)","score":3300,"level":1,"character":0,"platform":18,"runframes":4233,"runend":1022,"unknown1":4294966423,"unknown2":157,"rank":6645,"percentile":10.974139086158388}},"tenDayPercentiles":[],"tenDayDecayingPercentileScore":0,"scoresByDay":[],"rankSummary":{"mean":6645,"median":6645,"max":6645,"min":6645},"percentileSummary":{"mean":10.974139086158388,"median":10.974139086158388,"max":10.974139086158388,"min":10.974139086158388}}