{"name":"t.r.schwarz","scoreData":{"2020-11-09":{"id":76561198063308740,"name":"t.r.schwarz","score":1000,"level":1,"character":3,"platform":18,"runframes":1874,"runend":1022,"unknown1":4294963882,"unknown2":4294965105,"rank":4273,"percentile":2.085720834288324}},"tenDayPercentiles":[2.085720834288324],"tenDayDecayingPercentileScore":0.7272458869837236,"scoresByDay":[0.7272458869837236],"rankSummary":{"mean":4273,"median":4273,"max":4273,"min":4273},"percentileSummary":{"mean":2.085720834288324,"median":2.085720834288324,"max":2.085720834288324,"min":2.085720834288324}}