{"name":"taavetti2020","scoreData":{"2020-11-08":{"id":76561198013838270,"name":"taavetti2020","score":3100,"level":1,"character":4,"platform":48,"runframes":2241,"runend":1022,"unknown1":4294966555,"unknown2":527,"rank":3893,"percentile":17.45493107104984}},"tenDayPercentiles":[],"tenDayDecayingPercentileScore":0,"scoresByDay":[],"rankSummary":{"mean":3893,"median":3893,"max":3893,"min":3893},"percentileSummary":{"mean":17.45493107104984,"median":17.45493107104984,"max":17.45493107104984,"min":17.45493107104984}}