{"name":"TacoTimeCEO","scoreData":{"2020-10-05":{"id":76561197962255740,"name":"TacoTimeCEO","score":2200,"level":1,"character":0,"platform":48,"runframes":2583,"runend":1022,"unknown1":5319,"unknown2":915,"rank":6097,"percentile":10.51086318261892}},"tenDayPercentiles":[],"tenDayDecayingPercentileScore":0,"scoresByDay":[],"rankSummary":{"mean":6097,"median":6097,"max":6097,"min":6097},"percentileSummary":{"mean":10.51086318261892,"median":10.51086318261892,"max":10.51086318261892,"min":10.51086318261892}}