{"name":"Taengoo","scoreData":{"2020-10-03":{"id":76561198015720400,"name":"Taengoo","score":17900,"level":2,"character":0,"platform":18,"runframes":7891,"runend":1021,"unknown1":4294963642,"unknown2":731,"rank":3193,"percentile":59.584704988604706}},"tenDayPercentiles":[],"tenDayDecayingPercentileScore":0,"scoresByDay":[],"rankSummary":{"mean":3193,"median":3193,"max":3193,"min":3193},"percentileSummary":{"mean":59.584704988604706,"median":59.584704988604706,"max":59.584704988604706,"min":59.584704988604706}}