{"name":"TaiterTotz","scoreData":{"2020-09-22":{"id":923651307540855200,"name":"TaiterTotz","score":6400,"level":4,"character":2,"platform":48,"runframes":14582,"runend":1019,"unknown1":4294965305,"unknown2":4294966140,"rank":887,"percentile":64.01299756295694}},"tenDayPercentiles":[],"tenDayDecayingPercentileScore":0,"scoresByDay":[],"rankSummary":{"mean":887,"median":887,"max":887,"min":887},"percentileSummary":{"mean":64.01299756295694,"median":64.01299756295694,"max":64.01299756295694,"min":64.01299756295694}}