{"name":"Tajak","scoreData":{"2020-10-04":{"id":314013429663171840,"name":"Tajak","score":2000,"level":2,"character":3,"platform":18,"runframes":11962,"runend":1021,"unknown1":4294966907,"unknown2":141,"rank":6453,"percentile":14.11075612353568}},"tenDayPercentiles":[],"tenDayDecayingPercentileScore":0,"scoresByDay":[],"rankSummary":{"mean":6453,"median":6453,"max":6453,"min":6453},"percentileSummary":{"mean":14.11075612353568,"median":14.11075612353568,"max":14.11075612353568,"min":14.11075612353568}}