{"name":"TakaMourir","scoreData":{"2020-09-26":{"id":3900688602904970000,"name":"TakaMourir","score":2400,"level":1,"character":0,"platform":48,"runframes":1154,"runend":1022,"unknown1":818,"unknown2":4294966935,"rank":2544,"percentile":2.0038535645472138}},"tenDayPercentiles":[],"tenDayDecayingPercentileScore":0,"scoresByDay":[],"rankSummary":{"mean":2544,"median":2544,"max":2544,"min":2544},"percentileSummary":{"mean":2.0038535645472138,"median":2.0038535645472138,"max":2.0038535645472138,"min":2.0038535645472138}}