{"name":"Tanner","scoreData":{"2020-10-07":{"id":76561198010828140,"name":"Tanner","score":10900,"level":1,"character":5,"platform":18,"runframes":4696,"runend":1022,"unknown1":2842,"unknown2":36,"rank":5346,"percentile":18.071735131820958}},"tenDayPercentiles":[],"tenDayDecayingPercentileScore":0,"scoresByDay":[],"rankSummary":{"mean":5346,"median":5346,"max":5346,"min":5346},"percentileSummary":{"mean":18.071735131820958,"median":18.071735131820958,"max":18.071735131820958,"min":18.071735131820958}}