{"name":"Tannhair","scoreData":{"2020-10-08":{"id":856078197437766800,"name":"Tannhair","score":18275,"level":5,"character":6,"platform":18,"runframes":17684,"runend":1018,"unknown1":2988,"unknown2":311,"rank":1759,"percentile":72.2669190724089}},"tenDayPercentiles":[],"tenDayDecayingPercentileScore":0,"scoresByDay":[],"rankSummary":{"mean":1759,"median":1759,"max":1759,"min":1759},"percentileSummary":{"mean":72.2669190724089,"median":72.2669190724089,"max":72.2669190724089,"min":72.2669190724089}}