{"name":"TantricTiamat","scoreData":{"2020-10-30":{"id":76561198388011100,"name":"TantricTiamat","score":1500,"level":2,"character":0,"platform":48,"runframes":4735,"runend":1021,"unknown1":1918,"unknown2":309,"rank":4239,"percentile":10.760160033691307}},"tenDayPercentiles":[],"tenDayDecayingPercentileScore":0,"scoresByDay":[],"rankSummary":{"mean":4239,"median":4239,"max":4239,"min":4239},"percentileSummary":{"mean":10.760160033691307,"median":10.760160033691307,"max":10.760160033691307,"min":10.760160033691307}}