{"name":"Tantalord","scoreData":{"2020-10-12":{"id":76561198174118050,"name":"Tantalord","score":500,"level":1,"character":0,"platform":18,"runframes":1005,"runend":1022,"unknown1":1017,"unknown2":4294966388,"rank":5770,"percentile":3.5929144385026746}},"tenDayPercentiles":[],"tenDayDecayingPercentileScore":0,"scoresByDay":[],"rankSummary":{"mean":5770,"median":5770,"max":5770,"min":5770},"percentileSummary":{"mean":3.5929144385026746,"median":3.5929144385026746,"max":3.5929144385026746,"min":3.5929144385026746}}