{"name":"Tapeless","scoreData":{"2020-11-22":{"id":76561198045442850,"name":"Tapeless","score":31200,"level":2,"character":7,"platform":18,"runframes":12333,"runend":1021,"unknown1":4294965872,"unknown2":4294965765,"rank":2217,"percentile":44.58614653663416}},"tenDayPercentiles":[],"tenDayDecayingPercentileScore":0,"scoresByDay":[],"rankSummary":{"mean":2217,"median":2217,"max":2217,"min":2217},"percentileSummary":{"mean":44.58614653663416,"median":44.58614653663416,"max":44.58614653663416,"min":44.58614653663416}}