{"name":"Tapwater5","scoreData":{"2020-10-02":{"id":76561198173776480,"name":"Tapwater5","score":18600,"level":2,"character":7,"platform":48,"runframes":5280,"runend":1021,"unknown1":2134,"unknown2":74,"rank":4103,"percentile":45.03550850864264}},"tenDayPercentiles":[],"tenDayDecayingPercentileScore":0,"scoresByDay":[],"rankSummary":{"mean":4103,"median":4103,"max":4103,"min":4103},"percentileSummary":{"mean":45.03550850864264,"median":45.03550850864264,"max":45.03550850864264,"min":45.03550850864264}}