{"name":"tarn.what.ation","scoreData":{"2020-10-01":{"id":76561198009056930,"name":"tarn.what.ation","score":2600,"level":2,"character":3,"platform":18,"runframes":6995,"runend":1021,"unknown1":236,"unknown2":67,"rank":5245,"percentile":31.842994541200937}},"tenDayPercentiles":[],"tenDayDecayingPercentileScore":0,"scoresByDay":[],"rankSummary":{"mean":5245,"median":5245,"max":5245,"min":5245},"percentileSummary":{"mean":31.842994541200937,"median":31.842994541200937,"max":31.842994541200937,"min":31.842994541200937}}