{"name":"Tato334","scoreData":{"2020-11-18":{"id":173287659139691400,"name":"Tato334","score":500,"level":1,"character":3,"platform":18,"runframes":964,"runend":1022,"unknown1":4294965764,"unknown2":4294966079,"rank":4003,"percentile":0.3486055776892414}},"tenDayPercentiles":[0.3486055776892414],"tenDayDecayingPercentileScore":0.3137450199203173,"scoresByDay":[0.3137450199203173],"rankSummary":{"mean":4003,"median":4003,"max":4003,"min":4003},"percentileSummary":{"mean":0.3486055776892414,"median":0.3486055776892414,"max":0.3486055776892414,"min":0.3486055776892414}}