{"name":"Tatsu-Sama_","scoreData":{"2020-11-04":{"id":76561198001866500,"name":"Tatsu-Sama_","score":26200,"level":4,"character":6,"platform":48,"runframes":31429,"runend":1019,"unknown1":4294967135,"unknown2":143,"rank":2018,"percentile":55.06794386277568}},"tenDayPercentiles":[],"tenDayDecayingPercentileScore":0,"scoresByDay":[],"rankSummary":{"mean":2018,"median":2018,"max":2018,"min":2018},"percentileSummary":{"mean":55.06794386277568,"median":55.06794386277568,"max":55.06794386277568,"min":55.06794386277568}}