{"name":"TauNeutrin0","scoreData":{"2020-09-29":{"id":76561199076824080,"name":"TauNeutrin0","score":22300,"level":3,"character":0,"platform":18,"runframes":13503,"runend":1020,"unknown1":4294964273,"unknown2":4294963516,"rank":2684,"percentile":52.02074391988555}},"tenDayPercentiles":[],"tenDayDecayingPercentileScore":0,"scoresByDay":[],"rankSummary":{"mean":2684,"median":2684,"max":2684,"min":2684},"percentileSummary":{"mean":52.02074391988555,"median":52.02074391988555,"max":52.02074391988555,"min":52.02074391988555}}