{"name":"Tax Evasion","scoreData":{"2020-11-15":{"id":76561197996694540,"name":"Tax Evasion","score":8700,"level":2,"character":7,"platform":18,"runframes":5550,"runend":1021,"unknown1":4294966445,"unknown2":4294963949,"rank":3394,"percentile":21.14803625377644}},"tenDayDecayingPercentileMean":null,"rankSummary":{"mean":3394,"median":3394,"max":3394,"min":3394},"percentileSummary":{"mean":21.14803625377644,"median":21.14803625377644,"max":21.14803625377644,"min":21.14803625377644}}