{"name":"Tay000","scoreData":{"2020-10-08":{"id":76561198039611970,"name":"Tay000","score":5300,"level":2,"character":3,"platform":18,"runframes":8230,"runend":1021,"unknown1":4294967230,"unknown2":1324,"rank":5692,"percentile":10.22243256034075}},"tenDayPercentiles":[],"tenDayDecayingPercentileScore":0,"scoresByDay":[],"rankSummary":{"mean":5692,"median":5692,"max":5692,"min":5692},"percentileSummary":{"mean":10.22243256034075,"median":10.22243256034075,"max":10.22243256034075,"min":10.22243256034075}}