{"name":"TB","scoreData":{"2020-10-03":{"id":76561198055897150,"name":"TB","score":13200,"level":2,"character":0,"platform":18,"runframes":8246,"runend":1021,"unknown1":1865,"unknown2":18,"rank":4283,"percentile":45.78374271967587}},"tenDayPercentiles":[],"tenDayDecayingPercentileScore":0,"scoresByDay":[],"rankSummary":{"mean":4283,"median":4283,"max":4283,"min":4283},"percentileSummary":{"mean":45.78374271967587,"median":45.78374271967587,"max":45.78374271967587,"min":45.78374271967587}}