{"name":"TBERNtheFERN","scoreData":{"2020-09-16":{"id":4666583296377754000,"name":"TBERNtheFERN","score":15000,"level":2,"character":3,"platform":48,"runframes":7371,"runend":1021,"unknown1":4294964581,"unknown2":53,"rank":1810,"percentile":41.380427738172386}},"tenDayPercentiles":[],"tenDayDecayingPercentileScore":0,"scoresByDay":[],"rankSummary":{"mean":1810,"median":1810,"max":1810,"min":1810},"percentileSummary":{"mean":41.380427738172386,"median":41.380427738172386,"max":41.380427738172386,"min":41.380427738172386}}