{"name":"TBonicus64","scoreData":{"2020-10-19":{"id":76561198227949340,"name":"TBonicus64","score":2300,"level":2,"character":4,"platform":18,"runframes":3905,"runend":1021,"unknown1":4294966925,"unknown2":4294963242,"rank":4747,"percentile":11.2565445026178}},"tenDayPercentiles":[],"tenDayDecayingPercentileScore":0,"scoresByDay":[],"rankSummary":{"mean":4747,"median":4747,"max":4747,"min":4747},"percentileSummary":{"mean":11.2565445026178,"median":11.2565445026178,"max":11.2565445026178,"min":11.2565445026178}}