{"name":"tbonesoop","scoreData":{"2020-09-26":{"id":5831586996654323000,"name":"tbonesoop","score":19400,"level":2,"character":0,"platform":48,"runframes":10742,"runend":1021,"unknown1":1343,"unknown2":36,"rank":1878,"percentile":27.66859344894027}},"tenDayPercentiles":[],"tenDayDecayingPercentileScore":0,"scoresByDay":[],"rankSummary":{"mean":1878,"median":1878,"max":1878,"min":1878},"percentileSummary":{"mean":27.66859344894027,"median":27.66859344894027,"max":27.66859344894027,"min":27.66859344894027}}