{"name":"TCS_glitchFpsYT","scoreData":{"2020-10-16":{"id":76561198135011040,"name":"TCS_glitchFpsYT","score":1300,"level":2,"character":4,"platform":48,"runframes":4797,"runend":1021,"unknown1":4294965768,"unknown2":4294965444,"rank":4576,"percentile":18.405564472980203}},"tenDayPercentiles":[],"tenDayDecayingPercentileScore":0,"scoresByDay":[],"rankSummary":{"mean":4576,"median":4576,"max":4576,"min":4576},"percentileSummary":{"mean":18.405564472980203,"median":18.405564472980203,"max":18.405564472980203,"min":18.405564472980203}}