{"name":"Tcurt99TMPnut","scoreData":{"2020-10-26":{"id":76561198027280400,"name":"Tcurt99TMPnut","score":12000,"level":4,"character":0,"platform":48,"runframes":18954,"runend":1019,"unknown1":4294966952,"unknown2":4294964554,"rank":2809,"percentile":44.50592885375494}},"tenDayPercentiles":[],"tenDayDecayingPercentileScore":0,"scoresByDay":[],"rankSummary":{"mean":2809,"median":2809,"max":2809,"min":2809},"percentileSummary":{"mean":44.50592885375494,"median":44.50592885375494,"max":44.50592885375494,"min":44.50592885375494}}