{"name":"Tealwolf345","scoreData":{"2020-10-03":{"id":76561198213232580,"name":"Tealwolf345","score":13500,"level":2,"character":4,"platform":18,"runframes":4827,"runend":1021,"unknown1":3101,"unknown2":74,"rank":4218,"percentile":46.6067358825019}},"tenDayPercentiles":[],"tenDayDecayingPercentileScore":0,"scoresByDay":[],"rankSummary":{"mean":4218,"median":4218,"max":4218,"min":4218},"percentileSummary":{"mean":46.6067358825019,"median":46.6067358825019,"max":46.6067358825019,"min":46.6067358825019}}