{"name":"teamcoconibbs","scoreData":{"2020-10-03":{"id":1227246764790299100,"name":"teamcoconibbs","score":10200,"level":2,"character":3,"platform":18,"runframes":13272,"runend":1021,"unknown1":1085,"unknown2":116,"rank":5071,"percentile":35.80653329956951}},"tenDayPercentiles":[],"tenDayDecayingPercentileScore":0,"scoresByDay":[],"rankSummary":{"mean":5071,"median":5071,"max":5071,"min":5071},"percentileSummary":{"mean":35.80653329956951,"median":35.80653329956951,"max":35.80653329956951,"min":35.80653329956951}}