{"name":"tedbonds1","scoreData":{"2020-09-16":{"id":1667575546446684700,"name":"tedbonds1","score":5550,"level":4,"character":7,"platform":48,"runframes":14791,"runend":1019,"unknown1":891,"unknown2":4294966357,"rank":768,"percentile":75.14581983149708}},"tenDayPercentiles":[],"tenDayDecayingPercentileScore":0,"scoresByDay":[],"rankSummary":{"mean":768,"median":768,"max":768,"min":768},"percentileSummary":{"mean":75.14581983149708,"median":75.14581983149708,"max":75.14581983149708,"min":75.14581983149708}}