{"name":"Teddybear1010010","scoreData":{"2020-10-05":{"id":2808872316248875500,"name":"Teddybear1010010","score":500,"level":1,"character":3,"platform":48,"runframes":1249,"runend":1022,"unknown1":4294964220,"unknown2":4294964921,"rank":6669,"percentile":2.113916617733409}},"tenDayPercentiles":[],"tenDayDecayingPercentileScore":0,"scoresByDay":[],"rankSummary":{"mean":6669,"median":6669,"max":6669,"min":6669},"percentileSummary":{"mean":2.113916617733409,"median":2.113916617733409,"max":2.113916617733409,"min":2.113916617733409}}