{"name":"Teejiru","scoreData":{"2020-11-06":{"id":76561198088220560,"name":"Teejiru","score":1000,"level":2,"character":7,"platform":18,"runframes":3538,"runend":1021,"unknown1":4294965064,"unknown2":538,"rank":4265,"percentile":5.975744211686887}},"tenDayPercentiles":[],"tenDayDecayingPercentileScore":0,"scoresByDay":[],"rankSummary":{"mean":4265,"median":4265,"max":4265,"min":4265},"percentileSummary":{"mean":5.975744211686887,"median":5.975744211686887,"max":5.975744211686887,"min":5.975744211686887}}