{"name":"Teeker","scoreData":{"2020-10-03":{"id":76561197993264460,"name":"Teeker","score":14000,"level":1,"character":5,"platform":18,"runframes":4458,"runend":1022,"unknown1":4294964326,"unknown2":648,"rank":6817,"percentile":13.699670802734857}},"tenDayPercentiles":[],"tenDayDecayingPercentileScore":0,"scoresByDay":[],"rankSummary":{"mean":6817,"median":6817,"max":6817,"min":6817},"percentileSummary":{"mean":13.699670802734857,"median":13.699670802734857,"max":13.699670802734857,"min":13.699670802734857}}