{"name":"TehNorbz","scoreData":{"2020-09-21":{"id":4075226235912810000,"name":"TehNorbz","score":28150,"level":5,"character":1,"platform":48,"runframes":18698,"runend":1018,"unknown1":4294966514,"unknown2":60,"rank":564,"percentile":77.45294353223869}},"tenDayPercentiles":[],"tenDayDecayingPercentileScore":0,"scoresByDay":[],"rankSummary":{"mean":564,"median":564,"max":564,"min":564},"percentileSummary":{"mean":77.45294353223869,"median":77.45294353223869,"max":77.45294353223869,"min":77.45294353223869}}