{"name":"TehPlaayah","scoreData":{"2020-10-03":{"id":76561198099322430,"name":"TehPlaayah","score":15100,"level":4,"character":3,"platform":48,"runframes":26348,"runend":1019,"unknown1":793,"unknown2":3742,"rank":2032,"percentile":74.28462902000507}},"tenDayPercentiles":[],"tenDayDecayingPercentileScore":0,"scoresByDay":[],"rankSummary":{"mean":2032,"median":2032,"max":2032,"min":2032},"percentileSummary":{"mean":74.28462902000507,"median":74.28462902000507,"max":74.28462902000507,"min":74.28462902000507}}