{"name":"Tehsillyone","scoreData":{"2020-09-17":{"id":87625106531423300,"name":"Tehsillyone","score":0,"level":1,"character":3,"platform":48,"runframes":1839,"runend":1022,"unknown1":1363,"unknown2":188,"rank":2824,"percentile":0.1414927484966455}},"tenDayPercentiles":[],"tenDayDecayingPercentileScore":0,"scoresByDay":[],"rankSummary":{"mean":2824,"median":2824,"max":2824,"min":2824},"percentileSummary":{"mean":0.1414927484966455,"median":0.1414927484966455,"max":0.1414927484966455,"min":0.1414927484966455}}