{"name":"teltagy","scoreData":{"2020-09-30":{"id":5204157157834675000,"name":"teltagy","score":1850,"level":3,"character":3,"platform":17,"runframes":7323,"runend":1020,"unknown1":4964,"unknown2":1036,"rank":4037,"percentile":47.74728120145003}},"tenDayPercentiles":[],"tenDayDecayingPercentileScore":0,"scoresByDay":[],"rankSummary":{"mean":4037,"median":4037,"max":4037,"min":4037},"percentileSummary":{"mean":47.74728120145003,"median":47.74728120145003,"max":47.74728120145003,"min":47.74728120145003}}