{"name":"TemmTemm","scoreData":{"2020-10-18":{"id":76561198081917800,"name":"TemmTemm","score":21075,"level":7,"character":0,"platform":18,"runframes":34784,"runend":1016,"unknown1":583,"unknown2":1135,"rank":1902,"percentile":67.93184885290148}},"tenDayPercentiles":[],"tenDayDecayingPercentileScore":0,"scoresByDay":[],"rankSummary":{"mean":1902,"median":1902,"max":1902,"min":1902},"percentileSummary":{"mean":67.93184885290148,"median":67.93184885290148,"max":67.93184885290148,"min":67.93184885290148}}