{"name":"temp-382958","scoreData":{"2020-11-15":{"id":76561198083838820,"name":"temp-382958","score":9100,"level":1,"character":0,"platform":48,"runframes":6084,"runend":1022,"unknown1":2347,"unknown2":3536,"rank":3889,"percentile":9.644434115733219}},"tenDayPercentiles":[9.644434115733219],"tenDayDecayingPercentileScore":5.694941900999309,"scoresByDay":[5.694941900999309],"rankSummary":{"mean":3889,"median":3889,"max":3889,"min":3889},"percentileSummary":{"mean":9.644434115733219,"median":9.644434115733219,"max":9.644434115733219,"min":9.644434115733219}}