{"name":"temp2792","scoreData":{"2020-11-10":{"id":6975811729698375000,"name":"temp2792","score":8500,"level":4,"character":0,"platform":18,"runframes":12034,"runend":1019,"unknown1":4294963268,"unknown2":4294966136,"rank":2394,"percentile":45.31535648994516}},"tenDayPercentiles":[45.31535648994516],"tenDayDecayingPercentileScore":17.55609757054388,"scoresByDay":[17.55609757054388],"rankSummary":{"mean":2394,"median":2394,"max":2394,"min":2394},"percentileSummary":{"mean":45.31535648994516,"median":45.31535648994516,"max":45.31535648994516,"min":45.31535648994516}}