{"name":"Temp18","scoreData":{"2020-09-15":{"id":4227094285560459300,"name":"Temp18","score":11000,"level":2,"character":0,"platform":48,"runframes":9130,"runend":1021,"unknown1":589,"unknown2":530,"rank":885,"percentile":51.3215859030837}},"tenDayPercentiles":[],"tenDayDecayingPercentileScore":0,"scoresByDay":[],"rankSummary":{"mean":885,"median":885,"max":885,"min":885},"percentileSummary":{"mean":51.3215859030837,"median":51.3215859030837,"max":51.3215859030837,"min":51.3215859030837}}