{"name":"teqS666","scoreData":{"2020-09-19":{"id":6712078449087801000,"name":"teqS666","score":1000,"level":1,"character":0,"platform":48,"runframes":1750,"runend":1022,"unknown1":4294967268,"unknown2":26,"rank":2904,"percentile":3.1041388518024036}},"tenDayPercentiles":[],"tenDayDecayingPercentileScore":0,"scoresByDay":[],"rankSummary":{"mean":2904,"median":2904,"max":2904,"min":2904},"percentileSummary":{"mean":3.1041388518024036,"median":3.1041388518024036,"max":3.1041388518024036,"min":3.1041388518024036}}