{"name":"Termimoottori","scoreData":{"2020-10-05":{"id":76561198055556140,"name":"Termimoottori","score":12700,"level":4,"character":0,"platform":48,"runframes":31103,"runend":1019,"unknown1":4294964617,"unknown2":1442,"rank":3339,"percentile":50.99823840281856}},"tenDayPercentiles":[],"tenDayDecayingPercentileScore":0,"scoresByDay":[],"rankSummary":{"mean":3339,"median":3339,"max":3339,"min":3339},"percentileSummary":{"mean":50.99823840281856,"median":50.99823840281856,"max":50.99823840281856,"min":50.99823840281856}}