{"name":"ternert","scoreData":{"2020-10-01":{"id":76561198372220100,"name":"ternert","score":5400,"level":1,"character":0,"platform":18,"runframes":5660,"runend":1022,"unknown1":4614,"unknown2":2146,"rank":5882,"percentile":23.563815960488682}},"tenDayPercentiles":[],"tenDayDecayingPercentileScore":0,"scoresByDay":[],"rankSummary":{"mean":5882,"median":5882,"max":5882,"min":5882},"percentileSummary":{"mean":23.563815960488682,"median":23.563815960488682,"max":23.563815960488682,"min":23.563815960488682}}