{"name":"terra5215","scoreData":{"2020-09-26":{"id":3953736848385066500,"name":"terra5215","score":17000,"level":2,"character":0,"platform":48,"runframes":9988,"runend":1021,"unknown1":4294965160,"unknown2":4294965275,"rank":1917,"percentile":26.165703275529864}},"tenDayPercentiles":[],"tenDayDecayingPercentileScore":0,"scoresByDay":[],"rankSummary":{"mean":1917,"median":1917,"max":1917,"min":1917},"percentileSummary":{"mean":26.165703275529864,"median":26.165703275529864,"max":26.165703275529864,"min":26.165703275529864}}