{"name":"Tesha_Omar47","scoreData":{"2020-09-29":{"id":8713632250304940000,"name":"Tesha_Omar47","score":6500,"level":1,"character":1,"platform":48,"runframes":1370,"runend":1022,"unknown1":705,"unknown2":1202,"rank":5177,"percentile":7.439198855507868}},"tenDayPercentiles":[],"tenDayDecayingPercentileScore":0,"scoresByDay":[],"rankSummary":{"mean":5177,"median":5177,"max":5177,"min":5177},"percentileSummary":{"mean":7.439198855507868,"median":7.439198855507868,"max":7.439198855507868,"min":7.439198855507868}}