{"name":"tewp","scoreData":{"2020-09-29":{"id":76561198006257000,"name":"tewp","score":33350,"level":7,"character":4,"platform":18,"runframes":24075,"runend":1016,"unknown1":4294965357,"unknown2":1520,"rank":552,"percentile":90.14663805436338}},"tenDayPercentiles":[],"tenDayDecayingPercentileScore":0,"scoresByDay":[],"rankSummary":{"mean":552,"median":552,"max":552,"min":552},"percentileSummary":{"mean":90.14663805436338,"median":90.14663805436338,"max":90.14663805436338,"min":90.14663805436338}}