{"name":"texanfrek","scoreData":{"2020-10-17":{"id":8883590899749307000,"name":"texanfrek","score":14175,"level":5,"character":3,"platform":48,"runframes":20424,"runend":1018,"unknown1":30,"unknown2":4294965862,"rank":2220,"percentile":62.055403556771545}},"tenDayPercentiles":[],"tenDayDecayingPercentileScore":0,"scoresByDay":[],"rankSummary":{"mean":2220,"median":2220,"max":2220,"min":2220},"percentileSummary":{"mean":62.055403556771545,"median":62.055403556771545,"max":62.055403556771545,"min":62.055403556771545}}