{"name":"TexMexWildguns","scoreData":{"2020-09-20":{"id":2111712283355265500,"name":"TexMexWildguns","score":31050,"level":7,"character":7,"platform":48,"runframes":31996,"runend":1016,"unknown1":4294966176,"unknown2":4294965770,"rank":364,"percentile":87.79421654337592}},"tenDayPercentiles":[],"tenDayDecayingPercentileScore":0,"scoresByDay":[],"rankSummary":{"mean":364,"median":364,"max":364,"min":364},"percentileSummary":{"mean":87.79421654337592,"median":87.79421654337592,"max":87.79421654337592,"min":87.79421654337592}}