{"name":"Texon","scoreData":{"2020-10-29":{"id":6484100689466520000,"name":"Texon","score":2700,"level":3,"character":7,"platform":18,"runframes":13802,"runend":1020,"unknown1":4294965745,"unknown2":4294964739,"rank":2764,"percentile":42.232908216600464}},"tenDayPercentiles":[],"tenDayDecayingPercentileScore":0,"scoresByDay":[],"rankSummary":{"mean":2764,"median":2764,"max":2764,"min":2764},"percentileSummary":{"mean":42.232908216600464,"median":42.232908216600464,"max":42.232908216600464,"min":42.232908216600464}}