{"name":"Teyo13","scoreData":{"2020-09-21":{"id":1150256426816590800,"name":"Teyo13","score":23300,"level":5,"character":4,"platform":48,"runframes":24573,"runend":1018,"unknown1":4294965793,"unknown2":4294965601,"rank":616,"percentile":75.37044453344012}},"tenDayPercentiles":[],"tenDayDecayingPercentileScore":0,"scoresByDay":[],"rankSummary":{"mean":616,"median":616,"max":616,"min":616},"percentileSummary":{"mean":75.37044453344012,"median":75.37044453344012,"max":75.37044453344012,"min":75.37044453344012}}