{"name":"Tezuka","scoreData":{"2020-10-07":{"id":1985529367500394500,"name":"Tezuka","score":10100,"level":2,"character":3,"platform":18,"runframes":5010,"runend":1021,"unknown1":4294964984,"unknown2":416,"rank":3426,"percentile":47.501532801961986}},"tenDayPercentiles":[],"tenDayDecayingPercentileScore":0,"scoresByDay":[],"rankSummary":{"mean":3426,"median":3426,"max":3426,"min":3426},"percentileSummary":{"mean":47.501532801961986,"median":47.501532801961986,"max":47.501532801961986,"min":47.501532801961986}}