{"name":"Thalten155","scoreData":{"2020-10-03":{"id":76561198123766850,"name":"Thalten155","score":4000,"level":1,"character":3,"platform":48,"runframes":3733,"runend":1022,"unknown1":4294962306,"unknown2":4294964664,"rank":7505,"percentile":4.988604710053181}},"tenDayPercentiles":[],"tenDayDecayingPercentileScore":0,"scoresByDay":[],"rankSummary":{"mean":7505,"median":7505,"max":7505,"min":7505},"percentileSummary":{"mean":4.988604710053181,"median":4.988604710053181,"max":4.988604710053181,"min":4.988604710053181}}