{"name":"Thane","scoreData":{"2020-10-04":{"id":76561198392768060,"name":"Thane","score":14000,"level":5,"character":7,"platform":18,"runframes":14063,"runend":1018,"unknown1":1120,"unknown2":549,"rank":1844,"percentile":75.46592119275826}},"tenDayPercentiles":[],"tenDayDecayingPercentileScore":0,"scoresByDay":[],"rankSummary":{"mean":1844,"median":1844,"max":1844,"min":1844},"percentileSummary":{"mean":75.46592119275826,"median":75.46592119275826,"max":75.46592119275826,"min":75.46592119275826}}