{"name":"That1StaleMeme","scoreData":{"2020-11-21":{"id":3416644442870111700,"name":"That1StaleMeme","score":2900,"level":3,"character":7,"platform":48,"runframes":10539,"runend":1020,"unknown1":35,"unknown2":209,"rank":3227,"percentile":22.28378703926765}},"tenDayPercentiles":[],"tenDayDecayingPercentileScore":0,"scoresByDay":[],"rankSummary":{"mean":3227,"median":3227,"max":3227,"min":3227},"percentileSummary":{"mean":22.28378703926765,"median":22.28378703926765,"max":22.28378703926765,"min":22.28378703926765}}