{"name":"thatboykhaliilis","scoreData":{"2020-11-03":{"id":5729395227246829000,"name":"thatboykhaliilis","score":0,"level":1,"character":1,"platform":48,"runframes":242,"runend":1022,"unknown1":4294964620,"unknown2":4294966436,"rank":4406,"percentile":2.0675855935971583}},"tenDayPercentiles":[],"tenDayDecayingPercentileScore":0,"scoresByDay":[],"rankSummary":{"mean":4406,"median":4406,"max":4406,"min":4406},"percentileSummary":{"mean":2.0675855935971583,"median":2.0675855935971583,"max":2.0675855935971583,"min":2.0675855935971583}}