{"name":"That_Wierd_Uncle","scoreData":{"2020-09-18":{"id":8049672713258643000,"name":"That_Wierd_Uncle","score":900,"level":2,"character":0,"platform":48,"runframes":19040,"runend":1021,"unknown1":955,"unknown2":874,"rank":2453,"percentile":12.303290414878404}},"tenDayPercentiles":[],"tenDayDecayingPercentileScore":0,"scoresByDay":[],"rankSummary":{"mean":2453,"median":2453,"max":2453,"min":2453},"percentileSummary":{"mean":12.303290414878404,"median":12.303290414878404,"max":12.303290414878404,"min":12.303290414878404}}