{"name":"ThatOneGinger","scoreData":{"2020-10-03":{"id":76561198157723090,"name":"ThatOneGinger","score":29300,"level":3,"character":5,"platform":18,"runframes":73206,"runend":1020,"unknown1":4294965287,"unknown2":1041,"rank":2222,"percentile":71.8789566978982}},"tenDayPercentiles":[],"tenDayDecayingPercentileScore":0,"scoresByDay":[],"rankSummary":{"mean":2222,"median":2222,"max":2222,"min":2222},"percentileSummary":{"mean":71.8789566978982,"median":71.8789566978982,"max":71.8789566978982,"min":71.8789566978982}}