{"name":"The Monster","scoreData":{"2020-10-01":{"id":3429829751663917600,"name":"The Monster","score":14700,"level":4,"character":0,"platform":18,"runframes":20251,"runend":1019,"unknown1":5589,"unknown2":108,"rank":3044,"percentile":60.44970106576553}},"tenDayDecayingPercentileMean":null,"rankSummary":{"mean":3044,"median":3044,"max":3044,"min":3044},"percentileSummary":{"mean":60.44970106576553,"median":60.44970106576553,"max":60.44970106576553,"min":60.44970106576553}}