{"name":"The Woah Zone Layer","scoreData":{"2020-10-04":{"id":922934492988190700,"name":"The Woah Zone Layer","score":0,"level":1,"character":3,"platform":18,"runframes":7496,"runend":1022,"unknown1":3592,"unknown2":95,"rank":7219,"percentile":3.9137380191693296}},"tenDayDecayingPercentileMean":null,"rankSummary":{"mean":7219,"median":7219,"max":7219,"min":7219},"percentileSummary":{"mean":3.9137380191693296,"median":3.9137380191693296,"max":3.9137380191693296,"min":3.9137380191693296}}