{"name":"The Sheep","scoreData":{"2020-10-13":{"id":76561198022746530,"name":"The Sheep","score":20600,"level":2,"character":7,"platform":18,"runframes":8173,"runend":1021,"unknown1":641,"unknown2":4294964113,"rank":3271,"percentile":44.245524296675185}},"tenDayDecayingPercentileMean":null,"rankSummary":{"mean":3271,"median":3271,"max":3271,"min":3271},"percentileSummary":{"mean":44.245524296675185,"median":44.245524296675185,"max":44.245524296675185,"min":44.245524296675185}}