{"name":"The Mortician","scoreData":{"2020-09-30":{"id":2358473122127565300,"name":"The Mortician","score":500,"level":1,"character":7,"platform":18,"runframes":873,"runend":1022,"unknown1":2802,"unknown2":2005,"rank":7670,"percentile":0.7120662868979792}},"tenDayDecayingPercentileMean":null,"rankSummary":{"mean":7670,"median":7670,"max":7670,"min":7670},"percentileSummary":{"mean":0.7120662868979792,"median":0.7120662868979792,"max":0.7120662868979792,"min":0.7120662868979792}}