{"name":"The Clown","scoreData":{"2020-10-08":{"id":76561198151490460,"name":"The Clown","score":500,"level":2,"character":3,"platform":18,"runframes":2032,"runend":1021,"unknown1":4294965776,"unknown2":223,"rank":6109,"percentile":3.6441079034548096}},"tenDayDecayingPercentileMean":null,"rankSummary":{"mean":6109,"median":6109,"max":6109,"min":6109},"percentileSummary":{"mean":3.6441079034548096,"median":3.6441079034548096,"max":3.6441079034548096,"min":3.6441079034548096}}