{"name":"The Sin of Nicolas Cage","scoreData":{"2020-10-13":{"id":5257035048425950000,"name":"The Sin of Nicolas Cage","score":0,"level":1,"character":0,"platform":18,"runframes":432,"runend":1022,"unknown1":3998,"unknown2":4348,"rank":5814,"percentile":0.8866155157715241}},"tenDayDecayingPercentileMean":null,"rankSummary":{"mean":5814,"median":5814,"max":5814,"min":5814},"percentileSummary":{"mean":0.8866155157715241,"median":0.8866155157715241,"max":0.8866155157715241,"min":0.8866155157715241}}