{"name":"the_law_xx55","scoreData":{"2020-10-01":{"id":76561198010200700,"name":"the_law_xx55","score":15600,"level":3,"character":0,"platform":48,"runframes":8611,"runend":1020,"unknown1":4294963582,"unknown2":4294963614,"rank":3744,"percentile":51.351702625422405}},"tenDayPercentiles":[],"tenDayDecayingPercentileScore":0,"scoresByDay":[],"rankSummary":{"mean":3744,"median":3744,"max":3744,"min":3744},"percentileSummary":{"mean":51.351702625422405,"median":51.351702625422405,"max":51.351702625422405,"min":51.351702625422405}}