{"name":"The Spelunky 2 MC","scoreData":{"2020-09-30":{"id":76561198452570560,"name":"The Spelunky 2 MC","score":5900,"level":2,"character":2,"platform":18,"runframes":6652,"runend":1021,"unknown1":4294965371,"unknown2":1243,"rank":5459,"percentile":29.337131020196793}},"tenDayPercentiles":[],"tenDayDecayingPercentileScore":0,"scoresByDay":[],"rankSummary":{"mean":5459,"median":5459,"max":5459,"min":5459},"percentileSummary":{"mean":29.337131020196793,"median":29.337131020196793,"max":29.337131020196793,"min":29.337131020196793}}