{"name":"The__AFK__Bot","scoreData":{"2020-09-18":{"id":3249883096694420500,"name":"The__AFK__Bot","score":2500,"level":2,"character":0,"platform":48,"runframes":6440,"runend":1021,"unknown1":1114,"unknown2":101,"rank":2346,"percentile":16.130185979971387}},"tenDayPercentiles":[],"tenDayDecayingPercentileScore":0,"scoresByDay":[],"rankSummary":{"mean":2346,"median":2346,"max":2346,"min":2346},"percentileSummary":{"mean":16.130185979971387,"median":16.130185979971387,"max":16.130185979971387,"min":16.130185979971387}}