{"name":"The Observer","scoreData":{"2020-11-22":{"id":76561197973616640,"name":"The Observer","score":4200,"level":1,"character":4,"platform":18,"runframes":6144,"runend":1022,"unknown1":4294963645,"unknown2":4294964237,"rank":3674,"percentile":8.152038009502377}},"tenDayPercentiles":[],"tenDayDecayingPercentileScore":0,"scoresByDay":[],"rankSummary":{"mean":3674,"median":3674,"max":3674,"min":3674},"percentileSummary":{"mean":8.152038009502377,"median":8.152038009502377,"max":8.152038009502377,"min":8.152038009502377}}