{"name":"The Test Subject","scoreData":{"2020-10-07":{"id":76561198970373740,"name":"The Test Subject","score":3000,"level":1,"character":4,"platform":18,"runframes":948,"runend":1022,"unknown1":1220,"unknown2":47,"rank":6157,"percentile":5.6407112201103615}},"tenDayPercentiles":[],"tenDayDecayingPercentileScore":0,"scoresByDay":[],"rankSummary":{"mean":6157,"median":6157,"max":6157,"min":6157},"percentileSummary":{"mean":5.6407112201103615,"median":5.6407112201103615,"max":5.6407112201103615,"min":5.6407112201103615}}