{"name":"The_Denim_Dino","scoreData":{"2020-10-04":{"id":76561197967514240,"name":"The_Denim_Dino","score":29025,"level":8,"character":0,"platform":48,"runframes":19988,"runend":1015,"unknown1":4294964990,"unknown2":4294965426,"rank":503,"percentile":93.31735889243876}},"tenDayPercentiles":[],"tenDayDecayingPercentileScore":0,"scoresByDay":[],"rankSummary":{"mean":503,"median":503,"max":503,"min":503},"percentileSummary":{"mean":93.31735889243876,"median":93.31735889243876,"max":93.31735889243876,"min":93.31735889243876}}