{"name":"The_Grape_Zombie","scoreData":{"2020-11-08":{"id":76561197980090690,"name":"The_Grape_Zombie","score":72925,"level":7,"character":0,"platform":48,"runframes":48391,"runend":1016,"unknown1":2226,"unknown2":3127,"rank":407,"percentile":91.38918345705196}},"tenDayPercentiles":[],"tenDayDecayingPercentileScore":0,"scoresByDay":[],"rankSummary":{"mean":407,"median":407,"max":407,"min":407},"percentileSummary":{"mean":91.38918345705196,"median":91.38918345705196,"max":91.38918345705196,"min":91.38918345705196}}