{"name":"The Doctor007","scoreData":{"2020-10-10":{"id":76561198171007790,"name":"The Doctor007","score":10000,"level":2,"character":0,"platform":18,"runframes":7684,"runend":1021,"unknown1":1806,"unknown2":1343,"rank":3669,"percentile":44.390539721043055}},"tenDayPercentiles":[],"tenDayDecayingPercentileScore":0,"scoresByDay":[],"rankSummary":{"mean":3669,"median":3669,"max":3669,"min":3669},"percentileSummary":{"mean":44.390539721043055,"median":44.390539721043055,"max":44.390539721043055,"min":44.390539721043055}}