{"name":"The Cowpuncher","scoreData":{"2020-11-21":{"id":6284685865329910000,"name":"The Cowpuncher","score":3100,"level":2,"character":2,"platform":18,"runframes":6438,"runend":1021,"unknown1":4294965354,"unknown2":4294965852,"rank":3546,"percentile":14.59889183329318}},"tenDayPercentiles":[14.59889183329318],"tenDayDecayingPercentileScore":13.139002649963862,"scoresByDay":[13.139002649963862],"rankSummary":{"mean":3546,"median":3546,"max":3546,"min":3546},"percentileSummary":{"mean":14.59889183329318,"median":14.59889183329318,"max":14.59889183329318,"min":14.59889183329318}}