{"name":"the sarge","scoreData":{"2020-10-14":{"id":76561198103660660,"name":"the sarge","score":15400,"level":4,"character":0,"platform":18,"runframes":19902,"runend":1019,"unknown1":2429,"unknown2":110,"rank":2372,"percentile":57.14027476500362}},"tenDayPercentiles":[],"tenDayDecayingPercentileScore":0,"scoresByDay":[],"rankSummary":{"mean":2372,"median":2372,"max":2372,"min":2372},"percentileSummary":{"mean":57.14027476500362,"median":57.14027476500362,"max":57.14027476500362,"min":57.14027476500362}}