{"name":"The Perfect Being","scoreData":{"2020-11-19":{"id":76561198895449200,"name":"The Perfect Being","score":9400,"level":5,"character":7,"platform":18,"runframes":23725,"runend":1018,"unknown1":1390,"unknown2":1507,"rank":1689,"percentile":56.78443420378904}},"tenDayPercentiles":[56.78443420378904],"tenDayDecayingPercentileScore":45.995391705069125,"scoresByDay":[45.995391705069125],"rankSummary":{"mean":1689,"median":1689,"max":1689,"min":1689},"percentileSummary":{"mean":56.78443420378904,"median":56.78443420378904,"max":56.78443420378904,"min":56.78443420378904}}