{"name":"the_gman246","scoreData":{"2020-10-17":{"id":76561198141604510,"name":"the_gman246","score":2800,"level":2,"character":16,"platform":18,"runframes":6400,"runend":1021,"unknown1":4294962657,"unknown2":4294966172,"rank":4623,"percentile":20.96443228454173}},"tenDayPercentiles":[],"tenDayDecayingPercentileScore":0,"scoresByDay":[],"rankSummary":{"mean":4623,"median":4623,"max":4623,"min":4623},"percentileSummary":{"mean":20.96443228454173,"median":20.96443228454173,"max":20.96443228454173,"min":20.96443228454173}}