{"name":"The Fantastic Gluten Free","scoreData":{"2020-10-03":{"id":76561198041300670,"name":"The Fantastic Gluten Free","score":39075,"level":7,"character":3,"platform":18,"runframes":65097,"runend":1016,"unknown1":4294965125,"unknown2":4294961789,"rank":732,"percentile":90.7444922765257}},"tenDayPercentiles":[],"tenDayDecayingPercentileScore":0,"scoresByDay":[],"rankSummary":{"mean":732,"median":732,"max":732,"min":732},"percentileSummary":{"mean":90.7444922765257,"median":90.7444922765257,"max":90.7444922765257,"min":90.7444922765257}}