{"name":"the bron jame","scoreData":{"2020-10-20":{"id":76561198051965390,"name":"the bron jame","score":20850,"level":6,"character":15,"platform":18,"runframes":46232,"runend":1017,"unknown1":4294965044,"unknown2":192,"rank":1985,"percentile":63.25925925925926}},"tenDayPercentiles":[],"tenDayDecayingPercentileScore":0,"scoresByDay":[],"rankSummary":{"mean":1985,"median":1985,"max":1985,"min":1985},"percentileSummary":{"mean":63.25925925925926,"median":63.25925925925926,"max":63.25925925925926,"min":63.25925925925926}}