{"name":"TheAngryHunter1","scoreData":{"2020-11-08":{"id":8130958040632826000,"name":"TheAngryHunter1","score":5500,"level":2,"character":0,"platform":18,"runframes":7056,"runend":1021,"unknown1":4294966514,"unknown2":4294964234,"rank":3338,"percentile":29.22587486744432}},"tenDayPercentiles":[],"tenDayDecayingPercentileScore":0,"scoresByDay":[],"rankSummary":{"mean":3338,"median":3338,"max":3338,"min":3338},"percentileSummary":{"mean":29.22587486744432,"median":29.22587486744432,"max":29.22587486744432,"min":29.22587486744432}}