{"name":"TheAaronC","scoreData":{"2020-09-18":{"id":353456387905962050,"name":"TheAaronC","score":4200,"level":4,"character":7,"platform":48,"runframes":10709,"runend":1019,"unknown1":4294966995,"unknown2":4294965524,"rank":1570,"percentile":43.88412017167382}},"tenDayPercentiles":[],"tenDayDecayingPercentileScore":0,"scoresByDay":[],"rankSummary":{"mean":1570,"median":1570,"max":1570,"min":1570},"percentileSummary":{"mean":43.88412017167382,"median":43.88412017167382,"max":43.88412017167382,"min":43.88412017167382}}