{"name":"TheAguila","scoreData":{"2020-10-04":{"id":76561198333445650,"name":"TheAguila","score":4900,"level":2,"character":0,"platform":18,"runframes":5857,"runend":1021,"unknown1":4294961611,"unknown2":634,"rank":5777,"percentile":23.109691160809376}},"tenDayPercentiles":[],"tenDayDecayingPercentileScore":0,"scoresByDay":[],"rankSummary":{"mean":5777,"median":5777,"max":5777,"min":5777},"percentileSummary":{"mean":23.109691160809376,"median":23.109691160809376,"max":23.109691160809376,"min":23.109691160809376}}