{"name":"TheAlmightyAten","scoreData":{"2020-11-02":{"id":76561198864057150,"name":"TheAlmightyAten","score":17000,"level":4,"character":12,"platform":18,"runframes":24942,"runend":1019,"unknown1":4294965276,"unknown2":4294964656,"rank":2325,"percentile":48.043818466353684}},"tenDayPercentiles":[],"tenDayDecayingPercentileScore":0,"scoresByDay":[],"rankSummary":{"mean":2325,"median":2325,"max":2325,"min":2325},"percentileSummary":{"mean":48.043818466353684,"median":48.043818466353684,"max":48.043818466353684,"min":48.043818466353684}}