{"name":"TheBenGurn","scoreData":{"2020-10-12":{"id":76561197993091580,"name":"TheBenGurn","score":15800,"level":3,"character":4,"platform":48,"runframes":15495,"runend":1020,"unknown1":2550,"unknown2":2062,"rank":2765,"percentile":53.81016042780749}},"tenDayPercentiles":[],"tenDayDecayingPercentileScore":0,"scoresByDay":[],"rankSummary":{"mean":2765,"median":2765,"max":2765,"min":2765},"percentileSummary":{"mean":53.81016042780749,"median":53.81016042780749,"max":53.81016042780749,"min":53.81016042780749}}