{"name":"thebigd56","scoreData":{"2020-10-24":{"id":7825373725574427000,"name":"thebigd56","score":14825,"level":6,"character":16,"platform":18,"runframes":29509,"runend":1017,"unknown1":4037,"unknown2":3590,"rank":1470,"percentile":72.65450483991066}},"tenDayPercentiles":[],"tenDayDecayingPercentileScore":0,"scoresByDay":[],"rankSummary":{"mean":1470,"median":1470,"max":1470,"min":1470},"percentileSummary":{"mean":72.65450483991066,"median":72.65450483991066,"max":72.65450483991066,"min":72.65450483991066}}