{"name":"thebulldog","scoreData":{"2020-10-08":{"id":76561198237206610,"name":"thebulldog","score":5300,"level":2,"character":7,"platform":18,"runframes":3972,"runend":1021,"unknown1":4294963586,"unknown2":159,"rank":5685,"percentile":10.332860072566646}},"tenDayPercentiles":[],"tenDayDecayingPercentileScore":0,"scoresByDay":[],"rankSummary":{"mean":5685,"median":5685,"max":5685,"min":5685},"percentileSummary":{"mean":10.332860072566646,"median":10.332860072566646,"max":10.332860072566646,"min":10.332860072566646}}