{"name":"TheBeastPancake","scoreData":{"2020-09-18":{"id":1550635946751481000,"name":"TheBeastPancake","score":600,"level":1,"character":0,"platform":48,"runframes":1064,"runend":1022,"unknown1":4294965771,"unknown2":4294965484,"rank":2637,"percentile":5.72246065808298}},"tenDayPercentiles":[],"tenDayDecayingPercentileScore":0,"scoresByDay":[],"rankSummary":{"mean":2637,"median":2637,"max":2637,"min":2637},"percentileSummary":{"mean":5.72246065808298,"median":5.72246065808298,"max":5.72246065808298,"min":5.72246065808298}}