{"name":"thebillingtons","scoreData":{"2020-10-02":{"id":5277713613651828000,"name":"thebillingtons","score":4500,"level":1,"character":0,"platform":48,"runframes":3424,"runend":1022,"unknown1":4294963429,"unknown2":583,"rank":6480,"percentile":13.185046228058411}},"tenDayPercentiles":[],"tenDayDecayingPercentileScore":0,"scoresByDay":[],"rankSummary":{"mean":6480,"median":6480,"max":6480,"min":6480},"percentileSummary":{"mean":13.185046228058411,"median":13.185046228058411,"max":13.185046228058411,"min":13.185046228058411}}