{"name":"TheChileSpecial-","scoreData":{"2020-09-28":{"id":6446546382350975000,"name":"TheChileSpecial-","score":4800,"level":2,"character":3,"platform":48,"runframes":4577,"runend":1021,"unknown1":4294966726,"unknown2":4294966387,"rank":1782,"percentile":17.46987951807229}},"tenDayPercentiles":[],"tenDayDecayingPercentileScore":0,"scoresByDay":[],"rankSummary":{"mean":1782,"median":1782,"max":1782,"min":1782},"percentileSummary":{"mean":17.46987951807229,"median":17.46987951807229,"max":17.46987951807229,"min":17.46987951807229}}