{"name":"thechanceg","scoreData":{"2020-10-03":{"id":3137047783840403500,"name":"thechanceg","score":16400,"level":2,"character":3,"platform":18,"runframes":10217,"runend":1021,"unknown1":1290,"unknown2":5839,"rank":3488,"percentile":55.84958217270195}},"tenDayPercentiles":[],"tenDayDecayingPercentileScore":0,"scoresByDay":[],"rankSummary":{"mean":3488,"median":3488,"max":3488,"min":3488},"percentileSummary":{"mean":55.84958217270195,"median":55.84958217270195,"max":55.84958217270195,"min":55.84958217270195}}