{"name":"TheCoconutPirate","scoreData":{"2020-10-01":{"id":76561198016584720,"name":"TheCoconutPirate","score":2000,"level":1,"character":2,"platform":18,"runframes":1382,"runend":1022,"unknown1":4294965401,"unknown2":4294961979,"rank":7275,"percentile":5.458799064205877}},"tenDayPercentiles":[],"tenDayDecayingPercentileScore":0,"scoresByDay":[],"rankSummary":{"mean":7275,"median":7275,"max":7275,"min":7275},"percentileSummary":{"mean":5.458799064205877,"median":5.458799064205877,"max":5.458799064205877,"min":5.458799064205877}}