{"name":"THED1V1DE","scoreData":{"2020-10-10":{"id":76561198076340700,"name":"THED1V1DE","score":10000,"level":2,"character":7,"platform":48,"runframes":7693,"runend":1021,"unknown1":1173,"unknown2":818,"rank":3674,"percentile":44.31473620375985}},"tenDayPercentiles":[],"tenDayDecayingPercentileScore":0,"scoresByDay":[],"rankSummary":{"mean":3674,"median":3674,"max":3674,"min":3674},"percentileSummary":{"mean":44.31473620375985,"median":44.31473620375985,"max":44.31473620375985,"min":44.31473620375985}}