{"name":"TheDemonOfHell43","scoreData":{"2020-10-17":{"id":76561198037564370,"name":"TheDemonOfHell43","score":9200,"level":3,"character":4,"platform":18,"runframes":10570,"runend":1020,"unknown1":4294964639,"unknown2":4294964987,"rank":3619,"percentile":38.132694938440494}},"tenDayPercentiles":[],"tenDayDecayingPercentileScore":0,"scoresByDay":[],"rankSummary":{"mean":3619,"median":3619,"max":3619,"min":3619},"percentileSummary":{"mean":38.132694938440494,"median":38.132694938440494,"max":38.132694938440494,"min":38.132694938440494}}