{"name":"TheDarnCat","scoreData":{"2020-10-03":{"id":76561198093113820,"name":"TheDarnCat","score":5300,"level":1,"character":1,"platform":18,"runframes":3891,"runend":1022,"unknown1":5267,"unknown2":3194,"rank":7447,"percentile":5.72296783995948}},"tenDayPercentiles":[],"tenDayDecayingPercentileScore":0,"scoresByDay":[],"rankSummary":{"mean":7447,"median":7447,"max":7447,"min":7447},"percentileSummary":{"mean":5.72296783995948,"median":5.72296783995948,"max":5.72296783995948,"min":5.72296783995948}}