{"name":"TheDon_ZHB","scoreData":{"2020-10-17":{"id":76561198036639470,"name":"TheDon_ZHB","score":15300,"level":3,"character":7,"platform":48,"runframes":14431,"runend":1020,"unknown1":4294963640,"unknown2":4294963051,"rank":3258,"percentile":44.30574555403557}},"tenDayPercentiles":[],"tenDayDecayingPercentileScore":0,"scoresByDay":[],"rankSummary":{"mean":3258,"median":3258,"max":3258,"min":3258},"percentileSummary":{"mean":44.30574555403557,"median":44.30574555403557,"max":44.30574555403557,"min":44.30574555403557}}