{"name":"TheDude80926","scoreData":{"2020-09-19":{"id":2419049661986288000,"name":"TheDude80926","score":1500,"level":4,"character":3,"platform":48,"runframes":4171,"runend":1019,"unknown1":4294966432,"unknown2":165,"rank":832,"percentile":72.2630173564753}},"tenDayPercentiles":[],"tenDayDecayingPercentileScore":0,"scoresByDay":[],"rankSummary":{"mean":832,"median":832,"max":832,"min":832},"percentileSummary":{"mean":72.2630173564753,"median":72.2630173564753,"max":72.2630173564753,"min":72.2630173564753}}