{"name":"TheDirtDawg","scoreData":{"2020-11-20":{"id":6180570928197146000,"name":"TheDirtDawg","score":10400,"level":3,"character":0,"platform":48,"runframes":13064,"runend":1020,"unknown1":4294966138,"unknown2":4294966546,"rank":2957,"percentile":26.83168316831683}},"tenDayPercentiles":[],"tenDayDecayingPercentileScore":0,"scoresByDay":[],"rankSummary":{"mean":2957,"median":2957,"max":2957,"min":2957},"percentileSummary":{"mean":26.83168316831683,"median":26.83168316831683,"max":26.83168316831683,"min":26.83168316831683}}