{"name":"Thedestroyer_096","scoreData":{"2020-09-17":{"id":2634948982664130000,"name":"Thedestroyer_096","score":34200,"level":3,"character":7,"platform":48,"runframes":23214,"runend":1020,"unknown1":749,"unknown2":145,"rank":623,"percentile":77.99787760877255}},"tenDayPercentiles":[],"tenDayDecayingPercentileScore":0,"scoresByDay":[],"rankSummary":{"mean":623,"median":623,"max":623,"min":623},"percentileSummary":{"mean":77.99787760877255,"median":77.99787760877255,"max":77.99787760877255,"min":77.99787760877255}}