{"name":"TheDarkM","scoreData":{"2020-11-04":{"id":3460359369985916000,"name":"TheDarkM","score":8400,"level":2,"character":3,"platform":18,"runframes":5586,"runend":1021,"unknown1":1605,"unknown2":72,"rank":3641,"percentile":18.91289819558922}},"tenDayPercentiles":[],"tenDayDecayingPercentileScore":0,"scoresByDay":[],"rankSummary":{"mean":3641,"median":3641,"max":3641,"min":3641},"percentileSummary":{"mean":18.91289819558922,"median":18.91289819558922,"max":18.91289819558922,"min":18.91289819558922}}