{"name":"TheEwokianOne","scoreData":{"2020-10-01":{"id":76561198047337600,"name":"TheEwokianOne","score":8800,"level":3,"character":1,"platform":18,"runframes":11758,"runend":1020,"unknown1":1756,"unknown2":98,"rank":4179,"percentile":45.697946451780616}},"tenDayPercentiles":[],"tenDayDecayingPercentileScore":0,"scoresByDay":[],"rankSummary":{"mean":4179,"median":4179,"max":4179,"min":4179},"percentileSummary":{"mean":45.697946451780616,"median":45.697946451780616,"max":45.697946451780616,"min":45.697946451780616}}