{"name":"TheForgottenWand","scoreData":{"2020-09-20":{"id":3038164041516197400,"name":"TheForgottenWand","score":28950,"level":4,"character":0,"platform":48,"runframes":23833,"runend":1019,"unknown1":1438,"unknown2":722,"rank":713,"percentile":76.05917955615332}},"tenDayPercentiles":[],"tenDayDecayingPercentileScore":0,"scoresByDay":[],"rankSummary":{"mean":713,"median":713,"max":713,"min":713},"percentileSummary":{"mean":76.05917955615332,"median":76.05917955615332,"max":76.05917955615332,"min":76.05917955615332}}