{"name":"thegodjuan","scoreData":{"2020-10-11":{"id":253838081728733980,"name":"thegodjuan","score":42600,"level":4,"character":7,"platform":18,"runframes":29809,"runend":1019,"unknown1":4294963515,"unknown2":4294963688,"rank":2085,"percentile":67.18110236220473}},"tenDayPercentiles":[],"tenDayDecayingPercentileScore":0,"scoresByDay":[],"rankSummary":{"mean":2085,"median":2085,"max":2085,"min":2085},"percentileSummary":{"mean":67.18110236220473,"median":67.18110236220473,"max":67.18110236220473,"min":67.18110236220473}}