{"name":"TheGinko","scoreData":{"2020-11-15":{"id":76561198065686200,"name":"TheGinko","score":14300,"level":2,"character":4,"platform":48,"runframes":14355,"runend":1021,"unknown1":4294964507,"unknown2":4294963444,"rank":2866,"percentile":33.41854520102254}},"tenDayPercentiles":[33.41854520102254],"tenDayDecayingPercentileScore":21.925907506390892,"scoresByDay":[21.925907506390892],"rankSummary":{"mean":2866,"median":2866,"max":2866,"min":2866},"percentileSummary":{"mean":33.41854520102254,"median":33.41854520102254,"max":33.41854520102254,"min":33.41854520102254}}