{"name":"thegurtawakens","scoreData":{"2020-10-21":{"id":76561198092863180,"name":"thegurtawakens","score":9750,"level":4,"character":7,"platform":18,"runframes":22620,"runend":1019,"unknown1":4294966208,"unknown2":4294966566,"rank":2609,"percentile":51.41579731743666}},"tenDayPercentiles":[],"tenDayDecayingPercentileScore":0,"scoresByDay":[],"rankSummary":{"mean":2609,"median":2609,"max":2609,"min":2609},"percentileSummary":{"mean":51.41579731743666,"median":51.41579731743666,"max":51.41579731743666,"min":51.41579731743666}}