{"name":"theguil","scoreData":{"2020-11-08":{"id":7767694900782806000,"name":"theguil","score":42275,"level":6,"character":19,"platform":48,"runframes":27171,"runend":1017,"unknown1":4294966960,"unknown2":1273,"rank":693,"percentile":85.32343584305409}},"tenDayPercentiles":[],"tenDayDecayingPercentileScore":0,"scoresByDay":[],"rankSummary":{"mean":693,"median":693,"max":693,"min":693},"percentileSummary":{"mean":85.32343584305409,"median":85.32343584305409,"max":85.32343584305409,"min":85.32343584305409}}