{"name":"TheHias","scoreData":{"2020-10-08":{"id":76561198045818020,"name":"TheHias","score":3800,"level":4,"character":0,"platform":48,"runframes":7826,"runend":1019,"unknown1":4294965643,"unknown2":4294966066,"rank":2835,"percentile":55.29263290739864}},"tenDayPercentiles":[],"tenDayDecayingPercentileScore":0,"scoresByDay":[],"rankSummary":{"mean":2835,"median":2835,"max":2835,"min":2835},"percentileSummary":{"mean":55.29263290739864,"median":55.29263290739864,"max":55.29263290739864,"min":55.29263290739864}}