{"name":"THEHUNTER1992","scoreData":{"2020-09-19":{"id":7027306292636638000,"name":"THEHUNTER1992","score":3000,"level":2,"character":0,"platform":48,"runframes":2938,"runend":1021,"unknown1":4294967034,"unknown2":4294966328,"rank":1992,"percentile":33.54472630173565}},"tenDayPercentiles":[],"tenDayDecayingPercentileScore":0,"scoresByDay":[],"rankSummary":{"mean":1992,"median":1992,"max":1992,"min":1992},"percentileSummary":{"mean":33.54472630173565,"median":33.54472630173565,"max":33.54472630173565,"min":33.54472630173565}}