{"name":"TheKudg","scoreData":{"2020-09-17":{"id":203217774253141950,"name":"TheKudg","score":14100,"level":4,"character":1,"platform":48,"runframes":8730,"runend":1019,"unknown1":4294966263,"unknown2":93,"rank":521,"percentile":81.60594269543685}},"tenDayPercentiles":[],"tenDayDecayingPercentileScore":0,"scoresByDay":[],"rankSummary":{"mean":521,"median":521,"max":521,"min":521},"percentileSummary":{"mean":81.60594269543685,"median":81.60594269543685,"max":81.60594269543685,"min":81.60594269543685}}