{"name":"TheKow","scoreData":{"2020-10-05":{"id":5399357280636394000,"name":"TheKow","score":20650,"level":6,"character":0,"platform":18,"runframes":35037,"runend":1017,"unknown1":870,"unknown2":432,"rank":1844,"percentile":72.94480328831474}},"tenDayPercentiles":[],"tenDayDecayingPercentileScore":0,"scoresByDay":[],"rankSummary":{"mean":1844,"median":1844,"max":1844,"min":1844},"percentileSummary":{"mean":72.94480328831474,"median":72.94480328831474,"max":72.94480328831474,"min":72.94480328831474}}