{"name":"Thekingonik","scoreData":{"2020-11-22":{"id":6259823337720679000,"name":"Thekingonik","score":2200,"level":1,"character":10,"platform":48,"runframes":1042,"runend":1022,"unknown1":4294966009,"unknown2":4294963840,"rank":3776,"percentile":5.6014003500875305}},"tenDayPercentiles":[],"tenDayDecayingPercentileScore":0,"scoresByDay":[],"rankSummary":{"mean":3776,"median":3776,"max":3776,"min":3776},"percentileSummary":{"mean":5.6014003500875305,"median":5.6014003500875305,"max":5.6014003500875305,"min":5.6014003500875305}}