{"name":"Thelazybuddha","scoreData":{"2020-10-12":{"id":76561198237470050,"name":"Thelazybuddha","score":6500,"level":1,"character":3,"platform":48,"runframes":2708,"runend":1022,"unknown1":646,"unknown2":36,"rank":5347,"percentile":10.661764705882348}},"tenDayPercentiles":[],"tenDayDecayingPercentileScore":0,"scoresByDay":[],"rankSummary":{"mean":5347,"median":5347,"max":5347,"min":5347},"percentileSummary":{"mean":10.661764705882348,"median":10.661764705882348,"max":10.661764705882348,"min":10.661764705882348}}