{"name":"TheLeDaryn","scoreData":{"2020-10-22":{"id":76561197983088050,"name":"TheLeDaryn","score":40650,"level":6,"character":7,"platform":48,"runframes":34997,"runend":1017,"unknown1":4294965348,"unknown2":472,"rank":1368,"percentile":74.2415677407198}},"tenDayPercentiles":[],"tenDayDecayingPercentileScore":0,"scoresByDay":[],"rankSummary":{"mean":1368,"median":1368,"max":1368,"min":1368},"percentileSummary":{"mean":74.2415677407198,"median":74.2415677407198,"max":74.2415677407198,"min":74.2415677407198}}