{"name":"TheLastNannel","scoreData":{"2020-09-22":{"id":2016789060872556800,"name":"TheLastNannel","score":3000,"level":2,"character":6,"platform":48,"runframes":4789,"runend":1021,"unknown1":4294965137,"unknown2":4294965238,"rank":1556,"percentile":36.839967506092606}},"tenDayPercentiles":[],"tenDayDecayingPercentileScore":0,"scoresByDay":[],"rankSummary":{"mean":1556,"median":1556,"max":1556,"min":1556},"percentileSummary":{"mean":36.839967506092606,"median":36.839967506092606,"max":36.839967506092606,"min":36.839967506092606}}