{"name":"theMULARKEY","scoreData":{"2020-09-17":{"id":740453889159149000,"name":"theMULARKEY","score":30600,"level":3,"character":4,"platform":48,"runframes":22165,"runend":1020,"unknown1":2616,"unknown2":1130,"rank":677,"percentile":76.08772550406792}},"tenDayPercentiles":[],"tenDayDecayingPercentileScore":0,"scoresByDay":[],"rankSummary":{"mean":677,"median":677,"max":677,"min":677},"percentileSummary":{"mean":76.08772550406792,"median":76.08772550406792,"max":76.08772550406792,"min":76.08772550406792}}