{"name":"themazster","scoreData":{"2020-11-22":{"id":2752970735986062300,"name":"themazster","score":20250,"level":6,"character":6,"platform":18,"runframes":40975,"runend":1017,"unknown1":4294964266,"unknown2":184,"rank":558,"percentile":86.07151787946987}},"tenDayPercentiles":[],"tenDayDecayingPercentileScore":0,"scoresByDay":[],"rankSummary":{"mean":558,"median":558,"max":558,"min":558},"percentileSummary":{"mean":86.07151787946987,"median":86.07151787946987,"max":86.07151787946987,"min":86.07151787946987}}