{"name":"TheNewBeastMode","scoreData":{"2020-09-18":{"id":3345014154726728000,"name":"TheNewBeastMode","score":0,"level":1,"character":1,"platform":48,"runframes":657,"runend":1022,"unknown1":972,"unknown2":117,"rank":2730,"percentile":2.396280400572252}},"tenDayPercentiles":[],"tenDayDecayingPercentileScore":0,"scoresByDay":[],"rankSummary":{"mean":2730,"median":2730,"max":2730,"min":2730},"percentileSummary":{"mean":2.396280400572252,"median":2.396280400572252,"max":2.396280400572252,"min":2.396280400572252}}