{"name":"TheOneEyedKiing","scoreData":{"2020-09-25":{"id":5979286182684534000,"name":"TheOneEyedKiing","score":3600,"level":1,"character":0,"platform":48,"runframes":4103,"runend":1022,"unknown1":2069,"unknown2":470,"rank":1835,"percentile":20.19147084421236}},"tenDayPercentiles":[],"tenDayDecayingPercentileScore":0,"scoresByDay":[],"rankSummary":{"mean":1835,"median":1835,"max":1835,"min":1835},"percentileSummary":{"mean":20.19147084421236,"median":20.19147084421236,"max":20.19147084421236,"min":20.19147084421236}}