{"name":"TheOnlyBloomis","scoreData":{"2020-09-21":{"id":9101051916600593000,"name":"TheOnlyBloomis","score":7300,"level":1,"character":2,"platform":48,"runframes":3896,"runend":1022,"unknown1":416,"unknown2":293,"rank":2020,"percentile":19.14297156587905}},"tenDayPercentiles":[],"tenDayDecayingPercentileScore":0,"scoresByDay":[],"rankSummary":{"mean":2020,"median":2020,"max":2020,"min":2020},"percentileSummary":{"mean":19.14297156587905,"median":19.14297156587905,"max":19.14297156587905,"min":19.14297156587905}}