{"name":"TheObelith","scoreData":{"2020-10-05":{"id":76561198119198400,"name":"TheObelith","score":7200,"level":2,"character":5,"platform":18,"runframes":6488,"runend":1021,"unknown1":4294966179,"unknown2":4294961443,"rank":4651,"percentile":31.738109219025247}},"tenDayPercentiles":[],"tenDayDecayingPercentileScore":0,"scoresByDay":[],"rankSummary":{"mean":4651,"median":4651,"max":4651,"min":4651},"percentileSummary":{"mean":31.738109219025247,"median":31.738109219025247,"max":31.738109219025247,"min":31.738109219025247}}