{"name":"THEOo__oO","scoreData":{"2020-09-29":{"id":5469643962054360000,"name":"THEOo__oO","score":32100,"level":4,"character":6,"platform":48,"runframes":27079,"runend":1019,"unknown1":4556,"unknown2":5244,"rank":1731,"percentile":69.06294706723891}},"tenDayPercentiles":[],"tenDayDecayingPercentileScore":0,"scoresByDay":[],"rankSummary":{"mean":1731,"median":1731,"max":1731,"min":1731},"percentileSummary":{"mean":69.06294706723891,"median":69.06294706723891,"max":69.06294706723891,"min":69.06294706723891}}