{"name":"Theodore „T-Bag” Bagwell","scoreData":{"2020-11-13":{"id":76561198038069760,"name":"Theodore „T-Bag” Bagwell","score":4200,"level":1,"character":3,"platform":18,"runframes":2536,"runend":1022,"unknown1":1402,"unknown2":1097,"rank":3979,"percentile":5.285714285714278}},"tenDayPercentiles":[5.285714285714278],"tenDayDecayingPercentileScore":2.0477940132857118,"scoresByDay":[2.0477940132857118],"rankSummary":{"mean":3979,"median":3979,"max":3979,"min":3979},"percentileSummary":{"mean":5.285714285714278,"median":5.285714285714278,"max":5.285714285714278,"min":5.285714285714278}}