{"name":"TheOneironaut7","scoreData":{"2020-10-03":{"id":76561198073546370,"name":"TheOneironaut7","score":32575,"level":6,"character":4,"platform":48,"runframes":33752,"runend":1017,"unknown1":4294962159,"unknown2":77,"rank":1081,"percentile":86.32565206381362}},"tenDayPercentiles":[],"tenDayDecayingPercentileScore":0,"scoresByDay":[],"rankSummary":{"mean":1081,"median":1081,"max":1081,"min":1081},"percentileSummary":{"mean":86.32565206381362,"median":86.32565206381362,"max":86.32565206381362,"min":86.32565206381362}}