{"name":"TheOakMan","scoreData":{"2020-10-01":{"id":76561198066448130,"name":"TheOakMan","score":4000,"level":1,"character":0,"platform":18,"runframes":3719,"runend":1022,"unknown1":502,"unknown2":770,"rank":6684,"percentile":13.14010917598128}},"tenDayPercentiles":[],"tenDayDecayingPercentileScore":0,"scoresByDay":[],"rankSummary":{"mean":6684,"median":6684,"max":6684,"min":6684},"percentileSummary":{"mean":13.14010917598128,"median":13.14010917598128,"max":13.14010917598128,"min":13.14010917598128}}