{"name":"Therealbaegr","scoreData":{"2020-10-01":{"id":76561198838416530,"name":"Therealbaegr","score":12200,"level":3,"character":3,"platform":18,"runframes":14694,"runend":1020,"unknown1":4294963117,"unknown2":4294959637,"rank":3944,"percentile":48.75227449961008}},"tenDayPercentiles":[],"tenDayDecayingPercentileScore":0,"scoresByDay":[],"rankSummary":{"mean":3944,"median":3944,"max":3944,"min":3944},"percentileSummary":{"mean":48.75227449961008,"median":48.75227449961008,"max":48.75227449961008,"min":48.75227449961008}}