{"name":"Theredburden","scoreData":{"2020-09-28":{"id":6785250945516995000,"name":"Theredburden","score":2100,"level":3,"character":0,"platform":48,"runframes":11155,"runend":1020,"unknown1":4294967288,"unknown2":982,"rank":1568,"percentile":27.386468952734006}},"tenDayPercentiles":[],"tenDayDecayingPercentileScore":0,"scoresByDay":[],"rankSummary":{"mean":1568,"median":1568,"max":1568,"min":1568},"percentileSummary":{"mean":27.386468952734006,"median":27.386468952734006,"max":27.386468952734006,"min":27.386468952734006}}