{"name":"Therubiboy","scoreData":{"2020-11-08":{"id":76561197994393800,"name":"Therubiboy","score":1500,"level":1,"character":3,"platform":48,"runframes":3911,"runend":1022,"unknown1":442,"unknown2":31,"rank":4520,"percentile":4.156945917285256}},"tenDayPercentiles":[],"tenDayDecayingPercentileScore":0,"scoresByDay":[],"rankSummary":{"mean":4520,"median":4520,"max":4520,"min":4520},"percentileSummary":{"mean":4.156945917285256,"median":4.156945917285256,"max":4.156945917285256,"min":4.156945917285256}}