{"name":"theredcometx","scoreData":{"2020-09-16":{"id":838280114563021800,"name":"theredcometx","score":9500,"level":2,"character":3,"platform":48,"runframes":5547,"runend":1021,"unknown1":4294965469,"unknown2":81,"rank":2312,"percentile":25.11341542449773}},"tenDayPercentiles":[],"tenDayDecayingPercentileScore":0,"scoresByDay":[],"rankSummary":{"mean":2312,"median":2312,"max":2312,"min":2312},"percentileSummary":{"mean":25.11341542449773,"median":25.11341542449773,"max":25.11341542449773,"min":25.11341542449773}}