{"name":"TherapyJoe","scoreData":{"2020-11-03":{"id":76561198218565280,"name":"TherapyJoe","score":5500,"level":4,"character":7,"platform":48,"runframes":12192,"runend":1019,"unknown1":4294964428,"unknown2":4294964906,"rank":3052,"percentile":32.16985326811917}},"tenDayPercentiles":[],"tenDayDecayingPercentileScore":0,"scoresByDay":[],"rankSummary":{"mean":3052,"median":3052,"max":3052,"min":3052},"percentileSummary":{"mean":32.16985326811917,"median":32.16985326811917,"max":32.16985326811917,"min":32.16985326811917}}