{"name":"TheSoundTracKing","scoreData":{"2020-09-17":{"id":2808872316248875500,"name":"TheSoundTracKing","score":5100,"level":1,"character":0,"platform":48,"runframes":5724,"runend":1022,"unknown1":4294966676,"unknown2":603,"rank":2247,"percentile":20.551821719136896}},"tenDayPercentiles":[],"tenDayDecayingPercentileScore":0,"scoresByDay":[],"rankSummary":{"mean":2247,"median":2247,"max":2247,"min":2247},"percentileSummary":{"mean":20.551821719136896,"median":20.551821719136896,"max":20.551821719136896,"min":20.551821719136896}}