{"name":"TheSaltMill","scoreData":{"2020-10-06":{"id":1640318403731693300,"name":"TheSaltMill","score":1500,"level":3,"character":0,"platform":18,"runframes":14778,"runend":1020,"unknown1":471,"unknown2":4294963925,"rank":4108,"percentile":39.558498896247244}},"tenDayPercentiles":[],"tenDayDecayingPercentileScore":0,"scoresByDay":[],"rankSummary":{"mean":4108,"median":4108,"max":4108,"min":4108},"percentileSummary":{"mean":39.558498896247244,"median":39.558498896247244,"max":39.558498896247244,"min":39.558498896247244}}