{"name":"thesqueezboxhero","scoreData":{"2020-11-09":{"id":76561198256561250,"name":"thesqueezboxhero","score":12700,"level":2,"character":1,"platform":18,"runframes":3917,"runend":1021,"unknown1":932,"unknown2":222,"rank":3051,"percentile":30.093972037588813}},"tenDayPercentiles":[],"tenDayDecayingPercentileScore":0,"scoresByDay":[],"rankSummary":{"mean":3051,"median":3051,"max":3051,"min":3051},"percentileSummary":{"mean":30.093972037588813,"median":30.093972037588813,"max":30.093972037588813,"min":30.093972037588813}}