{"name":"TheSeventhGod","scoreData":{"2020-09-20":{"id":550892472515965100,"name":"TheSeventhGod","score":18700,"level":4,"character":12,"platform":48,"runframes":14960,"runend":1019,"unknown1":4294965700,"unknown2":252,"rank":808,"percentile":72.86482851378614}},"tenDayPercentiles":[],"tenDayDecayingPercentileScore":0,"scoresByDay":[],"rankSummary":{"mean":808,"median":808,"max":808,"min":808},"percentileSummary":{"mean":72.86482851378614,"median":72.86482851378614,"max":72.86482851378614,"min":72.86482851378614}}