{"name":"TheSuperTom","scoreData":{"2020-09-28":{"id":2324712482767042600,"name":"TheSuperTom","score":7000,"level":1,"character":2,"platform":48,"runframes":1754,"runend":1022,"unknown1":435,"unknown2":268,"rank":1878,"percentile":13.02131603336423}},"tenDayPercentiles":[],"tenDayDecayingPercentileScore":0,"scoresByDay":[],"rankSummary":{"mean":1878,"median":1878,"max":1878,"min":1878},"percentileSummary":{"mean":13.02131603336423,"median":13.02131603336423,"max":13.02131603336423,"min":13.02131603336423}}