{"name":"TheThreeOfUs1991","scoreData":{"2020-10-06":{"id":76561198102402690,"name":"TheThreeOfUs1991","score":4600,"level":3,"character":0,"platform":48,"runframes":6724,"runend":1020,"unknown1":4294961919,"unknown2":360,"rank":3937,"percentile":42.075055187637965}},"tenDayPercentiles":[],"tenDayDecayingPercentileScore":0,"scoresByDay":[],"rankSummary":{"mean":3937,"median":3937,"max":3937,"min":3937},"percentileSummary":{"mean":42.075055187637965,"median":42.075055187637965,"max":42.075055187637965,"min":42.075055187637965}}