{"name":"TheTruth","scoreData":{"2020-11-12":{"id":3976820600653699600,"name":"TheTruth","score":4000,"level":1,"character":0,"platform":18,"runframes":2510,"runend":1022,"unknown1":2403,"unknown2":180,"rank":4096,"percentile":3.9634146341463463}},"tenDayPercentiles":[3.9634146341463463],"tenDayDecayingPercentileScore":1.706120039634149,"scoresByDay":[1.706120039634149],"rankSummary":{"mean":4096,"median":4096,"max":4096,"min":4096},"percentileSummary":{"mean":3.9634146341463463,"median":3.9634146341463463,"max":3.9634146341463463,"min":3.9634146341463463}}