{"name":"thetriplefool","scoreData":{"2020-10-10":{"id":4922961661815342000,"name":"thetriplefool","score":8400,"level":3,"character":7,"platform":48,"runframes":13519,"runend":1020,"unknown1":4294964514,"unknown2":831,"rank":2596,"percentile":60.657974530018194}},"tenDayPercentiles":[],"tenDayDecayingPercentileScore":0,"scoresByDay":[],"rankSummary":{"mean":2596,"median":2596,"max":2596,"min":2596},"percentileSummary":{"mean":60.657974530018194,"median":60.657974530018194,"max":60.657974530018194,"min":60.657974530018194}}