{"name":"Thiefbuddy","scoreData":{"2020-10-04":{"id":76561198108401260,"name":"Thiefbuddy","score":2000,"level":2,"character":3,"platform":48,"runframes":5859,"runend":1021,"unknown1":4294964508,"unknown2":4294963061,"rank":6392,"percentile":14.922790202342924}},"tenDayPercentiles":[],"tenDayDecayingPercentileScore":0,"scoresByDay":[],"rankSummary":{"mean":6392,"median":6392,"max":6392,"min":6392},"percentileSummary":{"mean":14.922790202342924,"median":14.922790202342924,"max":14.922790202342924,"min":14.922790202342924}}