{"name":"Thijsonline12","scoreData":{"2020-10-01":{"id":76561198011500340,"name":"Thijsonline12","score":1000,"level":3,"character":2,"platform":48,"runframes":5603,"runend":1020,"unknown1":134,"unknown2":1427,"rank":4628,"percentile":39.86223030933195}},"tenDayPercentiles":[],"tenDayDecayingPercentileScore":0,"scoresByDay":[],"rankSummary":{"mean":4628,"median":4628,"max":4628,"min":4628},"percentileSummary":{"mean":39.86223030933195,"median":39.86223030933195,"max":39.86223030933195,"min":39.86223030933195}}