{"name":"thirsty","scoreData":{"2020-11-21":{"id":76561198095896540,"name":"thirsty","score":17550,"level":5,"character":19,"platform":18,"runframes":11805,"runend":1018,"unknown1":4294965294,"unknown2":378,"rank":1740,"percentile":58.106480366176825}},"tenDayPercentiles":[],"tenDayDecayingPercentileScore":0,"scoresByDay":[],"rankSummary":{"mean":1740,"median":1740,"max":1740,"min":1740},"percentileSummary":{"mean":58.106480366176825,"median":58.106480366176825,"max":58.106480366176825,"min":58.106480366176825}}