{"name":"thomastovar1","scoreData":{"2020-10-14":{"id":76561198044862860,"name":"thomastovar1","score":12100,"level":2,"character":0,"platform":48,"runframes":5406,"runend":1021,"unknown1":4294963250,"unknown2":631,"rank":3437,"percentile":37.88864786695589}},"tenDayPercentiles":[],"tenDayDecayingPercentileScore":0,"scoresByDay":[],"rankSummary":{"mean":3437,"median":3437,"max":3437,"min":3437},"percentileSummary":{"mean":37.88864786695589,"median":37.88864786695589,"max":37.88864786695589,"min":37.88864786695589}}