{"name":"Thorntonwins","scoreData":{"2020-10-30":{"id":8738315520575062000,"name":"Thorntonwins","score":2300,"level":2,"character":3,"platform":18,"runframes":3975,"runend":1021,"unknown1":4294965235,"unknown2":4294964258,"rank":4201,"percentile":11.560328490208462}},"tenDayPercentiles":[],"tenDayDecayingPercentileScore":0,"scoresByDay":[],"rankSummary":{"mean":4201,"median":4201,"max":4201,"min":4201},"percentileSummary":{"mean":11.560328490208462,"median":11.560328490208462,"max":11.560328490208462,"min":11.560328490208462}}