{"name":"thornghost","scoreData":{"2020-09-28":{"id":5858770575537933000,"name":"thornghost","score":8800,"level":4,"character":3,"platform":48,"runframes":9760,"runend":1019,"unknown1":1597,"unknown2":480,"rank":1360,"percentile":37.02502316960148}},"tenDayPercentiles":[],"tenDayDecayingPercentileScore":0,"scoresByDay":[],"rankSummary":{"mean":1360,"median":1360,"max":1360,"min":1360},"percentileSummary":{"mean":37.02502316960148,"median":37.02502316960148,"max":37.02502316960148,"min":37.02502316960148}}