{"name":"Three Dabs Two Tabs","scoreData":{"2020-11-12":{"id":76561198167697890,"name":"Three Dabs Two Tabs","score":8000,"level":2,"character":0,"platform":18,"runframes":4122,"runend":1021,"unknown1":2294,"unknown2":699,"rank":3146,"percentile":26.24296435272045}},"tenDayPercentiles":[26.24296435272045],"tenDayDecayingPercentileScore":11.29673564704503,"scoresByDay":[11.29673564704503],"rankSummary":{"mean":3146,"median":3146,"max":3146,"min":3146},"percentileSummary":{"mean":26.24296435272045,"median":26.24296435272045,"max":26.24296435272045,"min":26.24296435272045}}