{"name":"ThriceTheThird","scoreData":{"2020-10-17":{"id":76561198045996060,"name":"ThriceTheThird","score":3600,"level":3,"character":0,"platform":18,"runframes":12331,"runend":1020,"unknown1":2027,"unknown2":1542,"rank":3864,"percentile":33.94322845417237}},"tenDayPercentiles":[],"tenDayDecayingPercentileScore":0,"scoresByDay":[],"rankSummary":{"mean":3864,"median":3864,"max":3864,"min":3864},"percentileSummary":{"mean":33.94322845417237,"median":33.94322845417237,"max":33.94322845417237,"min":33.94322845417237}}