{"name":"thrillkiller72","scoreData":{"2020-09-18":{"id":4788270533573658000,"name":"thrillkiller72","score":2100,"level":1,"character":3,"platform":48,"runframes":3119,"runend":1022,"unknown1":4294966128,"unknown2":4294967238,"rank":2515,"percentile":10.085836909871247}},"tenDayPercentiles":[],"tenDayDecayingPercentileScore":0,"scoresByDay":[],"rankSummary":{"mean":2515,"median":2515,"max":2515,"min":2515},"percentileSummary":{"mean":10.085836909871247,"median":10.085836909871247,"max":10.085836909871247,"min":10.085836909871247}}