{"name":"ThrRealZeroX","scoreData":{"2020-10-15":{"id":76561197995854300,"name":"ThrRealZeroX","score":200,"level":2,"character":4,"platform":48,"runframes":7493,"runend":1021,"unknown1":4294965230,"unknown2":4294963774,"rank":5116,"percentile":11.151641479937467}},"tenDayPercentiles":[],"tenDayDecayingPercentileScore":0,"scoresByDay":[],"rankSummary":{"mean":5116,"median":5116,"max":5116,"min":5116},"percentileSummary":{"mean":11.151641479937467,"median":11.151641479937467,"max":11.151641479937467,"min":11.151641479937467}}