{"name":"tiersen","scoreData":{"2020-11-10":{"id":76561198014516160,"name":"tiersen","score":3400,"level":2,"character":3,"platform":18,"runframes":6163,"runend":1021,"unknown1":1468,"unknown2":400,"rank":4030,"percentile":7.92961608775137}},"tenDayPercentiles":[7.92961608775137],"tenDayDecayingPercentileScore":2.764886168069013,"scoresByDay":[2.764886168069013],"rankSummary":{"mean":4030,"median":4030,"max":4030,"min":4030},"percentileSummary":{"mean":7.92961608775137,"median":7.92961608775137,"max":7.92961608775137,"min":7.92961608775137}}