{"name":"Tigersfury123","scoreData":{"2020-09-16":{"id":5575278123462808000,"name":"Tigersfury123","score":13700,"level":2,"character":7,"platform":48,"runframes":8825,"runend":1021,"unknown1":853,"unknown2":224,"rank":1928,"percentile":37.55670771224887}},"tenDayPercentiles":[],"tenDayDecayingPercentileScore":0,"scoresByDay":[],"rankSummary":{"mean":1928,"median":1928,"max":1928,"min":1928},"percentileSummary":{"mean":37.55670771224887,"median":37.55670771224887,"max":37.55670771224887,"min":37.55670771224887}}