{"name":"Tiger Slicer","scoreData":{"2020-11-16":{"id":3801742973170620000,"name":"Tiger Slicer","score":1800,"level":1,"character":0,"platform":18,"runframes":2836,"runend":1022,"unknown1":4294966606,"unknown2":4294965677,"rank":3664,"percentile":6.173155737704917}},"tenDayPercentiles":[6.173155737704917],"tenDayDecayingPercentileScore":4.500230532786885,"scoresByDay":[4.500230532786885],"rankSummary":{"mean":3664,"median":3664,"max":3664,"min":3664},"percentileSummary":{"mean":6.173155737704917,"median":6.173155737704917,"max":6.173155737704917,"min":6.173155737704917}}