{"name":"TimidC","scoreData":{"2020-10-04":{"id":5957902706579081000,"name":"TimidC","score":25150,"level":5,"character":0,"platform":48,"runframes":30105,"runend":1018,"unknown1":10,"unknown2":60,"rank":1449,"percentile":80.72417465388712}},"tenDayPercentiles":[],"tenDayDecayingPercentileScore":0,"scoresByDay":[],"rankSummary":{"mean":1449,"median":1449,"max":1449,"min":1449},"percentileSummary":{"mean":80.72417465388712,"median":80.72417465388712,"max":80.72417465388712,"min":80.72417465388712}}