{"name":"timmyravioli","scoreData":{"2020-09-20":{"id":3949072092082733000,"name":"timmyravioli","score":5800,"level":1,"character":0,"platform":48,"runframes":3564,"runend":1022,"unknown1":4294966908,"unknown2":4294967087,"rank":2632,"percentile":11.53328850033624}},"tenDayPercentiles":[],"tenDayDecayingPercentileScore":0,"scoresByDay":[],"rankSummary":{"mean":2632,"median":2632,"max":2632,"min":2632},"percentileSummary":{"mean":11.53328850033624,"median":11.53328850033624,"max":11.53328850033624,"min":11.53328850033624}}