{"name":"Timotei","scoreData":{"2020-09-30":{"id":5286197040254440000,"name":"Timotei","score":6000,"level":1,"character":0,"platform":18,"runframes":2613,"runend":1022,"unknown1":752,"unknown2":124,"rank":7036,"percentile":8.920248575867433}},"tenDayPercentiles":[],"tenDayDecayingPercentileScore":0,"scoresByDay":[],"rankSummary":{"mean":7036,"median":7036,"max":7036,"min":7036},"percentileSummary":{"mean":8.920248575867433,"median":8.920248575867433,"max":8.920248575867433,"min":8.920248575867433}}