{"name":"TimTheDM","scoreData":{"2020-10-01":{"id":646477971352201200,"name":"TimTheDM","score":76775,"level":13,"character":0,"platform":18,"runframes":90555,"runend":1010,"unknown1":2430,"unknown2":98,"rank":160,"percentile":97.9334546399792}},"tenDayPercentiles":[],"tenDayDecayingPercentileScore":0,"scoresByDay":[],"rankSummary":{"mean":160,"median":160,"max":160,"min":160},"percentileSummary":{"mean":97.9334546399792,"median":97.9334546399792,"max":97.9334546399792,"min":97.9334546399792}}