{"name":"tingli","scoreData":{"2020-09-17":{"id":2464608922625815000,"name":"tingli","score":3500,"level":1,"character":3,"platform":48,"runframes":7414,"runend":1022,"unknown1":4294967089,"unknown2":210,"rank":2451,"percentile":13.335691545808288}},"tenDayPercentiles":[],"tenDayDecayingPercentileScore":0,"scoresByDay":[],"rankSummary":{"mean":2451,"median":2451,"max":2451,"min":2451},"percentileSummary":{"mean":13.335691545808288,"median":13.335691545808288,"max":13.335691545808288,"min":13.335691545808288}}