{"name":"ting_tong44","scoreData":{"2020-09-25":{"id":2853596742013965300,"name":"ting_tong44","score":13800,"level":2,"character":2,"platform":48,"runframes":5022,"runend":1021,"unknown1":356,"unknown2":4294966416,"rank":1336,"percentile":41.90600522193212}},"tenDayPercentiles":[],"tenDayDecayingPercentileScore":0,"scoresByDay":[],"rankSummary":{"mean":1336,"median":1336,"max":1336,"min":1336},"percentileSummary":{"mean":41.90600522193212,"median":41.90600522193212,"max":41.90600522193212,"min":41.90600522193212}}