{"name":"Tinyturtle","scoreData":{"2020-11-14":{"id":76561197968472740,"name":"Tinyturtle","score":2700,"level":5,"character":3,"platform":18,"runframes":24226,"runend":1018,"unknown1":3149,"unknown2":4294966834,"rank":1112,"percentile":74.25260718424101}},"tenDayPercentiles":[74.25260718424101],"tenDayDecayingPercentileScore":35.514791833140215,"scoresByDay":[35.514791833140215],"rankSummary":{"mean":1112,"median":1112,"max":1112,"min":1112},"percentileSummary":{"mean":74.25260718424101,"median":74.25260718424101,"max":74.25260718424101,"min":74.25260718424101}}