{"name":"tippie_main","scoreData":{"2020-10-17":{"id":6272467144042871000,"name":"tippie_main","score":3800,"level":2,"character":7,"platform":48,"runframes":7818,"runend":1021,"unknown1":2321,"unknown2":2085,"rank":4423,"percentile":24.384404924760602}},"tenDayPercentiles":[],"tenDayDecayingPercentileScore":0,"scoresByDay":[],"rankSummary":{"mean":4423,"median":4423,"max":4423,"min":4423},"percentileSummary":{"mean":24.384404924760602,"median":24.384404924760602,"max":24.384404924760602,"min":24.384404924760602}}