{"name":"Tjally","scoreData":{"2020-10-07":{"id":9101287773655794000,"name":"Tjally","score":55050,"level":8,"character":7,"platform":18,"runframes":38321,"runend":1015,"unknown1":694,"unknown2":605,"rank":428,"percentile":93.45493562231759}},"tenDayPercentiles":[],"tenDayDecayingPercentileScore":0,"scoresByDay":[],"rankSummary":{"mean":428,"median":428,"max":428,"min":428},"percentileSummary":{"mean":93.45493562231759,"median":93.45493562231759,"max":93.45493562231759,"min":93.45493562231759}}