{"name":"Tjb1655","scoreData":{"2020-10-14":{"id":8353556837584899000,"name":"Tjb1655","score":8700,"level":2,"character":0,"platform":48,"runframes":3897,"runend":1021,"unknown1":156,"unknown2":4060,"rank":3595,"percentile":35.03253796095444}},"tenDayPercentiles":[],"tenDayDecayingPercentileScore":0,"scoresByDay":[],"rankSummary":{"mean":3595,"median":3595,"max":3595,"min":3595},"percentileSummary":{"mean":35.03253796095444,"median":35.03253796095444,"max":35.03253796095444,"min":35.03253796095444}}