{"name":"tjlouiscollins","scoreData":{"2020-09-30":{"id":8767803514368126000,"name":"tjlouiscollins","score":2700,"level":2,"character":3,"platform":18,"runframes":9986,"runend":1021,"unknown1":6344,"unknown2":1087,"rank":5750,"percentile":25.569653029518378}},"tenDayPercentiles":[],"tenDayDecayingPercentileScore":0,"scoresByDay":[],"rankSummary":{"mean":5750,"median":5750,"max":5750,"min":5750},"percentileSummary":{"mean":25.569653029518378,"median":25.569653029518378,"max":25.569653029518378,"min":25.569653029518378}}