{"name":"tmddyddl11","scoreData":{"2020-10-20":{"id":3435579170686172000,"name":"tmddyddl11","score":31375,"level":6,"character":19,"platform":18,"runframes":40437,"runend":1017,"unknown1":4294964145,"unknown2":4294967076,"rank":1872,"percentile":65.35185185185185}},"tenDayPercentiles":[],"tenDayDecayingPercentileScore":0,"scoresByDay":[],"rankSummary":{"mean":1872,"median":1872,"max":1872,"min":1872},"percentileSummary":{"mean":65.35185185185185,"median":65.35185185185185,"max":65.35185185185185,"min":65.35185185185185}}