{"name":"tntfireK","scoreData":{"2020-10-09":{"id":76561198038325200,"name":"tntfireK","score":13200,"level":2,"character":2,"platform":18,"runframes":4310,"runend":1021,"unknown1":4294963952,"unknown2":4294965818,"rank":4656,"percentile":25.78125}},"tenDayPercentiles":[],"tenDayDecayingPercentileScore":0,"scoresByDay":[],"rankSummary":{"mean":4656,"median":4656,"max":4656,"min":4656},"percentileSummary":{"mean":25.78125,"median":25.78125,"max":25.78125,"min":25.78125}}