{"name":"TNX_Old_Jester","scoreData":{"2020-10-14":{"id":76561198888486400,"name":"TNX_Old_Jester","score":3100,"level":1,"character":2,"platform":18,"runframes":2552,"runend":1022,"unknown1":1835,"unknown2":2622,"rank":4511,"percentile":18.474331164135933}},"tenDayPercentiles":[],"tenDayDecayingPercentileScore":0,"scoresByDay":[],"rankSummary":{"mean":4511,"median":4511,"max":4511,"min":4511},"percentileSummary":{"mean":18.474331164135933,"median":18.474331164135933,"max":18.474331164135933,"min":18.474331164135933}}