{"name":"TobyTacoman","scoreData":{"2020-09-20":{"id":936896774836223000,"name":"TobyTacoman","score":54475,"level":7,"character":0,"platform":48,"runframes":32297,"runend":1016,"unknown1":4294966615,"unknown2":4294966809,"rank":273,"percentile":90.85406859448554}},"tenDayPercentiles":[],"tenDayDecayingPercentileScore":0,"scoresByDay":[],"rankSummary":{"mean":273,"median":273,"max":273,"min":273},"percentileSummary":{"mean":90.85406859448554,"median":90.85406859448554,"max":90.85406859448554,"min":90.85406859448554}}