{"name":"TobyGoby","scoreData":{"2020-09-17":{"id":5747806268859422000,"name":"TobyGoby","score":12200,"level":2,"character":3,"platform":48,"runframes":9431,"runend":1021,"unknown1":871,"unknown2":639,"rank":1673,"percentile":40.856031128404666}},"tenDayPercentiles":[],"tenDayDecayingPercentileScore":0,"scoresByDay":[],"rankSummary":{"mean":1673,"median":1673,"max":1673,"min":1673},"percentileSummary":{"mean":40.856031128404666,"median":40.856031128404666,"max":40.856031128404666,"min":40.856031128404666}}