{"name":"TofuMelody","scoreData":{"2020-09-26":{"id":5208591717571015000,"name":"TofuMelody","score":33100,"level":3,"character":0,"platform":48,"runframes":11143,"runend":1020,"unknown1":20,"unknown2":566,"rank":1055,"percentile":59.383429672447015}},"tenDayPercentiles":[],"tenDayDecayingPercentileScore":0,"scoresByDay":[],"rankSummary":{"mean":1055,"median":1055,"max":1055,"min":1055},"percentileSummary":{"mean":59.383429672447015,"median":59.383429672447015,"max":59.383429672447015,"min":59.383429672447015}}