{"name":"Togeto","scoreData":{"2020-11-13":{"id":5967363777526980000,"name":"Togeto","score":11300,"level":3,"character":18,"platform":48,"runframes":6590,"runend":1020,"unknown1":4294964646,"unknown2":4294964974,"rank":3057,"percentile":27.23809523809524}},"tenDayPercentiles":[27.23809523809524],"tenDayDecayingPercentileScore":13.027896514285718,"scoresByDay":[13.027896514285718],"rankSummary":{"mean":3057,"median":3057,"max":3057,"min":3057},"percentileSummary":{"mean":27.23809523809524,"median":27.23809523809524,"max":27.23809523809524,"min":27.23809523809524}}