{"name":"ToJaPatryg","scoreData":{"2020-09-16":{"id":5150513934928482000,"name":"ToJaPatryg","score":8500,"level":2,"character":0,"platform":48,"runframes":5743,"runend":1021,"unknown1":4294965887,"unknown2":4294965053,"rank":2376,"percentile":23.03953337653921}},"tenDayPercentiles":[],"tenDayDecayingPercentileScore":0,"scoresByDay":[],"rankSummary":{"mean":2376,"median":2376,"max":2376,"min":2376},"percentileSummary":{"mean":23.03953337653921,"median":23.03953337653921,"max":23.03953337653921,"min":23.03953337653921}}