{"name":"tokay2018","scoreData":{"2020-11-01":{"id":76561198058564020,"name":"tokay2018","score":6500,"level":3,"character":3,"platform":48,"runframes":5663,"runend":1020,"unknown1":1175,"unknown2":63,"rank":3087,"percentile":34.41020191285867}},"tenDayPercentiles":[],"tenDayDecayingPercentileScore":0,"scoresByDay":[],"rankSummary":{"mean":3087,"median":3087,"max":3087,"min":3087},"percentileSummary":{"mean":34.41020191285867,"median":34.41020191285867,"max":34.41020191285867,"min":34.41020191285867}}