{"name":"Tom Phage","scoreData":{"2020-10-08":{"id":76561198024962830,"name":"Tom Phage","score":3000,"level":1,"character":3,"platform":18,"runframes":3742,"runend":1022,"unknown1":237,"unknown2":12,"rank":6232,"percentile":1.703738760056794}},"tenDayPercentiles":[],"tenDayDecayingPercentileScore":0,"scoresByDay":[],"rankSummary":{"mean":6232,"median":6232,"max":6232,"min":6232},"percentileSummary":{"mean":1.703738760056794,"median":1.703738760056794,"max":1.703738760056794,"min":1.703738760056794}}