{"name":"Tomat228","scoreData":{"2020-10-06":{"id":76561198044395820,"name":"Tomat228","score":43300,"level":3,"character":0,"platform":18,"runframes":20373,"runend":1020,"unknown1":4294967001,"unknown2":236,"rank":2799,"percentile":58.822663723325974}},"tenDayPercentiles":[],"tenDayDecayingPercentileScore":0,"scoresByDay":[],"rankSummary":{"mean":2799,"median":2799,"max":2799,"min":2799},"percentileSummary":{"mean":58.822663723325974,"median":58.822663723325974,"max":58.822663723325974,"min":58.822663723325974}}