{"name":"Tomari1","scoreData":{"2020-09-19":{"id":4408568766285840400,"name":"Tomari1","score":10700,"level":1,"character":7,"platform":48,"runframes":3942,"runend":1022,"unknown1":4294964698,"unknown2":154,"rank":2205,"percentile":26.43524699599466}},"tenDayPercentiles":[],"tenDayDecayingPercentileScore":0,"scoresByDay":[],"rankSummary":{"mean":2205,"median":2205,"max":2205,"min":2205},"percentileSummary":{"mean":26.43524699599466,"median":26.43524699599466,"max":26.43524699599466,"min":26.43524699599466}}