{"name":"TomAnJerry","scoreData":{"2020-11-13":{"id":76561197965596560,"name":"TomAnJerry","score":7500,"level":2,"character":7,"platform":48,"runframes":3013,"runend":1021,"unknown1":1654,"unknown2":2327,"rank":3696,"percentile":12.023809523809518}},"tenDayPercentiles":[12.023809523809518],"tenDayDecayingPercentileScore":4.658270165357142,"scoresByDay":[4.658270165357142],"rankSummary":{"mean":3696,"median":3696,"max":3696,"min":3696},"percentileSummary":{"mean":12.023809523809518,"median":12.023809523809518,"max":12.023809523809518,"min":12.023809523809518}}