{"name":"TommyAndTheWaits","scoreData":{"2020-11-02":{"id":6117563645256951000,"name":"TommyAndTheWaits","score":1300,"level":1,"character":3,"platform":48,"runframes":2472,"runend":1022,"unknown1":1290,"unknown2":2484,"rank":4426,"percentile":1.0731052984574063}},"tenDayPercentiles":[],"tenDayDecayingPercentileScore":0,"scoresByDay":[],"rankSummary":{"mean":4426,"median":4426,"max":4426,"min":4426},"percentileSummary":{"mean":1.0731052984574063,"median":1.0731052984574063,"max":1.0731052984574063,"min":1.0731052984574063}}