{"name":"Tommy-07000","scoreData":{"2020-10-13":{"id":76561198386767340,"name":"Tommy-07000","score":7975,"level":12,"character":7,"platform":48,"runframes":40312,"runend":1011,"unknown1":220,"unknown2":578,"rank":295,"percentile":94.98721227621483}},"tenDayPercentiles":[],"tenDayDecayingPercentileScore":0,"scoresByDay":[],"rankSummary":{"mean":295,"median":295,"max":295,"min":295},"percentileSummary":{"mean":94.98721227621483,"median":94.98721227621483,"max":94.98721227621483,"min":94.98721227621483}}