{"name":"TommyC123","scoreData":{"2020-10-04":{"id":76561198015229280,"name":"TommyC123","score":2000,"level":2,"character":3,"platform":18,"runframes":4809,"runend":1021,"unknown1":5982,"unknown2":927,"rank":6433,"percentile":14.376996805111816}},"tenDayPercentiles":[],"tenDayDecayingPercentileScore":0,"scoresByDay":[],"rankSummary":{"mean":6433,"median":6433,"max":6433,"min":6433},"percentileSummary":{"mean":14.376996805111816,"median":14.376996805111816,"max":14.376996805111816,"min":14.376996805111816}}