{"name":"Tommy D.","scoreData":{"2020-10-16":{"id":76561198063140770,"name":"Tommy D.","score":1600,"level":1,"character":0,"platform":18,"runframes":1429,"runend":1022,"unknown1":1217,"unknown2":54,"rank":5358,"percentile":4.45871232388086}},"tenDayDecayingPercentileMean":null,"rankSummary":{"mean":5358,"median":5358,"max":5358,"min":5358},"percentileSummary":{"mean":4.45871232388086,"median":4.45871232388086,"max":4.45871232388086,"min":4.45871232388086}}