{"name":"TommyTheGun","scoreData":{"2020-11-03":{"id":980372092576023000,"name":"TommyTheGun","score":6600,"level":2,"character":7,"platform":18,"runframes":5971,"runend":1021,"unknown1":4294965428,"unknown2":744,"rank":3840,"percentile":14.650955980435754}},"tenDayPercentiles":[],"tenDayDecayingPercentileScore":0,"scoresByDay":[],"rankSummary":{"mean":3840,"median":3840,"max":3840,"min":3840},"percentileSummary":{"mean":14.650955980435754,"median":14.650955980435754,"max":14.650955980435754,"min":14.650955980435754}}