{"name":"Tommy3boy","scoreData":{"2020-09-18":{"id":6394816079177227000,"name":"Tommy3boy","score":15600,"level":6,"character":2,"platform":48,"runframes":24020,"runend":1017,"unknown1":1236,"unknown2":904,"rank":658,"percentile":76.50214592274678}},"tenDayPercentiles":[],"tenDayDecayingPercentileScore":0,"scoresByDay":[],"rankSummary":{"mean":658,"median":658,"max":658,"min":658},"percentileSummary":{"mean":76.50214592274678,"median":76.50214592274678,"max":76.50214592274678,"min":76.50214592274678}}