{"name":"Tomotomtom","scoreData":{"2020-10-26":{"id":6653936529414104000,"name":"Tomotomtom","score":54525,"level":7,"character":18,"platform":48,"runframes":39184,"runend":1016,"unknown1":4294966189,"unknown2":2345,"rank":942,"percentile":81.40316205533597}},"tenDayPercentiles":[],"tenDayDecayingPercentileScore":0,"scoresByDay":[],"rankSummary":{"mean":942,"median":942,"max":942,"min":942},"percentileSummary":{"mean":81.40316205533597,"median":81.40316205533597,"max":81.40316205533597,"min":81.40316205533597}}