{"name":"TomRyann","scoreData":{"2020-11-03":{"id":76561199839657500,"name":"TomRyann","score":400,"level":3,"character":3,"platform":48,"runframes":9099,"runend":1020,"unknown1":4294965171,"unknown2":4294965487,"rank":3559,"percentile":20.898176967541133}},"tenDayPercentiles":[],"tenDayDecayingPercentileScore":0,"scoresByDay":[],"rankSummary":{"mean":3559,"median":3559,"max":3559,"min":3559},"percentileSummary":{"mean":20.898176967541133,"median":20.898176967541133,"max":20.898176967541133,"min":20.898176967541133}}