{"name":"tomtalk24","scoreData":{"2020-10-03":{"id":208652958626732960,"name":"tomtalk24","score":2500,"level":1,"character":2,"platform":18,"runframes":4058,"runend":1022,"unknown1":4294967088,"unknown2":266,"rank":7566,"percentile":4.216257280324129}},"tenDayPercentiles":[],"tenDayDecayingPercentileScore":0,"scoresByDay":[],"rankSummary":{"mean":7566,"median":7566,"max":7566,"min":7566},"percentileSummary":{"mean":4.216257280324129,"median":4.216257280324129,"max":4.216257280324129,"min":4.216257280324129}}