{"name":"tonitottakai","scoreData":{"2020-09-21":{"id":720556239316441100,"name":"tonitottakai","score":94475,"level":15,"character":0,"platform":48,"runframes":78779,"runend":1008,"unknown1":802,"unknown2":4294966441,"rank":18,"percentile":99.31918301962355}},"tenDayPercentiles":[],"tenDayDecayingPercentileScore":0,"scoresByDay":[],"rankSummary":{"mean":18,"median":18,"max":18,"min":18},"percentileSummary":{"mean":99.31918301962355,"median":99.31918301962355,"max":99.31918301962355,"min":99.31918301962355}}