{"name":"Tony Soprano","scoreData":{"2020-10-20":{"id":2056225302653586400,"name":"Tony Soprano","score":15925,"level":6,"character":7,"platform":18,"runframes":23896,"runend":1017,"unknown1":3323,"unknown2":4294966754,"rank":2034,"percentile":62.351851851851855}},"tenDayPercentiles":[],"tenDayDecayingPercentileScore":0,"scoresByDay":[],"rankSummary":{"mean":2034,"median":2034,"max":2034,"min":2034},"percentileSummary":{"mean":62.351851851851855,"median":62.351851851851855,"max":62.351851851851855,"min":62.351851851851855}}