{"name":"TonyBaloney","scoreData":{"2020-11-21":{"id":7621163762240331000,"name":"TonyBaloney","score":1500,"level":2,"character":3,"platform":18,"runframes":5817,"runend":1021,"unknown1":4294965128,"unknown2":370,"rank":3668,"percentile":11.65984100216815}},"tenDayPercentiles":[],"tenDayDecayingPercentileScore":0,"scoresByDay":[],"rankSummary":{"mean":3668,"median":3668,"max":3668,"min":3668},"percentileSummary":{"mean":11.65984100216815,"median":11.65984100216815,"max":11.65984100216815,"min":11.65984100216815}}