{"name":"Tony the Carman","scoreData":{"2020-09-30":{"id":76561198011500340,"name":"Tony the Carman","score":3600,"level":2,"character":0,"platform":18,"runframes":7924,"runend":1021,"unknown1":4294963304,"unknown2":43,"rank":5685,"percentile":26.411185914034178}},"tenDayPercentiles":[],"tenDayDecayingPercentileScore":0,"scoresByDay":[],"rankSummary":{"mean":5685,"median":5685,"max":5685,"min":5685},"percentileSummary":{"mean":26.411185914034178,"median":26.411185914034178,"max":26.411185914034178,"min":26.411185914034178}}