{"name":"toodles90","scoreData":{"2020-11-07":{"id":76561198158652350,"name":"toodles90","score":6100,"level":1,"character":2,"platform":48,"runframes":1435,"runend":1022,"unknown1":1541,"unknown2":314,"rank":4352,"percentile":8.898659966499167}},"tenDayPercentiles":[],"tenDayDecayingPercentileScore":0,"scoresByDay":[],"rankSummary":{"mean":4352,"median":4352,"max":4352,"min":4352},"percentileSummary":{"mean":8.898659966499167,"median":8.898659966499167,"max":8.898659966499167,"min":8.898659966499167}}