{"name":"Tooner123","scoreData":{"2020-09-19":{"id":8375188582134644000,"name":"Tooner123","score":6300,"level":2,"character":6,"platform":48,"runframes":4180,"runend":1021,"unknown1":4294966297,"unknown2":4294966267,"rank":1718,"percentile":42.69025367156208}},"tenDayPercentiles":[],"tenDayDecayingPercentileScore":0,"scoresByDay":[],"rankSummary":{"mean":1718,"median":1718,"max":1718,"min":1718},"percentileSummary":{"mean":42.69025367156208,"median":42.69025367156208,"max":42.69025367156208,"min":42.69025367156208}}