{"name":"Toony-bit","scoreData":{"2020-11-19":{"id":76561198062392430,"name":"Toony-bit","score":7700,"level":2,"character":11,"platform":48,"runframes":2995,"runend":1021,"unknown1":1188,"unknown2":482,"rank":3265,"percentile":16.436251920122885}},"tenDayPercentiles":[16.436251920122885],"tenDayDecayingPercentileScore":14.792626728110596,"scoresByDay":[14.792626728110596],"rankSummary":{"mean":3265,"median":3265,"max":3265,"min":3265},"percentileSummary":{"mean":16.436251920122885,"median":16.436251920122885,"max":16.436251920122885,"min":16.436251920122885}}