{"name":"TopRuckus","scoreData":{"2020-11-12":{"id":4075136485559702000,"name":"TopRuckus","score":11200,"level":2,"character":13,"platform":48,"runframes":5340,"runend":1021,"unknown1":4294967174,"unknown2":4294963654,"rank":2357,"percentile":44.74671669793621}},"tenDayPercentiles":[44.74671669793621],"tenDayDecayingPercentileScore":19.261994293621015,"scoresByDay":[19.261994293621015],"rankSummary":{"mean":2357,"median":2357,"max":2357,"min":2357},"percentileSummary":{"mean":44.74671669793621,"median":44.74671669793621,"max":44.74671669793621,"min":44.74671669793621}}