{"name":"Topter","scoreData":{"2020-10-03":{"id":76561197972399630,"name":"Topter","score":12000,"level":2,"character":0,"platform":18,"runframes":11466,"runend":1021,"unknown1":4294965072,"unknown2":1647,"rank":4611,"percentile":41.63079260572297}},"tenDayPercentiles":[],"tenDayDecayingPercentileScore":0,"scoresByDay":[],"rankSummary":{"mean":4611,"median":4611,"max":4611,"min":4611},"percentileSummary":{"mean":41.63079260572297,"median":41.63079260572297,"max":41.63079260572297,"min":41.63079260572297}}