{"name":"Toreseb","scoreData":{"2020-10-12":{"id":76561198101328770,"name":"Toreseb","score":15900,"level":3,"character":0,"platform":18,"runframes":12017,"runend":1020,"unknown1":4294963426,"unknown2":4294965805,"rank":2758,"percentile":53.92713903743315}},"tenDayPercentiles":[],"tenDayDecayingPercentileScore":0,"scoresByDay":[],"rankSummary":{"mean":2758,"median":2758,"max":2758,"min":2758},"percentileSummary":{"mean":53.92713903743315,"median":53.92713903743315,"max":53.92713903743315,"min":53.92713903743315}}