{"name":"torfteufel","scoreData":{"2020-10-04":{"id":76561198001425440,"name":"torfteufel","score":25025,"level":5,"character":6,"platform":18,"runframes":37681,"runend":1018,"unknown1":4294965949,"unknown2":39,"rank":1456,"percentile":80.63099041533546}},"tenDayPercentiles":[],"tenDayDecayingPercentileScore":0,"scoresByDay":[],"rankSummary":{"mean":1456,"median":1456,"max":1456,"min":1456},"percentileSummary":{"mean":80.63099041533546,"median":80.63099041533546,"max":80.63099041533546,"min":80.63099041533546}}