{"name":"TORN_DARKNESS","scoreData":{"2020-10-07":{"id":76561198077831420,"name":"TORN_DARKNESS","score":0,"level":2,"character":7,"platform":18,"runframes":2819,"runend":1021,"unknown1":831,"unknown2":26,"rank":5264,"percentile":19.32863274064991}},"tenDayPercentiles":[],"tenDayDecayingPercentileScore":0,"scoresByDay":[],"rankSummary":{"mean":5264,"median":5264,"max":5264,"min":5264},"percentileSummary":{"mean":19.32863274064991,"median":19.32863274064991,"max":19.32863274064991,"min":19.32863274064991}}