{"name":"torpedyo","scoreData":{"2020-09-20":{"id":7492870183441120000,"name":"torpedyo","score":3800,"level":2,"character":0,"platform":48,"runframes":2733,"runend":1021,"unknown1":4294966185,"unknown2":4294965195,"rank":2293,"percentile":22.932078009414923}},"tenDayPercentiles":[],"tenDayDecayingPercentileScore":0,"scoresByDay":[],"rankSummary":{"mean":2293,"median":2293,"max":2293,"min":2293},"percentileSummary":{"mean":22.932078009414923,"median":22.932078009414923,"max":22.932078009414923,"min":22.932078009414923}}