{"name":"Torukia","scoreData":{"2020-10-03":{"id":76561198125833650,"name":"Torukia","score":10800,"level":2,"character":2,"platform":18,"runframes":6782,"runend":1021,"unknown1":4294965791,"unknown2":401,"rank":4910,"percentile":37.84502405672322}},"tenDayPercentiles":[],"tenDayDecayingPercentileScore":0,"scoresByDay":[],"rankSummary":{"mean":4910,"median":4910,"max":4910,"min":4910},"percentileSummary":{"mean":37.84502405672322,"median":37.84502405672322,"max":37.84502405672322,"min":37.84502405672322}}