{"name":"Toster 12D3","scoreData":{"2020-10-08":{"id":76561198303551420,"name":"Toster 12D3","score":13600,"level":3,"character":2,"platform":18,"runframes":12835,"runend":1020,"unknown1":3621,"unknown2":2413,"rank":3801,"percentile":40.05363622022401}},"tenDayDecayingPercentileMean":null,"rankSummary":{"mean":3801,"median":3801,"max":3801,"min":3801},"percentileSummary":{"mean":40.05363622022401,"median":40.05363622022401,"max":40.05363622022401,"min":40.05363622022401}}