{"name":"Totally Not Hax","scoreData":{"2020-10-08":{"id":878968058188286600,"name":"Totally Not Hax","score":1300,"level":2,"character":0,"platform":18,"runframes":3489,"runend":1021,"unknown1":1556,"unknown2":312,"rank":6060,"percentile":4.41710048903613}},"tenDayPercentiles":[],"tenDayDecayingPercentileScore":0,"scoresByDay":[],"rankSummary":{"mean":6060,"median":6060,"max":6060,"min":6060},"percentileSummary":{"mean":4.41710048903613,"median":4.41710048903613,"max":4.41710048903613,"min":4.41710048903613}}