{"name":"Totodile200Taps","scoreData":{"2020-10-05":{"id":76561198045104200,"name":"Totodile200Taps","score":10400,"level":2,"character":3,"platform":48,"runframes":6928,"runend":1021,"unknown1":4294960925,"unknown2":4294960941,"rank":4390,"percentile":35.56958308866706}},"tenDayPercentiles":[],"tenDayDecayingPercentileScore":0,"scoresByDay":[],"rankSummary":{"mean":4390,"median":4390,"max":4390,"min":4390},"percentileSummary":{"mean":35.56958308866706,"median":35.56958308866706,"max":35.56958308866706,"min":35.56958308866706}}