{"name":"tovija","scoreData":{"2020-10-30":{"id":9098922514170104000,"name":"tovija","score":8700,"level":2,"character":3,"platform":18,"runframes":11372,"runend":1021,"unknown1":4294964753,"unknown2":289,"rank":3307,"percentile":30.385344283006958}},"tenDayPercentiles":[],"tenDayDecayingPercentileScore":0,"scoresByDay":[],"rankSummary":{"mean":3307,"median":3307,"max":3307,"min":3307},"percentileSummary":{"mean":30.385344283006958,"median":30.385344283006958,"max":30.385344283006958,"min":30.385344283006958}}