{"name":"Toxic Nugget","scoreData":{"2020-10-11":{"id":76561198158969710,"name":"Toxic Nugget","score":24300,"level":3,"character":4,"platform":18,"runframes":9650,"runend":1020,"unknown1":166,"unknown2":4294965802,"rank":3613,"percentile":43.118110236220474}},"tenDayDecayingPercentileMean":null,"rankSummary":{"mean":3613,"median":3613,"max":3613,"min":3613},"percentileSummary":{"mean":43.118110236220474,"median":43.118110236220474,"max":43.118110236220474,"min":43.118110236220474}}