{"name":"ToxicDementia","scoreData":{"2020-09-15":{"id":5917291501579641000,"name":"ToxicDementia","score":11800,"level":2,"character":3,"platform":48,"runframes":5028,"runend":1021,"unknown1":4294966480,"unknown2":235,"rank":867,"percentile":52.31277533039648}},"tenDayPercentiles":[],"tenDayDecayingPercentileScore":0,"scoresByDay":[],"rankSummary":{"mean":867,"median":867,"max":867,"min":867},"percentileSummary":{"mean":52.31277533039648,"median":52.31277533039648,"max":52.31277533039648,"min":52.31277533039648}}