{"name":"ToXiC_VeNoM_916","scoreData":{"2020-09-28":{"id":8695792327118680000,"name":"ToXiC_VeNoM_916","score":4700,"level":2,"character":0,"platform":48,"runframes":3196,"runend":1021,"unknown1":4294966133,"unknown2":4294965314,"rank":1790,"percentile":17.099165894346612}},"tenDayPercentiles":[],"tenDayDecayingPercentileScore":0,"scoresByDay":[],"rankSummary":{"mean":1790,"median":1790,"max":1790,"min":1790},"percentileSummary":{"mean":17.099165894346612,"median":17.099165894346612,"max":17.099165894346612,"min":17.099165894346612}}