{"name":"Toyletpayper","scoreData":{"2020-10-01":{"id":757719837193948300,"name":"Toyletpayper","score":4200,"level":1,"character":0,"platform":18,"runframes":2492,"runend":1022,"unknown1":4294965524,"unknown2":365,"rank":6514,"percentile":15.349623082921767}},"tenDayPercentiles":[],"tenDayDecayingPercentileScore":0,"scoresByDay":[],"rankSummary":{"mean":6514,"median":6514,"max":6514,"min":6514},"percentileSummary":{"mean":15.349623082921767,"median":15.349623082921767,"max":15.349623082921767,"min":15.349623082921767}}