{"name":"tozac","scoreData":{"2020-09-15":{"id":5975620240166290000,"name":"tozac","score":31700,"level":4,"character":0,"platform":48,"runframes":39433,"runend":1019,"unknown1":4294965645,"unknown2":20,"rank":423,"percentile":76.76211453744493}},"tenDayPercentiles":[],"tenDayDecayingPercentileScore":0,"scoresByDay":[],"rankSummary":{"mean":423,"median":423,"max":423,"min":423},"percentileSummary":{"mean":76.76211453744493,"median":76.76211453744493,"max":76.76211453744493,"min":76.76211453744493}}