{"name":"Tr3v","scoreData":{"2020-10-04":{"id":76561197970781890,"name":"Tr3v","score":8825,"level":5,"character":4,"platform":18,"runframes":10196,"runend":1018,"unknown1":386,"unknown2":572,"rank":1908,"percentile":74.61395101171459}},"tenDayPercentiles":[],"tenDayDecayingPercentileScore":0,"scoresByDay":[],"rankSummary":{"mean":1908,"median":1908,"max":1908,"min":1908},"percentileSummary":{"mean":74.61395101171459,"median":74.61395101171459,"max":74.61395101171459,"min":74.61395101171459}}