{"name":"TrailMyx","scoreData":{"2020-10-01":{"id":76561198307529620,"name":"TrailMyx","score":4000,"level":1,"character":2,"platform":18,"runframes":2196,"runend":1022,"unknown1":4294961398,"unknown2":4294963116,"rank":6723,"percentile":12.633220691447875}},"tenDayPercentiles":[],"tenDayDecayingPercentileScore":0,"scoresByDay":[],"rankSummary":{"mean":6723,"median":6723,"max":6723,"min":6723},"percentileSummary":{"mean":12.633220691447875,"median":12.633220691447875,"max":12.633220691447875,"min":12.633220691447875}}