{"name":"train2014","scoreData":{"2020-09-19":{"id":4589876939313256000,"name":"train2014","score":8400,"level":2,"character":7,"platform":48,"runframes":6204,"runend":1021,"unknown1":4294967214,"unknown2":4294965124,"rank":1538,"percentile":48.698264352469955}},"tenDayPercentiles":[],"tenDayDecayingPercentileScore":0,"scoresByDay":[],"rankSummary":{"mean":1538,"median":1538,"max":1538,"min":1538},"percentileSummary":{"mean":48.698264352469955,"median":48.698264352469955,"max":48.698264352469955,"min":48.698264352469955}}