{"name":"trandesy","scoreData":{"2020-10-31":{"id":76561198864985620,"name":"trandesy","score":14400,"level":2,"character":5,"platform":48,"runframes":3737,"runend":1021,"unknown1":4294966468,"unknown2":418,"rank":3263,"percentile":31.369661266568485}},"tenDayPercentiles":[],"tenDayDecayingPercentileScore":0,"scoresByDay":[],"rankSummary":{"mean":3263,"median":3263,"max":3263,"min":3263},"percentileSummary":{"mean":31.369661266568485,"median":31.369661266568485,"max":31.369661266568485,"min":31.369661266568485}}