{"name":"Trap Lord Aiden II","scoreData":{"2020-09-29":{"id":7694782724343971000,"name":"Trap Lord Aiden II","score":10100,"level":4,"character":7,"platform":18,"runframes":9820,"runend":1019,"unknown1":4294963694,"unknown2":92,"rank":2457,"percentile":56.08011444921316}},"tenDayPercentiles":[],"tenDayDecayingPercentileScore":0,"scoresByDay":[],"rankSummary":{"mean":2457,"median":2457,"max":2457,"min":2457},"percentileSummary":{"mean":56.08011444921316,"median":56.08011444921316,"max":56.08011444921316,"min":56.08011444921316}}