{"name":"trash bird","scoreData":{"2020-10-16":{"id":4509625244563541500,"name":"trash bird","score":2200,"level":2,"character":0,"platform":18,"runframes":4174,"runend":1021,"unknown1":4294965772,"unknown2":1092,"rank":4537,"percentile":19.101123595505626}},"tenDayDecayingPercentileMean":null,"rankSummary":{"mean":4537,"median":4537,"max":4537,"min":4537},"percentileSummary":{"mean":19.101123595505626,"median":19.101123595505626,"max":19.101123595505626,"min":19.101123595505626}}