{"name":"Traten24","scoreData":{"2020-09-23":{"id":2649293429814416400,"name":"Traten24","score":9100,"level":2,"character":3,"platform":48,"runframes":4212,"runend":1021,"unknown1":4294965432,"unknown2":4294966778,"rank":1943,"percentile":19.285120532003333}},"tenDayPercentiles":[],"tenDayDecayingPercentileScore":0,"scoresByDay":[],"rankSummary":{"mean":1943,"median":1943,"max":1943,"min":1943},"percentileSummary":{"mean":19.285120532003333,"median":19.285120532003333,"max":19.285120532003333,"min":19.285120532003333}}