{"name":"TreeTheWolf","scoreData":{"2020-09-30":{"id":76561198012330530,"name":"TreeTheWolf","score":7500,"level":4,"character":0,"platform":48,"runframes":13494,"runend":1019,"unknown1":4539,"unknown2":4294965816,"rank":2006,"percentile":74.04194717762817}},"tenDayPercentiles":[],"tenDayDecayingPercentileScore":0,"scoresByDay":[],"rankSummary":{"mean":2006,"median":2006,"max":2006,"min":2006},"percentileSummary":{"mean":74.04194717762817,"median":74.04194717762817,"max":74.04194717762817,"min":74.04194717762817}}