{"name":"TreeTop_10","scoreData":{"2020-10-11":{"id":5950625025178822000,"name":"TreeTop_10","score":24700,"level":4,"character":5,"platform":48,"runframes":19788,"runend":1019,"unknown1":4294964692,"unknown2":547,"rank":2591,"percentile":59.21259842519685}},"tenDayPercentiles":[],"tenDayDecayingPercentileScore":0,"scoresByDay":[],"rankSummary":{"mean":2591,"median":2591,"max":2591,"min":2591},"percentileSummary":{"mean":59.21259842519685,"median":59.21259842519685,"max":59.21259842519685,"min":59.21259842519685}}