{"name":"Trem-Bala","scoreData":{"2020-10-06":{"id":4757204473505348000,"name":"Trem-Bala","score":14800,"level":4,"character":0,"platform":18,"runframes":42672,"runend":1019,"unknown1":4294962829,"unknown2":4294962337,"rank":2512,"percentile":63.04635761589404}},"tenDayPercentiles":[],"tenDayDecayingPercentileScore":0,"scoresByDay":[],"rankSummary":{"mean":2512,"median":2512,"max":2512,"min":2512},"percentileSummary":{"mean":63.04635761589404,"median":63.04635761589404,"max":63.04635761589404,"min":63.04635761589404}}