{"name":"TrendyLunch","scoreData":{"2020-11-12":{"id":1836971327333010700,"name":"TrendyLunch","score":6200,"level":1,"character":0,"platform":18,"runframes":3139,"runend":1022,"unknown1":4294963676,"unknown2":4294965754,"rank":3898,"percentile":8.60694183864915}},"tenDayPercentiles":[8.60694183864915],"tenDayDecayingPercentileScore":3.001055054331612,"scoresByDay":[3.001055054331612],"rankSummary":{"mean":3898,"median":3898,"max":3898,"min":3898},"percentileSummary":{"mean":8.60694183864915,"median":8.60694183864915,"max":8.60694183864915,"min":8.60694183864915}}