{"name":"TrexSolcruz","scoreData":{"2020-09-27":{"id":1738015208961940700,"name":"TrexSolcruz","score":8500,"level":1,"character":0,"platform":48,"runframes":4871,"runend":1022,"unknown1":478,"unknown2":1170,"rank":1766,"percentile":29.400000000000006}},"tenDayPercentiles":[],"tenDayDecayingPercentileScore":0,"scoresByDay":[],"rankSummary":{"mean":1766,"median":1766,"max":1766,"min":1766},"percentileSummary":{"mean":29.400000000000006,"median":29.400000000000006,"max":29.400000000000006,"min":29.400000000000006}}