{"name":"triadic-crop3","scoreData":{"2020-09-21":{"id":6036978420706696000,"name":"triadic-crop3","score":7400,"level":3,"character":0,"platform":48,"runframes":9566,"runend":1020,"unknown1":4294966311,"unknown2":704,"rank":1280,"percentile":48.77853424108931}},"tenDayPercentiles":[],"tenDayDecayingPercentileScore":0,"scoresByDay":[],"rankSummary":{"mean":1280,"median":1280,"max":1280,"min":1280},"percentileSummary":{"mean":48.77853424108931,"median":48.77853424108931,"max":48.77853424108931,"min":48.77853424108931}}