{"name":"Tridas","scoreData":{"2020-09-20":{"id":303368812680686900,"name":"Tridas","score":19700,"level":3,"character":0,"platform":48,"runframes":17368,"runend":1020,"unknown1":2378,"unknown2":72,"rank":1128,"percentile":62.1049092131809}},"tenDayPercentiles":[],"tenDayDecayingPercentileScore":0,"scoresByDay":[],"rankSummary":{"mean":1128,"median":1128,"max":1128,"min":1128},"percentileSummary":{"mean":62.1049092131809,"median":62.1049092131809,"max":62.1049092131809,"min":62.1049092131809}}