{"name":"tristenswift","scoreData":{"2020-10-04":{"id":76561197989748140,"name":"tristenswift","score":12700,"level":4,"character":3,"platform":48,"runframes":14093,"runend":1019,"unknown1":1650,"unknown2":95,"rank":3092,"percentile":58.85250266240681}},"tenDayPercentiles":[],"tenDayDecayingPercentileScore":0,"scoresByDay":[],"rankSummary":{"mean":3092,"median":3092,"max":3092,"min":3092},"percentileSummary":{"mean":58.85250266240681,"median":58.85250266240681,"max":58.85250266240681,"min":58.85250266240681}}