{"name":"Trocar","scoreData":{"2020-10-10":{"id":7255491020146803000,"name":"Trocar","score":1200,"level":1,"character":3,"platform":18,"runframes":1144,"runend":1022,"unknown1":4294965492,"unknown2":230,"rank":6099,"percentile":7.550030321406908}},"tenDayPercentiles":[],"tenDayDecayingPercentileScore":0,"scoresByDay":[],"rankSummary":{"mean":6099,"median":6099,"max":6099,"min":6099},"percentileSummary":{"mean":7.550030321406908,"median":7.550030321406908,"max":7.550030321406908,"min":7.550030321406908}}