{"name":"Trog Foss","scoreData":{"2020-10-14":{"id":6072446750856578000,"name":"Trog Foss","score":30700,"level":6,"character":2,"platform":18,"runframes":30609,"runend":1017,"unknown1":2728,"unknown2":4763,"rank":1176,"percentile":78.75994215473608}},"tenDayDecayingPercentileMean":null,"rankSummary":{"mean":1176,"median":1176,"max":1176,"min":1176},"percentileSummary":{"mean":78.75994215473608,"median":78.75994215473608,"max":78.75994215473608,"min":78.75994215473608}}