{"name":"Tronas0606","scoreData":{"2020-09-29":{"id":6177553169454200000,"name":"Tronas0606","score":17600,"level":4,"character":7,"platform":48,"runframes":10410,"runend":1019,"unknown1":1632,"unknown2":150,"rank":2232,"percentile":60.10371959942775}},"tenDayPercentiles":[],"tenDayDecayingPercentileScore":0,"scoresByDay":[],"rankSummary":{"mean":2232,"median":2232,"max":2232,"min":2232},"percentileSummary":{"mean":60.10371959942775,"median":60.10371959942775,"max":60.10371959942775,"min":60.10371959942775}}