{"name":"Troncha Toro","scoreData":{"2020-10-04":{"id":76561197989718480,"name":"Troncha Toro","score":22000,"level":5,"character":4,"platform":18,"runframes":19697,"runend":1018,"unknown1":4294965932,"unknown2":628,"rank":1558,"percentile":79.27316293929712}},"tenDayDecayingPercentileMean":null,"rankSummary":{"mean":1558,"median":1558,"max":1558,"min":1558},"percentileSummary":{"mean":79.27316293929712,"median":79.27316293929712,"max":79.27316293929712,"min":79.27316293929712}}