{"name":"Trubakoff","scoreData":{"2020-10-20":{"id":6879421837837162000,"name":"Trubakoff","score":44600,"level":6,"character":8,"platform":18,"runframes":42484,"runend":1017,"unknown1":560,"unknown2":762,"rank":1753,"percentile":67.55555555555556}},"tenDayPercentiles":[],"tenDayDecayingPercentileScore":0,"scoresByDay":[],"rankSummary":{"mean":1753,"median":1753,"max":1753,"min":1753},"percentileSummary":{"mean":67.55555555555556,"median":67.55555555555556,"max":67.55555555555556,"min":67.55555555555556}}