{"name":"Trump","scoreData":{"2020-11-09":{"id":5472799230830277000,"name":"Trump","score":4300,"level":1,"character":7,"platform":18,"runframes":2380,"runend":1022,"unknown1":4294966833,"unknown2":4294963449,"rank":4174,"percentile":4.354801741920696}},"tenDayPercentiles":[4.354801741920696],"tenDayDecayingPercentileScore":1.5184254783176714,"scoresByDay":[1.5184254783176714],"rankSummary":{"mean":4174,"median":4174,"max":4174,"min":4174},"percentileSummary":{"mean":4.354801741920696,"median":4.354801741920696,"max":4.354801741920696,"min":4.354801741920696}}