{"name":"trunkit06","scoreData":{"2020-11-20":{"id":7546831091312090000,"name":"trunkit06","score":45350,"level":6,"character":7,"platform":48,"runframes":32209,"runend":1017,"unknown1":1220,"unknown2":394,"rank":1452,"percentile":64.08415841584159}},"tenDayPercentiles":[],"tenDayDecayingPercentileScore":0,"scoresByDay":[],"rankSummary":{"mean":1452,"median":1452,"max":1452,"min":1452},"percentileSummary":{"mean":64.08415841584159,"median":64.08415841584159,"max":64.08415841584159,"min":64.08415841584159}}