{"name":"trustful_expiry0","scoreData":{"2020-09-26":{"id":7918297747500094000,"name":"trustful_expiry0","score":2500,"level":2,"character":0,"platform":48,"runframes":1928,"runend":1021,"unknown1":4294966886,"unknown2":4294966478,"rank":2163,"percentile":16.685934489402698}},"tenDayPercentiles":[],"tenDayDecayingPercentileScore":0,"scoresByDay":[],"rankSummary":{"mean":2163,"median":2163,"max":2163,"min":2163},"percentileSummary":{"mean":16.685934489402698,"median":16.685934489402698,"max":16.685934489402698,"min":16.685934489402698}}