{"name":"truu.mikey","scoreData":{"2020-11-19":{"id":76561198025589580,"name":"truu.mikey","score":26700,"level":3,"character":7,"platform":18,"runframes":21769,"runend":1020,"unknown1":4294964660,"unknown2":477,"rank":2127,"percentile":45.57091653865848}},"tenDayPercentiles":[],"tenDayDecayingPercentileScore":0,"scoresByDay":[],"rankSummary":{"mean":2127,"median":2127,"max":2127,"min":2127},"percentileSummary":{"mean":45.57091653865848,"median":45.57091653865848,"max":45.57091653865848,"min":45.57091653865848}}