{"name":"Tstan105","scoreData":{"2020-09-29":{"id":76561198327199540,"name":"Tstan105","score":4100,"level":2,"character":2,"platform":18,"runframes":3659,"runend":1021,"unknown1":4294965213,"unknown2":2842,"rank":4380,"percentile":21.691702432045773}},"tenDayPercentiles":[],"tenDayDecayingPercentileScore":0,"scoresByDay":[],"rankSummary":{"mean":4380,"median":4380,"max":4380,"min":4380},"percentileSummary":{"mean":21.691702432045773,"median":21.691702432045773,"max":21.691702432045773,"min":21.691702432045773}}