{"name":"Tsubakii","scoreData":{"2020-09-23":{"id":9086280906614609000,"name":"Tsubakii","score":6200,"level":2,"character":0,"platform":48,"runframes":7187,"runend":1021,"unknown1":488,"unknown2":4294967155,"rank":2097,"percentile":12.884455527847052}},"tenDayPercentiles":[],"tenDayDecayingPercentileScore":0,"scoresByDay":[],"rankSummary":{"mean":2097,"median":2097,"max":2097,"min":2097},"percentileSummary":{"mean":12.884455527847052,"median":12.884455527847052,"max":12.884455527847052,"min":12.884455527847052}}