{"name":"TsuMuch","scoreData":{"2020-09-18":{"id":7559650374752871000,"name":"TsuMuch","score":55525,"level":9,"character":7,"platform":48,"runframes":62656,"runend":1014,"unknown1":4294965802,"unknown2":530,"rank":112,"percentile":96.03004291845494}},"tenDayPercentiles":[],"tenDayDecayingPercentileScore":0,"scoresByDay":[],"rankSummary":{"mean":112,"median":112,"max":112,"min":112},"percentileSummary":{"mean":96.03004291845494,"median":96.03004291845494,"max":96.03004291845494,"min":96.03004291845494}}