{"name":"ttkk00","scoreData":{"2020-10-07":{"id":76561197994098980,"name":"ttkk00","score":15475,"level":6,"character":4,"platform":18,"runframes":31283,"runend":1017,"unknown1":4294965371,"unknown2":652,"rank":899,"percentile":86.23543838136113}},"tenDayPercentiles":[],"tenDayDecayingPercentileScore":0,"scoresByDay":[],"rankSummary":{"mean":899,"median":899,"max":899,"min":899},"percentileSummary":{"mean":86.23543838136113,"median":86.23543838136113,"max":86.23543838136113,"min":86.23543838136113}}