{"name":"TTV_Hydrodipzzz","scoreData":{"2020-09-29":{"id":76561198205836700,"name":"TTV_Hydrodipzzz","score":7000,"level":1,"character":1,"platform":48,"runframes":1538,"runend":1022,"unknown1":813,"unknown2":1785,"rank":5113,"percentile":8.583690987124456}},"tenDayPercentiles":[],"tenDayDecayingPercentileScore":0,"scoresByDay":[],"rankSummary":{"mean":5113,"median":5113,"max":5113,"min":5113},"percentileSummary":{"mean":8.583690987124456,"median":8.583690987124456,"max":8.583690987124456,"min":8.583690987124456}}