{"name":"ttv_jornvus","scoreData":{"2020-09-21":{"id":7655910075966089000,"name":"ttv_jornvus","score":6900,"level":3,"character":7,"platform":48,"runframes":7002,"runend":1020,"unknown1":4294966817,"unknown2":75,"rank":1300,"percentile":47.97757308770525}},"tenDayPercentiles":[],"tenDayDecayingPercentileScore":0,"scoresByDay":[],"rankSummary":{"mean":1300,"median":1300,"max":1300,"min":1300},"percentileSummary":{"mean":47.97757308770525,"median":47.97757308770525,"max":47.97757308770525,"min":47.97757308770525}}