{"name":"TTV_Charlie_2010","scoreData":{"2020-09-30":{"id":76561198014292510,"name":"TTV_Charlie_2010","score":3500,"level":2,"character":3,"platform":48,"runframes":4963,"runend":1021,"unknown1":4294965777,"unknown2":1025,"rank":5688,"percentile":26.372345934748836}},"tenDayPercentiles":[],"tenDayDecayingPercentileScore":0,"scoresByDay":[],"rankSummary":{"mean":5688,"median":5688,"max":5688,"min":5688},"percentileSummary":{"mean":26.372345934748836,"median":26.372345934748836,"max":26.372345934748836,"min":26.372345934748836}}