{"name":"TTVcatsy_69","scoreData":{"2020-10-07":{"id":4408595157899028000,"name":"TTVcatsy_69","score":20275,"level":13,"character":10,"platform":48,"runframes":31666,"runend":1010,"unknown1":538,"unknown2":67,"rank":136,"percentile":97.93071735131821}},"tenDayPercentiles":[],"tenDayDecayingPercentileScore":0,"scoresByDay":[],"rankSummary":{"mean":136,"median":136,"max":136,"min":136},"percentileSummary":{"mean":97.93071735131821,"median":97.93071735131821,"max":97.93071735131821,"min":97.93071735131821}}