{"name":"ttvthedestroyer5","scoreData":{"2020-11-21":{"id":3925322322333592600,"name":"ttvthedestroyer5","score":6550,"level":5,"character":8,"platform":48,"runframes":11471,"runend":1018,"unknown1":4294966565,"unknown2":4294965630,"rank":1823,"percentile":56.10696217778848}},"tenDayPercentiles":[56.10696217778848],"tenDayDecayingPercentileScore":50.49626596000964,"scoresByDay":[50.49626596000964],"rankSummary":{"mean":1823,"median":1823,"max":1823,"min":1823},"percentileSummary":{"mean":56.10696217778848,"median":56.10696217778848,"max":56.10696217778848,"min":56.10696217778848}}