{"name":"Tubby","scoreData":{"2020-10-07":{"id":1551100507526679000,"name":"Tubby","score":5400,"level":2,"character":4,"platform":18,"runframes":9601,"runend":1021,"unknown1":3750,"unknown2":170,"rank":4351,"percentile":33.32311465358676}},"tenDayPercentiles":[],"tenDayDecayingPercentileScore":0,"scoresByDay":[],"rankSummary":{"mean":4351,"median":4351,"max":4351,"min":4351},"percentileSummary":{"mean":33.32311465358676,"median":33.32311465358676,"max":33.32311465358676,"min":33.32311465358676}}