{"name":"Tunic","scoreData":{"2020-11-16":{"id":5847215405478988000,"name":"Tunic","score":21150,"level":5,"character":18,"platform":18,"runframes":14525,"runend":1018,"unknown1":2153,"unknown2":23,"rank":1617,"percentile":58.60655737704918}},"tenDayPercentiles":[58.60655737704918],"tenDayDecayingPercentileScore":31.145927459016395,"scoresByDay":[31.145927459016395],"rankSummary":{"mean":1617,"median":1617,"max":1617,"min":1617},"percentileSummary":{"mean":58.60655737704918,"median":58.60655737704918,"max":58.60655737704918,"min":58.60655737704918}}