{"name":"tur16","scoreData":{"2020-10-17":{"id":2932248713725478000,"name":"tur16","score":7200,"level":1,"character":0,"platform":48,"runframes":4397,"runend":1022,"unknown1":4294967192,"unknown2":585,"rank":5254,"percentile":10.174418604651152}},"tenDayPercentiles":[],"tenDayDecayingPercentileScore":0,"scoresByDay":[],"rankSummary":{"mean":5254,"median":5254,"max":5254,"min":5254},"percentileSummary":{"mean":10.174418604651152,"median":10.174418604651152,"max":10.174418604651152,"min":10.174418604651152}}