{"name":"turbo010303","scoreData":{"2020-09-29":{"id":8173202655357778000,"name":"turbo010303","score":52825,"level":6,"character":2,"platform":48,"runframes":36024,"runend":1017,"unknown1":18,"unknown2":4294966388,"rank":742,"percentile":86.7489270386266}},"tenDayPercentiles":[],"tenDayDecayingPercentileScore":0,"scoresByDay":[],"rankSummary":{"mean":742,"median":742,"max":742,"min":742},"percentileSummary":{"mean":86.7489270386266,"median":86.7489270386266,"max":86.7489270386266,"min":86.7489270386266}}