{"name":"turclebo","scoreData":{"2020-10-07":{"id":76561197994728100,"name":"turclebo","score":5000,"level":2,"character":3,"platform":48,"runframes":5409,"runend":1021,"unknown1":4754,"unknown2":3697,"rank":4429,"percentile":32.12752912323728}},"tenDayPercentiles":[],"tenDayDecayingPercentileScore":0,"scoresByDay":[],"rankSummary":{"mean":4429,"median":4429,"max":4429,"min":4429},"percentileSummary":{"mean":32.12752912323728,"median":32.12752912323728,"max":32.12752912323728,"min":32.12752912323728}}