{"name":"tuxedomonk","scoreData":{"2020-10-01":{"id":76561198089318380,"name":"tuxedomonk","score":4000,"level":1,"character":7,"platform":48,"runframes":2456,"runend":1022,"unknown1":1934,"unknown2":964,"rank":6772,"percentile":11.996360800623862}},"tenDayPercentiles":[],"tenDayDecayingPercentileScore":0,"scoresByDay":[],"rankSummary":{"mean":6772,"median":6772,"max":6772,"min":6772},"percentileSummary":{"mean":11.996360800623862,"median":11.996360800623862,"max":11.996360800623862,"min":11.996360800623862}}