{"name":"TwiddyBOO!","scoreData":{"2020-10-23":{"id":76561198088993280,"name":"TwiddyBOO!","score":24175,"level":6,"character":0,"platform":18,"runframes":24670,"runend":1017,"unknown1":4294965761,"unknown2":4294965022,"rank":1890,"percentile":63.81919172572304}},"tenDayDecayingPercentileMean":null,"rankSummary":{"mean":1890,"median":1890,"max":1890,"min":1890},"percentileSummary":{"mean":63.81919172572304,"median":63.81919172572304,"max":63.81919172572304,"min":63.81919172572304}}