{"name":"twilightvamp86","scoreData":{"2020-10-10":{"id":76561198066507550,"name":"twilightvamp86","score":2000,"level":1,"character":3,"platform":48,"runframes":2744,"runend":1022,"unknown1":2896,"unknown2":4294964905,"rank":5785,"percentile":12.310491206791994}},"tenDayPercentiles":[],"tenDayDecayingPercentileScore":0,"scoresByDay":[],"rankSummary":{"mean":5785,"median":5785,"max":5785,"min":5785},"percentileSummary":{"mean":12.310491206791994,"median":12.310491206791994,"max":12.310491206791994,"min":12.310491206791994}}