{"name":"twistedbun","scoreData":{"2020-11-09":{"id":76561198004038830,"name":"twistedbun","score":9400,"level":3,"character":3,"platform":48,"runframes":14491,"runend":1020,"unknown1":4294965360,"unknown2":4294967240,"rank":2684,"percentile":38.505615402246164}},"tenDayPercentiles":[],"tenDayDecayingPercentileScore":0,"scoresByDay":[],"rankSummary":{"mean":2684,"median":2684,"max":2684,"min":2684},"percentileSummary":{"mean":38.505615402246164,"median":38.505615402246164,"max":38.505615402246164,"min":38.505615402246164}}