{"name":"Twist0fFate7","scoreData":{"2020-10-19":{"id":76561198807610460,"name":"Twist0fFate7","score":12800,"level":3,"character":0,"platform":18,"runframes":10110,"runend":1020,"unknown1":4294966750,"unknown2":1871,"rank":3428,"percentile":35.91997008227375}},"tenDayPercentiles":[],"tenDayDecayingPercentileScore":0,"scoresByDay":[],"rankSummary":{"mean":3428,"median":3428,"max":3428,"min":3428},"percentileSummary":{"mean":35.91997008227375,"median":35.91997008227375,"max":35.91997008227375,"min":35.91997008227375}}