{"name":"Twitch.Tv/Blue_seagull","scoreData":{"2020-11-02":{"id":76561197965078050,"name":"Twitch.Tv/Blue_seagull","score":22700,"level":3,"character":7,"platform":18,"runframes":8828,"runend":1020,"unknown1":4294964186,"unknown2":4294965618,"rank":2579,"percentile":42.365302928683214}},"tenDayDecayingPercentileMean":null,"rankSummary":{"mean":2579,"median":2579,"max":2579,"min":2579},"percentileSummary":{"mean":42.365302928683214,"median":42.365302928683214,"max":42.365302928683214,"min":42.365302928683214}}