{"name":"Two Bros Chillin in a Hot Tub","scoreData":{"2020-10-09":{"id":76561198025201070,"name":"Two Bros Chillin in a Hot Tub","score":13600,"level":2,"character":6,"platform":18,"runframes":7778,"runend":1021,"unknown1":3641,"unknown2":213,"rank":4628,"percentile":26.22767857142857}},"tenDayPercentiles":[],"tenDayDecayingPercentileScore":0,"scoresByDay":[],"rankSummary":{"mean":4628,"median":4628,"max":4628,"min":4628},"percentileSummary":{"mean":26.22767857142857,"median":26.22767857142857,"max":26.22767857142857,"min":26.22767857142857}}