{"name":"TwoToedTerror","scoreData":{"2020-10-04":{"id":5636440916961043000,"name":"TwoToedTerror","score":2000,"level":2,"character":7,"platform":18,"runframes":3884,"runend":1021,"unknown1":4294967285,"unknown2":554,"rank":6431,"percentile":14.403620873269446}},"tenDayPercentiles":[],"tenDayDecayingPercentileScore":0,"scoresByDay":[],"rankSummary":{"mean":6431,"median":6431,"max":6431,"min":6431},"percentileSummary":{"mean":14.403620873269446,"median":14.403620873269446,"max":14.403620873269446,"min":14.403620873269446}}