{"name":"TYER_SHREDDER","scoreData":{"2020-09-23":{"id":3796038568943937500,"name":"TYER_SHREDDER","score":7100,"level":2,"character":2,"platform":48,"runframes":4831,"runend":1021,"unknown1":4294966935,"unknown2":465,"rank":2065,"percentile":14.214463840399006}},"tenDayPercentiles":[],"tenDayDecayingPercentileScore":0,"scoresByDay":[],"rankSummary":{"mean":2065,"median":2065,"max":2065,"min":2065},"percentileSummary":{"mean":14.214463840399006,"median":14.214463840399006,"max":14.214463840399006,"min":14.214463840399006}}