{"name":"Tylerzx","scoreData":{"2020-10-18":{"id":76561197972128180,"name":"Tylerzx","score":6500,"level":2,"character":0,"platform":18,"runframes":3933,"runend":1021,"unknown1":4294966398,"unknown2":1890,"rank":5456,"percentile":7.979082321187576}},"tenDayPercentiles":[],"tenDayDecayingPercentileScore":0,"scoresByDay":[],"rankSummary":{"mean":5456,"median":5456,"max":5456,"min":5456},"percentileSummary":{"mean":7.979082321187576,"median":7.979082321187576,"max":7.979082321187576,"min":7.979082321187576}}