{"name":"Tylus","scoreData":{"2020-10-23":{"id":76561198004560770,"name":"Tylus","score":6100,"level":1,"character":2,"platform":18,"runframes":2136,"runend":1022,"unknown1":4294964776,"unknown2":4294966334,"rank":4999,"percentile":4.2712124114154335}},"tenDayPercentiles":[],"tenDayDecayingPercentileScore":0,"scoresByDay":[],"rankSummary":{"mean":4999,"median":4999,"max":4999,"min":4999},"percentileSummary":{"mean":4.2712124114154335,"median":4.2712124114154335,"max":4.2712124114154335,"min":4.2712124114154335}}