{"name":"TyM0tEi","scoreData":{"2020-09-30":{"id":76561198052638340,"name":"TyM0tEi","score":8500,"level":2,"character":3,"platform":18,"runframes":5106,"runend":1021,"unknown1":2163,"unknown2":1826,"rank":5203,"percentile":32.65147591921284}},"tenDayPercentiles":[],"tenDayDecayingPercentileScore":0,"scoresByDay":[],"rankSummary":{"mean":5203,"median":5203,"max":5203,"min":5203},"percentileSummary":{"mean":32.65147591921284,"median":32.65147591921284,"max":32.65147591921284,"min":32.65147591921284}}