{"name":"tynanarama","scoreData":{"2020-10-16":{"id":76561198055180480,"name":"tynanarama","score":7900,"level":3,"character":3,"platform":18,"runframes":8607,"runend":1020,"unknown1":4192,"unknown2":1577,"rank":2446,"percentile":56.39379347244516}},"tenDayPercentiles":[],"tenDayDecayingPercentileScore":0,"scoresByDay":[],"rankSummary":{"mean":2446,"median":2446,"max":2446,"min":2446},"percentileSummary":{"mean":56.39379347244516,"median":56.39379347244516,"max":56.39379347244516,"min":56.39379347244516}}