{"name":"TyroneMcBlacknig","scoreData":{"2020-11-17":{"id":76561198088864290,"name":"TyroneMcBlacknig","score":50650,"level":6,"character":7,"platform":48,"runframes":22497,"runend":1017,"unknown1":1591,"unknown2":913,"rank":766,"percentile":80.47473200612558}},"tenDayPercentiles":[80.47473200612558],"tenDayDecayingPercentileScore":58.666079632465554,"scoresByDay":[58.666079632465554],"rankSummary":{"mean":766,"median":766,"max":766,"min":766},"percentileSummary":{"mean":80.47473200612558,"median":80.47473200612558,"max":80.47473200612558,"min":80.47473200612558}}