{"name":"Tyronejoe","scoreData":{"2020-09-26":{"id":7351119035144749000,"name":"Tyronejoe","score":9300,"level":2,"character":7,"platform":48,"runframes":11445,"runend":1021,"unknown1":1429,"unknown2":366,"rank":2047,"percentile":21.15606936416185}},"tenDayPercentiles":[],"tenDayDecayingPercentileScore":0,"scoresByDay":[],"rankSummary":{"mean":2047,"median":2047,"max":2047,"min":2047},"percentileSummary":{"mean":21.15606936416185,"median":21.15606936416185,"max":21.15606936416185,"min":21.15606936416185}}