{"name":"Тюлень","scoreData":{"2020-11-04":{"id":76561199038962600,"name":"Тюлень","score":366600,"level":15,"character":0,"platform":18,"runframes":140427,"runend":1008,"unknown1":711,"unknown2":1078,"rank":179,"percentile":96.03475161505904}},"tenDayDecayingPercentileMean":null,"rankSummary":{"mean":179,"median":179,"max":179,"min":179},"percentileSummary":{"mean":96.03475161505904,"median":96.03475161505904,"max":96.03475161505904,"min":96.03475161505904}}