{"name":"Tyy","scoreData":{"2020-11-14":{"id":76561197971053580,"name":"Tyy","score":5200,"level":3,"character":10,"platform":18,"runframes":5955,"runend":1020,"unknown1":4294967171,"unknown2":470,"rank":2010,"percentile":53.441483198146}},"tenDayPercentiles":[53.441483198146],"tenDayDecayingPercentileScore":28.400995272305913,"scoresByDay":[28.400995272305913],"rankSummary":{"mean":2010,"median":2010,"max":2010,"min":2010},"percentileSummary":{"mean":53.441483198146,"median":53.441483198146,"max":53.441483198146,"min":53.441483198146}}