{"name":"Q from Impractical Jokers","scoreData":{"2020-11-18":{"id":76561198015178540,"name":"Q from Impractical Jokers","score":2400,"level":1,"character":7,"platform":18,"runframes":1814,"runend":1022,"unknown1":4294963582,"unknown2":4294967227,"rank":3872,"percentile":3.610557768924309}},"tenDayPercentiles":[3.610557768924309],"tenDayDecayingPercentileScore":2.9245517928286904,"scoresByDay":[2.9245517928286904],"rankSummary":{"mean":3872,"median":3872,"max":3872,"min":3872},"percentileSummary":{"mean":3.610557768924309,"median":3.610557768924309,"max":3.610557768924309,"min":3.610557768924309}}