{"name":"Qatfish","scoreData":{"2020-10-05":{"id":76561198030141020,"name":"Qatfish","score":34325,"level":5,"character":3,"platform":18,"runframes":36259,"runend":1018,"unknown1":4294965751,"unknown2":1433,"rank":2176,"percentile":68.07105108631826}},"tenDayPercentiles":[],"tenDayDecayingPercentileScore":0,"scoresByDay":[],"rankSummary":{"mean":2176,"median":2176,"max":2176,"min":2176},"percentileSummary":{"mean":68.07105108631826,"median":68.07105108631826,"max":68.07105108631826,"min":68.07105108631826}}