{"name":"QC_Sickboy","scoreData":{"2020-11-07":{"id":76561198208355840,"name":"QC_Sickboy","score":18000,"level":4,"character":18,"platform":48,"runframes":27608,"runend":1019,"unknown1":4294965872,"unknown2":4294962961,"rank":2497,"percentile":47.73869346733668}},"tenDayPercentiles":[],"tenDayDecayingPercentileScore":0,"scoresByDay":[],"rankSummary":{"mean":2497,"median":2497,"max":2497,"min":2497},"percentileSummary":{"mean":47.73869346733668,"median":47.73869346733668,"max":47.73869346733668,"min":47.73869346733668}}