{"name":"QUACALACALASPA","scoreData":{"2020-09-20":{"id":6927749555206143000,"name":"QUACALACALASPA","score":11950,"level":4,"character":4,"platform":48,"runframes":17542,"runend":1019,"unknown1":4294965696,"unknown2":4294966218,"rank":896,"percentile":69.90585070611971}},"tenDayPercentiles":[],"tenDayDecayingPercentileScore":0,"scoresByDay":[],"rankSummary":{"mean":896,"median":896,"max":896,"min":896},"percentileSummary":{"mean":69.90585070611971,"median":69.90585070611971,"max":69.90585070611971,"min":69.90585070611971}}