{"name":"Quackersss","scoreData":{"2020-09-30":{"id":2359796281003591700,"name":"Quackersss","score":6800,"level":1,"character":7,"platform":18,"runframes":2525,"runend":1022,"unknown1":5343,"unknown2":89,"rank":6771,"percentile":12.351113412739508}},"tenDayPercentiles":[],"tenDayDecayingPercentileScore":0,"scoresByDay":[],"rankSummary":{"mean":6771,"median":6771,"max":6771,"min":6771},"percentileSummary":{"mean":12.351113412739508,"median":12.351113412739508,"max":12.351113412739508,"min":12.351113412739508}}