{"name":"Quallenmixer","scoreData":{"2020-11-13":{"id":2810076597741234000,"name":"Quallenmixer","score":53400,"level":4,"character":1,"platform":18,"runframes":36013,"runend":1019,"unknown1":4294966097,"unknown2":4294964597,"rank":1730,"percentile":58.83333333333333}},"tenDayPercentiles":[58.83333333333333],"tenDayDecayingPercentileScore":31.2664455,"scoresByDay":[31.2664455],"rankSummary":{"mean":1730,"median":1730,"max":1730,"min":1730},"percentileSummary":{"mean":58.83333333333333,"median":58.83333333333333,"max":58.83333333333333,"min":58.83333333333333}}