{"name":"Quantumplatr","scoreData":{"2020-10-05":{"id":76561198052265150,"name":"Quantumplatr","score":2500,"level":1,"character":3,"platform":18,"runframes":2250,"runend":1022,"unknown1":1375,"unknown2":5781,"rank":6071,"percentile":10.892542571931884}},"tenDayPercentiles":[],"tenDayDecayingPercentileScore":0,"scoresByDay":[],"rankSummary":{"mean":6071,"median":6071,"max":6071,"min":6071},"percentileSummary":{"mean":10.892542571931884,"median":10.892542571931884,"max":10.892542571931884,"min":10.892542571931884}}