{"name":"queen_necie","scoreData":{"2020-09-30":{"id":76561198092528380,"name":"queen_necie","score":10300,"level":4,"character":0,"platform":48,"runframes":12732,"runend":1019,"unknown1":6404,"unknown2":1566,"rank":1921,"percentile":75.14241325737959}},"tenDayPercentiles":[],"tenDayDecayingPercentileScore":0,"scoresByDay":[],"rankSummary":{"mean":1921,"median":1921,"max":1921,"min":1921},"percentileSummary":{"mean":75.14241325737959,"median":75.14241325737959,"max":75.14241325737959,"min":75.14241325737959}}