{"name":"questforthecup","scoreData":{"2020-10-12":{"id":76561198004947150,"name":"questforthecup","score":3400,"level":1,"character":0,"platform":48,"runframes":10068,"runend":1022,"unknown1":1914,"unknown2":3963,"rank":5470,"percentile":8.606283422459896}},"tenDayPercentiles":[],"tenDayDecayingPercentileScore":0,"scoresByDay":[],"rankSummary":{"mean":5470,"median":5470,"max":5470,"min":5470},"percentileSummary":{"mean":8.606283422459896,"median":8.606283422459896,"max":8.606283422459896,"min":8.606283422459896}}