{"name":"Quinovas","scoreData":{"2020-10-29":{"id":76561198162694260,"name":"Quinovas","score":3100,"level":1,"character":3,"platform":18,"runframes":2495,"runend":1022,"unknown1":4294966031,"unknown2":52,"rank":4356,"percentile":8.948358770646038}},"tenDayPercentiles":[],"tenDayDecayingPercentileScore":0,"scoresByDay":[],"rankSummary":{"mean":4356,"median":4356,"max":4356,"min":4356},"percentileSummary":{"mean":8.948358770646038,"median":8.948358770646038,"max":8.948358770646038,"min":8.948358770646038}}