{"name":"qwerty123456","scoreData":{"2020-10-01":{"id":76561198016929360,"name":"qwerty123456","score":39925,"level":7,"character":4,"platform":18,"runframes":32947,"runend":1016,"unknown1":4294964195,"unknown2":1517,"rank":962,"percentile":87.5097478554718}},"tenDayPercentiles":[],"tenDayDecayingPercentileScore":0,"scoresByDay":[],"rankSummary":{"mean":962,"median":962,"max":962,"min":962},"percentileSummary":{"mean":87.5097478554718,"median":87.5097478554718,"max":87.5097478554718,"min":87.5097478554718}}