{"name":"913044552","scoreData":{"2020-10-18":{"id":76561198042245010,"name":"913044552","score":2500,"level":1,"character":3,"platform":18,"runframes":2935,"runend":1022,"unknown1":1977,"unknown2":1127,"rank":5662,"percentile":4.504048582995949}},"tenDayPercentiles":[],"tenDayDecayingPercentileScore":0,"scoresByDay":[],"rankSummary":{"mean":5662,"median":5662,"max":5662,"min":5662},"percentileSummary":{"mean":4.504048582995949,"median":4.504048582995949,"max":4.504048582995949,"min":4.504048582995949}}