{"name":"937175507","scoreData":{"2020-10-15":{"id":76561198007183970,"name":"937175507","score":1500,"level":1,"character":2,"platform":18,"runframes":749,"runend":1022,"unknown1":4294964512,"unknown2":4294964271,"rank":5717,"percentile":0.7121764808059652}},"tenDayPercentiles":[],"tenDayDecayingPercentileScore":0,"scoresByDay":[],"rankSummary":{"mean":5717,"median":5717,"max":5717,"min":5717},"percentileSummary":{"mean":0.7121764808059652,"median":0.7121764808059652,"max":0.7121764808059652,"min":0.7121764808059652}}