{"name":"980268667","scoreData":{"2020-10-27":{"id":1098891911537034900,"name":"980268667","score":3800,"level":1,"character":3,"platform":18,"runframes":3933,"runend":1022,"unknown1":1103,"unknown2":1603,"rank":4780,"percentile":3.9783001808318232}},"tenDayPercentiles":[],"tenDayDecayingPercentileScore":0,"scoresByDay":[],"rankSummary":{"mean":4780,"median":4780,"max":4780,"min":4780},"percentileSummary":{"mean":3.9783001808318232,"median":3.9783001808318232,"max":3.9783001808318232,"min":3.9783001808318232}}