{"name":"W1ck3dMint","scoreData":{"2020-09-16":{"id":8703229679740038000,"name":"W1ck3dMint","score":13600,"level":2,"character":0,"platform":48,"runframes":5439,"runend":1021,"unknown1":4294966758,"unknown2":278,"rank":1933,"percentile":37.394685677252106}},"tenDayPercentiles":[],"tenDayDecayingPercentileScore":0,"scoresByDay":[],"rankSummary":{"mean":1933,"median":1933,"max":1933,"min":1933},"percentileSummary":{"mean":37.394685677252106,"median":37.394685677252106,"max":37.394685677252106,"min":37.394685677252106}}