{"name":"waarga","scoreData":{"2020-11-17":{"id":76561198004571780,"name":"waarga","score":4800,"level":1,"character":2,"platform":48,"runframes":6514,"runend":1022,"unknown1":4294966165,"unknown2":4294966662,"rank":3763,"percentile":3.981623277182237}},"tenDayPercentiles":[3.981623277182237],"tenDayDecayingPercentileScore":2.3511087289433394,"scoresByDay":[2.3511087289433394],"rankSummary":{"mean":3763,"median":3763,"max":3763,"min":3763},"percentileSummary":{"mean":3.981623277182237,"median":3.981623277182237,"max":3.981623277182237,"min":3.981623277182237}}