{"name":"wade1337","scoreData":{"2020-10-03":{"id":7800743112599346000,"name":"wade1337","score":9300,"level":3,"character":2,"platform":18,"runframes":21499,"runend":1020,"unknown1":4294966727,"unknown2":6379,"rank":2467,"percentile":68.77690554570778}},"tenDayPercentiles":[],"tenDayDecayingPercentileScore":0,"scoresByDay":[],"rankSummary":{"mean":2467,"median":2467,"max":2467,"min":2467},"percentileSummary":{"mean":68.77690554570778,"median":68.77690554570778,"max":68.77690554570778,"min":68.77690554570778}}