{"name":"Wah","scoreData":{"2020-09-29":{"id":76561197989512340,"name":"Wah","score":6500,"level":1,"character":2,"platform":18,"runframes":600,"runend":1022,"unknown1":559,"unknown2":96,"rank":5194,"percentile":7.13519313304721}},"tenDayPercentiles":[],"tenDayDecayingPercentileScore":0,"scoresByDay":[],"rankSummary":{"mean":5194,"median":5194,"max":5194,"min":5194},"percentileSummary":{"mean":7.13519313304721,"median":7.13519313304721,"max":7.13519313304721,"min":7.13519313304721}}