{"name":"waheu","scoreData":{"2020-11-06":{"id":3660260544093589500,"name":"waheu","score":12100,"level":4,"character":7,"platform":18,"runframes":16463,"runend":1019,"unknown1":4294963994,"unknown2":19,"rank":2409,"percentile":46.901874310915105}},"tenDayPercentiles":[],"tenDayDecayingPercentileScore":0,"scoresByDay":[],"rankSummary":{"mean":2409,"median":2409,"max":2409,"min":2409},"percentileSummary":{"mean":46.901874310915105,"median":46.901874310915105,"max":46.901874310915105,"min":46.901874310915105}}