{"name":"wakemeupjpg","scoreData":{"2020-11-16":{"id":76561197988034690,"name":"wakemeupjpg","score":7500,"level":4,"character":0,"platform":18,"runframes":17500,"runend":1019,"unknown1":2007,"unknown2":4294966393,"rank":2032,"percentile":47.97643442622951}},"tenDayPercentiles":[47.97643442622951],"tenDayDecayingPercentileScore":28.329604764344268,"scoresByDay":[28.329604764344268],"rankSummary":{"mean":2032,"median":2032,"max":2032,"min":2032},"percentileSummary":{"mean":47.97643442622951,"median":47.97643442622951,"max":47.97643442622951,"min":47.97643442622951}}