{"name":"Wakiachi freeskins.com","scoreData":{"2020-10-04":{"id":76561198107064580,"name":"Wakiachi freeskins.com","score":27800,"level":4,"character":13,"platform":18,"runframes":21084,"runend":1019,"unknown1":4294966035,"unknown2":15,"rank":2058,"percentile":72.6171458998935}},"tenDayPercentiles":[],"tenDayDecayingPercentileScore":0,"scoresByDay":[],"rankSummary":{"mean":2058,"median":2058,"max":2058,"min":2058},"percentileSummary":{"mean":72.6171458998935,"median":72.6171458998935,"max":72.6171458998935,"min":72.6171458998935}}