{"name":"Walkman314","scoreData":{"2020-10-05":{"id":76561198041398480,"name":"Walkman314","score":25700,"level":4,"character":0,"platform":18,"runframes":21664,"runend":1019,"unknown1":169,"unknown2":4294966025,"rank":2886,"percentile":57.64826776277158}},"tenDayPercentiles":[],"tenDayDecayingPercentileScore":0,"scoresByDay":[],"rankSummary":{"mean":2886,"median":2886,"max":2886,"min":2886},"percentileSummary":{"mean":57.64826776277158,"median":57.64826776277158,"max":57.64826776277158,"min":57.64826776277158}}