{"name":"Wally_Wallrus465","scoreData":{"2020-09-18":{"id":6783769257752726000,"name":"Wally_Wallrus465","score":18100,"level":3,"character":10,"platform":48,"runframes":13872,"runend":1020,"unknown1":121,"unknown2":4294967033,"rank":1598,"percentile":42.8826895565093}},"tenDayPercentiles":[],"tenDayDecayingPercentileScore":0,"scoresByDay":[],"rankSummary":{"mean":1598,"median":1598,"max":1598,"min":1598},"percentileSummary":{"mean":42.8826895565093,"median":42.8826895565093,"max":42.8826895565093,"min":42.8826895565093}}