{"name":"walter94","scoreData":{"2020-11-03":{"id":76561198264562780,"name":"walter94","score":7800,"level":6,"character":0,"platform":18,"runframes":13115,"runend":1017,"unknown1":4294966811,"unknown2":4294966811,"rank":2017,"percentile":55.180080035571365}},"tenDayPercentiles":[],"tenDayDecayingPercentileScore":0,"scoresByDay":[],"rankSummary":{"mean":2017,"median":2017,"max":2017,"min":2017},"percentileSummary":{"mean":55.180080035571365,"median":55.180080035571365,"max":55.180080035571365,"min":55.180080035571365}}