{"name":"wanderingzombie","scoreData":{"2020-11-09":{"id":2332414140485620000,"name":"wanderingzombie","score":500,"level":1,"character":3,"platform":48,"runframes":1089,"runend":1022,"unknown1":2398,"unknown2":646,"rank":4324,"percentile":0.9168003667201532}},"tenDayPercentiles":[0.9168003667201532],"tenDayDecayingPercentileScore":0.31966852175109106,"scoresByDay":[0.31966852175109106],"rankSummary":{"mean":4324,"median":4324,"max":4324,"min":4324},"percentileSummary":{"mean":0.9168003667201532,"median":0.9168003667201532,"max":0.9168003667201532,"min":0.9168003667201532}}