{"name":"waranou","scoreData":{"2020-10-13":{"id":3925322322333592600,"name":"waranou","score":7300,"level":2,"character":2,"platform":48,"runframes":12981,"runend":1021,"unknown1":4294963995,"unknown2":4294962583,"rank":4631,"percentile":21.057118499573747}},"tenDayPercentiles":[],"tenDayDecayingPercentileScore":0,"scoresByDay":[],"rankSummary":{"mean":4631,"median":4631,"max":4631,"min":4631},"percentileSummary":{"mean":21.057118499573747,"median":21.057118499573747,"max":21.057118499573747,"min":21.057118499573747}}