{"name":"Warior477","scoreData":{"2020-10-26":{"id":5353715241203672000,"name":"Warior477","score":11900,"level":4,"character":7,"platform":48,"runframes":14889,"runend":1019,"unknown1":848,"unknown2":833,"rank":2812,"percentile":44.44664031620553}},"tenDayPercentiles":[],"tenDayDecayingPercentileScore":0,"scoresByDay":[],"rankSummary":{"mean":2812,"median":2812,"max":2812,"min":2812},"percentileSummary":{"mean":44.44664031620553,"median":44.44664031620553,"max":44.44664031620553,"min":44.44664031620553}}