{"name":"Warmachine918415","scoreData":{"2020-11-21":{"id":76561198113125180,"name":"Warmachine918415","score":16300,"level":4,"character":1,"platform":48,"runframes":14327,"runend":1019,"unknown1":4294965746,"unknown2":47,"rank":2492,"percentile":39.9903637677668}},"tenDayPercentiles":[39.9903637677668],"tenDayDecayingPercentileScore":35.99132739099012,"scoresByDay":[35.99132739099012],"rankSummary":{"mean":2492,"median":2492,"max":2492,"min":2492},"percentileSummary":{"mean":39.9903637677668,"median":39.9903637677668,"max":39.9903637677668,"min":39.9903637677668}}