{"name":"Warobb","scoreData":{"2020-10-07":{"id":76561198039994820,"name":"Warobb","score":5225,"level":11,"character":4,"platform":48,"runframes":31264,"runend":1012,"unknown1":4294965891,"unknown2":476,"rank":219,"percentile":96.6584917228694}},"tenDayPercentiles":[],"tenDayDecayingPercentileScore":0,"scoresByDay":[],"rankSummary":{"mean":219,"median":219,"max":219,"min":219},"percentileSummary":{"mean":96.6584917228694,"median":96.6584917228694,"max":96.6584917228694,"min":96.6584917228694}}