{"name":"Warui","scoreData":{"2020-11-06":{"id":584081894539199500,"name":"Warui","score":13400,"level":3,"character":8,"platform":18,"runframes":23494,"runend":1020,"unknown1":976,"unknown2":376,"rank":3032,"percentile":33.164277839029765}},"tenDayPercentiles":[],"tenDayDecayingPercentileScore":0,"scoresByDay":[],"rankSummary":{"mean":3032,"median":3032,"max":3032,"min":3032},"percentileSummary":{"mean":33.164277839029765,"median":33.164277839029765,"max":33.164277839029765,"min":33.164277839029765}}