{"name":"Wasa3i-Panda","scoreData":{"2020-09-15":{"id":5306213542471156000,"name":"Wasa3i-Panda","score":11800,"level":3,"character":0,"platform":48,"runframes":15599,"runend":1020,"unknown1":4294966531,"unknown2":4294967265,"rank":756,"percentile":58.42511013215859}},"tenDayPercentiles":[],"tenDayDecayingPercentileScore":0,"scoresByDay":[],"rankSummary":{"mean":756,"median":756,"max":756,"min":756},"percentileSummary":{"mean":58.42511013215859,"median":58.42511013215859,"max":58.42511013215859,"min":58.42511013215859}}