{"name":"WASD","scoreData":{"2020-10-15":{"id":76561198272718340,"name":"WASD","score":11900,"level":2,"character":7,"platform":18,"runframes":8273,"runend":1021,"unknown1":4294966133,"unknown2":1294,"rank":4475,"percentile":22.28591280180649}},"tenDayPercentiles":[],"tenDayDecayingPercentileScore":0,"scoresByDay":[],"rankSummary":{"mean":4475,"median":4475,"max":4475,"min":4475},"percentileSummary":{"mean":22.28591280180649,"median":22.28591280180649,"max":22.28591280180649,"min":22.28591280180649}}