{"name":"Waspy Plays","scoreData":{"2020-11-19":{"id":76561198011356960,"name":"Waspy Plays","score":0,"level":1,"character":7,"platform":18,"runframes":983,"runend":1022,"unknown1":4294966072,"unknown2":4294965269,"rank":3898,"percentile":0.23041474654378646}},"tenDayPercentiles":[0.23041474654378646],"tenDayDecayingPercentileScore":0.16797235023042034,"scoresByDay":[0.16797235023042034],"rankSummary":{"mean":3898,"median":3898,"max":3898,"min":3898},"percentileSummary":{"mean":0.23041474654378646,"median":0.23041474654378646,"max":0.23041474654378646,"min":0.23041474654378646}}