{"name":"WaxAssassinnn","scoreData":{"2020-10-06":{"id":76561198873005140,"name":"WaxAssassinnn","score":13300,"level":2,"character":3,"platform":48,"runframes":11582,"runend":1021,"unknown1":3456,"unknown2":1061,"rank":4844,"percentile":28.72700515084621}},"tenDayPercentiles":[],"tenDayDecayingPercentileScore":0,"scoresByDay":[],"rankSummary":{"mean":4844,"median":4844,"max":4844,"min":4844},"percentileSummary":{"mean":28.72700515084621,"median":28.72700515084621,"max":28.72700515084621,"min":28.72700515084621}}