{"name":"WB Jones","scoreData":{"2020-11-04":{"id":76561197978955260,"name":"WB Jones","score":5100,"level":2,"character":5,"platform":18,"runframes":8907,"runend":1021,"unknown1":4294965973,"unknown2":956,"rank":3843,"percentile":14.413009578970815}},"tenDayPercentiles":[],"tenDayDecayingPercentileScore":0,"scoresByDay":[],"rankSummary":{"mean":3843,"median":3843,"max":3843,"min":3843},"percentileSummary":{"mean":14.413009578970815,"median":14.413009578970815,"max":14.413009578970815,"min":14.413009578970815}}