{"name":"Wbert8132","scoreData":{"2020-10-01":{"id":76561198692212160,"name":"Wbert8132","score":3600,"level":1,"character":2,"platform":48,"runframes":1567,"runend":1022,"unknown1":4294962849,"unknown2":1281,"rank":6873,"percentile":10.683649597088646}},"tenDayPercentiles":[],"tenDayDecayingPercentileScore":0,"scoresByDay":[],"rankSummary":{"mean":6873,"median":6873,"max":6873,"min":6873},"percentileSummary":{"mean":10.683649597088646,"median":10.683649597088646,"max":10.683649597088646,"min":10.683649597088646}}