{"name":"wbprice","scoreData":{"2020-10-15":{"id":5302397198848295000,"name":"wbprice","score":11100,"level":2,"character":0,"platform":18,"runframes":5813,"runend":1021,"unknown1":3660,"unknown2":2365,"rank":4542,"percentile":21.122112211221122}},"tenDayPercentiles":[],"tenDayDecayingPercentileScore":0,"scoresByDay":[],"rankSummary":{"mean":4542,"median":4542,"max":4542,"min":4542},"percentileSummary":{"mean":21.122112211221122,"median":21.122112211221122,"max":21.122112211221122,"min":21.122112211221122}}