{"name":"We Must Crusade The Furries","scoreData":{"2020-09-29":{"id":1199133915729515000,"name":"We Must Crusade The Furries","score":8000,"level":1,"character":0,"platform":18,"runframes":1487,"runend":1022,"unknown1":4294965471,"unknown2":304,"rank":4915,"percentile":12.124463519313295}},"tenDayPercentiles":[],"tenDayDecayingPercentileScore":0,"scoresByDay":[],"rankSummary":{"mean":4915,"median":4915,"max":4915,"min":4915},"percentileSummary":{"mean":12.124463519313295,"median":12.124463519313295,"max":12.124463519313295,"min":12.124463519313295}}