{"name":"WeakLemonDrink","scoreData":{"2020-10-03":{"id":76561197979963520,"name":"WeakLemonDrink","score":11000,"level":2,"character":2,"platform":18,"runframes":6246,"runend":1021,"unknown1":4294963323,"unknown2":290,"rank":4849,"percentile":38.61737148645227}},"tenDayPercentiles":[],"tenDayDecayingPercentileScore":0,"scoresByDay":[],"rankSummary":{"mean":4849,"median":4849,"max":4849,"min":4849},"percentileSummary":{"mean":38.61737148645227,"median":38.61737148645227,"max":38.61737148645227,"min":38.61737148645227}}