{"name":"wedreamalone","scoreData":{"2020-10-16":{"id":76561197977368270,"name":"wedreamalone","score":6100,"level":1,"character":0,"platform":18,"runframes":3011,"runend":1022,"unknown1":1205,"unknown2":4294963835,"rank":5014,"percentile":10.593900481540928}},"tenDayPercentiles":[],"tenDayDecayingPercentileScore":0,"scoresByDay":[],"rankSummary":{"mean":5014,"median":5014,"max":5014,"min":5014},"percentileSummary":{"mean":10.593900481540928,"median":10.593900481540928,"max":10.593900481540928,"min":10.593900481540928}}