{"name":"wee_st","scoreData":{"2020-10-14":{"id":76561199773326110,"name":"wee_st","score":6700,"level":1,"character":2,"platform":48,"runframes":6643,"runend":1022,"unknown1":4294967150,"unknown2":483,"rank":4008,"percentile":27.566883586406362}},"tenDayPercentiles":[],"tenDayDecayingPercentileScore":0,"scoresByDay":[],"rankSummary":{"mean":4008,"median":4008,"max":4008,"min":4008},"percentileSummary":{"mean":27.566883586406362,"median":27.566883586406362,"max":27.566883586406362,"min":27.566883586406362}}