{"name":"weebl72","scoreData":{"2020-10-16":{"id":76561198025583650,"name":"weebl72","score":13500,"level":1,"character":0,"platform":18,"runframes":6730,"runend":1022,"unknown1":4294964069,"unknown2":4294963979,"rank":4656,"percentile":16.97877652933832}},"tenDayPercentiles":[],"tenDayDecayingPercentileScore":0,"scoresByDay":[],"rankSummary":{"mean":4656,"median":4656,"max":4656,"min":4656},"percentileSummary":{"mean":16.97877652933832,"median":16.97877652933832,"max":16.97877652933832,"min":16.97877652933832}}