{"name":"Weeb_Thrash","scoreData":{"2020-10-10":{"id":76561198152231420,"name":"Weeb_Thrash","score":1300,"level":1,"character":3,"platform":48,"runframes":2934,"runend":1022,"unknown1":2624,"unknown2":284,"rank":6075,"percentile":7.91388720436629}},"tenDayPercentiles":[],"tenDayDecayingPercentileScore":0,"scoresByDay":[],"rankSummary":{"mean":6075,"median":6075,"max":6075,"min":6075},"percentileSummary":{"mean":7.91388720436629,"median":7.91388720436629,"max":7.91388720436629,"min":7.91388720436629}}