{"name":"WeFloatDownHere","scoreData":{"2020-10-01":{"id":3559009572854557700,"name":"WeFloatDownHere","score":0,"level":1,"character":2,"platform":18,"runframes":626,"runend":1022,"unknown1":6176,"unknown2":104,"rank":7594,"percentile":1.3127112035352155}},"tenDayPercentiles":[],"tenDayDecayingPercentileScore":0,"scoresByDay":[],"rankSummary":{"mean":7594,"median":7594,"max":7594,"min":7594},"percentileSummary":{"mean":1.3127112035352155,"median":1.3127112035352155,"max":1.3127112035352155,"min":1.3127112035352155}}