{"name":"well done #blm","scoreData":{"2020-11-15":{"id":76561198197202180,"name":"well done #blm","score":14400,"level":2,"character":7,"platform":18,"runframes":7913,"runend":1021,"unknown1":2901,"unknown2":28,"rank":2854,"percentile":33.697420404369055}},"tenDayPercentiles":[33.697420404369055],"tenDayDecayingPercentileScore":22.10887752730654,"scoresByDay":[22.10887752730654],"rankSummary":{"mean":2854,"median":2854,"max":2854,"min":2854},"percentileSummary":{"mean":33.697420404369055,"median":33.697420404369055,"max":33.697420404369055,"min":33.697420404369055}}