{"name":"Weniorik","scoreData":{"2020-10-09":{"id":76561198021437860,"name":"Weniorik","score":8100,"level":1,"character":3,"platform":48,"runframes":4083,"runend":1022,"unknown1":3210,"unknown2":1165,"rank":5606,"percentile":10.634566326530617}},"tenDayPercentiles":[],"tenDayDecayingPercentileScore":0,"scoresByDay":[],"rankSummary":{"mean":5606,"median":5606,"max":5606,"min":5606},"percentileSummary":{"mean":10.634566326530617,"median":10.634566326530617,"max":10.634566326530617,"min":10.634566326530617}}