{"name":"weskimo1","scoreData":{"2020-09-26":{"id":4128392718545726500,"name":"weskimo1","score":12100,"level":1,"character":3,"platform":48,"runframes":5622,"runend":1022,"unknown1":4294965089,"unknown2":4294966548,"rank":2223,"percentile":14.373795761078995}},"tenDayPercentiles":[],"tenDayDecayingPercentileScore":0,"scoresByDay":[],"rankSummary":{"mean":2223,"median":2223,"max":2223,"min":2223},"percentileSummary":{"mean":14.373795761078995,"median":14.373795761078995,"max":14.373795761078995,"min":14.373795761078995}}