{"name":"West","scoreData":{"2020-10-09":{"id":76561198056841060,"name":"West","score":11900,"level":3,"character":3,"platform":18,"runframes":15207,"runend":1020,"unknown1":4294963203,"unknown2":315,"rank":4044,"percentile":35.53890306122449}},"tenDayPercentiles":[],"tenDayDecayingPercentileScore":0,"scoresByDay":[],"rankSummary":{"mean":4044,"median":4044,"max":4044,"min":4044},"percentileSummary":{"mean":35.53890306122449,"median":35.53890306122449,"max":35.53890306122449,"min":35.53890306122449}}