{"name":"WH1974","scoreData":{"2020-10-16":{"id":5259292481247032000,"name":"WH1974","score":600,"level":1,"character":0,"platform":48,"runframes":1670,"runend":1022,"unknown1":4294966985,"unknown2":4294965130,"rank":5413,"percentile":3.4777956126270766}},"tenDayPercentiles":[],"tenDayDecayingPercentileScore":0,"scoresByDay":[],"rankSummary":{"mean":5413,"median":5413,"max":5413,"min":5413},"percentileSummary":{"mean":3.4777956126270766,"median":3.4777956126270766,"max":3.4777956126270766,"min":3.4777956126270766}}