{"name":"whalerz","scoreData":{"2020-10-09":{"id":76561197975935630,"name":"whalerz","score":8000,"level":1,"character":3,"platform":18,"runframes":3553,"runend":1022,"unknown1":3741,"unknown2":9,"rank":5620,"percentile":10.411352040816325}},"tenDayPercentiles":[],"tenDayDecayingPercentileScore":0,"scoresByDay":[],"rankSummary":{"mean":5620,"median":5620,"max":5620,"min":5620},"percentileSummary":{"mean":10.411352040816325,"median":10.411352040816325,"max":10.411352040816325,"min":10.411352040816325}}