{"name":"whewordsnatcher","scoreData":{"2020-10-02":{"id":76561198150014700,"name":"whewordsnatcher","score":7800,"level":2,"character":3,"platform":18,"runframes":8469,"runend":1021,"unknown1":932,"unknown2":293,"rank":5120,"percentile":31.4082808522042}},"tenDayPercentiles":[],"tenDayDecayingPercentileScore":0,"scoresByDay":[],"rankSummary":{"mean":5120,"median":5120,"max":5120,"min":5120},"percentileSummary":{"mean":31.4082808522042,"median":31.4082808522042,"max":31.4082808522042,"min":31.4082808522042}}