{"name":"Whimsee","scoreData":{"2020-10-11":{"id":6798996878691292000,"name":"Whimsee","score":9300,"level":3,"character":0,"platform":18,"runframes":5871,"runend":1020,"unknown1":576,"unknown2":4586,"rank":4246,"percentile":33.14960629921259}},"tenDayPercentiles":[],"tenDayDecayingPercentileScore":0,"scoresByDay":[],"rankSummary":{"mean":4246,"median":4246,"max":4246,"min":4246},"percentileSummary":{"mean":33.14960629921259,"median":33.14960629921259,"max":33.14960629921259,"min":33.14960629921259}}