{"name":"WhisperyLight44","scoreData":{"2020-11-20":{"id":5688855367750643000,"name":"WhisperyLight44","score":3500,"level":3,"character":7,"platform":18,"runframes":2763,"runend":1020,"unknown1":4294964156,"unknown2":4294966363,"rank":2991,"percentile":25.990099009900987}},"tenDayPercentiles":[25.990099009900987],"tenDayDecayingPercentileScore":23.39108910891089,"scoresByDay":[23.39108910891089],"rankSummary":{"mean":2991,"median":2991,"max":2991,"min":2991},"percentileSummary":{"mean":25.990099009900987,"median":25.990099009900987,"max":25.990099009900987,"min":25.990099009900987}}