{"name":"WhiskyWaldo","scoreData":{"2020-11-12":{"id":76561198041639280,"name":"WhiskyWaldo","score":2500,"level":1,"character":0,"platform":18,"runframes":1922,"runend":1022,"unknown1":2208,"unknown2":4294966800,"rank":4159,"percentile":2.485928705440898}},"tenDayPercentiles":[2.485928705440898],"tenDayDecayingPercentileScore":1.0701107940900554,"scoresByDay":[1.0701107940900554],"rankSummary":{"mean":4159,"median":4159,"max":4159,"min":4159},"percentileSummary":{"mean":2.485928705440898,"median":2.485928705440898,"max":2.485928705440898,"min":2.485928705440898}}