{"name":"White Arrow","scoreData":{"2020-10-14":{"id":76561197965786620,"name":"White Arrow","score":24400,"level":3,"character":7,"platform":18,"runframes":21796,"runend":1020,"unknown1":2646,"unknown2":1134,"rank":2648,"percentile":52.15112075198844}},"tenDayPercentiles":[],"tenDayDecayingPercentileScore":0,"scoresByDay":[],"rankSummary":{"mean":2648,"median":2648,"max":2648,"min":2648},"percentileSummary":{"mean":52.15112075198844,"median":52.15112075198844,"max":52.15112075198844,"min":52.15112075198844}}