{"name":"WhoIsAtlas?","scoreData":{"2020-10-03":{"id":76561198807950300,"name":"WhoIsAtlas?","score":15300,"level":4,"character":10,"platform":18,"runframes":26180,"runend":1019,"unknown1":4294963215,"unknown2":4294960781,"rank":2028,"percentile":74.33527475310206}},"tenDayPercentiles":[],"tenDayDecayingPercentileScore":0,"scoresByDay":[],"rankSummary":{"mean":2028,"median":2028,"max":2028,"min":2028},"percentileSummary":{"mean":74.33527475310206,"median":74.33527475310206,"max":74.33527475310206,"min":74.33527475310206}}