{"name":"WhoLikesWafflez","scoreData":{"2020-10-05":{"id":76561198248376200,"name":"WhoLikesWafflez","score":11700,"level":2,"character":0,"platform":18,"runframes":9464,"runend":1021,"unknown1":1810,"unknown2":4294963269,"rank":4309,"percentile":36.758661186142106}},"tenDayPercentiles":[],"tenDayDecayingPercentileScore":0,"scoresByDay":[],"rankSummary":{"mean":4309,"median":4309,"max":4309,"min":4309},"percentileSummary":{"mean":36.758661186142106,"median":36.758661186142106,"max":36.758661186142106,"min":36.758661186142106}}