{"name":"Wholesome_Cherry","scoreData":{"2020-10-15":{"id":7198408795992052000,"name":"Wholesome_Cherry","score":23350,"level":6,"character":0,"platform":48,"runframes":11733,"runend":1017,"unknown1":722,"unknown2":3659,"rank":1487,"percentile":74.1879451103005}},"tenDayPercentiles":[],"tenDayDecayingPercentileScore":0,"scoresByDay":[],"rankSummary":{"mean":1487,"median":1487,"max":1487,"min":1487},"percentileSummary":{"mean":74.1879451103005,"median":74.1879451103005,"max":74.1879451103005,"min":74.1879451103005}}