{"name":"Whole White Bread","scoreData":{"2020-11-08":{"id":682783144296786700,"name":"Whole White Bread","score":41075,"level":5,"character":18,"platform":18,"runframes":35607,"runend":1018,"unknown1":83,"unknown2":317,"rank":854,"percentile":81.90880169671262}},"tenDayPercentiles":[],"tenDayDecayingPercentileScore":0,"scoresByDay":[],"rankSummary":{"mean":854,"median":854,"max":854,"min":854},"percentileSummary":{"mean":81.90880169671262,"median":81.90880169671262,"max":81.90880169671262,"min":81.90880169671262}}