{"name":"Wholesome_Potato","scoreData":{"2020-09-27":{"id":6452170479155583000,"name":"Wholesome_Potato","score":1000,"level":1,"character":3,"platform":48,"runframes":2131,"runend":1022,"unknown1":4294967259,"unknown2":91,"rank":2481,"percentile":0.7999999999999972}},"tenDayPercentiles":[],"tenDayDecayingPercentileScore":0,"scoresByDay":[],"rankSummary":{"mean":2481,"median":2481,"max":2481,"min":2481},"percentileSummary":{"mean":0.7999999999999972,"median":0.7999999999999972,"max":0.7999999999999972,"min":0.7999999999999972}}