{"name":"WhyMeSooGood","scoreData":{"2020-11-12":{"id":76561197979523920,"name":"WhyMeSooGood","score":14700,"level":3,"character":3,"platform":48,"runframes":10544,"runend":1020,"unknown1":773,"unknown2":425,"rank":1644,"percentile":61.46810506566604}},"tenDayPercentiles":[61.46810506566604],"tenDayDecayingPercentileScore":23.814003322443718,"scoresByDay":[23.814003322443718],"rankSummary":{"mean":1644,"median":1644,"max":1644,"min":1644},"percentileSummary":{"mean":61.46810506566604,"median":61.46810506566604,"max":61.46810506566604,"min":61.46810506566604}}