{"name":"Wide Storm","scoreData":{"2020-10-23":{"id":3300765751023349000,"name":"Wide Storm","score":122325,"level":13,"character":18,"platform":18,"runframes":71935,"runend":1010,"unknown1":4294963703,"unknown2":216,"rank":423,"percentile":91.91725723041563}},"tenDayPercentiles":[],"tenDayDecayingPercentileScore":0,"scoresByDay":[],"rankSummary":{"mean":423,"median":423,"max":423,"min":423},"percentileSummary":{"mean":91.91725723041563,"median":91.91725723041563,"max":91.91725723041563,"min":91.91725723041563}}