{"name":"WIKKAM","scoreData":{"2020-10-04":{"id":76561198056825280,"name":"WIKKAM","score":4600,"level":2,"character":7,"platform":18,"runframes":7618,"runend":1021,"unknown1":4294962381,"unknown2":4294961056,"rank":5844,"percentile":22.217784877529283}},"tenDayPercentiles":[],"tenDayDecayingPercentileScore":0,"scoresByDay":[],"rankSummary":{"mean":5844,"median":5844,"max":5844,"min":5844},"percentileSummary":{"mean":22.217784877529283,"median":22.217784877529283,"max":22.217784877529283,"min":22.217784877529283}}