{"name":"Wildland","scoreData":{"2020-09-30":{"id":76561198097032960,"name":"Wildland","score":5600,"level":2,"character":3,"platform":18,"runframes":3300,"runend":1021,"unknown1":3023,"unknown2":1042,"rank":5488,"percentile":28.961677887105125}},"tenDayPercentiles":[],"tenDayDecayingPercentileScore":0,"scoresByDay":[],"rankSummary":{"mean":5488,"median":5488,"max":5488,"min":5488},"percentileSummary":{"mean":28.961677887105125,"median":28.961677887105125,"max":28.961677887105125,"min":28.961677887105125}}