{"name":"wildman_hallett","scoreData":{"2020-09-19":{"id":2519369215464253000,"name":"wildman_hallett","score":6300,"level":2,"character":0,"platform":48,"runframes":8696,"runend":1021,"unknown1":429,"unknown2":206,"rank":1727,"percentile":42.38985313751669}},"tenDayPercentiles":[],"tenDayDecayingPercentileScore":0,"scoresByDay":[],"rankSummary":{"mean":1727,"median":1727,"max":1727,"min":1727},"percentileSummary":{"mean":42.38985313751669,"median":42.38985313751669,"max":42.38985313751669,"min":42.38985313751669}}