{"name":"William Maisano","scoreData":{"2020-10-10":{"id":76561199087632130,"name":"William Maisano","score":500,"level":2,"character":7,"platform":18,"runframes":3185,"runend":1021,"unknown1":4294963159,"unknown2":1292,"rank":4867,"percentile":26.22801697998787}},"tenDayPercentiles":[],"tenDayDecayingPercentileScore":0,"scoresByDay":[],"rankSummary":{"mean":4867,"median":4867,"max":4867,"min":4867},"percentileSummary":{"mean":26.22801697998787,"median":26.22801697998787,"max":26.22801697998787,"min":26.22801697998787}}