{"name":"WilliamBobble","scoreData":{"2020-10-10":{"id":76561197960353460,"name":"WilliamBobble","score":0,"level":1,"character":0,"platform":18,"runframes":608,"runend":1022,"unknown1":2590,"unknown2":4294963944,"rank":6511,"percentile":1.3038204972710616}},"tenDayPercentiles":[],"tenDayDecayingPercentileScore":0,"scoresByDay":[],"rankSummary":{"mean":6511,"median":6511,"max":6511,"min":6511},"percentileSummary":{"mean":1.3038204972710616,"median":1.3038204972710616,"max":1.3038204972710616,"min":1.3038204972710616}}