{"name":"will--lliw","scoreData":{"2020-09-30":{"id":76561197971026530,"name":"will--lliw","score":8800,"level":1,"character":0,"platform":48,"runframes":3357,"runend":1022,"unknown1":4294966725,"unknown2":278,"rank":6320,"percentile":18.190056965302944}},"tenDayDecayingPercentileMean":null,"rankSummary":{"mean":6320,"median":6320,"max":6320,"min":6320},"percentileSummary":{"mean":18.190056965302944,"median":18.190056965302944,"max":18.190056965302944,"min":18.190056965302944}}