{"name":"Will_Lovett","scoreData":{"2020-10-06":{"id":76561198001036960,"name":"Will_Lovett","score":5900,"level":4,"character":7,"platform":48,"runframes":19468,"runend":1019,"unknown1":1876,"unknown2":152,"rank":2710,"percentile":60.132450331125824}},"tenDayPercentiles":[],"tenDayDecayingPercentileScore":0,"scoresByDay":[],"rankSummary":{"mean":2710,"median":2710,"max":2710,"min":2710},"percentileSummary":{"mean":60.132450331125824,"median":60.132450331125824,"max":60.132450331125824,"min":60.132450331125824}}