{"name":"williwilliw","scoreData":{"2020-11-11":{"id":4271010625629553700,"name":"williwilliw","score":5500,"level":2,"character":1,"platform":18,"runframes":3942,"runend":1021,"unknown1":1133,"unknown2":379,"rank":4052,"percentile":8.925359712230218}},"tenDayPercentiles":[],"tenDayDecayingPercentileScore":0,"scoresByDay":[],"rankSummary":{"mean":4052,"median":4052,"max":4052,"min":4052},"percentileSummary":{"mean":8.925359712230218,"median":8.925359712230218,"max":8.925359712230218,"min":8.925359712230218}}