{"name":"Will-I-Is92","scoreData":{"2020-09-26":{"id":1832959081144462300,"name":"Will-I-Is92","score":9600,"level":2,"character":4,"platform":48,"runframes":3895,"runend":1021,"unknown1":1297,"unknown2":1107,"rank":2038,"percentile":21.502890173410407}},"tenDayPercentiles":[],"tenDayDecayingPercentileScore":0,"scoresByDay":[],"rankSummary":{"mean":2038,"median":2038,"max":2038,"min":2038},"percentileSummary":{"mean":21.502890173410407,"median":21.502890173410407,"max":21.502890173410407,"min":21.502890173410407}}