{"name":"willzeeebub","scoreData":{"2020-11-08":{"id":76561198182224830,"name":"willzeeebub","score":6600,"level":3,"character":0,"platform":48,"runframes":5823,"runend":1020,"unknown1":4294964761,"unknown2":4294963080,"rank":2610,"percentile":44.66595970307529}},"tenDayPercentiles":[],"tenDayDecayingPercentileScore":0,"scoresByDay":[],"rankSummary":{"mean":2610,"median":2610,"max":2610,"min":2610},"percentileSummary":{"mean":44.66595970307529,"median":44.66595970307529,"max":44.66595970307529,"min":44.66595970307529}}