{"name":"wimni","scoreData":{"2020-10-08":{"id":76561198173368200,"name":"wimni","score":5500,"level":2,"character":7,"platform":18,"runframes":3902,"runend":1021,"unknown1":4294963971,"unknown2":297,"rank":5665,"percentile":10.648367250354951}},"tenDayPercentiles":[],"tenDayDecayingPercentileScore":0,"scoresByDay":[],"rankSummary":{"mean":5665,"median":5665,"max":5665,"min":5665},"percentileSummary":{"mean":10.648367250354951,"median":10.648367250354951,"max":10.648367250354951,"min":10.648367250354951}}