{"name":"Windjamm","scoreData":{"2020-10-15":{"id":452374462801987460,"name":"Windjamm","score":51575,"level":12,"character":16,"platform":48,"runframes":51891,"runend":1011,"unknown1":3725,"unknown2":505,"rank":303,"percentile":94.7542122633316}},"tenDayPercentiles":[],"tenDayDecayingPercentileScore":0,"scoresByDay":[],"rankSummary":{"mean":303,"median":303,"max":303,"min":303},"percentileSummary":{"mean":94.7542122633316,"median":94.7542122633316,"max":94.7542122633316,"min":94.7542122633316}}