{"name":"WinnerBit","scoreData":{"2020-11-14":{"id":76561198146648770,"name":"WinnerBit","score":78650,"level":9,"character":13,"platform":18,"runframes":69772,"runend":1014,"unknown1":745,"unknown2":373,"rank":295,"percentile":93.18655851680185}},"tenDayPercentiles":[93.18655851680185],"tenDayDecayingPercentileScore":40.11375785422944,"scoresByDay":[40.11375785422944],"rankSummary":{"mean":295,"median":295,"max":295,"min":295},"percentileSummary":{"mean":93.18655851680185,"median":93.18655851680185,"max":93.18655851680185,"min":93.18655851680185}}