{"name":"Winter Storm","scoreData":{"2020-10-28":{"id":76561198082825200,"name":"Winter Storm","score":0,"level":1,"character":7,"platform":18,"runframes":624,"runend":1022,"unknown1":1594,"unknown2":4294965473,"rank":4873,"percentile":0.9957325746799484}},"tenDayPercentiles":[],"tenDayDecayingPercentileScore":0,"scoresByDay":[],"rankSummary":{"mean":4873,"median":4873,"max":4873,"min":4873},"percentileSummary":{"mean":0.9957325746799484,"median":0.9957325746799484,"max":0.9957325746799484,"min":0.9957325746799484}}