{"name":"winterschildren","scoreData":{"2020-10-18":{"id":76561198048429950,"name":"winterschildren","score":20800,"level":2,"character":0,"platform":48,"runframes":13621,"runend":1021,"unknown1":3121,"unknown2":3173,"rank":5149,"percentile":13.157894736842096}},"tenDayPercentiles":[],"tenDayDecayingPercentileScore":0,"scoresByDay":[],"rankSummary":{"mean":5149,"median":5149,"max":5149,"min":5149},"percentileSummary":{"mean":13.157894736842096,"median":13.157894736842096,"max":13.157894736842096,"min":13.157894736842096}}