{"name":"wintesa1","scoreData":{"2020-09-25":{"id":229342342789644800,"name":"wintesa1","score":11500,"level":3,"character":3,"platform":48,"runframes":19565,"runend":1020,"unknown1":118,"unknown2":12,"rank":1152,"percentile":49.9129677980853}},"tenDayPercentiles":[],"tenDayDecayingPercentileScore":0,"scoresByDay":[],"rankSummary":{"mean":1152,"median":1152,"max":1152,"min":1152},"percentileSummary":{"mean":49.9129677980853,"median":49.9129677980853,"max":49.9129677980853,"min":49.9129677980853}}