{"name":"Wireheaded","scoreData":{"2020-10-16":{"id":3417487484719918000,"name":"Wireheaded","score":7700,"level":2,"character":2,"platform":18,"runframes":15806,"runend":1021,"unknown1":4294966973,"unknown2":783,"rank":4095,"percentile":26.984126984126988}},"tenDayPercentiles":[],"tenDayDecayingPercentileScore":0,"scoresByDay":[],"rankSummary":{"mean":4095,"median":4095,"max":4095,"min":4095},"percentileSummary":{"mean":26.984126984126988,"median":26.984126984126988,"max":26.984126984126988,"min":26.984126984126988}}