{"name":"WiseCupboard","scoreData":{"2020-09-15":{"id":1326991287199602400,"name":"WiseCupboard","score":5300,"level":1,"character":3,"platform":48,"runframes":2623,"runend":1022,"unknown1":126,"unknown2":4294965620,"rank":1644,"percentile":9.526431718061673}},"tenDayPercentiles":[],"tenDayDecayingPercentileScore":0,"scoresByDay":[],"rankSummary":{"mean":1644,"median":1644,"max":1644,"min":1644},"percentileSummary":{"mean":9.526431718061673,"median":9.526431718061673,"max":9.526431718061673,"min":9.526431718061673}}