{"name":"Wishwise","scoreData":{"2020-10-05":{"id":76561198084137150,"name":"Wishwise","score":2700,"level":1,"character":2,"platform":18,"runframes":3724,"runend":1022,"unknown1":4294963975,"unknown2":374,"rank":5995,"percentile":12.00822078684675}},"tenDayPercentiles":[],"tenDayDecayingPercentileScore":0,"scoresByDay":[],"rankSummary":{"mean":5995,"median":5995,"max":5995,"min":5995},"percentileSummary":{"mean":12.00822078684675,"median":12.00822078684675,"max":12.00822078684675,"min":12.00822078684675}}