{"name":"Wisney","scoreData":{"2020-10-26":{"id":76561198232006270,"name":"Wisney","score":43425,"level":6,"character":7,"platform":18,"runframes":38855,"runend":1017,"unknown1":4294963923,"unknown2":4294963857,"rank":1417,"percentile":72.01581027667984}},"tenDayPercentiles":[],"tenDayDecayingPercentileScore":0,"scoresByDay":[],"rankSummary":{"mean":1417,"median":1417,"max":1417,"min":1417},"percentileSummary":{"mean":72.01581027667984,"median":72.01581027667984,"max":72.01581027667984,"min":72.01581027667984}}