{"name":"WithoutShadow","scoreData":{"2020-10-23":{"id":76561199082122690,"name":"WithoutShadow","score":9700,"level":3,"character":7,"platform":18,"runframes":20029,"runend":1020,"unknown1":2364,"unknown2":1863,"rank":3563,"percentile":31.775521930664624}},"tenDayPercentiles":[],"tenDayDecayingPercentileScore":0,"scoresByDay":[],"rankSummary":{"mean":3563,"median":3563,"max":3563,"min":3563},"percentileSummary":{"mean":31.775521930664624,"median":31.775521930664624,"max":31.775521930664624,"min":31.775521930664624}}