{"name":"witted_walrus3","scoreData":{"2020-11-22":{"id":76561197967179520,"name":"witted_walrus3","score":1500,"level":1,"character":3,"platform":48,"runframes":1315,"runend":1022,"unknown1":1197,"unknown2":149,"rank":3816,"percentile":4.6011502875718975}},"tenDayPercentiles":[],"tenDayDecayingPercentileScore":0,"scoresByDay":[],"rankSummary":{"mean":3816,"median":3816,"max":3816,"min":3816},"percentileSummary":{"mean":4.6011502875718975,"median":4.6011502875718975,"max":4.6011502875718975,"min":4.6011502875718975}}