{"name":"Wizartree","scoreData":{"2020-10-09":{"id":76561198025136050,"name":"Wizartree","score":4000,"level":1,"character":3,"platform":48,"runframes":3698,"runend":1022,"unknown1":3365,"unknown2":1231,"rank":5897,"percentile":5.994897959183675}},"tenDayPercentiles":[],"tenDayDecayingPercentileScore":0,"scoresByDay":[],"rankSummary":{"mean":5897,"median":5897,"max":5897,"min":5897},"percentileSummary":{"mean":5.994897959183675,"median":5.994897959183675,"max":5.994897959183675,"min":5.994897959183675}}