{"name":"Wizardzilla1985","scoreData":{"2020-09-16":{"id":8325377012440599000,"name":"Wizardzilla1985","score":20200,"level":3,"character":0,"platform":48,"runframes":13705,"runend":1020,"unknown1":4294965558,"unknown2":80,"rank":916,"percentile":70.349967595593}},"tenDayPercentiles":[],"tenDayDecayingPercentileScore":0,"scoresByDay":[],"rankSummary":{"mean":916,"median":916,"max":916,"min":916},"percentileSummary":{"mean":70.349967595593,"median":70.349967595593,"max":70.349967595593,"min":70.349967595593}}