{"name":"wizard froag","scoreData":{"2020-10-08":{"id":2462149507928686000,"name":"wizard froag","score":46950,"level":7,"character":9,"platform":18,"runframes":32789,"runend":1016,"unknown1":1653,"unknown2":1437,"rank":768,"percentile":87.9002997318189}},"tenDayPercentiles":[],"tenDayDecayingPercentileScore":0,"scoresByDay":[],"rankSummary":{"mean":768,"median":768,"max":768,"min":768},"percentileSummary":{"mean":87.9002997318189,"median":87.9002997318189,"max":87.9002997318189,"min":87.9002997318189}}