{"name":"Wobblesonn","scoreData":{"2020-10-04":{"id":76561198067882820,"name":"Wobblesonn","score":2600,"level":1,"character":3,"platform":48,"runframes":4781,"runend":1022,"unknown1":4294962229,"unknown2":4294966994,"rank":6894,"percentile":8.240149094781685}},"tenDayPercentiles":[],"tenDayDecayingPercentileScore":0,"scoresByDay":[],"rankSummary":{"mean":6894,"median":6894,"max":6894,"min":6894},"percentileSummary":{"mean":8.240149094781685,"median":8.240149094781685,"max":8.240149094781685,"min":8.240149094781685}}