{"name":"Wojty","scoreData":{"2020-10-08":{"id":76561197989652640,"name":"Wojty","score":27150,"level":5,"character":7,"platform":18,"runframes":23974,"runend":1018,"unknown1":257,"unknown2":178,"rank":1600,"percentile":74.77520113582584}},"tenDayPercentiles":[],"tenDayDecayingPercentileScore":0,"scoresByDay":[],"rankSummary":{"mean":1600,"median":1600,"max":1600,"min":1600},"percentileSummary":{"mean":74.77520113582584,"median":74.77520113582584,"max":74.77520113582584,"min":74.77520113582584}}