{"name":"Woken He-Goat","scoreData":{"2020-10-01":{"id":76561197993191980,"name":"Woken He-Goat","score":22675,"level":5,"character":3,"platform":18,"runframes":16575,"runend":1018,"unknown1":545,"unknown2":35,"rank":1912,"percentile":75.16246425786326}},"tenDayDecayingPercentileMean":null,"rankSummary":{"mean":1912,"median":1912,"max":1912,"min":1912},"percentileSummary":{"mean":75.16246425786326,"median":75.16246425786326,"max":75.16246425786326,"min":75.16246425786326}}