{"name":"Wolfcrowne","scoreData":{"2020-10-09":{"id":76561198065416700,"name":"Wolfcrowne","score":7200,"level":2,"character":3,"platform":48,"runframes":8005,"runend":1021,"unknown1":561,"unknown2":3000,"rank":5120,"percentile":18.38329081632652}},"tenDayPercentiles":[],"tenDayDecayingPercentileScore":0,"scoresByDay":[],"rankSummary":{"mean":5120,"median":5120,"max":5120,"min":5120},"percentileSummary":{"mean":18.38329081632652,"median":18.38329081632652,"max":18.38329081632652,"min":18.38329081632652}}