{"name":"wolf7227","scoreData":{"2020-10-05":{"id":4757204473505348000,"name":"wolf7227","score":2500,"level":2,"character":0,"platform":17,"runframes":2808,"runend":1021,"unknown1":4294963361,"unknown2":557,"rank":5237,"percentile":23.135642982971234}},"tenDayPercentiles":[],"tenDayDecayingPercentileScore":0,"scoresByDay":[],"rankSummary":{"mean":5237,"median":5237,"max":5237,"min":5237},"percentileSummary":{"mean":23.135642982971234,"median":23.135642982971234,"max":23.135642982971234,"min":23.135642982971234}}