{"name":"Wolfskil","scoreData":{"2020-09-17":{"id":488147414168894140,"name":"Wolfskil","score":7800,"level":3,"character":0,"platform":48,"runframes":9137,"runend":1020,"unknown1":4294966339,"unknown2":839,"rank":1363,"percentile":51.82171913689423}},"tenDayPercentiles":[],"tenDayDecayingPercentileScore":0,"scoresByDay":[],"rankSummary":{"mean":1363,"median":1363,"max":1363,"min":1363},"percentileSummary":{"mean":51.82171913689423,"median":51.82171913689423,"max":51.82171913689423,"min":51.82171913689423}}