{"name":"Wolfie_X1","scoreData":{"2020-11-05":{"id":76561198420977740,"name":"Wolfie_X1","score":29925,"level":6,"character":7,"platform":48,"runframes":36817,"runend":1017,"unknown1":84,"unknown2":305,"rank":1459,"percentile":67.58559359715429}},"tenDayPercentiles":[],"tenDayDecayingPercentileScore":0,"scoresByDay":[],"rankSummary":{"mean":1459,"median":1459,"max":1459,"min":1459},"percentileSummary":{"mean":67.58559359715429,"median":67.58559359715429,"max":67.58559359715429,"min":67.58559359715429}}