{"name":"Wolf Hatter","scoreData":{"2020-10-30":{"id":76561199871365810,"name":"Wolf Hatter","score":9300,"level":2,"character":2,"platform":18,"runframes":7414,"runend":1021,"unknown1":4294963747,"unknown2":4294963448,"rank":3186,"percentile":32.933249105074765}},"tenDayDecayingPercentileMean":null,"rankSummary":{"mean":3186,"median":3186,"max":3186,"min":3186},"percentileSummary":{"mean":32.933249105074765,"median":32.933249105074765,"max":32.933249105074765,"min":32.933249105074765}}