{"name":"wolfmaster5503","scoreData":{"2020-10-23":{"id":1234454635675390500,"name":"wolfmaster5503","score":14600,"level":1,"character":7,"platform":18,"runframes":3498,"runend":1022,"unknown1":4294965306,"unknown2":92,"rank":4660,"percentile":10.764221413522307}},"tenDayPercentiles":[],"tenDayDecayingPercentileScore":0,"scoresByDay":[],"rankSummary":{"mean":4660,"median":4660,"max":4660,"min":4660},"percentileSummary":{"mean":10.764221413522307,"median":10.764221413522307,"max":10.764221413522307,"min":10.764221413522307}}