{"name":"wolfpawsz","scoreData":{"2020-09-29":{"id":76561198128240690,"name":"wolfpawsz","score":3000,"level":1,"character":3,"platform":18,"runframes":1106,"runend":1022,"unknown1":679,"unknown2":1627,"rank":5497,"percentile":1.7167381974248883}},"tenDayPercentiles":[],"tenDayDecayingPercentileScore":0,"scoresByDay":[],"rankSummary":{"mean":5497,"median":5497,"max":5497,"min":5497},"percentileSummary":{"mean":1.7167381974248883,"median":1.7167381974248883,"max":1.7167381974248883,"min":1.7167381974248883}}