{"name":"wonka_your_willy","scoreData":{"2020-09-21":{"id":5694409117171665000,"name":"wonka_your_willy","score":3900,"level":3,"character":0,"platform":48,"runframes":8024,"runend":1020,"unknown1":4294965884,"unknown2":65,"rank":1438,"percentile":42.45094112935522}},"tenDayPercentiles":[],"tenDayDecayingPercentileScore":0,"scoresByDay":[],"rankSummary":{"mean":1438,"median":1438,"max":1438,"min":1438},"percentileSummary":{"mean":42.45094112935522,"median":42.45094112935522,"max":42.45094112935522,"min":42.45094112935522}}