{"name":"Wonko the Sane","scoreData":{"2020-10-08":{"id":76561198113915070,"name":"Wonko the Sane","score":9900,"level":2,"character":2,"platform":18,"runframes":6266,"runend":1021,"unknown1":4294966799,"unknown2":498,"rank":4776,"percentile":24.672661303044634}},"tenDayDecayingPercentileMean":null,"rankSummary":{"mean":4776,"median":4776,"max":4776,"min":4776},"percentileSummary":{"mean":24.672661303044634,"median":24.672661303044634,"max":24.672661303044634,"min":24.672661303044634}}