{"name":"woodsmason12345","scoreData":{"2020-10-20":{"id":76561197960447070,"name":"woodsmason12345","score":13400,"level":4,"character":0,"platform":18,"runframes":10781,"runend":1019,"unknown1":1983,"unknown2":3087,"rank":3425,"percentile":36.59259259259259}},"tenDayPercentiles":[],"tenDayDecayingPercentileScore":0,"scoresByDay":[],"rankSummary":{"mean":3425,"median":3425,"max":3425,"min":3425},"percentileSummary":{"mean":36.59259259259259,"median":36.59259259259259,"max":36.59259259259259,"min":36.59259259259259}}