{"name":"woofierina","scoreData":{"2020-09-16":{"id":145109093951105800,"name":"woofierina","score":3800,"level":4,"character":0,"platform":48,"runframes":21371,"runend":1019,"unknown1":4294967262,"unknown2":4294965897,"rank":798,"percentile":74.17368762151654}},"tenDayPercentiles":[],"tenDayDecayingPercentileScore":0,"scoresByDay":[],"rankSummary":{"mean":798,"median":798,"max":798,"min":798},"percentileSummary":{"mean":74.17368762151654,"median":74.17368762151654,"max":74.17368762151654,"min":74.17368762151654}}