{"name":"wooshurkool","scoreData":{"2020-09-25":{"id":6078306312110194000,"name":"wooshurkool","score":5000,"level":2,"character":3,"platform":48,"runframes":8921,"runend":1021,"unknown1":309,"unknown2":13,"rank":1493,"percentile":35.07397737162751}},"tenDayPercentiles":[],"tenDayDecayingPercentileScore":0,"scoresByDay":[],"rankSummary":{"mean":1493,"median":1493,"max":1493,"min":1493},"percentileSummary":{"mean":35.07397737162751,"median":35.07397737162751,"max":35.07397737162751,"min":35.07397737162751}}