{"name":"Wordsoffaith","scoreData":{"2020-10-05":{"id":76561198240366900,"name":"Wordsoffaith","score":18700,"level":4,"character":0,"platform":18,"runframes":18347,"runend":1019,"unknown1":1197,"unknown2":720,"rank":3171,"percentile":53.46447445684087}},"tenDayPercentiles":[],"tenDayDecayingPercentileScore":0,"scoresByDay":[],"rankSummary":{"mean":3171,"median":3171,"max":3171,"min":3171},"percentileSummary":{"mean":53.46447445684087,"median":53.46447445684087,"max":53.46447445684087,"min":53.46447445684087}}