{"name":"wormy_Burroughs","scoreData":{"2020-09-29":{"id":7969329537708631000,"name":"wormy_Burroughs","score":5600,"level":2,"character":3,"platform":48,"runframes":2779,"runend":1021,"unknown1":1708,"unknown2":2075,"rank":4189,"percentile":25.10729613733905}},"tenDayPercentiles":[],"tenDayDecayingPercentileScore":0,"scoresByDay":[],"rankSummary":{"mean":4189,"median":4189,"max":4189,"min":4189},"percentileSummary":{"mean":25.10729613733905,"median":25.10729613733905,"max":25.10729613733905,"min":25.10729613733905}}