{"name":"WormyMcSquirmy","scoreData":{"2020-11-03":{"id":76561198873442530,"name":"WormyMcSquirmy","score":6000,"level":2,"character":2,"platform":18,"runframes":8405,"runend":1021,"unknown1":4294966591,"unknown2":55,"rank":3860,"percentile":14.20631391729657}},"tenDayPercentiles":[],"tenDayDecayingPercentileScore":0,"scoresByDay":[],"rankSummary":{"mean":3860,"median":3860,"max":3860,"min":3860},"percentileSummary":{"mean":14.20631391729657,"median":14.20631391729657,"max":14.20631391729657,"min":14.20631391729657}}