{"name":"WOW","scoreData":{"2020-09-29":{"id":6651939195817430000,"name":"WOW","score":3000,"level":1,"character":3,"platform":18,"runframes":3292,"runend":1022,"unknown1":4294962711,"unknown2":4294967236,"rank":5438,"percentile":2.7718168812589425}},"tenDayPercentiles":[],"tenDayDecayingPercentileScore":0,"scoresByDay":[],"rankSummary":{"mean":5438,"median":5438,"max":5438,"min":5438},"percentileSummary":{"mean":2.7718168812589425,"median":2.7718168812589425,"max":2.7718168812589425,"min":2.7718168812589425}}