{"name":"WraithSlayer69","scoreData":{"2020-10-03":{"id":2843267859368838000,"name":"WraithSlayer69","score":11900,"level":4,"character":4,"platform":18,"runframes":20264,"runend":1019,"unknown1":4411,"unknown2":87,"rank":2102,"percentile":73.3983286908078}},"tenDayPercentiles":[],"tenDayDecayingPercentileScore":0,"scoresByDay":[],"rankSummary":{"mean":2102,"median":2102,"max":2102,"min":2102},"percentileSummary":{"mean":73.3983286908078,"median":73.3983286908078,"max":73.3983286908078,"min":73.3983286908078}}