{"name":"Wriggly_Pooh","scoreData":{"2020-09-28":{"id":2697286620782825000,"name":"Wriggly_Pooh","score":1500,"level":1,"character":0,"platform":48,"runframes":1069,"runend":1022,"unknown1":4294966767,"unknown2":4294966439,"rank":2121,"percentile":1.760889712696951}},"tenDayPercentiles":[],"tenDayDecayingPercentileScore":0,"scoresByDay":[],"rankSummary":{"mean":2121,"median":2121,"max":2121,"min":2121},"percentileSummary":{"mean":1.760889712696951,"median":1.760889712696951,"max":1.760889712696951,"min":1.760889712696951}}