{"name":"WtchDctr","scoreData":{"2020-11-17":{"id":2710100527364614000,"name":"WtchDctr","score":9100,"level":3,"character":3,"platform":18,"runframes":8898,"runend":1020,"unknown1":545,"unknown2":127,"rank":2412,"percentile":38.463501786625834}},"tenDayPercentiles":[38.463501786625834],"tenDayDecayingPercentileScore":31.155436447166927,"scoresByDay":[31.155436447166927],"rankSummary":{"mean":2412,"median":2412,"max":2412,"min":2412},"percentileSummary":{"mean":38.463501786625834,"median":38.463501786625834,"max":38.463501786625834,"min":38.463501786625834}}