{"name":"WTF I Love Anime Now","scoreData":{"2020-10-22":{"id":76561198138359550,"name":"WTF I Love Anime Now","score":68950,"level":7,"character":5,"platform":18,"runframes":51247,"runend":1016,"unknown1":4294965294,"unknown2":248,"rank":712,"percentile":86.60260033917467}},"tenDayPercentiles":[],"tenDayDecayingPercentileScore":0,"scoresByDay":[],"rankSummary":{"mean":712,"median":712,"max":712,"min":712},"percentileSummary":{"mean":86.60260033917467,"median":86.60260033917467,"max":86.60260033917467,"min":86.60260033917467}}