{"name":"wulfsarkmoon","scoreData":{"2020-10-16":{"id":76561199033902350,"name":"wulfsarkmoon","score":6600,"level":2,"character":0,"platform":18,"runframes":8192,"runend":1021,"unknown1":977,"unknown2":631,"rank":4177,"percentile":25.521669341894054}},"tenDayPercentiles":[],"tenDayDecayingPercentileScore":0,"scoresByDay":[],"rankSummary":{"mean":4177,"median":4177,"max":4177,"min":4177},"percentileSummary":{"mean":25.521669341894054,"median":25.521669341894054,"max":25.521669341894054,"min":25.521669341894054}}