{"name":"Wurmmy_0","scoreData":{"2020-09-25":{"id":3354043643278758400,"name":"Wurmmy_0","score":2500,"level":1,"character":0,"platform":48,"runframes":2341,"runend":1022,"unknown1":172,"unknown2":4294966557,"rank":1975,"percentile":14.099216710182773}},"tenDayPercentiles":[],"tenDayDecayingPercentileScore":0,"scoresByDay":[],"rankSummary":{"mean":1975,"median":1975,"max":1975,"min":1975},"percentileSummary":{"mean":14.099216710182773,"median":14.099216710182773,"max":14.099216710182773,"min":14.099216710182773}}