{"name":"wwqkrcjfgh","scoreData":{"2020-09-30":{"id":76561198244473580,"name":"wwqkrcjfgh","score":4700,"level":2,"character":0,"platform":18,"runframes":4319,"runend":1021,"unknown1":2618,"unknown2":12,"rank":5581,"percentile":27.757638529259452}},"tenDayPercentiles":[],"tenDayDecayingPercentileScore":0,"scoresByDay":[],"rankSummary":{"mean":5581,"median":5581,"max":5581,"min":5581},"percentileSummary":{"mean":27.757638529259452,"median":27.757638529259452,"max":27.757638529259452,"min":27.757638529259452}}