{"name":"wyzarddrank","scoreData":{"2020-09-16":{"id":5627314182168902000,"name":"wyzarddrank","score":6700,"level":2,"character":1,"platform":48,"runframes":9971,"runend":1021,"unknown1":4294967001,"unknown2":138,"rank":2449,"percentile":20.67401166558652}},"tenDayPercentiles":[],"tenDayDecayingPercentileScore":0,"scoresByDay":[],"rankSummary":{"mean":2449,"median":2449,"max":2449,"min":2449},"percentileSummary":{"mean":20.67401166558652,"median":20.67401166558652,"max":20.67401166558652,"min":20.67401166558652}}