{"name":"Z-D","scoreData":{"2020-10-06":{"id":76561198024064350,"name":"Z-D","score":0,"level":1,"character":0,"platform":18,"runframes":3517,"runend":1022,"unknown1":4294966611,"unknown2":720,"rank":6766,"percentile":0.4415011037527563}},"tenDayPercentiles":[],"tenDayDecayingPercentileScore":0,"scoresByDay":[],"rankSummary":{"mean":6766,"median":6766,"max":6766,"min":6766},"percentileSummary":{"mean":0.4415011037527563,"median":0.4415011037527563,"max":0.4415011037527563,"min":0.4415011037527563}}