{"name":"zaccor21","scoreData":{"2020-11-15":{"id":76561197974954960,"name":"zaccor21","score":13100,"level":2,"character":3,"platform":48,"runframes":8861,"runend":1021,"unknown1":63,"unknown2":1035,"rank":2985,"percentile":30.653032767836393}},"tenDayPercentiles":[30.653032767836393],"tenDayDecayingPercentileScore":20.111454798977462,"scoresByDay":[20.111454798977462],"rankSummary":{"mean":2985,"median":2985,"max":2985,"min":2985},"percentileSummary":{"mean":30.653032767836393,"median":30.653032767836393,"max":30.653032767836393,"min":30.653032767836393}}