{"name":"zackzedd22","scoreData":{"2020-09-20":{"id":7084758308267929000,"name":"zackzedd22","score":7300,"level":2,"character":7,"platform":48,"runframes":4369,"runend":1021,"unknown1":1824,"unknown2":1777,"rank":1919,"percentile":35.507733691997316}},"tenDayPercentiles":[],"tenDayDecayingPercentileScore":0,"scoresByDay":[],"rankSummary":{"mean":1919,"median":1919,"max":1919,"min":1919},"percentileSummary":{"mean":35.507733691997316,"median":35.507733691997316,"max":35.507733691997316,"min":35.507733691997316}}