{"name":"ZackTheLamish","scoreData":{"2020-10-27":{"id":76561198119562020,"name":"ZackTheLamish","score":8100,"level":2,"character":18,"platform":18,"runframes":20904,"runend":1021,"unknown1":932,"unknown2":695,"rank":4212,"percentile":15.390797669278683}},"tenDayPercentiles":[],"tenDayDecayingPercentileScore":0,"scoresByDay":[],"rankSummary":{"mean":4212,"median":4212,"max":4212,"min":4212},"percentileSummary":{"mean":15.390797669278683,"median":15.390797669278683,"max":15.390797669278683,"min":15.390797669278683}}