{"name":"ZacMeoff","scoreData":{"2020-10-18":{"id":76561198171009200,"name":"ZacMeoff","score":500,"level":1,"character":2,"platform":48,"runframes":1179,"runend":1022,"unknown1":4294963628,"unknown2":456,"rank":5888,"percentile":0.6916329284750447}},"tenDayPercentiles":[],"tenDayDecayingPercentileScore":0,"scoresByDay":[],"rankSummary":{"mean":5888,"median":5888,"max":5888,"min":5888},"percentileSummary":{"mean":0.6916329284750447,"median":0.6916329284750447,"max":0.6916329284750447,"min":0.6916329284750447}}