{"name":"Zagzies","scoreData":{"2020-10-17":{"id":76561197969782500,"name":"Zagzies","score":27250,"level":8,"character":1,"platform":48,"runframes":30307,"runend":1015,"unknown1":4294964368,"unknown2":300,"rank":530,"percentile":90.95417236662107}},"tenDayPercentiles":[],"tenDayDecayingPercentileScore":0,"scoresByDay":[],"rankSummary":{"mean":530,"median":530,"max":530,"min":530},"percentileSummary":{"mean":90.95417236662107,"median":90.95417236662107,"max":90.95417236662107,"min":90.95417236662107}}