{"name":"Zakaria_Azureus","scoreData":{"2020-11-22":{"id":76561198042676240,"name":"Zakaria_Azureus","score":10900,"level":1,"character":0,"platform":18,"runframes":6755,"runend":1022,"unknown1":4294967294,"unknown2":4294964144,"rank":3538,"percentile":11.552888222055515}},"tenDayPercentiles":[],"tenDayDecayingPercentileScore":0,"scoresByDay":[],"rankSummary":{"mean":3538,"median":3538,"max":3538,"min":3538},"percentileSummary":{"mean":11.552888222055515,"median":11.552888222055515,"max":11.552888222055515,"min":11.552888222055515}}