{"name":"Zakiiiii","scoreData":{"2020-09-30":{"id":76561198018810610,"name":"Zakiiiii","score":10400,"level":3,"character":1,"platform":18,"runframes":14390,"runend":1020,"unknown1":6186,"unknown2":1272,"rank":3234,"percentile":58.14344899016054}},"tenDayPercentiles":[],"tenDayDecayingPercentileScore":0,"scoresByDay":[],"rankSummary":{"mean":3234,"median":3234,"max":3234,"min":3234},"percentileSummary":{"mean":58.14344899016054,"median":58.14344899016054,"max":58.14344899016054,"min":58.14344899016054}}