{"name":"Zallad","scoreData":{"2020-09-16":{"id":6842534012023053000,"name":"Zallad","score":32725,"level":6,"character":7,"platform":48,"runframes":23261,"runend":1017,"unknown1":1015,"unknown2":4294966230,"rank":245,"percentile":92.09332469215813}},"tenDayPercentiles":[],"tenDayDecayingPercentileScore":0,"scoresByDay":[],"rankSummary":{"mean":245,"median":245,"max":245,"min":245},"percentileSummary":{"mean":92.09332469215813,"median":92.09332469215813,"max":92.09332469215813,"min":92.09332469215813}}