{"name":"Zami","scoreData":{"2020-10-30":{"id":76561198986504130,"name":"Zami","score":7800,"level":2,"character":4,"platform":18,"runframes":9704,"runend":1021,"unknown1":4294965143,"unknown2":668,"rank":3499,"percentile":26.342387871130768}},"tenDayPercentiles":[],"tenDayDecayingPercentileScore":0,"scoresByDay":[],"rankSummary":{"mean":3499,"median":3499,"max":3499,"min":3499},"percentileSummary":{"mean":26.342387871130768,"median":26.342387871130768,"max":26.342387871130768,"min":26.342387871130768}}