{"name":"Zamki","scoreData":{"2020-09-29":{"id":76561198965019380,"name":"Zamki","score":8000,"level":1,"character":3,"platform":18,"runframes":1517,"runend":1022,"unknown1":3161,"unknown2":187,"rank":5015,"percentile":10.336194563662374}},"tenDayPercentiles":[],"tenDayDecayingPercentileScore":0,"scoresByDay":[],"rankSummary":{"mean":5015,"median":5015,"max":5015,"min":5015},"percentileSummary":{"mean":10.336194563662374,"median":10.336194563662374,"max":10.336194563662374,"min":10.336194563662374}}