{"name":"ZANDERMETR1CS","scoreData":{"2020-09-22":{"id":7057085525326109000,"name":"ZANDERMETR1CS","score":500,"level":1,"character":4,"platform":48,"runframes":4661,"runend":1022,"unknown1":208,"unknown2":1,"rank":2053,"percentile":16.653127538586503}},"tenDayPercentiles":[],"tenDayDecayingPercentileScore":0,"scoresByDay":[],"rankSummary":{"mean":2053,"median":2053,"max":2053,"min":2053},"percentileSummary":{"mean":16.653127538586503,"median":16.653127538586503,"max":16.653127538586503,"min":16.653127538586503}}