{"name":"zander","scoreData":{"2020-11-04":{"id":76561198094433980,"name":"zander","score":800,"level":1,"character":3,"platform":18,"runframes":2026,"runend":1022,"unknown1":2170,"unknown2":1834,"rank":4443,"percentile":1.047003787034967}},"tenDayPercentiles":[],"tenDayDecayingPercentileScore":0,"scoresByDay":[],"rankSummary":{"mean":4443,"median":4443,"max":4443,"min":4443},"percentileSummary":{"mean":1.047003787034967,"median":1.047003787034967,"max":1.047003787034967,"min":1.047003787034967}}