{"name":"Zantetsuken","scoreData":{"2020-09-29":{"id":76561198066401680,"name":"Zantetsuken","score":1500,"level":1,"character":0,"platform":18,"runframes":2425,"runend":1022,"unknown1":3048,"unknown2":3530,"rank":5553,"percentile":0.7153075822603654}},"tenDayPercentiles":[],"tenDayDecayingPercentileScore":0,"scoresByDay":[],"rankSummary":{"mean":5553,"median":5553,"max":5553,"min":5553},"percentileSummary":{"mean":0.7153075822603654,"median":0.7153075822603654,"max":0.7153075822603654,"min":0.7153075822603654}}