{"name":"Zapchi","scoreData":{"2020-10-18":{"id":8198484350683085000,"name":"Zapchi","score":1900,"level":1,"character":0,"platform":18,"runframes":2017,"runend":1022,"unknown1":2512,"unknown2":4294965674,"rank":5701,"percentile":3.8461538461538396}},"tenDayPercentiles":[],"tenDayDecayingPercentileScore":0,"scoresByDay":[],"rankSummary":{"mean":5701,"median":5701,"max":5701,"min":5701},"percentileSummary":{"mean":3.8461538461538396,"median":3.8461538461538396,"max":3.8461538461538396,"min":3.8461538461538396}}