{"name":"zaphos","scoreData":{"2020-11-01":{"id":76561197991522690,"name":"zaphos","score":8600,"level":4,"character":0,"platform":18,"runframes":23534,"runend":1019,"unknown1":4294965314,"unknown2":354,"rank":1916,"percentile":59.29861849096706}},"tenDayPercentiles":[],"tenDayDecayingPercentileScore":0,"scoresByDay":[],"rankSummary":{"mean":1916,"median":1916,"max":1916,"min":1916},"percentileSummary":{"mean":59.29861849096706,"median":59.29861849096706,"max":59.29861849096706,"min":59.29861849096706}}