{"name":"Zaphod","scoreData":{"2020-10-03":{"id":76561198021605390,"name":"Zaphod","score":15700,"level":2,"character":0,"platform":18,"runframes":10872,"runend":1021,"unknown1":4294966187,"unknown2":4087,"rank":3673,"percentile":53.507217016966315}},"tenDayPercentiles":[],"tenDayDecayingPercentileScore":0,"scoresByDay":[],"rankSummary":{"mean":3673,"median":3673,"max":3673,"min":3673},"percentileSummary":{"mean":53.507217016966315,"median":53.507217016966315,"max":53.507217016966315,"min":53.507217016966315}}