{"name":"zappypako","scoreData":{"2020-09-18":{"id":8623299494031793000,"name":"zappypako","score":9250,"level":6,"character":2,"platform":48,"runframes":25844,"runend":1017,"unknown1":4294966789,"unknown2":128,"rank":729,"percentile":73.96280400572246}},"tenDayPercentiles":[],"tenDayDecayingPercentileScore":0,"scoresByDay":[],"rankSummary":{"mean":729,"median":729,"max":729,"min":729},"percentileSummary":{"mean":73.96280400572246,"median":73.96280400572246,"max":73.96280400572246,"min":73.96280400572246}}