{"name":"Zappermint","scoreData":{"2020-09-30":{"id":76561197972629540,"name":"Zappermint","score":6100,"level":1,"character":7,"platform":18,"runframes":3036,"runend":1022,"unknown1":1627,"unknown2":1547,"rank":6914,"percentile":10.499741066804773}},"tenDayPercentiles":[],"tenDayDecayingPercentileScore":0,"scoresByDay":[],"rankSummary":{"mean":6914,"median":6914,"max":6914,"min":6914},"percentileSummary":{"mean":10.499741066804773,"median":10.499741066804773,"max":10.499741066804773,"min":10.499741066804773}}