{"name":"zappiestlynx956","scoreData":{"2020-10-12":{"id":76561197964758740,"name":"zappiestlynx956","score":500,"level":1,"character":3,"platform":48,"runframes":1411,"runend":1022,"unknown1":4445,"unknown2":1623,"rank":5846,"percentile":2.3228609625668355}},"tenDayPercentiles":[],"tenDayDecayingPercentileScore":0,"scoresByDay":[],"rankSummary":{"mean":5846,"median":5846,"max":5846,"min":5846},"percentileSummary":{"mean":2.3228609625668355,"median":2.3228609625668355,"max":2.3228609625668355,"min":2.3228609625668355}}