{"name":"Zarve","scoreData":{"2020-11-21":{"id":76561198126287970,"name":"Zarve","score":5100,"level":2,"character":16,"platform":18,"runframes":11865,"runend":1021,"unknown1":4294967289,"unknown2":44,"rank":3430,"percentile":17.393399180920255}},"tenDayPercentiles":[],"tenDayDecayingPercentileScore":0,"scoresByDay":[],"rankSummary":{"mean":3430,"median":3430,"max":3430,"min":3430},"percentileSummary":{"mean":17.393399180920255,"median":17.393399180920255,"max":17.393399180920255,"min":17.393399180920255}}