{"name":"ZaXXoRR","scoreData":{"2020-10-01":{"id":76561197970657200,"name":"ZaXXoRR","score":4700,"level":1,"character":0,"platform":18,"runframes":2223,"runend":1022,"unknown1":4294966203,"unknown2":215,"rank":6251,"percentile":18.767871068364954}},"tenDayPercentiles":[],"tenDayDecayingPercentileScore":0,"scoresByDay":[],"rankSummary":{"mean":6251,"median":6251,"max":6251,"min":6251},"percentileSummary":{"mean":18.767871068364954,"median":18.767871068364954,"max":18.767871068364954,"min":18.767871068364954}}