{"name":"zbelfay","scoreData":{"2020-11-13":{"id":76561198115708110,"name":"zbelfay","score":15700,"level":4,"character":0,"platform":18,"runframes":22921,"runend":1019,"unknown1":4294964905,"unknown2":4294966516,"rank":2003,"percentile":52.33333333333333}},"tenDayPercentiles":[52.33333333333333],"tenDayDecayingPercentileScore":22.527783990000003,"scoresByDay":[22.527783990000003],"rankSummary":{"mean":2003,"median":2003,"max":2003,"min":2003},"percentileSummary":{"mean":52.33333333333333,"median":52.33333333333333,"max":52.33333333333333,"min":52.33333333333333}}