{"name":"zcyx1991lei","scoreData":{"2020-10-06":{"id":76561198057704930,"name":"zcyx1991lei","score":10300,"level":2,"character":0,"platform":18,"runframes":10540,"runend":1021,"unknown1":2343,"unknown2":2439,"rank":5143,"percentile":24.326710816777037}},"tenDayPercentiles":[],"tenDayDecayingPercentileScore":0,"scoresByDay":[],"rankSummary":{"mean":5143,"median":5143,"max":5143,"min":5143},"percentileSummary":{"mean":24.326710816777037,"median":24.326710816777037,"max":24.326710816777037,"min":24.326710816777037}}