{"name":"ZeelQu","scoreData":{"2020-10-23":{"id":76561198016632510,"name":"ZeelQu","score":3900,"level":1,"character":2,"platform":18,"runframes":4773,"runend":1022,"unknown1":4294964855,"unknown2":1164,"rank":5076,"percentile":2.7963991572495672}},"tenDayPercentiles":[],"tenDayDecayingPercentileScore":0,"scoresByDay":[],"rankSummary":{"mean":5076,"median":5076,"max":5076,"min":5076},"percentileSummary":{"mean":2.7963991572495672,"median":2.7963991572495672,"max":2.7963991572495672,"min":2.7963991572495672}}