{"name":"Zeke346","scoreData":{"2020-10-15":{"id":76561198040644960,"name":"Zeke346","score":10100,"level":2,"character":2,"platform":48,"runframes":9216,"runend":1021,"unknown1":4294965727,"unknown2":4294962203,"rank":4615,"percentile":19.854090672225126}},"tenDayPercentiles":[],"tenDayDecayingPercentileScore":0,"scoresByDay":[],"rankSummary":{"mean":4615,"median":4615,"max":4615,"min":4615},"percentileSummary":{"mean":19.854090672225126,"median":19.854090672225126,"max":19.854090672225126,"min":19.854090672225126}}