{"name":"Zelzad","scoreData":{"2020-10-25":{"id":76561199095798980,"name":"Zelzad","score":25700,"level":4,"character":2,"platform":18,"runframes":18769,"runend":1019,"unknown1":4294962886,"unknown2":4294962825,"rank":2395,"percentile":56.86486486486487}},"tenDayPercentiles":[],"tenDayDecayingPercentileScore":0,"scoresByDay":[],"rankSummary":{"mean":2395,"median":2395,"max":2395,"min":2395},"percentileSummary":{"mean":56.86486486486487,"median":56.86486486486487,"max":56.86486486486487,"min":56.86486486486487}}