{"name":"Zenace","scoreData":{"2020-10-21":{"id":2131806994114990600,"name":"Zenace","score":7000,"level":2,"character":3,"platform":18,"runframes":7782,"runend":1021,"unknown1":4294966368,"unknown2":4294964307,"rank":3985,"percentile":25.782414307004473}},"tenDayPercentiles":[],"tenDayDecayingPercentileScore":0,"scoresByDay":[],"rankSummary":{"mean":3985,"median":3985,"max":3985,"min":3985},"percentileSummary":{"mean":25.782414307004473,"median":25.782414307004473,"max":25.782414307004473,"min":25.782414307004473}}