{"name":"zendolin","scoreData":{"2020-09-25":{"id":1517466835246466600,"name":"zendolin","score":1875,"level":6,"character":0,"platform":48,"runframes":23602,"runend":1017,"unknown1":4294966340,"unknown2":13,"rank":478,"percentile":79.24281984334203}},"tenDayPercentiles":[],"tenDayDecayingPercentileScore":0,"scoresByDay":[],"rankSummary":{"mean":478,"median":478,"max":478,"min":478},"percentileSummary":{"mean":79.24281984334203,"median":79.24281984334203,"max":79.24281984334203,"min":79.24281984334203}}