{"name":"zephyr","scoreData":{"2020-10-23":{"id":76561198038355570,"name":"zephyr","score":19975,"level":6,"character":7,"platform":18,"runframes":38110,"runend":1017,"unknown1":186,"unknown2":4294966486,"rank":1913,"percentile":63.37866309136181}},"tenDayPercentiles":[],"tenDayDecayingPercentileScore":0,"scoresByDay":[],"rankSummary":{"mean":1913,"median":1913,"max":1913,"min":1913},"percentileSummary":{"mean":63.37866309136181,"median":63.37866309136181,"max":63.37866309136181,"min":63.37866309136181}}