{"name":"ZepiioRen","scoreData":{"2020-10-03":{"id":76561198042191700,"name":"ZepiioRen","score":7700,"level":2,"character":4,"platform":48,"runframes":9503,"runend":1021,"unknown1":320,"unknown2":658,"rank":5611,"percentile":28.969359331476312}},"tenDayPercentiles":[],"tenDayDecayingPercentileScore":0,"scoresByDay":[],"rankSummary":{"mean":5611,"median":5611,"max":5611,"min":5611},"percentileSummary":{"mean":28.969359331476312,"median":28.969359331476312,"max":28.969359331476312,"min":28.969359331476312}}