{"name":"ZeroTheToaster","scoreData":{"2020-09-23":{"id":6195606894956220000,"name":"ZeroTheToaster","score":32300,"level":3,"character":4,"platform":48,"runframes":12743,"runend":1020,"unknown1":4294967135,"unknown2":4294967092,"rank":1102,"percentile":54.239401496259354}},"tenDayPercentiles":[],"tenDayDecayingPercentileScore":0,"scoresByDay":[],"rankSummary":{"mean":1102,"median":1102,"max":1102,"min":1102},"percentileSummary":{"mean":54.239401496259354,"median":54.239401496259354,"max":54.239401496259354,"min":54.239401496259354}}