{"name":"Zero_turtles","scoreData":{"2020-09-20":{"id":4487905356021953000,"name":"Zero_turtles","score":7800,"level":2,"character":1,"platform":48,"runframes":3548,"runend":1021,"unknown1":1051,"unknown2":4294967280,"rank":1846,"percentile":37.96234028244788}},"tenDayPercentiles":[],"tenDayDecayingPercentileScore":0,"scoresByDay":[],"rankSummary":{"mean":1846,"median":1846,"max":1846,"min":1846},"percentileSummary":{"mean":37.96234028244788,"median":37.96234028244788,"max":37.96234028244788,"min":37.96234028244788}}