{"name":"ZeromusEG","scoreData":{"2020-09-29":{"id":76561198025640460,"name":"ZeromusEG","score":12600,"level":2,"character":0,"platform":18,"runframes":8792,"runend":1021,"unknown1":4294965041,"unknown2":4294965386,"rank":3531,"percentile":36.874105865522175}},"tenDayPercentiles":[],"tenDayDecayingPercentileScore":0,"scoresByDay":[],"rankSummary":{"mean":3531,"median":3531,"max":3531,"min":3531},"percentileSummary":{"mean":36.874105865522175,"median":36.874105865522175,"max":36.874105865522175,"min":36.874105865522175}}