{"name":"Zeth","scoreData":{"2020-09-30":{"id":76561198037250050,"name":"Zeth","score":6100,"level":1,"character":3,"platform":18,"runframes":3102,"runend":1022,"unknown1":3509,"unknown2":4617,"rank":6977,"percentile":9.684101501812535}},"tenDayPercentiles":[],"tenDayDecayingPercentileScore":0,"scoresByDay":[],"rankSummary":{"mean":6977,"median":6977,"max":6977,"min":6977},"percentileSummary":{"mean":9.684101501812535,"median":9.684101501812535,"max":9.684101501812535,"min":9.684101501812535}}