{"name":"Zeyx_Rayksoo","scoreData":{"2020-11-15":{"id":76561199098882300,"name":"Zeyx_Rayksoo","score":12600,"level":2,"character":3,"platform":48,"runframes":8720,"runend":1021,"unknown1":1129,"unknown2":1129,"rank":3036,"percentile":29.467813153613747}},"tenDayPercentiles":[29.467813153613747],"tenDayDecayingPercentileScore":14.094363681152682,"scoresByDay":[14.094363681152682],"rankSummary":{"mean":3036,"median":3036,"max":3036,"min":3036},"percentileSummary":{"mean":29.467813153613747,"median":29.467813153613747,"max":29.467813153613747,"min":29.467813153613747}}