{"name":"zhilin.anatoly","scoreData":{"2020-10-19":{"id":903391765820854500,"name":"zhilin.anatoly","score":0,"level":1,"character":7,"platform":18,"runframes":1010,"runend":1022,"unknown1":4294964213,"unknown2":4294963203,"rank":5341,"percentile":0.14958863126402377}},"tenDayDecayingPercentileMean":null,"rankSummary":{"mean":5341,"median":5341,"max":5341,"min":5341},"percentileSummary":{"mean":0.14958863126402377,"median":0.14958863126402377,"max":0.14958863126402377,"min":0.14958863126402377}}