{"name":"Zigmoverman","scoreData":{"2020-10-22":{"id":76561198051580080,"name":"Zigmoverman","score":30500,"level":4,"character":0,"platform":18,"runframes":12182,"runend":1019,"unknown1":1173,"unknown2":1498,"rank":2524,"percentile":52.459016393442624}},"tenDayPercentiles":[],"tenDayDecayingPercentileScore":0,"scoresByDay":[],"rankSummary":{"mean":2524,"median":2524,"max":2524,"min":2524},"percentileSummary":{"mean":52.459016393442624,"median":52.459016393442624,"max":52.459016393442624,"min":52.459016393442624}}