{"name":"zionthegamerboy","scoreData":{"2020-10-07":{"id":76561197982584220,"name":"zionthegamerboy","score":11100,"level":4,"character":3,"platform":48,"runframes":8255,"runend":1019,"unknown1":4294966115,"unknown2":100,"rank":1648,"percentile":74.75475168608216}},"tenDayPercentiles":[],"tenDayDecayingPercentileScore":0,"scoresByDay":[],"rankSummary":{"mean":1648,"median":1648,"max":1648,"min":1648},"percentileSummary":{"mean":74.75475168608216,"median":74.75475168608216,"max":74.75475168608216,"min":74.75475168608216}}