{"name":"ZombieBeast0125","scoreData":{"2020-10-09":{"id":76561198236350770,"name":"ZombieBeast0125","score":24800,"level":3,"character":3,"platform":48,"runframes":11205,"runend":1020,"unknown1":2983,"unknown2":859,"rank":3659,"percentile":41.67729591836735}},"tenDayPercentiles":[],"tenDayDecayingPercentileScore":0,"scoresByDay":[],"rankSummary":{"mean":3659,"median":3659,"max":3659,"min":3659},"percentileSummary":{"mean":41.67729591836735,"median":41.67729591836735,"max":41.67729591836735,"min":41.67729591836735}}