{"name":"Zor","scoreData":{"2020-10-02":{"id":76561198261754300,"name":"Zor","score":3000,"level":2,"character":1,"platform":18,"runframes":13853,"runend":1021,"unknown1":4294964081,"unknown2":4294962159,"rank":5708,"percentile":23.529411764705884}},"tenDayPercentiles":[],"tenDayDecayingPercentileScore":0,"scoresByDay":[],"rankSummary":{"mean":5708,"median":5708,"max":5708,"min":5708},"percentileSummary":{"mean":23.529411764705884,"median":23.529411764705884,"max":23.529411764705884,"min":23.529411764705884}}