{"name":"zotoko","scoreData":{"2020-10-12":{"id":76561197983931760,"name":"zotoko","score":16500,"level":5,"character":3,"platform":18,"runframes":14331,"runend":1018,"unknown1":4294966538,"unknown2":1605,"rank":1346,"percentile":77.52339572192514}},"tenDayPercentiles":[],"tenDayDecayingPercentileScore":0,"scoresByDay":[],"rankSummary":{"mean":1346,"median":1346,"max":1346,"min":1346},"percentileSummary":{"mean":77.52339572192514,"median":77.52339572192514,"max":77.52339572192514,"min":77.52339572192514}}