{"name":"zstorm-1114-","scoreData":{"2020-09-18":{"id":1592992934183149000,"name":"zstorm-1114-","score":3300,"level":2,"character":3,"platform":48,"runframes":3424,"runend":1021,"unknown1":302,"unknown2":4294966624,"rank":2268,"percentile":18.919885550786844}},"tenDayPercentiles":[],"tenDayDecayingPercentileScore":0,"scoresByDay":[],"rankSummary":{"mean":2268,"median":2268,"max":2268,"min":2268},"percentileSummary":{"mean":18.919885550786844,"median":18.919885550786844,"max":18.919885550786844,"min":18.919885550786844}}