{"name":"zZDarKToMZz","scoreData":{"2020-10-06":{"id":515947071652886900,"name":"zZDarKToMZz","score":31300,"level":3,"character":3,"platform":18,"runframes":18606,"runend":1020,"unknown1":4294963118,"unknown2":1322,"rank":2901,"percentile":57.3215599705666}},"tenDayPercentiles":[],"tenDayDecayingPercentileScore":0,"scoresByDay":[],"rankSummary":{"mean":2901,"median":2901,"max":2901,"min":2901},"percentileSummary":{"mean":57.3215599705666,"median":57.3215599705666,"max":57.3215599705666,"min":57.3215599705666}}