{"name":"zZz","scoreData":{"2020-10-02":{"id":76561198406889230,"name":"zZz","score":2000,"level":1,"character":2,"platform":18,"runframes":1865,"runend":1022,"unknown1":4294962383,"unknown2":794,"rank":6963,"percentile":6.713118049041938}},"tenDayPercentiles":[],"tenDayDecayingPercentileScore":0,"scoresByDay":[],"rankSummary":{"mean":6963,"median":6963,"max":6963,"min":6963},"percentileSummary":{"mean":6.713118049041938,"median":6.713118049041938,"max":6.713118049041938,"min":6.713118049041938}}