{"name":"S6Tpancakes","scoreData":{"2020-11-14":{"id":76561198003258320,"name":"S6Tpancakes","score":20700,"level":7,"character":4,"platform":48,"runframes":20790,"runend":1016,"unknown1":4294965537,"unknown2":4294966144,"rank":716,"percentile":83.42989571263035}},"tenDayPercentiles":[83.42989571263035],"tenDayDecayingPercentileScore":49.26451911935111,"scoresByDay":[49.26451911935111],"rankSummary":{"mean":716,"median":716,"max":716,"min":716},"percentileSummary":{"mean":83.42989571263035,"median":83.42989571263035,"max":83.42989571263035,"min":83.42989571263035}}