{"name":"Saardiner","scoreData":{"2020-11-01":{"id":76561198907094400,"name":"Saardiner","score":2200,"level":1,"character":7,"platform":18,"runframes":2389,"runend":1022,"unknown1":4294967252,"unknown2":792,"rank":4409,"percentile":6.312433581296489}},"tenDayPercentiles":[],"tenDayDecayingPercentileScore":0,"scoresByDay":[],"rankSummary":{"mean":4409,"median":4409,"max":4409,"min":4409},"percentileSummary":{"mean":6.312433581296489,"median":6.312433581296489,"max":6.312433581296489,"min":6.312433581296489}}