{"name":"Saba","scoreData":{"2020-10-25":{"id":76561198232879470,"name":"Saba","score":13400,"level":4,"character":5,"platform":18,"runframes":12855,"runend":1019,"unknown1":4294965334,"unknown2":1912,"rank":2788,"percentile":49.78378378378379}},"tenDayPercentiles":[],"tenDayDecayingPercentileScore":0,"scoresByDay":[],"rankSummary":{"mean":2788,"median":2788,"max":2788,"min":2788},"percentileSummary":{"mean":49.78378378378379,"median":49.78378378378379,"max":49.78378378378379,"min":49.78378378378379}}