{"name":"Sad_Panda8402","scoreData":{"2020-09-24":{"id":173287659139691400,"name":"Sad_Panda8402","score":1600,"level":2,"character":1,"platform":48,"runframes":5192,"runend":1021,"unknown1":4294966637,"unknown2":392,"rank":1972,"percentile":14.52732003469211}},"tenDayPercentiles":[],"tenDayDecayingPercentileScore":0,"scoresByDay":[],"rankSummary":{"mean":1972,"median":1972,"max":1972,"min":1972},"percentileSummary":{"mean":14.52732003469211,"median":14.52732003469211,"max":14.52732003469211,"min":14.52732003469211}}