{"name":"SadCat","scoreData":{"2020-09-30":{"id":6967690806241181000,"name":"SadCat","score":4500,"level":1,"character":1,"platform":18,"runframes":2508,"runend":1022,"unknown1":3240,"unknown2":1011,"rank":7301,"percentile":5.489383738995329}},"tenDayPercentiles":[],"tenDayDecayingPercentileScore":0,"scoresByDay":[],"rankSummary":{"mean":7301,"median":7301,"max":7301,"min":7301},"percentileSummary":{"mean":5.489383738995329,"median":5.489383738995329,"max":5.489383738995329,"min":5.489383738995329}}