{"name":"SadStone","scoreData":{"2020-11-03":{"id":76561198137588540,"name":"SadStone","score":7700,"level":2,"character":2,"platform":18,"runframes":8020,"runend":1021,"unknown1":4294966345,"unknown2":4294965505,"rank":3808,"percentile":15.36238328145842}},"tenDayPercentiles":[],"tenDayDecayingPercentileScore":0,"scoresByDay":[],"rankSummary":{"mean":3808,"median":3808,"max":3808,"min":3808},"percentileSummary":{"mean":15.36238328145842,"median":15.36238328145842,"max":15.36238328145842,"min":15.36238328145842}}