{"name":"Sagertooth","scoreData":{"2020-10-09":{"id":76561197991785020,"name":"Sagertooth","score":35075,"level":7,"character":6,"platform":18,"runframes":26015,"runend":1016,"unknown1":5098,"unknown2":1917,"rank":1372,"percentile":78.14094387755102}},"tenDayPercentiles":[],"tenDayDecayingPercentileScore":0,"scoresByDay":[],"rankSummary":{"mean":1372,"median":1372,"max":1372,"min":1372},"percentileSummary":{"mean":78.14094387755102,"median":78.14094387755102,"max":78.14094387755102,"min":78.14094387755102}}