{"name":"SaintSadistik","scoreData":{"2020-09-15":{"id":6322765642351193000,"name":"SaintSadistik","score":13200,"level":3,"character":2,"platform":48,"runframes":10454,"runend":1020,"unknown1":4294967271,"unknown2":295,"rank":743,"percentile":59.140969162995596}},"tenDayPercentiles":[],"tenDayDecayingPercentileScore":0,"scoresByDay":[],"rankSummary":{"mean":743,"median":743,"max":743,"min":743},"percentileSummary":{"mean":59.140969162995596,"median":59.140969162995596,"max":59.140969162995596,"min":59.140969162995596}}