{"name":"Sajid","scoreData":{"2020-10-14":{"id":76561198168242400,"name":"Sajid","score":7100,"level":2,"character":0,"platform":18,"runframes":5004,"runend":1021,"unknown1":657,"unknown2":45,"rank":3682,"percentile":33.45986984815619}},"tenDayPercentiles":[],"tenDayDecayingPercentileScore":0,"scoresByDay":[],"rankSummary":{"mean":3682,"median":3682,"max":3682,"min":3682},"percentileSummary":{"mean":33.45986984815619,"median":33.45986984815619,"max":33.45986984815619,"min":33.45986984815619}}