{"name":"SAKURAGI","scoreData":{"2020-09-30":{"id":76561197981439660,"name":"SAKURAGI","score":11200,"level":1,"character":0,"platform":18,"runframes":3857,"runend":1022,"unknown1":748,"unknown2":102,"rank":6048,"percentile":21.711548420507512}},"tenDayPercentiles":[],"tenDayDecayingPercentileScore":0,"scoresByDay":[],"rankSummary":{"mean":6048,"median":6048,"max":6048,"min":6048},"percentileSummary":{"mean":21.711548420507512,"median":21.711548420507512,"max":21.711548420507512,"min":21.711548420507512}}