{"name":"Salamander<3 ðŸŠ","scoreData":{"2020-09-30":{"id":76561198074511230,"name":"Salamander<3 ðŸŠ","score":4000,"level":2,"character":0,"platform":18,"runframes":3853,"runend":1021,"unknown1":4294964138,"unknown2":33,"rank":5658,"percentile":26.76074572760227}},"tenDayDecayingPercentileMean":null,"rankSummary":{"mean":5658,"median":5658,"max":5658,"min":5658},"percentileSummary":{"mean":26.76074572760227,"median":26.76074572760227,"max":26.76074572760227,"min":26.76074572760227}}