{"name":"saladsam","scoreData":{"2020-11-08":{"id":76561197972447260,"name":"saladsam","score":3700,"level":1,"character":0,"platform":18,"runframes":2480,"runend":1022,"unknown1":469,"unknown2":2352,"rank":3826,"percentile":18.87592788971368}},"tenDayPercentiles":[],"tenDayDecayingPercentileScore":0,"scoresByDay":[],"rankSummary":{"mean":3826,"median":3826,"max":3826,"min":3826},"percentileSummary":{"mean":18.87592788971368,"median":18.87592788971368,"max":18.87592788971368,"min":18.87592788971368}}