{"name":"sale_fou2000","scoreData":{"2020-10-28":{"id":76561198038906020,"name":"sale_fou2000","score":100,"level":1,"character":1,"platform":48,"runframes":4023,"runend":1022,"unknown1":4294966288,"unknown2":1273,"rank":4730,"percentile":3.9016460069091607}},"tenDayPercentiles":[],"tenDayDecayingPercentileScore":0,"scoresByDay":[],"rankSummary":{"mean":4730,"median":4730,"max":4730,"min":4730},"percentileSummary":{"mean":3.9016460069091607,"median":3.9016460069091607,"max":3.9016460069091607,"min":3.9016460069091607}}