{"name":"sally","scoreData":{"2020-10-04":{"id":6306563769661849000,"name":"sally","score":2000,"level":2,"character":2,"platform":18,"runframes":3862,"runend":1021,"unknown1":91,"unknown2":4294962089,"rank":6400,"percentile":14.816293929712458}},"tenDayPercentiles":[],"tenDayDecayingPercentileScore":0,"scoresByDay":[],"rankSummary":{"mean":6400,"median":6400,"max":6400,"min":6400},"percentileSummary":{"mean":14.816293929712458,"median":14.816293929712458,"max":14.816293929712458,"min":14.816293929712458}}