{"name":"salmonminer.exe","scoreData":{"2020-10-09":{"id":76561198013991150,"name":"salmonminer.exe","score":4500,"level":2,"character":7,"platform":18,"runframes":4063,"runend":1021,"unknown1":4294966331,"unknown2":468,"rank":5312,"percentile":15.322066326530617}},"tenDayPercentiles":[],"tenDayDecayingPercentileScore":0,"scoresByDay":[],"rankSummary":{"mean":5312,"median":5312,"max":5312,"min":5312},"percentileSummary":{"mean":15.322066326530617,"median":15.322066326530617,"max":15.322066326530617,"min":15.322066326530617}}