{"name":"Salmi lid","scoreData":{"2020-10-03":{"id":9101051916600593000,"name":"Salmi lid","score":10800,"level":1,"character":0,"platform":18,"runframes":4986,"runend":1022,"unknown1":89,"unknown2":114,"rank":6937,"percentile":12.180298809825274}},"tenDayPercentiles":[],"tenDayDecayingPercentileScore":0,"scoresByDay":[],"rankSummary":{"mean":6937,"median":6937,"max":6937,"min":6937},"percentileSummary":{"mean":12.180298809825274,"median":12.180298809825274,"max":12.180298809825274,"min":12.180298809825274}}