{"name":"Salsaeggs","scoreData":{"2020-09-30":{"id":140370805661554320,"name":"Salsaeggs","score":16300,"level":4,"character":0,"platform":18,"runframes":18327,"runend":1019,"unknown1":4524,"unknown2":1892,"rank":1735,"percentile":77.55049197307095}},"tenDayPercentiles":[],"tenDayDecayingPercentileScore":0,"scoresByDay":[],"rankSummary":{"mean":1735,"median":1735,"max":1735,"min":1735},"percentileSummary":{"mean":77.55049197307095,"median":77.55049197307095,"max":77.55049197307095,"min":77.55049197307095}}