{"name":"salt-standing502","scoreData":{"2020-10-20":{"id":76561198018352340,"name":"salt-standing502","score":15700,"level":2,"character":0,"platform":48,"runframes":13608,"runend":1021,"unknown1":154,"unknown2":4294967114,"rank":4683,"percentile":13.29629629629629}},"tenDayPercentiles":[],"tenDayDecayingPercentileScore":0,"scoresByDay":[],"rankSummary":{"mean":4683,"median":4683,"max":4683,"min":4683},"percentileSummary":{"mean":13.29629629629629,"median":13.29629629629629,"max":13.29629629629629,"min":13.29629629629629}}