{"name":"Saltycoolkid101","scoreData":{"2020-10-29":{"id":76561198005953940,"name":"Saltycoolkid101","score":1500,"level":1,"character":19,"platform":18,"runframes":376,"runend":1022,"unknown1":4139,"unknown2":1448,"rank":4616,"percentile":3.5124398912816304}},"tenDayPercentiles":[],"tenDayDecayingPercentileScore":0,"scoresByDay":[],"rankSummary":{"mean":4616,"median":4616,"max":4616,"min":4616},"percentileSummary":{"mean":3.5124398912816304,"median":3.5124398912816304,"max":3.5124398912816304,"min":3.5124398912816304}}