{"name":"SaltyBacon","scoreData":{"2020-10-28":{"id":76561198070603410,"name":"SaltyBacon","score":3200,"level":2,"character":7,"platform":18,"runframes":6159,"runend":1021,"unknown1":4294966922,"unknown2":4294965650,"rank":4412,"percentile":10.363747205852462}},"tenDayPercentiles":[],"tenDayDecayingPercentileScore":0,"scoresByDay":[],"rankSummary":{"mean":4412,"median":4412,"max":4412,"min":4412},"percentileSummary":{"mean":10.363747205852462,"median":10.363747205852462,"max":10.363747205852462,"min":10.363747205852462}}