{"name":"SaltyMango","scoreData":{"2020-10-12":{"id":76561198877722220,"name":"SaltyMango","score":14300,"level":4,"character":0,"platform":18,"runframes":20186,"runend":1019,"unknown1":4294963951,"unknown2":4294962212,"rank":2111,"percentile":64.73930481283423}},"tenDayPercentiles":[],"tenDayDecayingPercentileScore":0,"scoresByDay":[],"rankSummary":{"mean":2111,"median":2111,"max":2111,"min":2111},"percentileSummary":{"mean":64.73930481283423,"median":64.73930481283423,"max":64.73930481283423,"min":64.73930481283423}}