{"name":"Sam_OFarrell08","scoreData":{"2020-10-26":{"id":76561197999803600,"name":"Sam_OFarrell08","score":3700,"level":2,"character":4,"platform":48,"runframes":2811,"runend":1021,"unknown1":4294967036,"unknown2":498,"rank":4451,"percentile":12.055335968379438}},"tenDayPercentiles":[],"tenDayDecayingPercentileScore":0,"scoresByDay":[],"rankSummary":{"mean":4451,"median":4451,"max":4451,"min":4451},"percentileSummary":{"mean":12.055335968379438,"median":12.055335968379438,"max":12.055335968379438,"min":12.055335968379438}}