{"name":"Samaru711","scoreData":{"2020-10-25":{"id":76561198272718340,"name":"Samaru711","score":12900,"level":2,"character":7,"platform":48,"runframes":5993,"runend":1021,"unknown1":594,"unknown2":271,"rank":4277,"percentile":22.954954954954957}},"tenDayPercentiles":[],"tenDayDecayingPercentileScore":0,"scoresByDay":[],"rankSummary":{"mean":4277,"median":4277,"max":4277,"min":4277},"percentileSummary":{"mean":22.954954954954957,"median":22.954954954954957,"max":22.954954954954957,"min":22.954954954954957}}