{"name":"Samownz","scoreData":{"2020-11-21":{"id":6762299154933671000,"name":"Samownz","score":1800,"level":1,"character":0,"platform":48,"runframes":2972,"runend":1022,"unknown1":2081,"unknown2":1234,"rank":3861,"percentile":7.01035894965068}},"tenDayPercentiles":[],"tenDayDecayingPercentileScore":0,"scoresByDay":[],"rankSummary":{"mean":3861,"median":3861,"max":3861,"min":3861},"percentileSummary":{"mean":7.01035894965068,"median":7.01035894965068,"max":7.01035894965068,"min":7.01035894965068}}