{"name":"samoo","scoreData":{"2020-10-12":{"id":76561198048218180,"name":"samoo","score":11100,"level":3,"character":6,"platform":18,"runframes":5013,"runend":1020,"unknown1":3275,"unknown2":830,"rank":3105,"percentile":48.12834224598931}},"tenDayPercentiles":[],"tenDayDecayingPercentileScore":0,"scoresByDay":[],"rankSummary":{"mean":3105,"median":3105,"max":3105,"min":3105},"percentileSummary":{"mean":48.12834224598931,"median":48.12834224598931,"max":48.12834224598931,"min":48.12834224598931}}