{"name":"Samomnomnom","scoreData":{"2020-10-03":{"id":1963325763787496400,"name":"Samomnomnom","score":5700,"level":1,"character":3,"platform":18,"runframes":4213,"runend":1022,"unknown1":4294966834,"unknown2":58,"rank":7427,"percentile":5.97619650544442}},"tenDayPercentiles":[],"tenDayDecayingPercentileScore":0,"scoresByDay":[],"rankSummary":{"mean":7427,"median":7427,"max":7427,"min":7427},"percentileSummary":{"mean":5.97619650544442,"median":5.97619650544442,"max":5.97619650544442,"min":5.97619650544442}}