{"name":"Samsnotebook","scoreData":{"2020-10-16":{"id":3589575423183078400,"name":"Samsnotebook","score":5500,"level":2,"character":0,"platform":18,"runframes":6614,"runend":1021,"unknown1":4294964109,"unknown2":4294962709,"rank":4264,"percentile":23.970037453183522}},"tenDayPercentiles":[],"tenDayDecayingPercentileScore":0,"scoresByDay":[],"rankSummary":{"mean":4264,"median":4264,"max":4264,"min":4264},"percentileSummary":{"mean":23.970037453183522,"median":23.970037453183522,"max":23.970037453183522,"min":23.970037453183522}}