{"name":"Samson_2_10","scoreData":{"2020-09-19":{"id":7444071922568776000,"name":"Samson_2_10","score":22200,"level":6,"character":0,"platform":48,"runframes":33511,"runend":1017,"unknown1":2226,"unknown2":364,"rank":357,"percentile":88.11748998664886}},"tenDayPercentiles":[],"tenDayDecayingPercentileScore":0,"scoresByDay":[],"rankSummary":{"mean":357,"median":357,"max":357,"min":357},"percentileSummary":{"mean":88.11748998664886,"median":88.11748998664886,"max":88.11748998664886,"min":88.11748998664886}}