{"name":"samta","scoreData":{"2020-10-02":{"id":8564415422962149000,"name":"samta","score":6000,"level":2,"character":3,"platform":18,"runframes":7448,"runend":1021,"unknown1":2258,"unknown2":355,"rank":5422,"percentile":27.36165081066595}},"tenDayPercentiles":[],"tenDayDecayingPercentileScore":0,"scoresByDay":[],"rankSummary":{"mean":5422,"median":5422,"max":5422,"min":5422},"percentileSummary":{"mean":27.36165081066595,"median":27.36165081066595,"max":27.36165081066595,"min":27.36165081066595}}