{"name":"samuelcurley","scoreData":{"2020-09-16":{"id":1653108778613672000,"name":"samuelcurley","score":5000,"level":1,"character":3,"platform":48,"runframes":2013,"runend":1022,"unknown1":4294966878,"unknown2":30,"rank":2869,"percentile":7.064160725858713}},"tenDayPercentiles":[],"tenDayDecayingPercentileScore":0,"scoresByDay":[],"rankSummary":{"mean":2869,"median":2869,"max":2869,"min":2869},"percentileSummary":{"mean":7.064160725858713,"median":7.064160725858713,"max":7.064160725858713,"min":7.064160725858713}}