{"name":"Samwambamfam","scoreData":{"2020-09-21":{"id":5744782109789596000,"name":"Samwambamfam","score":8000,"level":3,"character":3,"platform":48,"runframes":7664,"runend":1020,"unknown1":2161,"unknown2":141,"rank":1264,"percentile":49.419303163796556}},"tenDayPercentiles":[],"tenDayDecayingPercentileScore":0,"scoresByDay":[],"rankSummary":{"mean":1264,"median":1264,"max":1264,"min":1264},"percentileSummary":{"mean":49.419303163796556,"median":49.419303163796556,"max":49.419303163796556,"min":49.419303163796556}}