{"name":"Sancal","scoreData":{"2020-10-16":{"id":76561198961865040,"name":"Sancal","score":4300,"level":3,"character":0,"platform":18,"runframes":16047,"runend":1020,"unknown1":4294965118,"unknown2":4294965032,"rank":2839,"percentile":49.38469769930444}},"tenDayPercentiles":[],"tenDayDecayingPercentileScore":0,"scoresByDay":[],"rankSummary":{"mean":2839,"median":2839,"max":2839,"min":2839},"percentileSummary":{"mean":49.38469769930444,"median":49.38469769930444,"max":49.38469769930444,"min":49.38469769930444}}