{"name":"Sandwhix","scoreData":{"2020-11-16":{"id":3000238593743648300,"name":"Sandwhix","score":11200,"level":4,"character":6,"platform":48,"runframes":22826,"runend":1019,"unknown1":2605,"unknown2":63,"rank":2003,"percentile":48.71926229508197}},"tenDayPercentiles":[48.71926229508197],"tenDayDecayingPercentileScore":35.51634221311476,"scoresByDay":[35.51634221311476],"rankSummary":{"mean":2003,"median":2003,"max":2003,"min":2003},"percentileSummary":{"mean":48.71926229508197,"median":48.71926229508197,"max":48.71926229508197,"min":48.71926229508197}}