{"name":"sanderson.smith","scoreData":{"2020-10-11":{"id":4070461836079788000,"name":"sanderson.smith","score":15400,"level":4,"character":0,"platform":18,"runframes":8379,"runend":1019,"unknown1":4294966216,"unknown2":4294965256,"rank":2968,"percentile":53.275590551181104}},"tenDayPercentiles":[],"tenDayDecayingPercentileScore":0,"scoresByDay":[],"rankSummary":{"mean":2968,"median":2968,"max":2968,"min":2968},"percentileSummary":{"mean":53.275590551181104,"median":53.275590551181104,"max":53.275590551181104,"min":53.275590551181104}}