{"name":"SandpaperHandy","scoreData":{"2020-10-06":{"id":1470812107066966000,"name":"SandpaperHandy","score":8800,"level":2,"character":0,"platform":48,"runframes":6459,"runend":1021,"unknown1":1192,"unknown2":4294965086,"rank":5299,"percentile":22.0309050772627}},"tenDayPercentiles":[],"tenDayDecayingPercentileScore":0,"scoresByDay":[],"rankSummary":{"mean":5299,"median":5299,"max":5299,"min":5299},"percentileSummary":{"mean":22.0309050772627,"median":22.0309050772627,"max":22.0309050772627,"min":22.0309050772627}}