{"name":"sanemurzu","scoreData":{"2020-10-02":{"id":76561198021717500,"name":"sanemurzu","score":5300,"level":4,"character":7,"platform":18,"runframes":6794,"runend":1019,"unknown1":6764,"unknown2":43,"rank":2914,"percentile":60.96743936754656}},"tenDayPercentiles":[],"tenDayDecayingPercentileScore":0,"scoresByDay":[],"rankSummary":{"mean":2914,"median":2914,"max":2914,"min":2914},"percentileSummary":{"mean":60.96743936754656,"median":60.96743936754656,"max":60.96743936754656,"min":60.96743936754656}}