{"name":"santinotacconi12","scoreData":{"2020-10-06":{"id":76561197999300530,"name":"santinotacconi12","score":0,"level":1,"character":0,"platform":18,"runframes":1372,"runend":1022,"unknown1":2333,"unknown2":1426,"rank":6675,"percentile":1.780721118469458}},"tenDayPercentiles":[],"tenDayDecayingPercentileScore":0,"scoresByDay":[],"rankSummary":{"mean":6675,"median":6675,"max":6675,"min":6675},"percentileSummary":{"mean":1.780721118469458,"median":1.780721118469458,"max":1.780721118469458,"min":1.780721118469458}}