{"name":"SappySage","scoreData":{"2020-09-16":{"id":3132280524281214000,"name":"SappySage","score":35675,"level":6,"character":7,"platform":48,"runframes":92135,"runend":1017,"unknown1":4294966843,"unknown2":595,"rank":239,"percentile":92.28775113415425}},"tenDayPercentiles":[],"tenDayDecayingPercentileScore":0,"scoresByDay":[],"rankSummary":{"mean":239,"median":239,"max":239,"min":239},"percentileSummary":{"mean":92.28775113415425,"median":92.28775113415425,"max":92.28775113415425,"min":92.28775113415425}}