{"name":"SaraDD1","scoreData":{"2020-09-23":{"id":6137118414288087000,"name":"SaraDD1","score":1500,"level":2,"character":2,"platform":48,"runframes":2510,"runend":1021,"unknown1":4294966850,"unknown2":948,"rank":2323,"percentile":3.491271820448887}},"tenDayPercentiles":[],"tenDayDecayingPercentileScore":0,"scoresByDay":[],"rankSummary":{"mean":2323,"median":2323,"max":2323,"min":2323},"percentileSummary":{"mean":3.491271820448887,"median":3.491271820448887,"max":3.491271820448887,"min":3.491271820448887}}