{"name":"Sassonia0","scoreData":{"2020-10-03":{"id":4624123334545484000,"name":"Sassonia0","score":1500,"level":2,"character":3,"platform":48,"runframes":3718,"runend":1021,"unknown1":4294964203,"unknown2":4294965250,"rank":6621,"percentile":16.181311724487216}},"tenDayPercentiles":[],"tenDayDecayingPercentileScore":0,"scoresByDay":[],"rankSummary":{"mean":6621,"median":6621,"max":6621,"min":6621},"percentileSummary":{"mean":16.181311724487216,"median":16.181311724487216,"max":16.181311724487216,"min":16.181311724487216}}