{"name":"Saturn05119","scoreData":{"2020-11-08":{"id":76561197985969200,"name":"Saturn05119","score":11500,"level":3,"character":2,"platform":48,"runframes":9146,"runend":1020,"unknown1":4294966315,"unknown2":4294962918,"rank":2323,"percentile":50.75291622481442}},"tenDayPercentiles":[],"tenDayDecayingPercentileScore":0,"scoresByDay":[],"rankSummary":{"mean":2323,"median":2323,"max":2323,"min":2323},"percentileSummary":{"mean":50.75291622481442,"median":50.75291622481442,"max":50.75291622481442,"min":50.75291622481442}}