{"name":"Saul-Oli","scoreData":{"2020-09-30":{"id":76561198152084830,"name":"Saul-Oli","score":2700,"level":3,"character":4,"platform":48,"runframes":5727,"runend":1020,"unknown1":4294961959,"unknown2":4294963329,"rank":3942,"percentile":48.97721387881927}},"tenDayPercentiles":[],"tenDayDecayingPercentileScore":0,"scoresByDay":[],"rankSummary":{"mean":3942,"median":3942,"max":3942,"min":3942},"percentileSummary":{"mean":48.97721387881927,"median":48.97721387881927,"max":48.97721387881927,"min":48.97721387881927}}