{"name":"Savely_pro1156","scoreData":{"2020-11-05":{"id":76561198044618660,"name":"Savely_pro1156","score":6000,"level":2,"character":3,"platform":48,"runframes":2481,"runend":1021,"unknown1":4294965629,"unknown2":492,"rank":3357,"percentile":25.38906180524677}},"tenDayPercentiles":[],"tenDayDecayingPercentileScore":0,"scoresByDay":[],"rankSummary":{"mean":3357,"median":3357,"max":3357,"min":3357},"percentileSummary":{"mean":25.38906180524677,"median":25.38906180524677,"max":25.38906180524677,"min":25.38906180524677}}