{"name":"Sawyer","scoreData":{"2020-10-25":{"id":76561198202787940,"name":"Sawyer","score":39750,"level":5,"character":15,"platform":18,"runframes":34115,"runend":1018,"unknown1":2897,"unknown2":1019,"rank":1584,"percentile":71.47747747747748}},"tenDayPercentiles":[],"tenDayDecayingPercentileScore":0,"scoresByDay":[],"rankSummary":{"mean":1584,"median":1584,"max":1584,"min":1584},"percentileSummary":{"mean":71.47747747747748,"median":71.47747747747748,"max":71.47747747747748,"min":71.47747747747748}}