{"name":"SaylerDude","scoreData":{"2020-10-24":{"id":76561198046387460,"name":"SaylerDude","score":7900,"level":3,"character":4,"platform":48,"runframes":13543,"runend":1020,"unknown1":4294966620,"unknown2":24,"rank":3100,"percentile":42.31198808637379}},"tenDayPercentiles":[],"tenDayDecayingPercentileScore":0,"scoresByDay":[],"rankSummary":{"mean":3100,"median":3100,"max":3100,"min":3100},"percentileSummary":{"mean":42.31198808637379,"median":42.31198808637379,"max":42.31198808637379,"min":42.31198808637379}}