{"name":"sbayes","scoreData":{"2020-10-06":{"id":3545068724042438000,"name":"sbayes","score":500,"level":1,"character":7,"platform":18,"runframes":1000,"runend":1022,"unknown1":4294964922,"unknown2":4294964922,"rank":6598,"percentile":2.9139072847682144}},"tenDayPercentiles":[],"tenDayDecayingPercentileScore":0,"scoresByDay":[],"rankSummary":{"mean":6598,"median":6598,"max":6598,"min":6598},"percentileSummary":{"mean":2.9139072847682144,"median":2.9139072847682144,"max":2.9139072847682144,"min":2.9139072847682144}}