{"name":"ScaryWilson","scoreData":{"2020-09-19":{"id":1884829899346126800,"name":"ScaryWilson","score":1500,"level":3,"character":0,"platform":48,"runframes":3282,"runend":1020,"unknown1":4294966997,"unknown2":365,"rank":1122,"percentile":62.583444592790386}},"tenDayPercentiles":[],"tenDayDecayingPercentileScore":0,"scoresByDay":[],"rankSummary":{"mean":1122,"median":1122,"max":1122,"min":1122},"percentileSummary":{"mean":62.583444592790386,"median":62.583444592790386,"max":62.583444592790386,"min":62.583444592790386}}