{"name":"schepfdi","scoreData":{"2020-10-05":{"id":76561198157843970,"name":"schepfdi","score":7000,"level":1,"character":5,"platform":48,"runframes":5810,"runend":1022,"unknown1":4294965352,"unknown2":3898,"rank":5414,"percentile":20.53728714034058}},"tenDayPercentiles":[],"tenDayDecayingPercentileScore":0,"scoresByDay":[],"rankSummary":{"mean":5414,"median":5414,"max":5414,"min":5414},"percentileSummary":{"mean":20.53728714034058,"median":20.53728714034058,"max":20.53728714034058,"min":20.53728714034058}}