{"name":"schedof66","scoreData":{"2020-09-30":{"id":76561198074409060,"name":"schedof66","score":7000,"level":1,"character":7,"platform":48,"runframes":1899,"runend":1022,"unknown1":4294964769,"unknown2":290,"rank":6740,"percentile":12.752459865354737}},"tenDayPercentiles":[],"tenDayDecayingPercentileScore":0,"scoresByDay":[],"rankSummary":{"mean":6740,"median":6740,"max":6740,"min":6740},"percentileSummary":{"mean":12.752459865354737,"median":12.752459865354737,"max":12.752459865354737,"min":12.752459865354737}}