{"name":"schlapp_Rentner","scoreData":{"2020-10-07":{"id":76561198055556140,"name":"schlapp_Rentner","score":0,"level":1,"character":0,"platform":48,"runframes":1288,"runend":1022,"unknown1":4294964231,"unknown2":571,"rank":6478,"percentile":0.7204169221336656}},"tenDayPercentiles":[],"tenDayDecayingPercentileScore":0,"scoresByDay":[],"rankSummary":{"mean":6478,"median":6478,"max":6478,"min":6478},"percentileSummary":{"mean":0.7204169221336656,"median":0.7204169221336656,"max":0.7204169221336656,"min":0.7204169221336656}}