{"name":"Schoenlepel","scoreData":{"2020-10-07":{"id":76561197995069520,"name":"Schoenlepel","score":52500,"level":6,"character":2,"platform":18,"runframes":44948,"runend":1017,"unknown1":4294966542,"unknown2":341,"rank":793,"percentile":87.86020846106683}},"tenDayPercentiles":[],"tenDayDecayingPercentileScore":0,"scoresByDay":[],"rankSummary":{"mean":793,"median":793,"max":793,"min":793},"percentileSummary":{"mean":87.86020846106683,"median":87.86020846106683,"max":87.86020846106683,"min":87.86020846106683}}