{"name":"scopoe1","scoreData":{"2020-09-15":{"id":4698743870869801000,"name":"scopoe1","score":6900,"level":1,"character":3,"platform":48,"runframes":6581,"runend":1022,"unknown1":817,"unknown2":373,"rank":1549,"percentile":14.757709251101332}},"tenDayPercentiles":[],"tenDayDecayingPercentileScore":0,"scoresByDay":[],"rankSummary":{"mean":1549,"median":1549,"max":1549,"min":1549},"percentileSummary":{"mean":14.757709251101332,"median":14.757709251101332,"max":14.757709251101332,"min":14.757709251101332}}