{"name":"scottgerrya","scoreData":{"2020-10-03":{"id":76561198132806780,"name":"scottgerrya","score":14000,"level":2,"character":2,"platform":48,"runframes":7444,"runend":1021,"unknown1":4294963320,"unknown2":302,"rank":4089,"percentile":48.24006077487971}},"tenDayPercentiles":[],"tenDayDecayingPercentileScore":0,"scoresByDay":[],"rankSummary":{"mean":4089,"median":4089,"max":4089,"min":4089},"percentileSummary":{"mean":48.24006077487971,"median":48.24006077487971,"max":48.24006077487971,"min":48.24006077487971}}