{"name":"ScottGriffiths","scoreData":{"2020-09-28":{"id":6544604608724606000,"name":"ScottGriffiths","score":13000,"level":9,"character":2,"platform":48,"runframes":36701,"runend":1014,"unknown1":4294967088,"unknown2":371,"rank":283,"percentile":86.93234476367006}},"tenDayPercentiles":[],"tenDayDecayingPercentileScore":0,"scoresByDay":[],"rankSummary":{"mean":283,"median":283,"max":283,"min":283},"percentileSummary":{"mean":86.93234476367006,"median":86.93234476367006,"max":86.93234476367006,"min":86.93234476367006}}