{"name":"Scottimus","scoreData":{"2020-11-20":{"id":2388374268783241700,"name":"Scottimus","score":10400,"level":3,"character":7,"platform":18,"runframes":8131,"runend":1020,"unknown1":1584,"unknown2":310,"rank":2956,"percentile":26.856435643564353}},"tenDayPercentiles":[],"tenDayDecayingPercentileScore":0,"scoresByDay":[],"rankSummary":{"mean":2956,"median":2956,"max":2956,"min":2956},"percentileSummary":{"mean":26.856435643564353,"median":26.856435643564353,"max":26.856435643564353,"min":26.856435643564353}}