{"name":"SCP1471-A","scoreData":{"2020-10-05":{"id":76561198102402690,"name":"SCP1471-A","score":15325,"level":5,"character":7,"platform":48,"runframes":21993,"runend":1018,"unknown1":1098,"unknown2":1055,"rank":2434,"percentile":64.28361714621258}},"tenDayPercentiles":[],"tenDayDecayingPercentileScore":0,"scoresByDay":[],"rankSummary":{"mean":2434,"median":2434,"max":2434,"min":2434},"percentileSummary":{"mean":64.28361714621258,"median":64.28361714621258,"max":64.28361714621258,"min":64.28361714621258}}