{"name":"Scrag","scoreData":{"2020-10-02":{"id":76561198047505150,"name":"Scrag","score":20500,"level":4,"character":0,"platform":18,"runframes":17641,"runend":1019,"unknown1":21,"unknown2":4888,"rank":1910,"percentile":74.42047434007772}},"tenDayPercentiles":[],"tenDayDecayingPercentileScore":0,"scoresByDay":[],"rankSummary":{"mean":1910,"median":1910,"max":1910,"min":1910},"percentileSummary":{"mean":74.42047434007772,"median":74.42047434007772,"max":74.42047434007772,"min":74.42047434007772}}