{"name":"scream at sea","scoreData":{"2020-10-22":{"id":6379271224943038000,"name":"scream at sea","score":3500,"level":2,"character":7,"platform":18,"runframes":2893,"runend":1021,"unknown1":4294966805,"unknown2":4294963704,"rank":4739,"percentile":10.721688336159787}},"tenDayPercentiles":[],"tenDayDecayingPercentileScore":0,"scoresByDay":[],"rankSummary":{"mean":4739,"median":4739,"max":4739,"min":4739},"percentileSummary":{"mean":10.721688336159787,"median":10.721688336159787,"max":10.721688336159787,"min":10.721688336159787}}