{"name":"Scruffy_Runner","scoreData":{"2020-10-03":{"id":280058898388755000,"name":"Scruffy_Runner","score":4600,"level":2,"character":10,"platform":48,"runframes":3657,"runend":1021,"unknown1":4294965287,"unknown2":4294965504,"rank":6171,"percentile":21.878956697898204}},"tenDayPercentiles":[],"tenDayDecayingPercentileScore":0,"scoresByDay":[],"rankSummary":{"mean":6171,"median":6171,"max":6171,"min":6171},"percentileSummary":{"mean":21.878956697898204,"median":21.878956697898204,"max":21.878956697898204,"min":21.878956697898204}}