{"name":"Scryfox","scoreData":{"2020-10-16":{"id":2375718393969433600,"name":"Scryfox","score":15400,"level":4,"character":3,"platform":18,"runframes":23677,"runend":1019,"unknown1":4294962118,"unknown2":4294962519,"rank":1434,"percentile":74.4426609595149}},"tenDayPercentiles":[],"tenDayDecayingPercentileScore":0,"scoresByDay":[],"rankSummary":{"mean":1434,"median":1434,"max":1434,"min":1434},"percentileSummary":{"mean":74.4426609595149,"median":74.4426609595149,"max":74.4426609595149,"min":74.4426609595149}}