{"name":"Scuba_Phteve25","scoreData":{"2020-09-19":{"id":4464296400370379000,"name":"Scuba_Phteve25","score":11800,"level":4,"character":0,"platform":48,"runframes":23394,"runend":1019,"unknown1":4294966395,"unknown2":4294967110,"rank":774,"percentile":74.19893190921229}},"tenDayPercentiles":[],"tenDayDecayingPercentileScore":0,"scoresByDay":[],"rankSummary":{"mean":774,"median":774,"max":774,"min":774},"percentileSummary":{"mean":74.19893190921229,"median":74.19893190921229,"max":74.19893190921229,"min":74.19893190921229}}