{"name":"Scumbé","scoreData":{"2020-10-19":{"id":76561198797001660,"name":"Scumbé","score":31025,"level":5,"character":10,"platform":18,"runframes":19911,"runend":1018,"unknown1":1419,"unknown2":1315,"rank":1473,"percentile":72.4756918474196}},"tenDayPercentiles":[],"tenDayDecayingPercentileScore":0,"scoresByDay":[],"rankSummary":{"mean":1473,"median":1473,"max":1473,"min":1473},"percentileSummary":{"mean":72.4756918474196,"median":72.4756918474196,"max":72.4756918474196,"min":72.4756918474196}}