{"name":"Scum Master","scoreData":{"2020-10-18":{"id":4024189667480610000,"name":"Scum Master","score":27500,"level":4,"character":7,"platform":18,"runframes":16918,"runend":1019,"unknown1":4294965323,"unknown2":626,"rank":3689,"percentile":37.7867746288799}},"tenDayPercentiles":[],"tenDayDecayingPercentileScore":0,"scoresByDay":[],"rankSummary":{"mean":3689,"median":3689,"max":3689,"min":3689},"percentileSummary":{"mean":37.7867746288799,"median":37.7867746288799,"max":37.7867746288799,"min":37.7867746288799}}