{"name":"ScumWorld","scoreData":{"2020-11-22":{"id":5208883377124613000,"name":"ScumWorld","score":5000,"level":2,"character":4,"platform":48,"runframes":6196,"runend":1021,"unknown1":2625,"unknown2":1170,"rank":3256,"percentile":18.604651162790702}},"tenDayPercentiles":[],"tenDayDecayingPercentileScore":0,"scoresByDay":[],"rankSummary":{"mean":3256,"median":3256,"max":3256,"min":3256},"percentileSummary":{"mean":18.604651162790702,"median":18.604651162790702,"max":18.604651162790702,"min":18.604651162790702}}