{"name":"Scythe015","scoreData":{"2020-11-09":{"id":1689228631582925800,"name":"Scythe015","score":11300,"level":4,"character":0,"platform":48,"runframes":12965,"runend":1019,"unknown1":133,"unknown2":70,"rank":2229,"percentile":48.934219573687834}},"tenDayPercentiles":[],"tenDayDecayingPercentileScore":0,"scoresByDay":[],"rankSummary":{"mean":2229,"median":2229,"max":2229,"min":2229},"percentileSummary":{"mean":48.934219573687834,"median":48.934219573687834,"max":48.934219573687834,"min":48.934219573687834}}