{"name":"SDMB_ToOSerious","scoreData":{"2020-10-07":{"id":76561198005575020,"name":"SDMB_ToOSerious","score":3500,"level":1,"character":2,"platform":48,"runframes":4804,"runend":1022,"unknown1":2818,"unknown2":541,"rank":6003,"percentile":8.001226241569597}},"tenDayPercentiles":[],"tenDayDecayingPercentileScore":0,"scoresByDay":[],"rankSummary":{"mean":6003,"median":6003,"max":6003,"min":6003},"percentileSummary":{"mean":8.001226241569597,"median":8.001226241569597,"max":8.001226241569597,"min":8.001226241569597}}