{"name":"Se97","scoreData":{"2020-11-12":{"id":76561198026673890,"name":"Se97","score":8100,"level":2,"character":0,"platform":18,"runframes":7146,"runend":1021,"unknown1":4294965067,"unknown2":4294965893,"rank":3120,"percentile":26.852720450281424}},"tenDayPercentiles":[26.852720450281424],"tenDayDecayingPercentileScore":10.403294087828332,"scoresByDay":[10.403294087828332],"rankSummary":{"mean":3120,"median":3120,"max":3120,"min":3120},"percentileSummary":{"mean":26.852720450281424,"median":26.852720450281424,"max":26.852720450281424,"min":26.852720450281424}}