{"name":"Seabeast","scoreData":{"2020-09-30":{"id":76561198064311220,"name":"Seabeast","score":7700,"level":1,"character":0,"platform":18,"runframes":4276,"runend":1022,"unknown1":4294960446,"unknown2":4294962013,"rank":6596,"percentile":14.616778871051267}},"tenDayPercentiles":[],"tenDayDecayingPercentileScore":0,"scoresByDay":[],"rankSummary":{"mean":6596,"median":6596,"max":6596,"min":6596},"percentileSummary":{"mean":14.616778871051267,"median":14.616778871051267,"max":14.616778871051267,"min":14.616778871051267}}