{"name":"SeaLark","scoreData":{"2020-10-01":{"id":521009945709091700,"name":"SeaLark","score":5300,"level":1,"character":7,"platform":18,"runframes":3123,"runend":1022,"unknown1":4294962303,"unknown2":4294959845,"rank":5955,"percentile":22.615024694567197}},"tenDayPercentiles":[],"tenDayDecayingPercentileScore":0,"scoresByDay":[],"rankSummary":{"mean":5955,"median":5955,"max":5955,"min":5955},"percentileSummary":{"mean":22.615024694567197,"median":22.615024694567197,"max":22.615024694567197,"min":22.615024694567197}}