{"name":"Sealock","scoreData":{"2020-10-02":{"id":4287037720696297000,"name":"Sealock","score":13800,"level":4,"character":7,"platform":18,"runframes":16566,"runend":1019,"unknown1":5705,"unknown2":1545,"rank":2361,"percentile":68.37732815221761}},"tenDayPercentiles":[],"tenDayDecayingPercentileScore":0,"scoresByDay":[],"rankSummary":{"mean":2361,"median":2361,"max":2361,"min":2361},"percentileSummary":{"mean":68.37732815221761,"median":68.37732815221761,"max":68.37732815221761,"min":68.37732815221761}}