{"name":"Sebacrush","scoreData":{"2020-09-20":{"id":2137524058674406700,"name":"Sebacrush","score":31700,"level":4,"character":7,"platform":48,"runframes":47547,"runend":1019,"unknown1":4294964838,"unknown2":4294964857,"rank":704,"percentile":76.36180228648286}},"tenDayPercentiles":[],"tenDayDecayingPercentileScore":0,"scoresByDay":[],"rankSummary":{"mean":704,"median":704,"max":704,"min":704},"percentileSummary":{"mean":76.36180228648286,"median":76.36180228648286,"max":76.36180228648286,"min":76.36180228648286}}