{"name":"sebasreksfools","scoreData":{"2020-10-01":{"id":76561198042190080,"name":"sebasreksfools","score":3000,"level":1,"character":3,"platform":48,"runframes":2288,"runend":1022,"unknown1":321,"unknown2":234,"rank":7069,"percentile":8.136210033792565}},"tenDayPercentiles":[],"tenDayDecayingPercentileScore":0,"scoresByDay":[],"rankSummary":{"mean":7069,"median":7069,"max":7069,"min":7069},"percentileSummary":{"mean":8.136210033792565,"median":8.136210033792565,"max":8.136210033792565,"min":8.136210033792565}}