{"name":"sebastian01","scoreData":{"2020-10-01":{"id":4885672585309379000,"name":"sebastian01","score":4500,"level":2,"character":0,"platform":18,"runframes":1754,"runend":1021,"unknown1":4294961437,"unknown2":143,"rank":5195,"percentile":32.49285157265402}},"tenDayPercentiles":[],"tenDayDecayingPercentileScore":0,"scoresByDay":[],"rankSummary":{"mean":5195,"median":5195,"max":5195,"min":5195},"percentileSummary":{"mean":32.49285157265402,"median":32.49285157265402,"max":32.49285157265402,"min":32.49285157265402}}