{"name":"Sebbo","scoreData":{"2020-10-02":{"id":76561197970525420,"name":"Sebbo","score":67725,"level":8,"character":13,"platform":18,"runframes":42537,"runend":1015,"unknown1":4294961431,"unknown2":4294962094,"rank":271,"percentile":96.38215194961812}},"tenDayPercentiles":[],"tenDayDecayingPercentileScore":0,"scoresByDay":[],"rankSummary":{"mean":271,"median":271,"max":271,"min":271},"percentileSummary":{"mean":96.38215194961812,"median":96.38215194961812,"max":96.38215194961812,"min":96.38215194961812}}