{"name":"sebivinc","scoreData":{"2020-10-07":{"id":73989661681657800,"name":"sebivinc","score":3000,"level":1,"character":0,"platform":48,"runframes":4904,"runend":1022,"unknown1":4294962753,"unknown2":580,"rank":6067,"percentile":7.020232985898218}},"tenDayPercentiles":[],"tenDayDecayingPercentileScore":0,"scoresByDay":[],"rankSummary":{"mean":6067,"median":6067,"max":6067,"min":6067},"percentileSummary":{"mean":7.020232985898218,"median":7.020232985898218,"max":7.020232985898218,"min":7.020232985898218}}