{"name":"Sebistschoen","scoreData":{"2020-10-03":{"id":76561198880190860,"name":"Sebistschoen","score":4000,"level":1,"character":3,"platform":48,"runframes":2759,"runend":1022,"unknown1":4294961727,"unknown2":233,"rank":7502,"percentile":5.02658900987592}},"tenDayPercentiles":[],"tenDayDecayingPercentileScore":0,"scoresByDay":[],"rankSummary":{"mean":7502,"median":7502,"max":7502,"min":7502},"percentileSummary":{"mean":5.02658900987592,"median":5.02658900987592,"max":5.02658900987592,"min":5.02658900987592}}