{"name":"sebon89","scoreData":{"2020-10-06":{"id":7793154284214525000,"name":"sebon89","score":500,"level":1,"character":0,"platform":48,"runframes":1581,"runend":1022,"unknown1":4294961907,"unknown2":257,"rank":6615,"percentile":2.663723325974985}},"tenDayPercentiles":[],"tenDayDecayingPercentileScore":0,"scoresByDay":[],"rankSummary":{"mean":6615,"median":6615,"max":6615,"min":6615},"percentileSummary":{"mean":2.663723325974985,"median":2.663723325974985,"max":2.663723325974985,"min":2.663723325974985}}