{"name":"SeekerAC","scoreData":{"2020-10-09":{"id":76561197976406980,"name":"SeekerAC","score":32800,"level":3,"character":0,"platform":18,"runframes":26955,"runend":1020,"unknown1":573,"unknown2":2221,"rank":3533,"percentile":43.68622448979592}},"tenDayPercentiles":[],"tenDayDecayingPercentileScore":0,"scoresByDay":[],"rankSummary":{"mean":3533,"median":3533,"max":3533,"min":3533},"percentileSummary":{"mean":43.68622448979592,"median":43.68622448979592,"max":43.68622448979592,"min":43.68622448979592}}