{"name":"SeleukusNikator","scoreData":{"2020-09-17":{"id":4075136485559702000,"name":"SeleukusNikator","score":3100,"level":1,"character":2,"platform":48,"runframes":2458,"runend":1022,"unknown1":4294964693,"unknown2":4294964661,"rank":2481,"percentile":12.274495932083482}},"tenDayPercentiles":[],"tenDayDecayingPercentileScore":0,"scoresByDay":[],"rankSummary":{"mean":2481,"median":2481,"max":2481,"min":2481},"percentileSummary":{"mean":12.274495932083482,"median":12.274495932083482,"max":12.274495932083482,"min":12.274495932083482}}