{"name":"Self-Pity Official","scoreData":{"2020-11-22":{"id":76561198036598910,"name":"Self-Pity Official","score":721850,"level":18,"character":18,"platform":18,"runframes":462172,"runend":749,"unknown1":2831,"unknown2":1155,"rank":54,"percentile":98.6746686671668}},"tenDayPercentiles":[],"tenDayDecayingPercentileScore":0,"scoresByDay":[],"rankSummary":{"mean":54,"median":54,"max":54,"min":54},"percentileSummary":{"mean":98.6746686671668,"median":98.6746686671668,"max":98.6746686671668,"min":98.6746686671668}}