{"name":"seminus","scoreData":{"2020-10-14":{"id":8904454867010523000,"name":"seminus","score":1200,"level":1,"character":0,"platform":18,"runframes":1916,"runend":1022,"unknown1":4294966359,"unknown2":4294966565,"rank":4703,"percentile":15.00361532899494}},"tenDayPercentiles":[],"tenDayDecayingPercentileScore":0,"scoresByDay":[],"rankSummary":{"mean":4703,"median":4703,"max":4703,"min":4703},"percentileSummary":{"mean":15.00361532899494,"median":15.00361532899494,"max":15.00361532899494,"min":15.00361532899494}}