{"name":"senior-wind","scoreData":{"2020-09-23":{"id":5142321323565009000,"name":"senior-wind","score":3700,"level":3,"character":0,"platform":48,"runframes":9965,"runend":1020,"unknown1":4294967164,"unknown2":610,"rank":1527,"percentile":36.57522859517872}},"tenDayPercentiles":[],"tenDayDecayingPercentileScore":0,"scoresByDay":[],"rankSummary":{"mean":1527,"median":1527,"max":1527,"min":1527},"percentileSummary":{"mean":36.57522859517872,"median":36.57522859517872,"max":36.57522859517872,"min":36.57522859517872}}