{"name":"seniiic","scoreData":{"2020-10-26":{"id":76561198137786500,"name":"seniiic","score":50600,"level":9,"character":18,"platform":18,"runframes":66581,"runend":1014,"unknown1":2487,"unknown2":2403,"rank":535,"percentile":89.44664031620553}},"tenDayPercentiles":[],"tenDayDecayingPercentileScore":0,"scoresByDay":[],"rankSummary":{"mean":535,"median":535,"max":535,"min":535},"percentileSummary":{"mean":89.44664031620553,"median":89.44664031620553,"max":89.44664031620553,"min":89.44664031620553}}