{"name":"Sentious","scoreData":{"2020-10-05":{"id":76561198004376220,"name":"Sentious","score":1700,"level":1,"character":3,"platform":18,"runframes":2827,"runend":1022,"unknown1":424,"unknown2":296,"rank":6453,"percentile":5.28479154433353}},"tenDayPercentiles":[],"tenDayDecayingPercentileScore":0,"scoresByDay":[],"rankSummary":{"mean":6453,"median":6453,"max":6453,"min":6453},"percentileSummary":{"mean":5.28479154433353,"median":5.28479154433353,"max":5.28479154433353,"min":5.28479154433353}}