{"name":"sentient_reaper","scoreData":{"2020-11-19":{"id":76561198184311620,"name":"sentient_reaper","score":17800,"level":3,"character":7,"platform":48,"runframes":13371,"runend":1020,"unknown1":695,"unknown2":198,"rank":2363,"percentile":39.5289298515105}},"tenDayPercentiles":[39.5289298515105],"tenDayDecayingPercentileScore":32.0184331797235,"scoresByDay":[32.0184331797235],"rankSummary":{"mean":2363,"median":2363,"max":2363,"min":2363},"percentileSummary":{"mean":39.5289298515105,"median":39.5289298515105,"max":39.5289298515105,"min":39.5289298515105}}