{"name":"SentryTurret","scoreData":{"2020-11-03":{"id":76561198001314600,"name":"SentryTurret","score":6900,"level":3,"character":5,"platform":18,"runframes":7899,"runend":1020,"unknown1":4294966270,"unknown2":4294963757,"rank":3339,"percentile":25.78923966207202}},"tenDayPercentiles":[],"tenDayDecayingPercentileScore":0,"scoresByDay":[],"rankSummary":{"mean":3339,"median":3339,"max":3339,"min":3339},"percentileSummary":{"mean":25.78923966207202,"median":25.78923966207202,"max":25.78923966207202,"min":25.78923966207202}}