{"name":"Sentacer","scoreData":{"2020-09-24":{"id":1167200454607392000,"name":"Sentacer","score":15600,"level":4,"character":7,"platform":48,"runframes":20527,"runend":1019,"unknown1":4294966835,"unknown2":59,"rank":623,"percentile":73.02688638334779}},"tenDayPercentiles":[],"tenDayDecayingPercentileScore":0,"scoresByDay":[],"rankSummary":{"mean":623,"median":623,"max":623,"min":623},"percentileSummary":{"mean":73.02688638334779,"median":73.02688638334779,"max":73.02688638334779,"min":73.02688638334779}}