{"name":"sentitodo","scoreData":{"2020-10-26":{"id":5388072441719777000,"name":"sentitodo","score":5800,"level":1,"character":0,"platform":48,"runframes":1817,"runend":1022,"unknown1":3418,"unknown2":1519,"rank":4739,"percentile":6.36363636363636}},"tenDayPercentiles":[],"tenDayDecayingPercentileScore":0,"scoresByDay":[],"rankSummary":{"mean":4739,"median":4739,"max":4739,"min":4739},"percentileSummary":{"mean":6.36363636363636,"median":6.36363636363636,"max":6.36363636363636,"min":6.36363636363636}}