{"name":"Seok","scoreData":{"2020-10-05":{"id":76561198094995310,"name":"Seok","score":0,"level":1,"character":3,"platform":18,"runframes":1174,"runend":1022,"unknown1":4294964402,"unknown2":1,"rank":6795,"percentile":0.2642395772166708}},"tenDayPercentiles":[],"tenDayDecayingPercentileScore":0,"scoresByDay":[],"rankSummary":{"mean":6795,"median":6795,"max":6795,"min":6795},"percentileSummary":{"mean":0.2642395772166708,"median":0.2642395772166708,"max":0.2642395772166708,"min":0.2642395772166708}}