{"name":"Ser_dank","scoreData":{"2020-09-16":{"id":7391718587375728000,"name":"Ser_dank","score":34150,"level":4,"character":0,"platform":48,"runframes":27231,"runend":1019,"unknown1":4294967199,"unknown2":384,"rank":438,"percentile":85.83927414128321}},"tenDayPercentiles":[],"tenDayDecayingPercentileScore":0,"scoresByDay":[],"rankSummary":{"mean":438,"median":438,"max":438,"min":438},"percentileSummary":{"mean":85.83927414128321,"median":85.83927414128321,"max":85.83927414128321,"min":85.83927414128321}}