{"name":"Seraphaestus","scoreData":{"2020-10-08":{"id":5838550369959367000,"name":"Seraphaestus","score":33725,"level":7,"character":0,"platform":18,"runframes":28421,"runend":1016,"unknown1":1359,"unknown2":278,"rank":824,"percentile":87.01687963401167}},"tenDayPercentiles":[],"tenDayDecayingPercentileScore":0,"scoresByDay":[],"rankSummary":{"mean":824,"median":824,"max":824,"min":824},"percentileSummary":{"mean":87.01687963401167,"median":87.01687963401167,"max":87.01687963401167,"min":87.01687963401167}}