{"name":"SerfySilver","scoreData":{"2020-10-02":{"id":76561198067446510,"name":"SerfySilver","score":700,"level":1,"character":3,"platform":18,"runframes":1492,"runend":1022,"unknown1":4294966564,"unknown2":893,"rank":7117,"percentile":4.649604716601914}},"tenDayPercentiles":[],"tenDayDecayingPercentileScore":0,"scoresByDay":[],"rankSummary":{"mean":7117,"median":7117,"max":7117,"min":7117},"percentileSummary":{"mean":4.649604716601914,"median":4.649604716601914,"max":4.649604716601914,"min":4.649604716601914}}