{"name":"Sergioxks","scoreData":{"2020-10-25":{"id":76561198112200400,"name":"Sergioxks","score":15500,"level":2,"character":14,"platform":18,"runframes":9874,"runend":1021,"unknown1":4294966038,"unknown2":4294962903,"rank":4149,"percentile":25.261261261261254}},"tenDayPercentiles":[],"tenDayDecayingPercentileScore":0,"scoresByDay":[],"rankSummary":{"mean":4149,"median":4149,"max":4149,"min":4149},"percentileSummary":{"mean":25.261261261261254,"median":25.261261261261254,"max":25.261261261261254,"min":25.261261261261254}}