{"name":"Sergant TS","scoreData":{"2020-10-10":{"id":7789335372883639000,"name":"Sergant TS","score":2300,"level":1,"character":0,"platform":18,"runframes":2563,"runend":1022,"unknown1":2879,"unknown2":7,"rank":5662,"percentile":14.175257731958766}},"tenDayPercentiles":[],"tenDayDecayingPercentileScore":0,"scoresByDay":[],"rankSummary":{"mean":5662,"median":5662,"max":5662,"min":5662},"percentileSummary":{"mean":14.175257731958766,"median":14.175257731958766,"max":14.175257731958766,"min":14.175257731958766}}