{"name":"Sergei Nohomo","scoreData":{"2020-10-18":{"id":76561198047669180,"name":"Sergei Nohomo","score":18400,"level":4,"character":3,"platform":18,"runframes":53699,"runend":1019,"unknown1":762,"unknown2":2472,"rank":3942,"percentile":33.518893387314435}},"tenDayDecayingPercentileMean":null,"rankSummary":{"mean":3942,"median":3942,"max":3942,"min":3942},"percentileSummary":{"mean":33.518893387314435,"median":33.518893387314435,"max":33.518893387314435,"min":33.518893387314435}}