{"name":"Servbot","scoreData":{"2020-09-30":{"id":76561197968387090,"name":"Servbot","score":10300,"level":1,"character":0,"platform":18,"runframes":4079,"runend":1022,"unknown1":158,"unknown2":1392,"rank":6109,"percentile":20.921802175038835}},"tenDayPercentiles":[],"tenDayDecayingPercentileScore":0,"scoresByDay":[],"rankSummary":{"mean":6109,"median":6109,"max":6109,"min":6109},"percentileSummary":{"mean":20.921802175038835,"median":20.921802175038835,"max":20.921802175038835,"min":20.921802175038835}}