{"name":"setultera","scoreData":{"2020-09-29":{"id":76561198020910480,"name":"setultera","score":9700,"level":2,"character":1,"platform":18,"runframes":12496,"runend":1021,"unknown1":4294966880,"unknown2":112,"rank":3757,"percentile":32.832618025751074}},"tenDayPercentiles":[],"tenDayDecayingPercentileScore":0,"scoresByDay":[],"rankSummary":{"mean":3757,"median":3757,"max":3757,"min":3757},"percentileSummary":{"mean":32.832618025751074,"median":32.832618025751074,"max":32.832618025751074,"min":32.832618025751074}}