{"name":"Seventh_Jedi","scoreData":{"2020-09-23":{"id":455228545150856100,"name":"Seventh_Jedi","score":2000,"level":2,"character":2,"platform":48,"runframes":3806,"runend":1021,"unknown1":809,"unknown2":4294967242,"rank":2312,"percentile":3.948462177888615}},"tenDayPercentiles":[],"tenDayDecayingPercentileScore":0,"scoresByDay":[],"rankSummary":{"mean":2312,"median":2312,"max":2312,"min":2312},"percentileSummary":{"mean":3.948462177888615,"median":3.948462177888615,"max":3.948462177888615,"min":3.948462177888615}}