{"name":"Severed_Shinobi","scoreData":{"2020-10-05":{"id":76561198006789870,"name":"Severed_Shinobi","score":19600,"level":3,"character":3,"platform":48,"runframes":15926,"runend":1020,"unknown1":4453,"unknown2":747,"rank":3681,"percentile":45.977686435701706}},"tenDayPercentiles":[],"tenDayDecayingPercentileScore":0,"scoresByDay":[],"rankSummary":{"mean":3681,"median":3681,"max":3681,"min":3681},"percentileSummary":{"mean":45.977686435701706,"median":45.977686435701706,"max":45.977686435701706,"min":45.977686435701706}}