{"name":"SFlav","scoreData":{"2020-10-02":{"id":76561198307723540,"name":"SFlav","score":2500,"level":2,"character":2,"platform":18,"runframes":5884,"runend":1021,"unknown1":4294966195,"unknown2":4294964101,"rank":5753,"percentile":22.926437089642235}},"tenDayPercentiles":[],"tenDayDecayingPercentileScore":0,"scoresByDay":[],"rankSummary":{"mean":5753,"median":5753,"max":5753,"min":5753},"percentileSummary":{"mean":22.926437089642235,"median":22.926437089642235,"max":22.926437089642235,"min":22.926437089642235}}