{"name":"sforzaedu","scoreData":{"2020-10-16":{"id":76561199093818460,"name":"sforzaedu","score":5800,"level":3,"character":5,"platform":48,"runframes":6835,"runend":1020,"unknown1":3988,"unknown2":4,"rank":2633,"percentile":53.05867665418227}},"tenDayPercentiles":[],"tenDayDecayingPercentileScore":0,"scoresByDay":[],"rankSummary":{"mean":2633,"median":2633,"max":2633,"min":2633},"percentileSummary":{"mean":53.05867665418227,"median":53.05867665418227,"max":53.05867665418227,"min":53.05867665418227}}