{"name":"SgtBruin","scoreData":{"2020-10-01":{"id":76561198087559090,"name":"SgtBruin","score":4700,"level":3,"character":2,"platform":18,"runframes":10273,"runend":1020,"unknown1":274,"unknown2":4294962417,"rank":4468,"percentile":41.941772809981806}},"tenDayPercentiles":[],"tenDayDecayingPercentileScore":0,"scoresByDay":[],"rankSummary":{"mean":4468,"median":4468,"max":4468,"min":4468},"percentileSummary":{"mean":41.941772809981806,"median":41.941772809981806,"max":41.941772809981806,"min":41.941772809981806}}