{"name":"Sgtkns","scoreData":{"2020-09-24":{"id":7017078235419589000,"name":"Sgtkns","score":1000,"level":3,"character":0,"platform":48,"runframes":7443,"runend":1020,"unknown1":4294967022,"unknown2":200,"rank":1182,"percentile":48.78577623590633}},"tenDayPercentiles":[],"tenDayDecayingPercentileScore":0,"scoresByDay":[],"rankSummary":{"mean":1182,"median":1182,"max":1182,"min":1182},"percentileSummary":{"mean":48.78577623590633,"median":48.78577623590633,"max":48.78577623590633,"min":48.78577623590633}}