{"name":"SgtTupelo","scoreData":{"2020-10-09":{"id":76561198406561900,"name":"SgtTupelo","score":16600,"level":2,"character":0,"platform":18,"runframes":12485,"runend":1021,"unknown1":4294967185,"unknown2":4294964106,"rank":4481,"percentile":28.57142857142857}},"tenDayPercentiles":[],"tenDayDecayingPercentileScore":0,"scoresByDay":[],"rankSummary":{"mean":4481,"median":4481,"max":4481,"min":4481},"percentileSummary":{"mean":28.57142857142857,"median":28.57142857142857,"max":28.57142857142857,"min":28.57142857142857}}