{"name":"Shadou","scoreData":{"2020-10-28":{"id":686302170501328900,"name":"Shadou","score":3500,"level":2,"character":0,"platform":18,"runframes":2703,"runend":1021,"unknown1":4294965434,"unknown2":731,"rank":4393,"percentile":10.749847591952857}},"tenDayPercentiles":[],"tenDayDecayingPercentileScore":0,"scoresByDay":[],"rankSummary":{"mean":4393,"median":4393,"max":4393,"min":4393},"percentileSummary":{"mean":10.749847591952857,"median":10.749847591952857,"max":10.749847591952857,"min":10.749847591952857}}