{"name":"Shadow_50057","scoreData":{"2020-09-29":{"id":76561197998951490,"name":"Shadow_50057","score":5800,"level":1,"character":3,"platform":48,"runframes":2771,"runend":1022,"unknown1":4294966865,"unknown2":4294964076,"rank":5248,"percentile":6.169527896995703}},"tenDayPercentiles":[],"tenDayDecayingPercentileScore":0,"scoresByDay":[],"rankSummary":{"mean":5248,"median":5248,"max":5248,"min":5248},"percentileSummary":{"mean":6.169527896995703,"median":6.169527896995703,"max":6.169527896995703,"min":6.169527896995703}}