{"name":"Shadicluigi","scoreData":{"2020-09-25":{"id":8602486430989779000,"name":"Shadicluigi","score":7300,"level":1,"character":0,"platform":48,"runframes":1032,"runend":1022,"unknown1":4294966474,"unknown2":115,"rank":1678,"percentile":27.023498694516974}},"tenDayPercentiles":[],"tenDayDecayingPercentileScore":0,"scoresByDay":[],"rankSummary":{"mean":1678,"median":1678,"max":1678,"min":1678},"percentileSummary":{"mean":27.023498694516974,"median":27.023498694516974,"max":27.023498694516974,"min":27.023498694516974}}