{"name":"ShadowTheBowser","scoreData":{"2020-09-15":{"id":8598780539015167000,"name":"ShadowTheBowser","score":4100,"level":1,"character":3,"platform":48,"runframes":2391,"runend":1022,"unknown1":1625,"unknown2":270,"rank":1667,"percentile":8.25991189427313}},"tenDayPercentiles":[],"tenDayDecayingPercentileScore":0,"scoresByDay":[],"rankSummary":{"mean":1667,"median":1667,"max":1667,"min":1667},"percentileSummary":{"mean":8.25991189427313,"median":8.25991189427313,"max":8.25991189427313,"min":8.25991189427313}}