{"name":"shadowpuppet1221","scoreData":{"2020-09-23":{"id":4341309941665571000,"name":"shadowpuppet1221","score":1200,"level":3,"character":3,"platform":48,"runframes":15109,"runend":1020,"unknown1":4294966823,"unknown2":4294965902,"rank":1657,"percentile":31.17206982543641}},"tenDayPercentiles":[],"tenDayDecayingPercentileScore":0,"scoresByDay":[],"rankSummary":{"mean":1657,"median":1657,"max":1657,"min":1657},"percentileSummary":{"mean":31.17206982543641,"median":31.17206982543641,"max":31.17206982543641,"min":31.17206982543641}}