{"name":"ShadowTiger31-md","scoreData":{"2020-09-19":{"id":3178546640762863600,"name":"ShadowTiger31-md","score":9800,"level":2,"character":2,"platform":48,"runframes":3591,"runend":1021,"unknown1":279,"unknown2":55,"rank":1455,"percentile":51.468624833110816}},"tenDayPercentiles":[],"tenDayDecayingPercentileScore":0,"scoresByDay":[],"rankSummary":{"mean":1455,"median":1455,"max":1455,"min":1455},"percentileSummary":{"mean":51.468624833110816,"median":51.468624833110816,"max":51.468624833110816,"min":51.468624833110816}}