{"name":"ShadowWilkes98","scoreData":{"2020-10-07":{"id":76561198388481380,"name":"ShadowWilkes98","score":4800,"level":2,"character":7,"platform":18,"runframes":3783,"runend":1021,"unknown1":4294964983,"unknown2":1837,"rank":4470,"percentile":31.499080318822806}},"tenDayPercentiles":[],"tenDayDecayingPercentileScore":0,"scoresByDay":[],"rankSummary":{"mean":4470,"median":4470,"max":4470,"min":4470},"percentileSummary":{"mean":31.499080318822806,"median":31.499080318822806,"max":31.499080318822806,"min":31.499080318822806}}