{"name":"Shadowed Kitty","scoreData":{"2020-10-28":{"id":76561197992910060,"name":"Shadowed Kitty","score":32125,"level":6,"character":4,"platform":18,"runframes":26281,"runend":1017,"unknown1":2282,"unknown2":2951,"rank":1490,"percentile":69.74192237350132}},"tenDayDecayingPercentileMean":null,"rankSummary":{"mean":1490,"median":1490,"max":1490,"min":1490},"percentileSummary":{"mean":69.74192237350132,"median":69.74192237350132,"max":69.74192237350132,"min":69.74192237350132}}