{"name":"Shalfey","scoreData":{"2020-09-30":{"id":213595221748812830,"name":"Shalfey","score":8350,"level":3,"character":7,"platform":18,"runframes":11258,"runend":1020,"unknown1":4294963696,"unknown2":524,"rank":3438,"percentile":55.502330398757124}},"tenDayPercentiles":[],"tenDayDecayingPercentileScore":0,"scoresByDay":[],"rankSummary":{"mean":3438,"median":3438,"max":3438,"min":3438},"percentileSummary":{"mean":55.502330398757124,"median":55.502330398757124,"max":55.502330398757124,"min":55.502330398757124}}