{"name":"ShallotMussels","scoreData":{"2020-10-09":{"id":76561198346538560,"name":"ShallotMussels","score":7000,"level":2,"character":10,"platform":18,"runframes":6310,"runend":1021,"unknown1":4294963039,"unknown2":4294964938,"rank":5137,"percentile":18.112244897959187}},"tenDayPercentiles":[],"tenDayDecayingPercentileScore":0,"scoresByDay":[],"rankSummary":{"mean":5137,"median":5137,"max":5137,"min":5137},"percentileSummary":{"mean":18.112244897959187,"median":18.112244897959187,"max":18.112244897959187,"min":18.112244897959187}}