{"name":"ShalomAJ","scoreData":{"2020-11-13":{"id":76561198041815100,"name":"ShalomAJ","score":9900,"level":2,"character":0,"platform":18,"runframes":6981,"runend":1021,"unknown1":193,"unknown2":1082,"rank":3639,"percentile":13.38095238095238}},"tenDayPercentiles":[13.38095238095238],"tenDayDecayingPercentileScore":6.400068042857144,"scoresByDay":[6.400068042857144],"rankSummary":{"mean":3639,"median":3639,"max":3639,"min":3639},"percentileSummary":{"mean":13.38095238095238,"median":13.38095238095238,"max":13.38095238095238,"min":13.38095238095238}}