{"name":"Shambling_stride","scoreData":{"2020-11-16":{"id":3032013279045260000,"name":"Shambling_stride","score":6300,"level":3,"character":5,"platform":48,"runframes":11725,"runend":1020,"unknown1":4294966491,"unknown2":142,"rank":2303,"percentile":41.034836065573764}},"tenDayPercentiles":[41.034836065573764],"tenDayDecayingPercentileScore":26.922955942622952,"scoresByDay":[26.922955942622952],"rankSummary":{"mean":2303,"median":2303,"max":2303,"min":2303},"percentileSummary":{"mean":41.034836065573764,"median":41.034836065573764,"max":41.034836065573764,"min":41.034836065573764}}