{"name":"Shang Lun","scoreData":{"2020-11-16":{"id":5040897212214921000,"name":"Shang Lun","score":7800,"level":2,"character":4,"platform":18,"runframes":8044,"runend":1021,"unknown1":4294965735,"unknown2":59,"rank":2560,"percentile":34.45184426229508}},"tenDayPercentiles":[34.45184426229508],"tenDayDecayingPercentileScore":18.30912256659836,"scoresByDay":[18.30912256659836],"rankSummary":{"mean":2560,"median":2560,"max":2560,"min":2560},"percentileSummary":{"mean":34.45184426229508,"median":34.45184426229508,"max":34.45184426229508,"min":34.45184426229508}}