{"name":"shaoyu98","scoreData":{"2020-11-04":{"id":76561198089839980,"name":"shaoyu98","score":29000,"level":4,"character":7,"platform":18,"runframes":27474,"runend":1019,"unknown1":640,"unknown2":141,"rank":1960,"percentile":56.35999108932947}},"tenDayPercentiles":[],"tenDayDecayingPercentileScore":0,"scoresByDay":[],"rankSummary":{"mean":1960,"median":1960,"max":1960,"min":1960},"percentileSummary":{"mean":56.35999108932947,"median":56.35999108932947,"max":56.35999108932947,"min":56.35999108932947}}