{"name":"Shaori","scoreData":{"2020-10-17":{"id":402096354568044800,"name":"Shaori","score":32600,"level":6,"character":0,"platform":18,"runframes":31085,"runend":1017,"unknown1":2002,"unknown2":2020,"rank":1617,"percentile":72.36662106703146}},"tenDayPercentiles":[],"tenDayDecayingPercentileScore":0,"scoresByDay":[],"rankSummary":{"mean":1617,"median":1617,"max":1617,"min":1617},"percentileSummary":{"mean":72.36662106703146,"median":72.36662106703146,"max":72.36662106703146,"min":72.36662106703146}}