{"name":"Sharkbob94349_","scoreData":{"2020-10-24":{"id":76561198875084560,"name":"Sharkbob94349_","score":39400,"level":5,"character":2,"platform":17,"runframes":36474,"runend":1018,"unknown1":4294965939,"unknown2":1882,"rank":1549,"percentile":71.18391660461653}},"tenDayPercentiles":[],"tenDayDecayingPercentileScore":0,"scoresByDay":[],"rankSummary":{"mean":1549,"median":1549,"max":1549,"min":1549},"percentileSummary":{"mean":71.18391660461653,"median":71.18391660461653,"max":71.18391660461653,"min":71.18391660461653}}