{"name":"Sharman","scoreData":{"2020-10-07":{"id":9137721580269316000,"name":"Sharman","score":8100,"level":1,"character":7,"platform":18,"runframes":5175,"runend":1022,"unknown1":3614,"unknown2":1969,"rank":5488,"percentile":15.895156345800117}},"tenDayPercentiles":[],"tenDayDecayingPercentileScore":0,"scoresByDay":[],"rankSummary":{"mean":5488,"median":5488,"max":5488,"min":5488},"percentileSummary":{"mean":15.895156345800117,"median":15.895156345800117,"max":15.895156345800117,"min":15.895156345800117}}