{"name":"SharinganSean","scoreData":{"2020-11-20":{"id":76561197984036110,"name":"SharinganSean","score":42575,"level":6,"character":10,"platform":48,"runframes":21149,"runend":1017,"unknown1":278,"unknown2":443,"rank":1473,"percentile":63.56435643564357}},"tenDayPercentiles":[63.56435643564357],"tenDayDecayingPercentileScore":51.487128712871296,"scoresByDay":[51.487128712871296],"rankSummary":{"mean":1473,"median":1473,"max":1473,"min":1473},"percentileSummary":{"mean":63.56435643564357,"median":63.56435643564357,"max":63.56435643564357,"min":63.56435643564357}}