{"name":"Shatterjacks","scoreData":{"2020-09-19":{"id":8566339089040099000,"name":"Shatterjacks","score":14500,"level":4,"character":0,"platform":48,"runframes":13141,"runend":1019,"unknown1":118,"unknown2":4294966270,"rank":727,"percentile":75.76769025367156}},"tenDayPercentiles":[],"tenDayDecayingPercentileScore":0,"scoresByDay":[],"rankSummary":{"mean":727,"median":727,"max":727,"min":727},"percentileSummary":{"mean":75.76769025367156,"median":75.76769025367156,"max":75.76769025367156,"min":75.76769025367156}}