{"name":"Shef","scoreData":{"2020-10-06":{"id":161608032210722560,"name":"Shef","score":11800,"level":2,"character":0,"platform":18,"runframes":19172,"runend":1021,"unknown1":1448,"unknown2":1117,"rank":4999,"percentile":26.445916114790293}},"tenDayPercentiles":[],"tenDayDecayingPercentileScore":0,"scoresByDay":[],"rankSummary":{"mean":4999,"median":4999,"max":4999,"min":4999},"percentileSummary":{"mean":26.445916114790293,"median":26.445916114790293,"max":26.445916114790293,"min":26.445916114790293}}