{"name":"sheilonxd10","scoreData":{"2020-10-28":{"id":76561198827566690,"name":"sheilonxd10","score":0,"level":1,"character":10,"platform":48,"runframes":804,"runend":1022,"unknown1":4294967272,"unknown2":4294965350,"rank":4834,"percentile":1.7882544198333648}},"tenDayPercentiles":[],"tenDayDecayingPercentileScore":0,"scoresByDay":[],"rankSummary":{"mean":4834,"median":4834,"max":4834,"min":4834},"percentileSummary":{"mean":1.7882544198333648,"median":1.7882544198333648,"max":1.7882544198333648,"min":1.7882544198333648}}