{"name":"Shel2TheMax","scoreData":{"2020-09-23":{"id":2443930603988187000,"name":"Shel2TheMax","score":6000,"level":1,"character":0,"platform":48,"runframes":4743,"runend":1022,"unknown1":224,"unknown2":4294967064,"rank":2362,"percentile":1.8703241895261868}},"tenDayPercentiles":[],"tenDayDecayingPercentileScore":0,"scoresByDay":[],"rankSummary":{"mean":2362,"median":2362,"max":2362,"min":2362},"percentileSummary":{"mean":1.8703241895261868,"median":1.8703241895261868,"max":1.8703241895261868,"min":1.8703241895261868}}