{"name":"Шептун","scoreData":{"2020-10-10":{"id":76561198072092670,"name":"Шептун","score":6200,"level":3,"character":13,"platform":18,"runframes":8400,"runend":1020,"unknown1":4294963119,"unknown2":162,"rank":2718,"percentile":58.808368708308066}},"tenDayDecayingPercentileMean":null,"rankSummary":{"mean":2718,"median":2718,"max":2718,"min":2718},"percentileSummary":{"mean":58.808368708308066,"median":58.808368708308066,"max":58.808368708308066,"min":58.808368708308066}}