{"name":"sheriff-dylan","scoreData":{"2020-10-20":{"id":76561198013490720,"name":"sheriff-dylan","score":5475,"level":5,"character":18,"platform":48,"runframes":12322,"runend":1018,"unknown1":4335,"unknown2":360,"rank":2910,"percentile":46.12962962962963}},"tenDayPercentiles":[],"tenDayDecayingPercentileScore":0,"scoresByDay":[],"rankSummary":{"mean":2910,"median":2910,"max":2910,"min":2910},"percentileSummary":{"mean":46.12962962962963,"median":46.12962962962963,"max":46.12962962962963,"min":46.12962962962963}}