{"name":"shibshibby","scoreData":{"2020-10-05":{"id":76561198129398560,"name":"shibshibby","score":32000,"level":4,"character":7,"platform":48,"runframes":34261,"runend":1019,"unknown1":4294966806,"unknown2":268,"rank":2644,"percentile":61.20082207868467}},"tenDayPercentiles":[],"tenDayDecayingPercentileScore":0,"scoresByDay":[],"rankSummary":{"mean":2644,"median":2644,"max":2644,"min":2644},"percentileSummary":{"mean":61.20082207868467,"median":61.20082207868467,"max":61.20082207868467,"min":61.20082207868467}}