{"name":"Shifty","scoreData":{"2020-10-04":{"id":76561198037250050,"name":"Shifty","score":1700,"level":1,"character":3,"platform":18,"runframes":2907,"runend":1022,"unknown1":267,"unknown2":665,"rank":6990,"percentile":6.962193823216182}},"tenDayPercentiles":[],"tenDayDecayingPercentileScore":0,"scoresByDay":[],"rankSummary":{"mean":6990,"median":6990,"max":6990,"min":6990},"percentileSummary":{"mean":6.962193823216182,"median":6.962193823216182,"max":6.962193823216182,"min":6.962193823216182}}