{"name":"Shifty Man in Coat","scoreData":{"2020-09-30":{"id":76561198094433980,"name":"Shifty Man in Coat","score":7900,"level":3,"character":1,"platform":18,"runframes":13213,"runend":1020,"unknown1":766,"unknown2":390,"rank":3477,"percentile":54.99741066804764}},"tenDayPercentiles":[],"tenDayDecayingPercentileScore":0,"scoresByDay":[],"rankSummary":{"mean":3477,"median":3477,"max":3477,"min":3477},"percentileSummary":{"mean":54.99741066804764,"median":54.99741066804764,"max":54.99741066804764,"min":54.99741066804764}}