{"name":"SHinema","scoreData":{"2020-10-18":{"id":76561197988627090,"name":"SHinema","score":31450,"level":5,"character":16,"platform":18,"runframes":19011,"runend":1018,"unknown1":4294966363,"unknown2":4294962751,"rank":2753,"percentile":53.57624831309042}},"tenDayPercentiles":[],"tenDayDecayingPercentileScore":0,"scoresByDay":[],"rankSummary":{"mean":2753,"median":2753,"max":2753,"min":2753},"percentileSummary":{"mean":53.57624831309042,"median":53.57624831309042,"max":53.57624831309042,"min":53.57624831309042}}