{"name":"shiny2323","scoreData":{"2020-10-09":{"id":76561198084398450,"name":"shiny2323","score":1600,"level":1,"character":4,"platform":18,"runframes":1150,"runend":1022,"unknown1":141,"unknown2":1250,"rank":6127,"percentile":2.327806122448976}},"tenDayPercentiles":[],"tenDayDecayingPercentileScore":0,"scoresByDay":[],"rankSummary":{"mean":6127,"median":6127,"max":6127,"min":6127},"percentileSummary":{"mean":2.327806122448976,"median":2.327806122448976,"max":2.327806122448976,"min":2.327806122448976}}