{"name":"Shinobi2041","scoreData":{"2020-10-25":{"id":76561198061683600,"name":"Shinobi2041","score":2100,"level":1,"character":0,"platform":48,"runframes":1991,"runend":1022,"unknown1":4294962788,"unknown2":46,"rank":5244,"percentile":5.531531531531527}},"tenDayPercentiles":[],"tenDayDecayingPercentileScore":0,"scoresByDay":[],"rankSummary":{"mean":5244,"median":5244,"max":5244,"min":5244},"percentileSummary":{"mean":5.531531531531527,"median":5.531531531531527,"max":5.531531531531527,"min":5.531531531531527}}