{"name":"shiny_new_playst","scoreData":{"2020-09-16":{"id":684366774364506600,"name":"shiny_new_playst","score":7500,"level":2,"character":2,"platform":48,"runframes":4998,"runend":1021,"unknown1":1286,"unknown2":254,"rank":2420,"percentile":21.61373946856773}},"tenDayPercentiles":[],"tenDayDecayingPercentileScore":0,"scoresByDay":[],"rankSummary":{"mean":2420,"median":2420,"max":2420,"min":2420},"percentileSummary":{"mean":21.61373946856773,"median":21.61373946856773,"max":21.61373946856773,"min":21.61373946856773}}