{"name":"ShinigamiSoup","scoreData":{"2020-09-21":{"id":5879633762653485000,"name":"ShinigamiSoup","score":1600,"level":1,"character":0,"platform":48,"runframes":2244,"runend":1022,"unknown1":340,"unknown2":1504,"rank":2272,"percentile":9.050861033239883}},"tenDayPercentiles":[],"tenDayDecayingPercentileScore":0,"scoresByDay":[],"rankSummary":{"mean":2272,"median":2272,"max":2272,"min":2272},"percentileSummary":{"mean":9.050861033239883,"median":9.050861033239883,"max":9.050861033239883,"min":9.050861033239883}}