{"name":"ShinyCobal7","scoreData":{"2020-10-15":{"id":113627663254618240,"name":"ShinyCobal7","score":4000,"level":2,"character":0,"platform":48,"runframes":5757,"runend":1021,"unknown1":880,"unknown2":377,"rank":5041,"percentile":12.454403335070353}},"tenDayPercentiles":[],"tenDayDecayingPercentileScore":0,"scoresByDay":[],"rankSummary":{"mean":5041,"median":5041,"max":5041,"min":5041},"percentileSummary":{"mean":12.454403335070353,"median":12.454403335070353,"max":12.454403335070353,"min":12.454403335070353}}