{"name":"SHOMTIME","scoreData":{"2020-11-21":{"id":76561198102210160,"name":"SHOMTIME","score":23200,"level":4,"character":7,"platform":48,"runframes":16496,"runend":1019,"unknown1":1343,"unknown2":1404,"rank":2274,"percentile":45.24211033485906}},"tenDayPercentiles":[],"tenDayDecayingPercentileScore":0,"scoresByDay":[],"rankSummary":{"mean":2274,"median":2274,"max":2274,"min":2274},"percentileSummary":{"mean":45.24211033485906,"median":45.24211033485906,"max":45.24211033485906,"min":45.24211033485906}}