{"name":"shops","scoreData":{"2020-11-22":{"id":879717433922083000,"name":"shops","score":0,"level":1,"character":3,"platform":18,"runframes":2421,"runend":1022,"unknown1":4294963945,"unknown2":4294963856,"rank":3953,"percentile":1.1752938234558599}},"tenDayPercentiles":[],"tenDayDecayingPercentileScore":0,"scoresByDay":[],"rankSummary":{"mean":3953,"median":3953,"max":3953,"min":3953},"percentileSummary":{"mean":1.1752938234558599,"median":1.1752938234558599,"max":1.1752938234558599,"min":1.1752938234558599}}