{"name":"shredy72","scoreData":{"2020-10-22":{"id":76561199053430690,"name":"shredy72","score":22400,"level":3,"character":0,"platform":48,"runframes":15189,"runend":1020,"unknown1":1086,"unknown2":1290,"rank":3358,"percentile":36.743923120407004}},"tenDayPercentiles":[],"tenDayDecayingPercentileScore":0,"scoresByDay":[],"rankSummary":{"mean":3358,"median":3358,"max":3358,"min":3358},"percentileSummary":{"mean":36.743923120407004,"median":36.743923120407004,"max":36.743923120407004,"min":36.743923120407004}}