{"name":"Shredbot","scoreData":{"2020-10-01":{"id":2582661237291649000,"name":"Shredbot","score":8400,"level":2,"character":2,"platform":18,"runframes":7986,"runend":1021,"unknown1":5298,"unknown2":454,"rank":5042,"percentile":34.481414088900436}},"tenDayPercentiles":[],"tenDayDecayingPercentileScore":0,"scoresByDay":[],"rankSummary":{"mean":5042,"median":5042,"max":5042,"min":5042},"percentileSummary":{"mean":34.481414088900436,"median":34.481414088900436,"max":34.481414088900436,"min":34.481414088900436}}