{"name":"Shroof","scoreData":{"2020-10-06":{"id":76561198240845800,"name":"Shroof","score":17300,"level":2,"character":6,"platform":18,"runframes":11514,"runend":1021,"unknown1":4294965517,"unknown2":648,"rank":4367,"percentile":35.746872700515084}},"tenDayPercentiles":[],"tenDayDecayingPercentileScore":0,"scoresByDay":[],"rankSummary":{"mean":4367,"median":4367,"max":4367,"min":4367},"percentileSummary":{"mean":35.746872700515084,"median":35.746872700515084,"max":35.746872700515084,"min":35.746872700515084}}