{"name":"shura.gnutov","scoreData":{"2020-10-02":{"id":355330968874116740,"name":"shura.gnutov","score":2500,"level":1,"character":0,"platform":18,"runframes":3730,"runend":1022,"unknown1":1182,"unknown2":61,"rank":6882,"percentile":7.798472464156504}},"tenDayPercentiles":[],"tenDayDecayingPercentileScore":0,"scoresByDay":[],"rankSummary":{"mean":6882,"median":6882,"max":6882,"min":6882},"percentileSummary":{"mean":7.798472464156504,"median":7.798472464156504,"max":7.798472464156504,"min":7.798472464156504}}