{"name":"Shurgaal","scoreData":{"2020-09-30":{"id":2633034930560454700,"name":"Shurgaal","score":8600,"level":1,"character":0,"platform":18,"runframes":2756,"runend":1022,"unknown1":590,"unknown2":31,"rank":6353,"percentile":17.762817193164153}},"tenDayPercentiles":[],"tenDayDecayingPercentileScore":0,"scoresByDay":[],"rankSummary":{"mean":6353,"median":6353,"max":6353,"min":6353},"percentileSummary":{"mean":17.762817193164153,"median":17.762817193164153,"max":17.762817193164153,"min":17.762817193164153}}