{"name":"Sidewinder","scoreData":{"2020-10-01":{"id":8918072702868348000,"name":"Sidewinder","score":24700,"level":4,"character":7,"platform":18,"runframes":19300,"runend":1019,"unknown1":4294965812,"unknown2":4294967261,"rank":2510,"percentile":67.39017416168443}},"tenDayPercentiles":[],"tenDayDecayingPercentileScore":0,"scoresByDay":[],"rankSummary":{"mean":2510,"median":2510,"max":2510,"min":2510},"percentileSummary":{"mean":67.39017416168443,"median":67.39017416168443,"max":67.39017416168443,"min":67.39017416168443}}