{"name":"Sierox","scoreData":{"2020-10-03":{"id":76561198361404110,"name":"Sierox","score":27800,"level":4,"character":7,"platform":18,"runframes":21526,"runend":1019,"unknown1":6705,"unknown2":1,"rank":1776,"percentile":77.5259559382122}},"tenDayPercentiles":[],"tenDayDecayingPercentileScore":0,"scoresByDay":[],"rankSummary":{"mean":1776,"median":1776,"max":1776,"min":1776},"percentileSummary":{"mean":77.5259559382122,"median":77.5259559382122,"max":77.5259559382122,"min":77.5259559382122}}