{"name":"SilentAuctioneer","scoreData":{"2020-11-22":{"id":76561197972580320,"name":"SilentAuctioneer","score":8600,"level":3,"character":3,"platform":48,"runframes":20314,"runend":1020,"unknown1":4294963646,"unknown2":4294964278,"rank":2102,"percentile":47.46186546636659}},"tenDayPercentiles":[],"tenDayDecayingPercentileScore":0,"scoresByDay":[],"rankSummary":{"mean":2102,"median":2102,"max":2102,"min":2102},"percentileSummary":{"mean":47.46186546636659,"median":47.46186546636659,"max":47.46186546636659,"min":47.46186546636659}}