{"name":"SilverZero2","scoreData":{"2020-10-05":{"id":76561198104180960,"name":"SilverZero2","score":3800,"level":1,"character":3,"platform":48,"runframes":5315,"runend":1022,"unknown1":4294961300,"unknown2":76,"rank":5772,"percentile":15.281855549031121}},"tenDayPercentiles":[],"tenDayDecayingPercentileScore":0,"scoresByDay":[],"rankSummary":{"mean":5772,"median":5772,"max":5772,"min":5772},"percentileSummary":{"mean":15.281855549031121,"median":15.281855549031121,"max":15.281855549031121,"min":15.281855549031121}}