{"name":"SilverDesignCat","scoreData":{"2020-09-16":{"id":5599250587929039000,"name":"SilverDesignCat","score":5700,"level":1,"character":0,"platform":48,"runframes":3997,"runend":1022,"unknown1":832,"unknown2":4294967260,"rank":2766,"percentile":10.401814646791962}},"tenDayPercentiles":[],"tenDayDecayingPercentileScore":0,"scoresByDay":[],"rankSummary":{"mean":2766,"median":2766,"max":2766,"min":2766},"percentileSummary":{"mean":10.401814646791962,"median":10.401814646791962,"max":10.401814646791962,"min":10.401814646791962}}