{"name":"SilverShaddow69","scoreData":{"2020-09-15":{"id":5377317377551514000,"name":"SilverShaddow69","score":1300,"level":2,"character":0,"platform":48,"runframes":11466,"runend":1021,"unknown1":31,"unknown2":4294966584,"rank":1338,"percentile":26.376651982378846}},"tenDayPercentiles":[],"tenDayDecayingPercentileScore":0,"scoresByDay":[],"rankSummary":{"mean":1338,"median":1338,"max":1338,"min":1338},"percentileSummary":{"mean":26.376651982378846,"median":26.376651982378846,"max":26.376651982378846,"min":26.376651982378846}}