{"name":"Simonovski","scoreData":{"2020-10-10":{"id":817167152903542800,"name":"Simonovski","score":900,"level":1,"character":2,"platform":18,"runframes":2172,"runend":1022,"unknown1":4294966062,"unknown2":4294960954,"rank":6206,"percentile":5.927835051546396}},"tenDayPercentiles":[],"tenDayDecayingPercentileScore":0,"scoresByDay":[],"rankSummary":{"mean":6206,"median":6206,"max":6206,"min":6206},"percentileSummary":{"mean":5.927835051546396,"median":5.927835051546396,"max":5.927835051546396,"min":5.927835051546396}}