{"name":"SimplelilBoy","scoreData":{"2020-09-29":{"id":76561198253737230,"name":"SimplelilBoy","score":4800,"level":1,"character":3,"platform":18,"runframes":3560,"runend":1022,"unknown1":3352,"unknown2":527,"rank":5299,"percentile":5.257510729613728}},"tenDayPercentiles":[],"tenDayDecayingPercentileScore":0,"scoresByDay":[],"rankSummary":{"mean":5299,"median":5299,"max":5299,"min":5299},"percentileSummary":{"mean":5.257510729613728,"median":5.257510729613728,"max":5.257510729613728,"min":5.257510729613728}}