{"name":"simps1876","scoreData":{"2020-11-18":{"id":9075556772943465000,"name":"simps1876","score":3400,"level":1,"character":0,"platform":18,"runframes":2349,"runend":1022,"unknown1":4294965774,"unknown2":348,"rank":3847,"percentile":4.233067729083658}},"tenDayPercentiles":[4.233067729083658],"tenDayDecayingPercentileScore":3.4287848605577627,"scoresByDay":[3.4287848605577627],"rankSummary":{"mean":3847,"median":3847,"max":3847,"min":3847},"percentileSummary":{"mean":4.233067729083658,"median":4.233067729083658,"max":4.233067729083658,"min":4.233067729083658}}