{"name":"Simson","scoreData":{"2020-11-11":{"id":76561198041333660,"name":"Simson","score":17500,"level":4,"character":14,"platform":18,"runframes":16430,"runend":1019,"unknown1":4294966986,"unknown2":4294966125,"rank":2620,"percentile":41.11960431654676}},"tenDayPercentiles":[41.11960431654676],"tenDayDecayingPercentileScore":15.930577211803062,"scoresByDay":[15.930577211803062],"rankSummary":{"mean":2620,"median":2620,"max":2620,"min":2620},"percentileSummary":{"mean":41.11960431654676,"median":41.11960431654676,"max":41.11960431654676,"min":41.11960431654676}}