{"name":"SimUser","scoreData":{"2020-10-05":{"id":7116960573559629000,"name":"SimUser","score":3800,"level":1,"character":2,"platform":18,"runframes":6917,"runend":1022,"unknown1":4294963934,"unknown2":4294962609,"rank":5764,"percentile":15.399295361127415}},"tenDayPercentiles":[],"tenDayDecayingPercentileScore":0,"scoresByDay":[],"rankSummary":{"mean":5764,"median":5764,"max":5764,"min":5764},"percentileSummary":{"mean":15.399295361127415,"median":15.399295361127415,"max":15.399295361127415,"min":15.399295361127415}}