{"name":"sinesight","scoreData":{"2020-09-30":{"id":6348773123748198000,"name":"sinesight","score":10700,"level":3,"character":0,"platform":18,"runframes":20025,"runend":1020,"unknown1":271,"unknown2":1291,"rank":3198,"percentile":58.60952874158467}},"tenDayPercentiles":[],"tenDayDecayingPercentileScore":0,"scoresByDay":[],"rankSummary":{"mean":3198,"median":3198,"max":3198,"min":3198},"percentileSummary":{"mean":58.60952874158467,"median":58.60952874158467,"max":58.60952874158467,"min":58.60952874158467}}