{"name":"Sinon_30","scoreData":{"2020-09-19":{"id":687993769979519500,"name":"Sinon_30","score":1500,"level":2,"character":3,"platform":48,"runframes":2028,"runend":1021,"unknown1":520,"unknown2":910,"rank":2104,"percentile":29.80640854472631}},"tenDayPercentiles":[],"tenDayDecayingPercentileScore":0,"scoresByDay":[],"rankSummary":{"mean":2104,"median":2104,"max":2104,"min":2104},"percentileSummary":{"mean":29.80640854472631,"median":29.80640854472631,"max":29.80640854472631,"min":29.80640854472631}}