{"name":"sip","scoreData":{"2020-10-04":{"id":3636862556396414500,"name":"sip","score":20000,"level":4,"character":7,"platform":18,"runframes":23433,"runend":1019,"unknown1":1610,"unknown2":630,"rank":2416,"percentile":67.8514376996805}},"tenDayPercentiles":[],"tenDayDecayingPercentileScore":0,"scoresByDay":[],"rankSummary":{"mean":2416,"median":2416,"max":2416,"min":2416},"percentileSummary":{"mean":67.8514376996805,"median":67.8514376996805,"max":67.8514376996805,"min":67.8514376996805}}