{"name":"SIPP","scoreData":{"2020-10-13":{"id":3038164041516197400,"name":"SIPP","score":19100,"level":3,"character":7,"platform":18,"runframes":17965,"runend":1020,"unknown1":4294962364,"unknown2":4294963545,"rank":2447,"percentile":58.29497016197783}},"tenDayPercentiles":[],"tenDayDecayingPercentileScore":0,"scoresByDay":[],"rankSummary":{"mean":2447,"median":2447,"max":2447,"min":2447},"percentileSummary":{"mean":58.29497016197783,"median":58.29497016197783,"max":58.29497016197783,"min":58.29497016197783}}