{"name":"Sir_Giggles","scoreData":{"2020-11-02":{"id":76561198330632580,"name":"Sir_Giggles","score":18925,"level":8,"character":0,"platform":18,"runframes":55243,"runend":1015,"unknown1":2885,"unknown2":4294966794,"rank":1086,"percentile":75.7433489827856}},"tenDayPercentiles":[],"tenDayDecayingPercentileScore":0,"scoresByDay":[],"rankSummary":{"mean":1086,"median":1086,"max":1086,"min":1086},"percentileSummary":{"mean":75.7433489827856,"median":75.7433489827856,"max":75.7433489827856,"min":75.7433489827856}}