{"name":"Sir Troba","scoreData":{"2020-10-23":{"id":6629371683566179000,"name":"Sir Troba","score":13900,"level":1,"character":3,"platform":18,"runframes":11899,"runend":1022,"unknown1":1332,"unknown2":1201,"rank":4666,"percentile":10.64930090021069}},"tenDayPercentiles":[],"tenDayDecayingPercentileScore":0,"scoresByDay":[],"rankSummary":{"mean":4666,"median":4666,"max":4666,"min":4666},"percentileSummary":{"mean":10.64930090021069,"median":10.64930090021069,"max":10.64930090021069,"min":10.64930090021069}}