{"name":"sir__crotch","scoreData":{"2020-10-13":{"id":76561198167148660,"name":"sir__crotch","score":3100,"level":2,"character":0,"platform":48,"runframes":9922,"runend":1021,"unknown1":2938,"unknown2":3717,"rank":5109,"percentile":12.907075873827793}},"tenDayPercentiles":[],"tenDayDecayingPercentileScore":0,"scoresByDay":[],"rankSummary":{"mean":5109,"median":5109,"max":5109,"min":5109},"percentileSummary":{"mean":12.907075873827793,"median":12.907075873827793,"max":12.907075873827793,"min":12.907075873827793}}