{"name":"Sir_Destruction5","scoreData":{"2020-09-30":{"id":6343105106503530000,"name":"Sir_Destruction5","score":3500,"level":1,"character":0,"platform":48,"runframes":2405,"runend":1022,"unknown1":1529,"unknown2":3320,"rank":7458,"percentile":3.456758156395651}},"tenDayPercentiles":[],"tenDayDecayingPercentileScore":0,"scoresByDay":[],"rankSummary":{"mean":7458,"median":7458,"max":7458,"min":7458},"percentileSummary":{"mean":3.456758156395651,"median":3.456758156395651,"max":3.456758156395651,"min":3.456758156395651}}