{"name":"Sir Fap of the Dong Table","scoreData":{"2020-10-07":{"id":76561198435877300,"name":"Sir Fap of the Dong Table","score":12700,"level":2,"character":0,"platform":18,"runframes":10702,"runend":1021,"unknown1":4294966375,"unknown2":4294962274,"rank":3118,"percentile":52.22256284488044}},"tenDayPercentiles":[],"tenDayDecayingPercentileScore":0,"scoresByDay":[],"rankSummary":{"mean":3118,"median":3118,"max":3118,"min":3118},"percentileSummary":{"mean":52.22256284488044,"median":52.22256284488044,"max":52.22256284488044,"min":52.22256284488044}}