{"name":"Sirius Yufka","scoreData":{"2020-10-12":{"id":76561197992513980,"name":"Sirius Yufka","score":25650,"level":6,"character":7,"platform":18,"runframes":25715,"runend":1017,"unknown1":264,"unknown2":1893,"rank":1053,"percentile":82.41978609625669}},"tenDayPercentiles":[],"tenDayDecayingPercentileScore":0,"scoresByDay":[],"rankSummary":{"mean":1053,"median":1053,"max":1053,"min":1053},"percentileSummary":{"mean":82.41978609625669,"median":82.41978609625669,"max":82.41978609625669,"min":82.41978609625669}}