{"name":"SirMonkeyFood","scoreData":{"2020-10-25":{"id":1639676322369545700,"name":"SirMonkeyFood","score":11500,"level":2,"character":2,"platform":18,"runframes":6468,"runend":1021,"unknown1":4184,"unknown2":1271,"rank":4346,"percentile":21.711711711711715}},"tenDayPercentiles":[],"tenDayDecayingPercentileScore":0,"scoresByDay":[],"rankSummary":{"mean":4346,"median":4346,"max":4346,"min":4346},"percentileSummary":{"mean":21.711711711711715,"median":21.711711711711715,"max":21.711711711711715,"min":21.711711711711715}}