{"name":"sirrosenfeld","scoreData":{"2020-09-21":{"id":1149849753676717600,"name":"sirrosenfeld","score":22150,"level":9,"character":0,"platform":48,"runframes":68553,"runend":1014,"unknown1":4294966877,"unknown2":4294967010,"rank":116,"percentile":95.39447336804164}},"tenDayPercentiles":[],"tenDayDecayingPercentileScore":0,"scoresByDay":[],"rankSummary":{"mean":116,"median":116,"max":116,"min":116},"percentileSummary":{"mean":95.39447336804164,"median":95.39447336804164,"max":95.39447336804164,"min":95.39447336804164}}