{"name":"sirsnowy7","scoreData":{"2020-10-03":{"id":7577548128388750000,"name":"sirsnowy7","score":11300,"level":2,"character":2,"platform":18,"runframes":8211,"runend":1021,"unknown1":4294966168,"unknown2":4294959628,"rank":4804,"percentile":39.18713598379336}},"tenDayPercentiles":[],"tenDayDecayingPercentileScore":0,"scoresByDay":[],"rankSummary":{"mean":4804,"median":4804,"max":4804,"min":4804},"percentileSummary":{"mean":39.18713598379336,"median":39.18713598379336,"max":39.18713598379336,"min":39.18713598379336}}