{"name":"sixfistsocko","scoreData":{"2020-11-03":{"id":76561198155432380,"name":"sixfistsocko","score":1000,"level":1,"character":3,"platform":48,"runframes":1764,"runend":1022,"unknown1":4294965541,"unknown2":4294964347,"rank":4356,"percentile":3.179190751445077}},"tenDayPercentiles":[],"tenDayDecayingPercentileScore":0,"scoresByDay":[],"rankSummary":{"mean":4356,"median":4356,"max":4356,"min":4356},"percentileSummary":{"mean":3.179190751445077,"median":3.179190751445077,"max":3.179190751445077,"min":3.179190751445077}}