{"name":"SIYAH","scoreData":{"2020-10-01":{"id":76561198033384560,"name":"SIYAH","score":2100,"level":1,"character":3,"platform":18,"runframes":3841,"runend":1022,"unknown1":4294962310,"unknown2":4294967132,"rank":7231,"percentile":6.030673251884593}},"tenDayPercentiles":[],"tenDayDecayingPercentileScore":0,"scoresByDay":[],"rankSummary":{"mean":7231,"median":7231,"max":7231,"min":7231},"percentileSummary":{"mean":6.030673251884593,"median":6.030673251884593,"max":6.030673251884593,"min":6.030673251884593}}