{"name":"Sjonny Fancypants","scoreData":{"2020-10-02":{"id":76561198858807220,"name":"Sjonny Fancypants","score":11800,"level":3,"character":0,"platform":18,"runframes":12998,"runend":1020,"unknown1":538,"unknown2":2408,"rank":3262,"percentile":56.30443521372102}},"tenDayPercentiles":[],"tenDayDecayingPercentileScore":0,"scoresByDay":[],"rankSummary":{"mean":3262,"median":3262,"max":3262,"min":3262},"percentileSummary":{"mean":56.30443521372102,"median":56.30443521372102,"max":56.30443521372102,"min":56.30443521372102}}