{"name":"skael","scoreData":{"2020-11-10":{"id":3453444705781799000,"name":"skael","score":3100,"level":3,"character":0,"platform":18,"runframes":8437,"runend":1020,"unknown1":453,"unknown2":45,"rank":3244,"percentile":25.89122486288848}},"tenDayPercentiles":[],"tenDayDecayingPercentileScore":0,"scoresByDay":[],"rankSummary":{"mean":3244,"median":3244,"max":3244,"min":3244},"percentileSummary":{"mean":25.89122486288848,"median":25.89122486288848,"max":25.89122486288848,"min":25.89122486288848}}