{"name":"skahinpihel","scoreData":{"2020-11-19":{"id":76561198007774900,"name":"skahinpihel","score":3000,"level":1,"character":0,"platform":48,"runframes":7810,"runend":1022,"unknown1":4294966589,"unknown2":36,"rank":3644,"percentile":6.733230926779314}},"tenDayPercentiles":[6.733230926779314],"tenDayDecayingPercentileScore":5.453917050691245,"scoresByDay":[5.453917050691245],"rankSummary":{"mean":3644,"median":3644,"max":3644,"min":3644},"percentileSummary":{"mean":6.733230926779314,"median":6.733230926779314,"max":6.733230926779314,"min":6.733230926779314}}