{"name":"Skalisty","scoreData":{"2020-10-01":{"id":76561198044154400,"name":"Skalisty","score":15300,"level":3,"character":0,"platform":18,"runframes":23019,"runend":1020,"unknown1":4294966280,"unknown2":4294961928,"rank":3765,"percentile":51.078762672212115}},"tenDayPercentiles":[],"tenDayDecayingPercentileScore":0,"scoresByDay":[],"rankSummary":{"mean":3765,"median":3765,"max":3765,"min":3765},"percentileSummary":{"mean":51.078762672212115,"median":51.078762672212115,"max":51.078762672212115,"min":51.078762672212115}}