{"name":"[SKEK] TRIAL BY STONE","scoreData":{"2020-09-30":{"id":4016798680002718000,"name":"[SKEK] TRIAL BY STONE","score":6100,"level":1,"character":0,"platform":18,"runframes":4810,"runend":1022,"unknown1":2394,"unknown2":16,"rank":6941,"percentile":10.150181253236667}},"tenDayDecayingPercentileMean":null,"rankSummary":{"mean":6941,"median":6941,"max":6941,"min":6941},"percentileSummary":{"mean":10.150181253236667,"median":10.150181253236667,"max":10.150181253236667,"min":10.150181253236667}}