{"name":"Skelly131313","scoreData":{"2020-11-22":{"id":76561199085610530,"name":"Skelly131313","score":3100,"level":1,"character":0,"platform":18,"runframes":3322,"runend":1022,"unknown1":4294966920,"unknown2":510,"rank":3731,"percentile":6.726681670417605}},"tenDayPercentiles":[],"tenDayDecayingPercentileScore":0,"scoresByDay":[],"rankSummary":{"mean":3731,"median":3731,"max":3731,"min":3731},"percentileSummary":{"mean":6.726681670417605,"median":6.726681670417605,"max":6.726681670417605,"min":6.726681670417605}}