{"name":"Skely","scoreData":{"2020-09-29":{"id":76561198143708160,"name":"Skely","score":3700,"level":2,"character":3,"platform":18,"runframes":9641,"runend":1021,"unknown1":903,"unknown2":26,"rank":4426,"percentile":20.86909871244636}},"tenDayPercentiles":[],"tenDayDecayingPercentileScore":0,"scoresByDay":[],"rankSummary":{"mean":4426,"median":4426,"max":4426,"min":4426},"percentileSummary":{"mean":20.86909871244636,"median":20.86909871244636,"max":20.86909871244636,"min":20.86909871244636}}