{"name":"Sketch(y)","scoreData":{"2020-10-01":{"id":429541197480727740,"name":"Sketch(y)","score":6400,"level":3,"character":0,"platform":18,"runframes":16565,"runend":1020,"unknown1":4294965789,"unknown2":3367,"rank":4356,"percentile":43.3974525604367}},"tenDayDecayingPercentileMean":null,"rankSummary":{"mean":4356,"median":4356,"max":4356,"min":4356},"percentileSummary":{"mean":43.3974525604367,"median":43.3974525604367,"max":43.3974525604367,"min":43.3974525604367}}