{"name":"Skeyte5","scoreData":{"2020-11-19":{"id":76561197975627500,"name":"Skeyte5","score":29600,"level":7,"character":7,"platform":18,"runframes":41118,"runend":1016,"unknown1":4294965276,"unknown2":4294965108,"rank":1282,"percentile":67.20430107526882}},"tenDayPercentiles":[67.20430107526882],"tenDayDecayingPercentileScore":60.483870967741936,"scoresByDay":[60.483870967741936],"rankSummary":{"mean":1282,"median":1282,"max":1282,"min":1282},"percentileSummary":{"mean":67.20430107526882,"median":67.20430107526882,"max":67.20430107526882,"min":67.20430107526882}}