{"name":"SkillfullRobin91","scoreData":{"2020-10-04":{"id":76561198067167890,"name":"SkillfullRobin91","score":500,"level":1,"character":1,"platform":18,"runframes":2758,"runend":1022,"unknown1":4294964188,"unknown2":130,"rank":7130,"percentile":5.098509052183175}},"tenDayPercentiles":[],"tenDayDecayingPercentileScore":0,"scoresByDay":[],"rankSummary":{"mean":7130,"median":7130,"max":7130,"min":7130},"percentileSummary":{"mean":5.098509052183175,"median":5.098509052183175,"max":5.098509052183175,"min":5.098509052183175}}