{"name":"Skinnedlamb","scoreData":{"2020-09-30":{"id":6994737452926195000,"name":"Skinnedlamb","score":14100,"level":2,"character":7,"platform":18,"runframes":6327,"runend":1021,"unknown1":4347,"unknown2":2002,"rank":4664,"percentile":39.629725530813054}},"tenDayPercentiles":[],"tenDayDecayingPercentileScore":0,"scoresByDay":[],"rankSummary":{"mean":4664,"median":4664,"max":4664,"min":4664},"percentileSummary":{"mean":39.629725530813054,"median":39.629725530813054,"max":39.629725530813054,"min":39.629725530813054}}