{"name":"skin fridge","scoreData":{"2020-10-29":{"id":76561198028167200,"name":"skin fridge","score":0,"level":1,"character":18,"platform":18,"runframes":1001,"runend":1022,"unknown1":583,"unknown2":4294966783,"rank":4768,"percentile":0.3345180848839675}},"tenDayPercentiles":[],"tenDayDecayingPercentileScore":0,"scoresByDay":[],"rankSummary":{"mean":4768,"median":4768,"max":4768,"min":4768},"percentileSummary":{"mean":0.3345180848839675,"median":0.3345180848839675,"max":0.3345180848839675,"min":0.3345180848839675}}