{"name":"skippy57","scoreData":{"2020-11-20":{"id":76561197966522960,"name":"skippy57","score":1500,"level":2,"character":16,"platform":18,"runframes":2402,"runend":1021,"unknown1":1731,"unknown2":2583,"rank":3816,"percentile":5.569306930693074}},"tenDayPercentiles":[],"tenDayDecayingPercentileScore":0,"scoresByDay":[],"rankSummary":{"mean":3816,"median":3816,"max":3816,"min":3816},"percentileSummary":{"mean":5.569306930693074,"median":5.569306930693074,"max":5.569306930693074,"min":5.569306930693074}}