{"name":"SKM_Fayez","scoreData":{"2020-10-04":{"id":1882094621582756900,"name":"SKM_Fayez","score":1300,"level":1,"character":3,"platform":48,"runframes":5753,"runend":1022,"unknown1":4294962174,"unknown2":1233,"rank":7048,"percentile":6.190095846645377}},"tenDayPercentiles":[],"tenDayDecayingPercentileScore":0,"scoresByDay":[],"rankSummary":{"mean":7048,"median":7048,"max":7048,"min":7048},"percentileSummary":{"mean":6.190095846645377,"median":6.190095846645377,"max":6.190095846645377,"min":6.190095846645377}}