{"name":"SKULL-CUTTER","scoreData":{"2020-09-19":{"id":1508266107419204000,"name":"SKULL-CUTTER","score":3800,"level":1,"character":2,"platform":48,"runframes":3206,"runend":1022,"unknown1":161,"unknown2":602,"rank":2620,"percentile":12.583444592790386}},"tenDayPercentiles":[],"tenDayDecayingPercentileScore":0,"scoresByDay":[],"rankSummary":{"mean":2620,"median":2620,"max":2620,"min":2620},"percentileSummary":{"mean":12.583444592790386,"median":12.583444592790386,"max":12.583444592790386,"min":12.583444592790386}}