{"name":"skullfire619","scoreData":{"2020-10-01":{"id":76561198062651170,"name":"skullfire619","score":6800,"level":1,"character":3,"platform":48,"runframes":3734,"runend":1022,"unknown1":4294965233,"unknown2":1337,"rank":5463,"percentile":29.009617884065506}},"tenDayPercentiles":[],"tenDayDecayingPercentileScore":0,"scoresByDay":[],"rankSummary":{"mean":5463,"median":5463,"max":5463,"min":5463},"percentileSummary":{"mean":29.009617884065506,"median":29.009617884065506,"max":29.009617884065506,"min":29.009617884065506}}