{"name":"Skull_Crusher","scoreData":{"2020-10-02":{"id":76561198839896900,"name":"Skull_Crusher","score":0,"level":1,"character":0,"platform":18,"runframes":830,"runend":1022,"unknown1":4294966949,"unknown2":1261,"rank":7347,"percentile":1.567734155165482}},"tenDayPercentiles":[],"tenDayDecayingPercentileScore":0,"scoresByDay":[],"rankSummary":{"mean":7347,"median":7347,"max":7347,"min":7347},"percentileSummary":{"mean":1.567734155165482,"median":1.567734155165482,"max":1.567734155165482,"min":1.567734155165482}}