{"name":"Skwisgaar","scoreData":{"2020-10-23":{"id":76561198240679380,"name":"Skwisgaar","score":9900,"level":1,"character":4,"platform":18,"runframes":5429,"runend":1022,"unknown1":4294966127,"unknown2":4294965151,"rank":4762,"percentile":8.810572687224678}},"tenDayPercentiles":[],"tenDayDecayingPercentileScore":0,"scoresByDay":[],"rankSummary":{"mean":4762,"median":4762,"max":4762,"min":4762},"percentileSummary":{"mean":8.810572687224678,"median":8.810572687224678,"max":8.810572687224678,"min":8.810572687224678}}