{"name":"Skybord","scoreData":{"2020-09-29":{"id":76561198042145200,"name":"Skybord","score":8000,"level":1,"character":0,"platform":18,"runframes":1019,"runend":1022,"unknown1":2911,"unknown2":237,"rank":4986,"percentile":10.854792560801144}},"tenDayPercentiles":[],"tenDayDecayingPercentileScore":0,"scoresByDay":[],"rankSummary":{"mean":4986,"median":4986,"max":4986,"min":4986},"percentileSummary":{"mean":10.854792560801144,"median":10.854792560801144,"max":10.854792560801144,"min":10.854792560801144}}