{"name":"skydev","scoreData":{"2020-10-03":{"id":76561197973958540,"name":"skydev","score":10300,"level":2,"character":6,"platform":18,"runframes":12426,"runend":1021,"unknown1":4294965361,"unknown2":119,"rank":5034,"percentile":36.27500633071664}},"tenDayPercentiles":[],"tenDayDecayingPercentileScore":0,"scoresByDay":[],"rankSummary":{"mean":5034,"median":5034,"max":5034,"min":5034},"percentileSummary":{"mean":36.27500633071664,"median":36.27500633071664,"max":36.27500633071664,"min":36.27500633071664}}