{"name":"SKYDADDDY69","scoreData":{"2020-09-20":{"id":239426863771255740,"name":"SKYDADDDY69","score":6000,"level":2,"character":2,"platform":48,"runframes":11813,"runend":1021,"unknown1":4294966660,"unknown2":239,"rank":2100,"percentile":29.42165433759247}},"tenDayPercentiles":[],"tenDayDecayingPercentileScore":0,"scoresByDay":[],"rankSummary":{"mean":2100,"median":2100,"max":2100,"min":2100},"percentileSummary":{"mean":29.42165433759247,"median":29.42165433759247,"max":29.42165433759247,"min":29.42165433759247}}