{"name":"Skynet Empire","scoreData":{"2020-11-08":{"id":76561198240927360,"name":"Skynet Empire","score":19475,"level":8,"character":2,"platform":18,"runframes":31637,"runend":1015,"unknown1":4294965156,"unknown2":4294966117,"rank":373,"percentile":92.1102863202545}},"tenDayPercentiles":[],"tenDayDecayingPercentileScore":0,"scoresByDay":[],"rankSummary":{"mean":373,"median":373,"max":373,"min":373},"percentileSummary":{"mean":92.1102863202545,"median":92.1102863202545,"max":92.1102863202545,"min":92.1102863202545}}