{"name":"Skyruler26YT","scoreData":{"2020-09-29":{"id":76561198058958500,"name":"Skyruler26YT","score":3000,"level":2,"character":3,"platform":48,"runframes":4480,"runend":1021,"unknown1":4294966682,"unknown2":4294963490,"rank":4478,"percentile":19.93919885550787}},"tenDayPercentiles":[],"tenDayDecayingPercentileScore":0,"scoresByDay":[],"rankSummary":{"mean":4478,"median":4478,"max":4478,"min":4478},"percentileSummary":{"mean":19.93919885550787,"median":19.93919885550787,"max":19.93919885550787,"min":19.93919885550787}}