{"name":"Slayerette24","scoreData":{"2020-10-24":{"id":76561198018539820,"name":"Slayerette24","score":8100,"level":2,"character":0,"platform":48,"runframes":10166,"runend":1021,"unknown1":4294965515,"unknown2":40,"rank":3967,"percentile":26.17274758004467}},"tenDayPercentiles":[],"tenDayDecayingPercentileScore":0,"scoresByDay":[],"rankSummary":{"mean":3967,"median":3967,"max":3967,"min":3967},"percentileSummary":{"mean":26.17274758004467,"median":26.17274758004467,"max":26.17274758004467,"min":26.17274758004467}}