{"name":"SleepySlug","scoreData":{"2020-10-12":{"id":76561199085610530,"name":"SleepySlug","score":17548,"level":4,"character":16,"platform":18,"runframes":40671,"runend":1019,"unknown1":3580,"unknown2":3118,"rank":2015,"percentile":66.34358288770053}},"tenDayPercentiles":[],"tenDayDecayingPercentileScore":0,"scoresByDay":[],"rankSummary":{"mean":2015,"median":2015,"max":2015,"min":2015},"percentileSummary":{"mean":66.34358288770053,"median":66.34358288770053,"max":66.34358288770053,"min":66.34358288770053}}