{"name":"SleuthKC60","scoreData":{"2020-11-15":{"id":76561198120898960,"name":"SleuthKC60","score":27500,"level":3,"character":0,"platform":48,"runframes":14188,"runend":1020,"unknown1":4294965622,"unknown2":4294963476,"rank":1409,"percentile":67.27864280734372}},"tenDayPercentiles":[67.27864280734372],"tenDayDecayingPercentileScore":44.14151754589822,"scoresByDay":[44.14151754589822],"rankSummary":{"mean":1409,"median":1409,"max":1409,"min":1409},"percentileSummary":{"mean":67.27864280734372,"median":67.27864280734372,"max":67.27864280734372,"min":67.27864280734372}}