{"name":"SLM","scoreData":{"2020-11-18":{"id":76561198407223410,"name":"SLM","score":500,"level":1,"character":17,"platform":18,"runframes":331,"runend":1022,"unknown1":645,"unknown2":4294965090,"rank":3999,"percentile":0.44820717131473486}},"tenDayPercentiles":[0.44820717131473486],"tenDayDecayingPercentileScore":0.3267430278884418,"scoresByDay":[0.3267430278884418],"rankSummary":{"mean":3999,"median":3999,"max":3999,"min":3999},"percentileSummary":{"mean":0.44820717131473486,"median":0.44820717131473486,"max":0.44820717131473486,"min":0.44820717131473486}}