{"name":"Slofish","scoreData":{"2020-10-14":{"id":76561198127369200,"name":"Slofish","score":1300,"level":1,"character":18,"platform":18,"runframes":2583,"runend":1022,"unknown1":4294966415,"unknown2":29,"rank":4670,"percentile":15.600144613159799}},"tenDayPercentiles":[],"tenDayDecayingPercentileScore":0,"scoresByDay":[],"rankSummary":{"mean":4670,"median":4670,"max":4670,"min":4670},"percentileSummary":{"mean":15.600144613159799,"median":15.600144613159799,"max":15.600144613159799,"min":15.600144613159799}}