{"name":"SlothBat","scoreData":{"2020-09-29":{"id":5767686406122053000,"name":"SlothBat","score":3400,"level":2,"character":0,"platform":18,"runframes":6047,"runend":1021,"unknown1":4294965298,"unknown2":4294961853,"rank":4455,"percentile":20.35050071530759}},"tenDayPercentiles":[],"tenDayDecayingPercentileScore":0,"scoresByDay":[],"rankSummary":{"mean":4455,"median":4455,"max":4455,"min":4455},"percentileSummary":{"mean":20.35050071530759,"median":20.35050071530759,"max":20.35050071530759,"min":20.35050071530759}}