{"name":"Slug","scoreData":{"2020-10-10":{"id":76561198100201630,"name":"Slug","score":55650,"level":6,"character":0,"platform":18,"runframes":49494,"runend":1017,"unknown1":1789,"unknown2":394,"rank":418,"percentile":93.67798665858096}},"tenDayPercentiles":[],"tenDayDecayingPercentileScore":0,"scoresByDay":[],"rankSummary":{"mean":418,"median":418,"max":418,"min":418},"percentileSummary":{"mean":93.67798665858096,"median":93.67798665858096,"max":93.67798665858096,"min":93.67798665858096}}