{"name":"SlugO","scoreData":{"2020-10-15":{"id":76561198315021420,"name":"SlugO","score":5700,"level":1,"character":2,"platform":18,"runframes":6343,"runend":1022,"unknown1":4294967141,"unknown2":4294964673,"rank":5522,"percentile":4.099357304151468}},"tenDayPercentiles":[],"tenDayDecayingPercentileScore":0,"scoresByDay":[],"rankSummary":{"mean":5522,"median":5522,"max":5522,"min":5522},"percentileSummary":{"mean":4.099357304151468,"median":4.099357304151468,"max":4.099357304151468,"min":4.099357304151468}}