{"name":"Smaff","scoreData":{"2020-10-01":{"id":76561197996926460,"name":"Smaff","score":0,"level":1,"character":0,"platform":18,"runframes":2094,"runend":1022,"unknown1":4294965157,"unknown2":329,"rank":7657,"percentile":0.49389134390433753}},"tenDayPercentiles":[],"tenDayDecayingPercentileScore":0,"scoresByDay":[],"rankSummary":{"mean":7657,"median":7657,"max":7657,"min":7657},"percentileSummary":{"mean":0.49389134390433753,"median":0.49389134390433753,"max":0.49389134390433753,"min":0.49389134390433753}}