{"name":"smallruben18","scoreData":{"2020-10-04":{"id":76561198014114620,"name":"smallruben18","score":16950,"level":5,"character":7,"platform":18,"runframes":16653,"runend":1018,"unknown1":4294966008,"unknown2":4294960651,"rank":1763,"percentile":76.54419595314164}},"tenDayPercentiles":[],"tenDayDecayingPercentileScore":0,"scoresByDay":[],"rankSummary":{"mean":1763,"median":1763,"max":1763,"min":1763},"percentileSummary":{"mean":76.54419595314164,"median":76.54419595314164,"max":76.54419595314164,"min":76.54419595314164}}