{"name":"SmashingDuncan","scoreData":{"2020-09-26":{"id":4302544369910823400,"name":"SmashingDuncan","score":16325,"level":5,"character":7,"platform":48,"runframes":19138,"runend":1018,"unknown1":301,"unknown2":291,"rank":661,"percentile":74.56647398843931}},"tenDayPercentiles":[],"tenDayDecayingPercentileScore":0,"scoresByDay":[],"rankSummary":{"mean":661,"median":661,"max":661,"min":661},"percentileSummary":{"mean":74.56647398843931,"median":74.56647398843931,"max":74.56647398843931,"min":74.56647398843931}}