{"name":"Smegle0522","scoreData":{"2020-09-27":{"id":3279765030178387000,"name":"Smegle0522","score":6300,"level":1,"character":2,"platform":48,"runframes":7963,"runend":1022,"unknown1":360,"unknown2":1601,"rank":1930,"percentile":22.840000000000003}},"tenDayPercentiles":[],"tenDayDecayingPercentileScore":0,"scoresByDay":[],"rankSummary":{"mean":1930,"median":1930,"max":1930,"min":1930},"percentileSummary":{"mean":22.840000000000003,"median":22.840000000000003,"max":22.840000000000003,"min":22.840000000000003}}