{"name":"Smiley217","scoreData":{"2020-10-02":{"id":76561198229160180,"name":"Smiley217","score":9000,"level":2,"character":7,"platform":18,"runframes":9116,"runend":1021,"unknown1":1478,"unknown2":811,"rank":4766,"percentile":36.151681629371566}},"tenDayPercentiles":[],"tenDayDecayingPercentileScore":0,"scoresByDay":[],"rankSummary":{"mean":4766,"median":4766,"max":4766,"min":4766},"percentileSummary":{"mean":36.151681629371566,"median":36.151681629371566,"max":36.151681629371566,"min":36.151681629371566}}