{"name":"Smitty717m","scoreData":{"2020-10-02":{"id":76561198087166180,"name":"Smitty717m","score":1000,"level":3,"character":1,"platform":48,"runframes":11953,"runend":1020,"unknown1":143,"unknown2":8,"rank":4040,"percentile":45.87967305373174}},"tenDayPercentiles":[],"tenDayDecayingPercentileScore":0,"scoresByDay":[],"rankSummary":{"mean":4040,"median":4040,"max":4040,"min":4040},"percentileSummary":{"mean":45.87967305373174,"median":45.87967305373174,"max":45.87967305373174,"min":45.87967305373174}}