{"name":"Smoky_McAshtray","scoreData":{"2020-09-20":{"id":5489028770834030000,"name":"Smoky_McAshtray","score":6200,"level":2,"character":3,"platform":48,"runframes":3400,"runend":1021,"unknown1":1812,"unknown2":308,"rank":2080,"percentile":30.094149293880307}},"tenDayPercentiles":[],"tenDayDecayingPercentileScore":0,"scoresByDay":[],"rankSummary":{"mean":2080,"median":2080,"max":2080,"min":2080},"percentileSummary":{"mean":30.094149293880307,"median":30.094149293880307,"max":30.094149293880307,"min":30.094149293880307}}