{"name":"Snackboy","scoreData":{"2020-10-26":{"id":76561199071517120,"name":"Snackboy","score":19300,"level":8,"character":3,"platform":18,"runframes":44984,"runend":1015,"unknown1":4294965924,"unknown2":772,"rank":771,"percentile":84.78260869565217}},"tenDayPercentiles":[],"tenDayDecayingPercentileScore":0,"scoresByDay":[],"rankSummary":{"mean":771,"median":771,"max":771,"min":771},"percentileSummary":{"mean":84.78260869565217,"median":84.78260869565217,"max":84.78260869565217,"min":84.78260869565217}}