{"name":"Snark","scoreData":{"2020-10-18":{"id":8987435741194813000,"name":"Snark","score":18000,"level":4,"character":1,"platform":18,"runframes":23483,"runend":1019,"unknown1":3677,"unknown2":4449,"rank":3949,"percentile":33.400809716599184}},"tenDayPercentiles":[],"tenDayDecayingPercentileScore":0,"scoresByDay":[],"rankSummary":{"mean":3949,"median":3949,"max":3949,"min":3949},"percentileSummary":{"mean":33.400809716599184,"median":33.400809716599184,"max":33.400809716599184,"min":33.400809716599184}}