{"name":"Sneaky Eggroll","scoreData":{"2020-09-30":{"id":5761489454813421000,"name":"Sneaky Eggroll","score":13275,"level":8,"character":4,"platform":18,"runframes":45098,"runend":1015,"unknown1":2925,"unknown2":4294964313,"rank":378,"percentile":95.11910926980839}},"tenDayDecayingPercentileMean":null,"rankSummary":{"mean":378,"median":378,"max":378,"min":378},"percentileSummary":{"mean":95.11910926980839,"median":95.11910926980839,"max":95.11910926980839,"min":95.11910926980839}}