{"name":"SneakyBuny","scoreData":{"2020-09-30":{"id":76561198065216980,"name":"SneakyBuny","score":5100,"level":3,"character":0,"platform":18,"runframes":8111,"runend":1020,"unknown1":4294967066,"unknown2":574,"rank":3711,"percentile":51.96789228379078}},"tenDayPercentiles":[],"tenDayDecayingPercentileScore":0,"scoresByDay":[],"rankSummary":{"mean":3711,"median":3711,"max":3711,"min":3711},"percentileSummary":{"mean":51.96789228379078,"median":51.96789228379078,"max":51.96789228379078,"min":51.96789228379078}}