{"name":"snokemonster","scoreData":{"2020-09-29":{"id":7977498585620844000,"name":"snokemonster","score":22700,"level":4,"character":2,"platform":48,"runframes":19772,"runend":1019,"unknown1":5155,"unknown2":2876,"rank":2057,"percentile":63.23319027181688}},"tenDayPercentiles":[],"tenDayDecayingPercentileScore":0,"scoresByDay":[],"rankSummary":{"mean":2057,"median":2057,"max":2057,"min":2057},"percentileSummary":{"mean":63.23319027181688,"median":63.23319027181688,"max":63.23319027181688,"min":63.23319027181688}}