{"name":"Snorlax","scoreData":{"2020-10-22":{"id":76561198518252130,"name":"Snorlax","score":6600,"level":1,"character":2,"platform":18,"runframes":2598,"runend":1022,"unknown1":239,"unknown2":874,"rank":5147,"percentile":3.0337290371207786}},"tenDayPercentiles":[],"tenDayDecayingPercentileScore":0,"scoresByDay":[],"rankSummary":{"mean":5147,"median":5147,"max":5147,"min":5147},"percentileSummary":{"mean":3.0337290371207786,"median":3.0337290371207786,"max":3.0337290371207786,"min":3.0337290371207786}}