{"name":"snub","scoreData":{"2020-09-29":{"id":76561198216372860,"name":"snub","score":7000,"level":1,"character":0,"platform":18,"runframes":2451,"runend":1022,"unknown1":4294963713,"unknown2":4294964313,"rank":5109,"percentile":8.655221745350502}},"tenDayPercentiles":[],"tenDayDecayingPercentileScore":0,"scoresByDay":[],"rankSummary":{"mean":5109,"median":5109,"max":5109,"min":5109},"percentileSummary":{"mean":8.655221745350502,"median":8.655221745350502,"max":8.655221745350502,"min":8.655221745350502}}