{"name":"SofaTech","scoreData":{"2020-10-08":{"id":76561198410624510,"name":"SofaTech","score":10100,"level":2,"character":7,"platform":48,"runframes":5296,"runend":1021,"unknown1":4294967221,"unknown2":234,"rank":4753,"percentile":25.03549455750118}},"tenDayPercentiles":[],"tenDayDecayingPercentileScore":0,"scoresByDay":[],"rankSummary":{"mean":4753,"median":4753,"max":4753,"min":4753},"percentileSummary":{"mean":25.03549455750118,"median":25.03549455750118,"max":25.03549455750118,"min":25.03549455750118}}