{"name":"SoggyBagels","scoreData":{"2020-09-30":{"id":2687094365216272400,"name":"SoggyBagels","score":4600,"level":1,"character":0,"platform":18,"runframes":2093,"runend":1022,"unknown1":4294963894,"unknown2":616,"rank":7258,"percentile":6.04609010875194}},"tenDayPercentiles":[],"tenDayDecayingPercentileScore":0,"scoresByDay":[],"rankSummary":{"mean":7258,"median":7258,"max":7258,"min":7258},"percentileSummary":{"mean":6.04609010875194,"median":6.04609010875194,"max":6.04609010875194,"min":6.04609010875194}}