{"name":"Soginboy","scoreData":{"2020-11-13":{"id":2897635253751859000,"name":"Soginboy","score":6500,"level":2,"character":3,"platform":18,"runframes":2184,"runend":1021,"unknown1":4294965511,"unknown2":803,"rank":3709,"percentile":11.714285714285708}},"tenDayPercentiles":[11.714285714285708],"tenDayDecayingPercentileScore":4.5383542997142845,"scoresByDay":[4.5383542997142845],"rankSummary":{"mean":3709,"median":3709,"max":3709,"min":3709},"percentileSummary":{"mean":11.714285714285708,"median":11.714285714285708,"max":11.714285714285708,"min":11.714285714285708}}