{"name":"Soled_by_Gama","scoreData":{"2020-11-16":{"id":2793086698406504000,"name":"Soled_by_Gama","score":19900,"level":3,"character":19,"platform":48,"runframes":10718,"runend":1020,"unknown1":161,"unknown2":42,"rank":2096,"percentile":46.33709016393443}},"tenDayPercentiles":[46.33709016393443],"tenDayDecayingPercentileScore":33.7797387295082,"scoresByDay":[33.7797387295082],"rankSummary":{"mean":2096,"median":2096,"max":2096,"min":2096},"percentileSummary":{"mean":46.33709016393443,"median":46.33709016393443,"max":46.33709016393443,"min":46.33709016393443}}