{"name":"Solid Squally","scoreData":{"2020-10-05":{"id":76561197991887180,"name":"Solid Squally","score":1700,"level":1,"character":7,"platform":18,"runframes":2677,"runend":1022,"unknown1":4294965314,"unknown2":899,"rank":6282,"percentile":7.795067527891959}},"tenDayDecayingPercentileMean":null,"rankSummary":{"mean":6282,"median":6282,"max":6282,"min":6282},"percentileSummary":{"mean":7.795067527891959,"median":7.795067527891959,"max":7.795067527891959,"min":7.795067527891959}}