{"name":"SolomonLake","scoreData":{"2020-10-12":{"id":76561198045761170,"name":"SolomonLake","score":11900,"level":4,"character":8,"platform":48,"runframes":30538,"runend":1019,"unknown1":1078,"unknown2":59,"rank":2174,"percentile":63.68649732620321}},"tenDayPercentiles":[],"tenDayDecayingPercentileScore":0,"scoresByDay":[],"rankSummary":{"mean":2174,"median":2174,"max":2174,"min":2174},"percentileSummary":{"mean":63.68649732620321,"median":63.68649732620321,"max":63.68649732620321,"min":63.68649732620321}}