{"name":"Solongbus","scoreData":{"2020-10-01":{"id":76561198065664740,"name":"Solongbus","score":16100,"level":4,"character":2,"platform":18,"runframes":18949,"runend":1019,"unknown1":1921,"unknown2":2829,"rank":2945,"percentile":61.73641798804263}},"tenDayPercentiles":[],"tenDayDecayingPercentileScore":0,"scoresByDay":[],"rankSummary":{"mean":2945,"median":2945,"max":2945,"min":2945},"percentileSummary":{"mean":61.73641798804263,"median":61.73641798804263,"max":61.73641798804263,"min":61.73641798804263}}