{"name":"solpatium003","scoreData":{"2020-11-15":{"id":4290217715182970000,"name":"solpatium003","score":9800,"level":2,"character":3,"platform":48,"runframes":4062,"runend":1021,"unknown1":106,"unknown2":127,"rank":3291,"percentile":23.541715082500588}},"tenDayPercentiles":[23.541715082500588],"tenDayDecayingPercentileScore":11.259929344643277,"scoresByDay":[11.259929344643277],"rankSummary":{"mean":3291,"median":3291,"max":3291,"min":3291},"percentileSummary":{"mean":23.541715082500588,"median":23.541715082500588,"max":23.541715082500588,"min":23.541715082500588}}