{"name":"SoM's bear","scoreData":{"2020-10-08":{"id":76561198042706500,"name":"SoM's bear","score":16900,"level":3,"character":3,"platform":18,"runframes":8301,"runend":1020,"unknown1":4306,"unknown2":237,"rank":3515,"percentile":44.56538886259662}},"tenDayPercentiles":[],"tenDayDecayingPercentileScore":0,"scoresByDay":[],"rankSummary":{"mean":3515,"median":3515,"max":3515,"min":3515},"percentileSummary":{"mean":44.56538886259662,"median":44.56538886259662,"max":44.56538886259662,"min":44.56538886259662}}