{"name":"somerandomguy","scoreData":{"2020-10-30":{"id":2178673532160860000,"name":"somerandomguy","score":8300,"level":2,"character":3,"platform":18,"runframes":6409,"runend":1021,"unknown1":1656,"unknown2":1251,"rank":3381,"percentile":28.827121499263}},"tenDayPercentiles":[],"tenDayDecayingPercentileScore":0,"scoresByDay":[],"rankSummary":{"mean":3381,"median":3381,"max":3381,"min":3381},"percentileSummary":{"mean":28.827121499263,"median":28.827121499263,"max":28.827121499263,"min":28.827121499263}}