{"name":"SomeGuyNamedKai","scoreData":{"2020-09-15":{"id":8272901929053171000,"name":"SomeGuyNamedKai","score":12100,"level":1,"character":7,"platform":48,"runframes":2981,"runend":1022,"unknown1":981,"unknown2":454,"rank":1399,"percentile":23.01762114537445}},"tenDayPercentiles":[],"tenDayDecayingPercentileScore":0,"scoresByDay":[],"rankSummary":{"mean":1399,"median":1399,"max":1399,"min":1399},"percentileSummary":{"mean":23.01762114537445,"median":23.01762114537445,"max":23.01762114537445,"min":23.01762114537445}}