{"name":"somexpert","scoreData":{"2020-10-05":{"id":76561198048488510,"name":"somexpert","score":3700,"level":1,"character":3,"platform":18,"runframes":6864,"runend":1022,"unknown1":4294966357,"unknown2":219,"rank":5885,"percentile":13.623018203170872}},"tenDayPercentiles":[],"tenDayDecayingPercentileScore":0,"scoresByDay":[],"rankSummary":{"mean":5885,"median":5885,"max":5885,"min":5885},"percentileSummary":{"mean":13.623018203170872,"median":13.623018203170872,"max":13.623018203170872,"min":13.623018203170872}}