{"name":"SomeOrangutan","scoreData":{"2020-09-23":{"id":4221636865983524000,"name":"SomeOrangutan","score":4900,"level":2,"character":3,"platform":48,"runframes":5426,"runend":1021,"unknown1":398,"unknown2":988,"rank":2149,"percentile":10.723192019950119}},"tenDayPercentiles":[],"tenDayDecayingPercentileScore":0,"scoresByDay":[],"rankSummary":{"mean":2149,"median":2149,"max":2149,"min":2149},"percentileSummary":{"mean":10.723192019950119,"median":10.723192019950119,"max":10.723192019950119,"min":10.723192019950119}}