{"name":"Son-Miku","scoreData":{"2020-09-27":{"id":5243655103110889000,"name":"Son-Miku","score":9800,"level":1,"character":0,"platform":48,"runframes":3353,"runend":1022,"unknown1":853,"unknown2":4294967272,"rank":1480,"percentile":40.839999999999996}},"tenDayPercentiles":[],"tenDayDecayingPercentileScore":0,"scoresByDay":[],"rankSummary":{"mean":1480,"median":1480,"max":1480,"min":1480},"percentileSummary":{"mean":40.839999999999996,"median":40.839999999999996,"max":40.839999999999996,"min":40.839999999999996}}