{"name":"songcreator","scoreData":{"2020-10-05":{"id":76561198191442000,"name":"songcreator","score":3200,"level":1,"character":4,"platform":18,"runframes":4268,"runend":1022,"unknown1":1526,"unknown2":4294965871,"rank":5963,"percentile":12.477980035231937}},"tenDayPercentiles":[],"tenDayDecayingPercentileScore":0,"scoresByDay":[],"rankSummary":{"mean":5963,"median":5963,"max":5963,"min":5963},"percentileSummary":{"mean":12.477980035231937,"median":12.477980035231937,"max":12.477980035231937,"min":12.477980035231937}}