{"name":"sonicxgamerdc","scoreData":{"2020-11-02":{"id":9180929988545409000,"name":"sonicxgamerdc","score":14200,"level":3,"character":0,"platform":48,"runframes":9207,"runend":1020,"unknown1":4294964661,"unknown2":4294963027,"rank":2670,"percentile":40.33087413369103}},"tenDayPercentiles":[],"tenDayDecayingPercentileScore":0,"scoresByDay":[],"rankSummary":{"mean":2670,"median":2670,"max":2670,"min":2670},"percentileSummary":{"mean":40.33087413369103,"median":40.33087413369103,"max":40.33087413369103,"min":40.33087413369103}}