{"name":"sonicdeath10","scoreData":{"2020-11-18":{"id":2774754166361250300,"name":"sonicdeath10","score":10900,"level":1,"character":0,"platform":18,"runframes":5249,"runend":1022,"unknown1":4294964088,"unknown2":124,"rank":3662,"percentile":8.839641434262944}},"tenDayPercentiles":[8.839641434262944],"tenDayDecayingPercentileScore":7.160109561752985,"scoresByDay":[7.160109561752985],"rankSummary":{"mean":3662,"median":3662,"max":3662,"min":3662},"percentileSummary":{"mean":8.839641434262944,"median":8.839641434262944,"max":8.839641434262944,"min":8.839641434262944}}