{"name":"Sonics_Best_Pal","scoreData":{"2020-09-17":{"id":3801742973170620000,"name":"Sonics_Best_Pal","score":1300,"level":1,"character":3,"platform":48,"runframes":2378,"runend":1022,"unknown1":4294966364,"unknown2":1192,"rank":2711,"percentile":4.138662893526714}},"tenDayPercentiles":[],"tenDayDecayingPercentileScore":0,"scoresByDay":[],"rankSummary":{"mean":2711,"median":2711,"max":2711,"min":2711},"percentileSummary":{"mean":4.138662893526714,"median":4.138662893526714,"max":4.138662893526714,"min":4.138662893526714}}