{"name":"Sonic ( not fake ) ( real)","scoreData":{"2020-11-22":{"id":76561197979690140,"name":"Sonic ( not fake ) ( real)","score":8900,"level":1,"character":15,"platform":18,"runframes":3101,"runend":1022,"unknown1":2975,"unknown2":795,"rank":3556,"percentile":11.10277569392349}},"tenDayPercentiles":[],"tenDayDecayingPercentileScore":0,"scoresByDay":[],"rankSummary":{"mean":3556,"median":3556,"max":3556,"min":3556},"percentileSummary":{"mean":11.10277569392349,"median":11.10277569392349,"max":11.10277569392349,"min":11.10277569392349}}