{"name":"sonja.fijalkowski","scoreData":{"2020-11-21":{"id":76561198058406260,"name":"sonja.fijalkowski","score":1500,"level":2,"character":7,"platform":18,"runframes":6780,"runend":1021,"unknown1":1526,"unknown2":655,"rank":3662,"percentile":11.804384485666105}},"tenDayPercentiles":[11.804384485666105],"tenDayDecayingPercentileScore":10.623946037099495,"scoresByDay":[10.623946037099495],"rankSummary":{"mean":3662,"median":3662,"max":3662,"min":3662},"percentileSummary":{"mean":11.804384485666105,"median":11.804384485666105,"max":11.804384485666105,"min":11.804384485666105}}