{"name":"SonnyBlue","scoreData":{"2020-10-27":{"id":76561198025636850,"name":"SonnyBlue","score":37325,"level":5,"character":18,"platform":18,"runframes":29839,"runend":1018,"unknown1":418,"unknown2":73,"rank":1151,"percentile":76.89371107092626}},"tenDayPercentiles":[],"tenDayDecayingPercentileScore":0,"scoresByDay":[],"rankSummary":{"mean":1151,"median":1151,"max":1151,"min":1151},"percentileSummary":{"mean":76.89371107092626,"median":76.89371107092626,"max":76.89371107092626,"min":76.89371107092626}}