{"name":"sonorad05","scoreData":{"2020-10-06":{"id":6894617169305786000,"name":"sonorad05","score":1000,"level":1,"character":0,"platform":48,"runframes":3227,"runend":1022,"unknown1":4294966743,"unknown2":2,"rank":6516,"percentile":4.120676968359078}},"tenDayPercentiles":[],"tenDayDecayingPercentileScore":0,"scoresByDay":[],"rankSummary":{"mean":6516,"median":6516,"max":6516,"min":6516},"percentileSummary":{"mean":4.120676968359078,"median":4.120676968359078,"max":4.120676968359078,"min":4.120676968359078}}