{"name":"SonOfAtreus91","scoreData":{"2020-09-21":{"id":2037243126129101800,"name":"SonOfAtreus91","score":2500,"level":1,"character":4,"platform":48,"runframes":3614,"runend":1022,"unknown1":4294965789,"unknown2":4294966801,"rank":2190,"percentile":12.334801762114537}},"tenDayPercentiles":[],"tenDayDecayingPercentileScore":0,"scoresByDay":[],"rankSummary":{"mean":2190,"median":2190,"max":2190,"min":2190},"percentileSummary":{"mean":12.334801762114537,"median":12.334801762114537,"max":12.334801762114537,"min":12.334801762114537}}