{"name":"SonsOfAction","scoreData":{"2020-09-30":{"id":3963204741858034700,"name":"SonsOfAction","score":19000,"level":2,"character":4,"platform":48,"runframes":11169,"runend":1021,"unknown1":2811,"unknown2":942,"rank":4379,"percentile":43.31952356292077}},"tenDayPercentiles":[],"tenDayDecayingPercentileScore":0,"scoresByDay":[],"rankSummary":{"mean":4379,"median":4379,"max":4379,"min":4379},"percentileSummary":{"mean":43.31952356292077,"median":43.31952356292077,"max":43.31952356292077,"min":43.31952356292077}}