{"name":"Soorlyyyy","scoreData":{"2020-09-30":{"id":2563132244778114000,"name":"Soorlyyyy","score":10600,"level":3,"character":0,"platform":48,"runframes":6835,"runend":1020,"unknown1":4294966680,"unknown2":81,"rank":3213,"percentile":58.41532884515795}},"tenDayPercentiles":[],"tenDayDecayingPercentileScore":0,"scoresByDay":[],"rankSummary":{"mean":3213,"median":3213,"max":3213,"min":3213},"percentileSummary":{"mean":58.41532884515795,"median":58.41532884515795,"max":58.41532884515795,"min":58.41532884515795}}