{"name":"soos","scoreData":{"2020-10-23":{"id":6142588877669333000,"name":"soos","score":3700,"level":1,"character":0,"platform":18,"runframes":2379,"runend":1022,"unknown1":4294967109,"unknown2":493,"rank":5086,"percentile":2.6048649683968534}},"tenDayPercentiles":[],"tenDayDecayingPercentileScore":0,"scoresByDay":[],"rankSummary":{"mean":5086,"median":5086,"max":5086,"min":5086},"percentileSummary":{"mean":2.6048649683968534,"median":2.6048649683968534,"max":2.6048649683968534,"min":2.6048649683968534}}