{"name":"sora_ani","scoreData":{"2020-11-15":{"id":3473889573011651600,"name":"sora_ani","score":19300,"level":3,"character":0,"platform":48,"runframes":12597,"runend":1020,"unknown1":4294966620,"unknown2":1174,"rank":1783,"percentile":58.58703230304439}},"tenDayPercentiles":[58.58703230304439],"tenDayDecayingPercentileScore":28.021995930745998,"scoresByDay":[28.021995930745998],"rankSummary":{"mean":1783,"median":1783,"max":1783,"min":1783},"percentileSummary":{"mean":58.58703230304439,"median":58.58703230304439,"max":58.58703230304439,"min":58.58703230304439}}