{"name":"Sora_Thelfei_","scoreData":{"2020-10-13":{"id":8087004532674810000,"name":"Sora_Thelfei_","score":9700,"level":2,"character":0,"platform":48,"runframes":4276,"runend":1021,"unknown1":3199,"unknown2":2416,"rank":4366,"percentile":25.57544757033247}},"tenDayPercentiles":[],"tenDayDecayingPercentileScore":0,"scoresByDay":[],"rankSummary":{"mean":4366,"median":4366,"max":4366,"min":4366},"percentileSummary":{"mean":25.57544757033247,"median":25.57544757033247,"max":25.57544757033247,"min":25.57544757033247}}