{"name":"SoulYard","scoreData":{"2020-10-04":{"id":5923063311763469000,"name":"SoulYard","score":108200,"level":16,"character":7,"platform":18,"runframes":64913,"runend":1007,"unknown1":5751,"unknown2":33,"rank":33,"percentile":99.57401490947817}},"tenDayPercentiles":[],"tenDayDecayingPercentileScore":0,"scoresByDay":[],"rankSummary":{"mean":33,"median":33,"max":33,"min":33},"percentileSummary":{"mean":99.57401490947817,"median":99.57401490947817,"max":99.57401490947817,"min":99.57401490947817}}