{"name":"soupachris","scoreData":{"2020-10-03":{"id":7202365090872576000,"name":"soupachris","score":1000,"level":2,"character":0,"platform":48,"runframes":2035,"runend":1021,"unknown1":4294967034,"unknown2":3769,"rank":6670,"percentile":15.560901494049133}},"tenDayPercentiles":[],"tenDayDecayingPercentileScore":0,"scoresByDay":[],"rankSummary":{"mean":6670,"median":6670,"max":6670,"min":6670},"percentileSummary":{"mean":15.560901494049133,"median":15.560901494049133,"max":15.560901494049133,"min":15.560901494049133}}