{"name":"SourDiesel","scoreData":{"2020-09-29":{"id":76561198025383300,"name":"SourDiesel","score":9700,"level":5,"character":0,"platform":18,"runframes":10583,"runend":1018,"unknown1":4294965998,"unknown2":2650,"rank":1567,"percentile":71.99570815450645}},"tenDayPercentiles":[],"tenDayDecayingPercentileScore":0,"scoresByDay":[],"rankSummary":{"mean":1567,"median":1567,"max":1567,"min":1567},"percentileSummary":{"mean":71.99570815450645,"median":71.99570815450645,"max":71.99570815450645,"min":71.99570815450645}}