{"name":"SourCreamKid","scoreData":{"2020-09-18":{"id":7655910075966089000,"name":"SourCreamKid","score":1300,"level":1,"character":4,"platform":48,"runframes":1096,"runend":1022,"unknown1":4294966056,"unknown2":4294965592,"rank":2557,"percentile":8.583690987124456}},"tenDayPercentiles":[],"tenDayDecayingPercentileScore":0,"scoresByDay":[],"rankSummary":{"mean":2557,"median":2557,"max":2557,"min":2557},"percentileSummary":{"mean":8.583690987124456,"median":8.583690987124456,"max":8.583690987124456,"min":8.583690987124456}}