{"name":"sovietsoldier69","scoreData":{"2020-10-02":{"id":76561197995448020,"name":"sovietsoldier69","score":6200,"level":2,"character":0,"platform":18,"runframes":6627,"runend":1021,"unknown1":5651,"unknown2":6592,"rank":5397,"percentile":27.696636741256867}},"tenDayPercentiles":[],"tenDayDecayingPercentileScore":0,"scoresByDay":[],"rankSummary":{"mean":5397,"median":5397,"max":5397,"min":5397},"percentileSummary":{"mean":27.696636741256867,"median":27.696636741256867,"max":27.696636741256867,"min":27.696636741256867}}