{"name":"soylana","scoreData":{"2020-10-02":{"id":76561197995560700,"name":"soylana","score":6500,"level":1,"character":3,"platform":18,"runframes":4806,"runend":1022,"unknown1":5055,"unknown2":254,"rank":6189,"percentile":17.084282460136677}},"tenDayPercentiles":[],"tenDayDecayingPercentileScore":0,"scoresByDay":[],"rankSummary":{"mean":6189,"median":6189,"max":6189,"min":6189},"percentileSummary":{"mean":17.084282460136677,"median":17.084282460136677,"max":17.084282460136677,"min":17.084282460136677}}