{"name":"SP_h5","scoreData":{"2020-11-06":{"id":6117367694693658000,"name":"SP_h5","score":32300,"level":5,"character":0,"platform":48,"runframes":28170,"runend":1018,"unknown1":4294964002,"unknown2":4294965113,"rank":1751,"percentile":61.41124586549063}},"tenDayPercentiles":[],"tenDayDecayingPercentileScore":0,"scoresByDay":[],"rankSummary":{"mean":1751,"median":1751,"max":1751,"min":1751},"percentileSummary":{"mean":61.41124586549063,"median":61.41124586549063,"max":61.41124586549063,"min":61.41124586549063}}