{"name":"Space Ghost","scoreData":{"2020-09-29":{"id":2266231267843142700,"name":"Space Ghost","score":8800,"level":1,"character":0,"platform":18,"runframes":895,"runend":1022,"unknown1":2784,"unknown2":2720,"rank":4783,"percentile":14.48497854077253}},"tenDayDecayingPercentileMean":null,"rankSummary":{"mean":4783,"median":4783,"max":4783,"min":4783},"percentileSummary":{"mean":14.48497854077253,"median":14.48497854077253,"max":14.48497854077253,"min":14.48497854077253}}