{"name":"SpaceMonkey2999","scoreData":{"2020-10-02":{"id":76561197977585780,"name":"SpaceMonkey2999","score":3500,"level":2,"character":0,"platform":18,"runframes":2984,"runend":1021,"unknown1":4294964544,"unknown2":4393,"rank":5685,"percentile":23.83759882084952}},"tenDayPercentiles":[],"tenDayDecayingPercentileScore":0,"scoresByDay":[],"rankSummary":{"mean":5685,"median":5685,"max":5685,"min":5685},"percentileSummary":{"mean":23.83759882084952,"median":23.83759882084952,"max":23.83759882084952,"min":23.83759882084952}}