{"name":"SpaceDragon39","scoreData":{"2020-09-19":{"id":8102257397967856000,"name":"SpaceDragon39","score":3000,"level":2,"character":0,"platform":48,"runframes":5056,"runend":1021,"unknown1":1030,"unknown2":149,"rank":1999,"percentile":33.31108144192257}},"tenDayPercentiles":[],"tenDayDecayingPercentileScore":0,"scoresByDay":[],"rankSummary":{"mean":1999,"median":1999,"max":1999,"min":1999},"percentileSummary":{"mean":33.31108144192257,"median":33.31108144192257,"max":33.31108144192257,"min":33.31108144192257}}