{"name":"Spacedhound","scoreData":{"2020-10-06":{"id":76561198054788910,"name":"Spacedhound","score":18000,"level":2,"character":0,"platform":48,"runframes":14076,"runend":1021,"unknown1":639,"unknown2":1010,"rank":4329,"percentile":36.30610743193524}},"tenDayPercentiles":[],"tenDayDecayingPercentileScore":0,"scoresByDay":[],"rankSummary":{"mean":4329,"median":4329,"max":4329,"min":4329},"percentileSummary":{"mean":36.30610743193524,"median":36.30610743193524,"max":36.30610743193524,"min":36.30610743193524}}