{"name":"Spaghetti_Master","scoreData":{"2020-10-02":{"id":6168687360872434000,"name":"Spaghetti_Master","score":13000,"level":2,"character":6,"platform":18,"runframes":7318,"runend":1021,"unknown1":4294966328,"unknown2":698,"rank":4319,"percentile":42.14123006833713}},"tenDayPercentiles":[],"tenDayDecayingPercentileScore":0,"scoresByDay":[],"rankSummary":{"mean":4319,"median":4319,"max":4319,"min":4319},"percentileSummary":{"mean":42.14123006833713,"median":42.14123006833713,"max":42.14123006833713,"min":42.14123006833713}}