{"name":"SpaghettiSam","scoreData":{"2020-10-03":{"id":76561198367713100,"name":"SpaghettiSam","score":1000,"level":2,"character":7,"platform":18,"runframes":3207,"runend":1021,"unknown1":4294966642,"unknown2":41,"rank":6669,"percentile":15.573562927323366}},"tenDayPercentiles":[],"tenDayDecayingPercentileScore":0,"scoresByDay":[],"rankSummary":{"mean":6669,"median":6669,"max":6669,"min":6669},"percentileSummary":{"mean":15.573562927323366,"median":15.573562927323366,"max":15.573562927323366,"min":15.573562927323366}}