{"name":"SparkFollow","scoreData":{"2020-09-29":{"id":76561198193465310,"name":"SparkFollow","score":10500,"level":3,"character":4,"platform":18,"runframes":10225,"runend":1020,"unknown1":4294963177,"unknown2":4294962950,"rank":3170,"percentile":43.329756795422036}},"tenDayPercentiles":[],"tenDayDecayingPercentileScore":0,"scoresByDay":[],"rankSummary":{"mean":3170,"median":3170,"max":3170,"min":3170},"percentileSummary":{"mean":43.329756795422036,"median":43.329756795422036,"max":43.329756795422036,"min":43.329756795422036}}