{"name":"SpartaChris","scoreData":{"2020-10-01":{"id":76561198045712350,"name":"SpartaChris","score":14850,"level":5,"character":3,"platform":18,"runframes":25723,"runend":1018,"unknown1":4294963470,"unknown2":18,"rank":2171,"percentile":71.7962048349363}},"tenDayPercentiles":[],"tenDayDecayingPercentileScore":0,"scoresByDay":[],"rankSummary":{"mean":2171,"median":2171,"max":2171,"min":2171},"percentileSummary":{"mean":71.7962048349363,"median":71.7962048349363,"max":71.7962048349363,"min":71.7962048349363}}