{"name":"Spaz8","scoreData":{"2020-10-30":{"id":76561198032012910,"name":"Spaz8","score":13200,"level":4,"character":7,"platform":18,"runframes":11970,"runend":1019,"unknown1":4294966673,"unknown2":4294965083,"rank":1323,"percentile":72.16256053906085}},"tenDayPercentiles":[],"tenDayDecayingPercentileScore":0,"scoresByDay":[],"rankSummary":{"mean":1323,"median":1323,"max":1323,"min":1323},"percentileSummary":{"mean":72.16256053906085,"median":72.16256053906085,"max":72.16256053906085,"min":72.16256053906085}}