{"name":"Spazquarx","scoreData":{"2020-10-19":{"id":76561198102210160,"name":"Spazquarx","score":7300,"level":2,"character":0,"platform":18,"runframes":2948,"runend":1021,"unknown1":4055,"unknown2":3896,"rank":4368,"percentile":18.343305908750935}},"tenDayPercentiles":[],"tenDayDecayingPercentileScore":0,"scoresByDay":[],"rankSummary":{"mean":4368,"median":4368,"max":4368,"min":4368},"percentileSummary":{"mean":18.343305908750935,"median":18.343305908750935,"max":18.343305908750935,"min":18.343305908750935}}