{"name":"speder9","scoreData":{"2020-09-30":{"id":76561198084804780,"name":"speder9","score":3200,"level":3,"character":2,"platform":48,"runframes":4717,"runend":1020,"unknown1":4294961210,"unknown2":258,"rank":3877,"percentile":49.818746763335064}},"tenDayPercentiles":[],"tenDayDecayingPercentileScore":0,"scoresByDay":[],"rankSummary":{"mean":3877,"median":3877,"max":3877,"min":3877},"percentileSummary":{"mean":49.818746763335064,"median":49.818746763335064,"max":49.818746763335064,"min":49.818746763335064}}