{"name":"Spejs♛","scoreData":{"2020-11-22":{"id":76561197970926860,"name":"Spejs♛","score":15300,"level":3,"character":3,"platform":18,"runframes":17607,"runend":1020,"unknown1":4294965767,"unknown2":4294965013,"rank":1884,"percentile":52.91322830707677}},"tenDayPercentiles":[],"tenDayDecayingPercentileScore":0,"scoresByDay":[],"rankSummary":{"mean":1884,"median":1884,"max":1884,"min":1884},"percentileSummary":{"mean":52.91322830707677,"median":52.91322830707677,"max":52.91322830707677,"min":52.91322830707677}}