{"name":"Spelunker DB60AEEF","scoreData":{"2020-10-27":{"id":6279517588812784000,"name":"Spelunker DB60AEEF","score":11600,"level":4,"character":7,"platform":16,"runframes":10567,"runend":1019,"unknown1":4294965411,"unknown2":1708,"rank":1825,"percentile":63.35141651597348}},"tenDayPercentiles":[],"tenDayDecayingPercentileScore":0,"scoresByDay":[],"rankSummary":{"mean":1825,"median":1825,"max":1825,"min":1825},"percentileSummary":{"mean":63.35141651597348,"median":63.35141651597348,"max":63.35141651597348,"min":63.35141651597348}}