{"name":"Spelunker 4073D615","scoreData":{"2020-09-30":{"id":76561198404511000,"name":"Spelunker 4073D615","score":14400,"level":2,"character":0,"platform":16,"runframes":11939,"runend":1021,"unknown1":4294965258,"unknown2":3730,"rank":4621,"percentile":40.18643190056965}},"tenDayPercentiles":[],"tenDayDecayingPercentileScore":0,"scoresByDay":[],"rankSummary":{"mean":4621,"median":4621,"max":4621,"min":4621},"percentileSummary":{"mean":40.18643190056965,"median":40.18643190056965,"max":40.18643190056965,"min":40.18643190056965}}