{"name":"Spelunker 5CEB49AD","scoreData":{"2020-10-01":{"id":76561198119113680,"name":"Spelunker 5CEB49AD","score":0,"level":1,"character":3,"platform":16,"runframes":772,"runend":1022,"unknown1":1617,"unknown2":4562,"rank":7653,"percentile":0.5458799064205948}},"tenDayPercentiles":[],"tenDayDecayingPercentileScore":0,"scoresByDay":[],"rankSummary":{"mean":7653,"median":7653,"max":7653,"min":7653},"percentileSummary":{"mean":0.5458799064205948,"median":0.5458799064205948,"max":0.5458799064205948,"min":0.5458799064205948}}