{"name":"Spelunker 05669F29","scoreData":{"2020-09-30":{"id":76561198027280400,"name":"Spelunker 05669F29","score":6100,"level":1,"character":0,"platform":16,"runframes":3044,"runend":1022,"unknown1":4294961526,"unknown2":762,"rank":6956,"percentile":9.955981356809943}},"tenDayPercentiles":[],"tenDayDecayingPercentileScore":0,"scoresByDay":[],"rankSummary":{"mean":6956,"median":6956,"max":6956,"min":6956},"percentileSummary":{"mean":9.955981356809943,"median":9.955981356809943,"max":9.955981356809943,"min":9.955981356809943}}