{"name":"Spelunker 982A0FEE","scoreData":{"2020-10-20":{"id":1105371116098707000,"name":"Spelunker 982A0FEE","score":4800,"level":1,"character":0,"platform":16,"runframes":12323,"runend":1022,"unknown1":4294966456,"unknown2":347,"rank":5167,"percentile":4.333333333333329}},"tenDayDecayingPercentileMean":null,"rankSummary":{"mean":5167,"median":5167,"max":5167,"min":5167},"percentileSummary":{"mean":4.333333333333329,"median":4.333333333333329,"max":4.333333333333329,"min":4.333333333333329}}