{"name":"Spelunker 6A1966FF","scoreData":{"2020-10-11":{"id":3032013279045260000,"name":"Spelunker 6A1966FF","score":14800,"level":4,"character":4,"platform":16,"runframes":17181,"runend":1019,"unknown1":1423,"unknown2":440,"rank":2987,"percentile":52.976377952755904}},"tenDayDecayingPercentileMean":null,"rankSummary":{"mean":2987,"median":2987,"max":2987,"min":2987},"percentileSummary":{"mean":52.976377952755904,"median":52.976377952755904,"max":52.976377952755904,"min":52.976377952755904}}