{"name":"Spelunker E9BC523F","scoreData":{"2020-10-04":{"id":76561198007907870,"name":"Spelunker E9BC523F","score":18425,"level":8,"character":0,"platform":16,"runframes":51343,"runend":1015,"unknown1":293,"unknown2":661,"rank":513,"percentile":93.1842385516507}},"tenDayPercentiles":[],"tenDayDecayingPercentileScore":0,"scoresByDay":[],"rankSummary":{"mean":513,"median":513,"max":513,"min":513},"percentileSummary":{"mean":93.1842385516507,"median":93.1842385516507,"max":93.1842385516507,"min":93.1842385516507}}