{"name":"Spelunker 0888AE55","scoreData":{"2020-10-09":{"id":76561197973979600,"name":"Spelunker 0888AE55","score":41325,"level":5,"character":3,"platform":16,"runframes":32181,"runend":1018,"unknown1":1102,"unknown2":4294965796,"rank":2097,"percentile":66.58163265306122}},"tenDayDecayingPercentileMean":null,"rankSummary":{"mean":2097,"median":2097,"max":2097,"min":2097},"percentileSummary":{"mean":66.58163265306122,"median":66.58163265306122,"max":66.58163265306122,"min":66.58163265306122}}