{"name":"Spelunker 327CF303","scoreData":{"2020-10-08":{"id":76561198003436220,"name":"Spelunker 327CF303","score":20400,"level":4,"character":7,"platform":16,"runframes":23008,"runend":1019,"unknown1":3094,"unknown2":1124,"rank":2363,"percentile":62.7386023032024}},"tenDayPercentiles":[],"tenDayDecayingPercentileScore":0,"scoresByDay":[],"rankSummary":{"mean":2363,"median":2363,"max":2363,"min":2363},"percentileSummary":{"mean":62.7386023032024,"median":62.7386023032024,"max":62.7386023032024,"min":62.7386023032024}}