{"name":"Spelunker AF5B87DC","scoreData":{"2020-10-18":{"id":76561198004786990,"name":"Spelunker AF5B87DC","score":57900,"level":4,"character":0,"platform":16,"runframes":25708,"runend":1019,"unknown1":4238,"unknown2":1722,"rank":2992,"percentile":49.544534412955464}},"tenDayPercentiles":[],"tenDayDecayingPercentileScore":0,"scoresByDay":[],"rankSummary":{"mean":2992,"median":2992,"max":2992,"min":2992},"percentileSummary":{"mean":49.544534412955464,"median":49.544534412955464,"max":49.544534412955464,"min":49.544534412955464}}