{"name":"Spelunker 51F7EA6B","scoreData":{"2020-09-29":{"id":76561198991960740,"name":"Spelunker 51F7EA6B","score":2800,"level":2,"character":0,"platform":16,"runframes":7234,"runend":1021,"unknown1":2119,"unknown2":72,"rank":4501,"percentile":19.527896995708147}},"tenDayDecayingPercentileMean":null,"rankSummary":{"mean":4501,"median":4501,"max":4501,"min":4501},"percentileSummary":{"mean":19.527896995708147,"median":19.527896995708147,"max":19.527896995708147,"min":19.527896995708147}}