{"name":"Spelunker 6622C0D4","scoreData":{"2020-10-18":{"id":76561198021076580,"name":"Spelunker 6622C0D4","score":27100,"level":3,"character":7,"platform":16,"runframes":16913,"runend":1020,"unknown1":290,"unknown2":4294965411,"rank":4305,"percentile":27.395411605937923}},"tenDayPercentiles":[],"tenDayDecayingPercentileScore":0,"scoresByDay":[],"rankSummary":{"mean":4305,"median":4305,"max":4305,"min":4305},"percentileSummary":{"mean":27.395411605937923,"median":27.395411605937923,"max":27.395411605937923,"min":27.395411605937923}}