{"name":"Spelunker 4B71ECEA","scoreData":{"2020-10-01":{"id":76561199531698300,"name":"Spelunker 4B71ECEA","score":8500,"level":3,"character":3,"platform":16,"runframes":10078,"runend":1020,"unknown1":4294963313,"unknown2":197,"rank":4213,"percentile":45.25604367039251}},"tenDayDecayingPercentileMean":null,"rankSummary":{"mean":4213,"median":4213,"max":4213,"min":4213},"percentileSummary":{"mean":45.25604367039251,"median":45.25604367039251,"max":45.25604367039251,"min":45.25604367039251}}