{"name":"Spelunker 4C556714","scoreData":{"2020-09-30":{"id":76561197987013550,"name":"Spelunker 4C556714","score":6100,"level":1,"character":3,"platform":16,"runframes":4591,"runend":1022,"unknown1":4294965205,"unknown2":4294964415,"rank":6989,"percentile":9.528741584671153}},"tenDayDecayingPercentileMean":null,"rankSummary":{"mean":6989,"median":6989,"max":6989,"min":6989},"percentileSummary":{"mean":9.528741584671153,"median":9.528741584671153,"max":9.528741584671153,"min":9.528741584671153}}