{"name":"Spelunker 017FD4D7","scoreData":{"2020-10-08":{"id":3082864903462276600,"name":"Spelunker 017FD4D7","score":4000,"level":2,"character":3,"platform":16,"runframes":2432,"runend":1021,"unknown1":4294966622,"unknown2":4294964675,"rank":5831,"percentile":8.029657674712098}},"tenDayPercentiles":[],"tenDayDecayingPercentileScore":0,"scoresByDay":[],"rankSummary":{"mean":5831,"median":5831,"max":5831,"min":5831},"percentileSummary":{"mean":8.029657674712098,"median":8.029657674712098,"max":8.029657674712098,"min":8.029657674712098}}