{"name":"Spelunker 6CCE1659","scoreData":{"2020-10-19":{"id":7178291866371966000,"name":"Spelunker 6CCE1659","score":12600,"level":2,"character":7,"platform":16,"runframes":9097,"runend":1021,"unknown1":4294966535,"unknown2":4294963085,"rank":3986,"percentile":25.486163051608074}},"tenDayDecayingPercentileMean":null,"rankSummary":{"mean":3986,"median":3986,"max":3986,"min":3986},"percentileSummary":{"mean":25.486163051608074,"median":25.486163051608074,"max":25.486163051608074,"min":25.486163051608074}}