{"name":"Spelunker 2E480A38","scoreData":{"2020-09-29":{"id":76561198411775380,"name":"Spelunker 2E480A38","score":23400,"level":3,"character":0,"platform":16,"runframes":27046,"runend":1020,"unknown1":543,"unknown2":10,"rank":2659,"percentile":52.467811158798284}},"tenDayPercentiles":[],"tenDayDecayingPercentileScore":0,"scoresByDay":[],"rankSummary":{"mean":2659,"median":2659,"max":2659,"min":2659},"percentileSummary":{"mean":52.467811158798284,"median":52.467811158798284,"max":52.467811158798284,"min":52.467811158798284}}