{"name":"Spelunker C8F8E5E5","scoreData":{"2020-10-05":{"id":76561198109779650,"name":"Spelunker C8F8E5E5","score":2000,"level":1,"character":0,"platform":16,"runframes":1644,"runend":1022,"unknown1":734,"unknown2":1438,"rank":6161,"percentile":9.571344685848501}},"tenDayPercentiles":[],"tenDayDecayingPercentileScore":0,"scoresByDay":[],"rankSummary":{"mean":6161,"median":6161,"max":6161,"min":6161},"percentileSummary":{"mean":9.571344685848501,"median":9.571344685848501,"max":9.571344685848501,"min":9.571344685848501}}