{"name":"Spelunker 06F38F00","scoreData":{"2020-10-20":{"id":5683815916034447000,"name":"Spelunker 06F38F00","score":25850,"level":7,"character":0,"platform":16,"runframes":30221,"runend":1016,"unknown1":4294964458,"unknown2":4294965175,"rank":1512,"percentile":72.01851851851852}},"tenDayDecayingPercentileMean":null,"rankSummary":{"mean":1512,"median":1512,"max":1512,"min":1512},"percentileSummary":{"mean":72.01851851851852,"median":72.01851851851852,"max":72.01851851851852,"min":72.01851851851852}}