{"name":"Spelunker 3A8E6CFB","scoreData":{"2020-10-11":{"id":1554672077486592000,"name":"Spelunker 3A8E6CFB","score":5400,"level":4,"character":0,"platform":16,"runframes":3084,"runend":1019,"unknown1":17,"unknown2":840,"rank":3302,"percentile":48.01574803149607}},"tenDayDecayingPercentileMean":null,"rankSummary":{"mean":3302,"median":3302,"max":3302,"min":3302},"percentileSummary":{"mean":48.01574803149607,"median":48.01574803149607,"max":48.01574803149607,"min":48.01574803149607}}