{"name":"Spelunker 5034837C","scoreData":{"2020-09-29":{"id":76561198037104750,"name":"Spelunker 5034837C","score":1500,"level":1,"character":0,"platform":16,"runframes":689,"runend":1022,"unknown1":546,"unknown2":971,"rank":5579,"percentile":0.2503576537911272}},"tenDayDecayingPercentileMean":null,"rankSummary":{"mean":5579,"median":5579,"max":5579,"min":5579},"percentileSummary":{"mean":0.2503576537911272,"median":0.2503576537911272,"max":0.2503576537911272,"min":0.2503576537911272}}