{"name":"Spelunker 99E076C7","scoreData":{"2020-10-06":{"id":3088631849830974000,"name":"Spelunker 99E076C7","score":28600,"level":3,"character":7,"platform":16,"runframes":24036,"runend":1020,"unknown1":4294961198,"unknown2":4294961125,"rank":2953,"percentile":56.556291390728475}},"tenDayPercentiles":[],"tenDayDecayingPercentileScore":0,"scoresByDay":[],"rankSummary":{"mean":2953,"median":2953,"max":2953,"min":2953},"percentileSummary":{"mean":56.556291390728475,"median":56.556291390728475,"max":56.556291390728475,"min":56.556291390728475}}