{"name":"Spelunker 3AABBA83","scoreData":{"2020-10-04":{"id":8132401088633448000,"name":"Spelunker 3AABBA83","score":3000,"level":1,"character":16,"platform":16,"runframes":1756,"runend":1022,"unknown1":767,"unknown2":268,"rank":6855,"percentile":8.759318423855163}},"tenDayDecayingPercentileMean":null,"rankSummary":{"mean":6855,"median":6855,"max":6855,"min":6855},"percentileSummary":{"mean":8.759318423855163,"median":8.759318423855163,"max":8.759318423855163,"min":8.759318423855163}}