{"name":"Spelunker 7CA76B9E","scoreData":{"2020-10-01":{"id":3826672707077770000,"name":"Spelunker 7CA76B9E","score":6300,"level":1,"character":0,"platform":16,"runframes":4052,"runend":1022,"unknown1":5003,"unknown2":156,"rank":5564,"percentile":27.69690668053029}},"tenDayPercentiles":[],"tenDayDecayingPercentileScore":0,"scoresByDay":[],"rankSummary":{"mean":5564,"median":5564,"max":5564,"min":5564},"percentileSummary":{"mean":27.69690668053029,"median":27.69690668053029,"max":27.69690668053029,"min":27.69690668053029}}