{"name":"Spelunker B144783A","scoreData":{"2020-10-07":{"id":7591139693459019000,"name":"Spelunker B144783A","score":2000,"level":1,"character":4,"platform":16,"runframes":2277,"runend":1022,"unknown1":4294964180,"unknown2":4294961551,"rank":6290,"percentile":3.6020846106682995}},"tenDayPercentiles":[],"tenDayDecayingPercentileScore":0,"scoresByDay":[],"rankSummary":{"mean":6290,"median":6290,"max":6290,"min":6290},"percentileSummary":{"mean":3.6020846106682995,"median":3.6020846106682995,"max":3.6020846106682995,"min":3.6020846106682995}}