{"name":"Spelunker 884094E2","scoreData":{"2020-10-07":{"id":76561198018822960,"name":"Spelunker 884094E2","score":9500,"level":3,"character":0,"platform":16,"runframes":20249,"runend":1020,"unknown1":4294964517,"unknown2":4294962819,"rank":2380,"percentile":63.534641324340896}},"tenDayPercentiles":[],"tenDayDecayingPercentileScore":0,"scoresByDay":[],"rankSummary":{"mean":2380,"median":2380,"max":2380,"min":2380},"percentileSummary":{"mean":63.534641324340896,"median":63.534641324340896,"max":63.534641324340896,"min":63.534641324340896}}