{"name":"Spenceskimo","scoreData":{"2020-11-01":{"id":1989879475350025500,"name":"Spenceskimo","score":3400,"level":1,"character":0,"platform":18,"runframes":2756,"runend":1022,"unknown1":0,"unknown2":0,"rank":4232,"percentile":10.07438894792773}},"tenDayPercentiles":[],"tenDayDecayingPercentileScore":0,"scoresByDay":[],"rankSummary":{"mean":4232,"median":4232,"max":4232,"min":4232},"percentileSummary":{"mean":10.07438894792773,"median":10.07438894792773,"max":10.07438894792773,"min":10.07438894792773}}