{"name":"sperg","scoreData":{"2020-11-10":{"id":1347971925685829000,"name":"sperg","score":6300,"level":3,"character":7,"platform":18,"runframes":16683,"runend":1020,"unknown1":4294965581,"unknown2":1267,"rank":2849,"percentile":34.91773308957953}},"tenDayPercentiles":[34.91773308957953],"tenDayDecayingPercentileScore":13.527845228336385,"scoresByDay":[13.527845228336385],"rankSummary":{"mean":2849,"median":2849,"max":2849,"min":2849},"percentileSummary":{"mean":34.91773308957953,"median":34.91773308957953,"max":34.91773308957953,"min":34.91773308957953}}