{"name":"spice","scoreData":{"2020-10-01":{"id":76561198027549550,"name":"spice","score":4700,"level":4,"character":6,"platform":18,"runframes":15122,"runend":1019,"unknown1":1051,"unknown2":4543,"rank":3466,"percentile":54.96490772030153}},"tenDayPercentiles":[],"tenDayDecayingPercentileScore":0,"scoresByDay":[],"rankSummary":{"mean":3466,"median":3466,"max":3466,"min":3466},"percentileSummary":{"mean":54.96490772030153,"median":54.96490772030153,"max":54.96490772030153,"min":54.96490772030153}}