{"name":"SpiceBro","scoreData":{"2020-10-08":{"id":76561198100201630,"name":"SpiceBro","score":6800,"level":2,"character":7,"platform":18,"runframes":4984,"runend":1021,"unknown1":5024,"unknown2":104,"rank":5497,"percentile":13.298627543776618}},"tenDayPercentiles":[],"tenDayDecayingPercentileScore":0,"scoresByDay":[],"rankSummary":{"mean":5497,"median":5497,"max":5497,"min":5497},"percentileSummary":{"mean":13.298627543776618,"median":13.298627543776618,"max":13.298627543776618,"min":13.298627543776618}}