{"name":"SpicyBeans","scoreData":{"2020-11-15":{"id":76561197998930400,"name":"SpicyBeans","score":35900,"level":4,"character":5,"platform":18,"runframes":23276,"runend":1019,"unknown1":22,"unknown2":446,"rank":1109,"percentile":74.25052289100628}},"tenDayPercentiles":[74.25052289100628],"tenDayDecayingPercentileScore":39.45977213571928,"scoresByDay":[39.45977213571928],"rankSummary":{"mean":1109,"median":1109,"max":1109,"min":1109},"percentileSummary":{"mean":74.25052289100628,"median":74.25052289100628,"max":74.25052289100628,"min":74.25052289100628}}