{"name":"Spider_Man_T08","scoreData":{"2020-11-01":{"id":1078732213927103600,"name":"Spider_Man_T08","score":3900,"level":1,"character":7,"platform":48,"runframes":1478,"runend":1022,"unknown1":70,"unknown2":4294963922,"rank":4185,"percentile":11.07332624867162}},"tenDayPercentiles":[],"tenDayDecayingPercentileScore":0,"scoresByDay":[],"rankSummary":{"mean":4185,"median":4185,"max":4185,"min":4185},"percentileSummary":{"mean":11.07332624867162,"median":11.07332624867162,"max":11.07332624867162,"min":11.07332624867162}}