{"name":"Spiderman139574","scoreData":{"2020-10-11":{"id":76561197970579780,"name":"Spiderman139574","score":11700,"level":3,"character":7,"platform":48,"runframes":14251,"runend":1020,"unknown1":475,"unknown2":915,"rank":4124,"percentile":35.07086614173228}},"tenDayPercentiles":[],"tenDayDecayingPercentileScore":0,"scoresByDay":[],"rankSummary":{"mean":4124,"median":4124,"max":4124,"min":4124},"percentileSummary":{"mean":35.07086614173228,"median":35.07086614173228,"max":35.07086614173228,"min":35.07086614173228}}