{"name":"spiderm3n","scoreData":{"2020-10-02":{"id":76561198115147660,"name":"spiderm3n","score":11100,"level":3,"character":2,"platform":18,"runframes":13129,"runend":1020,"unknown1":4294963215,"unknown2":4294959907,"rank":3302,"percentile":55.76845772477556}},"tenDayPercentiles":[],"tenDayDecayingPercentileScore":0,"scoresByDay":[],"rankSummary":{"mean":3302,"median":3302,"max":3302,"min":3302},"percentileSummary":{"mean":55.76845772477556,"median":55.76845772477556,"max":55.76845772477556,"min":55.76845772477556}}