{"name":"Spike","scoreData":{"2020-10-01":{"id":76561198021844930,"name":"Spike","score":24150,"level":6,"character":0,"platform":18,"runframes":31176,"runend":1017,"unknown1":792,"unknown2":2827,"rank":1330,"percentile":82.72680010397713}},"tenDayPercentiles":[],"tenDayDecayingPercentileScore":0,"scoresByDay":[],"rankSummary":{"mean":1330,"median":1330,"max":1330,"min":1330},"percentileSummary":{"mean":82.72680010397713,"median":82.72680010397713,"max":82.72680010397713,"min":82.72680010397713}}