{"name":"Spindle","scoreData":{"2020-10-08":{"id":76561198307036000,"name":"Spindle","score":18800,"level":4,"character":7,"platform":18,"runframes":18487,"runend":1019,"unknown1":2577,"unknown2":398,"rank":2437,"percentile":61.5712257453857}},"tenDayPercentiles":[],"tenDayDecayingPercentileScore":0,"scoresByDay":[],"rankSummary":{"mean":2437,"median":2437,"max":2437,"min":2437},"percentileSummary":{"mean":61.5712257453857,"median":61.5712257453857,"max":61.5712257453857,"min":61.5712257453857}}