{"name":"Spinnafex","scoreData":{"2020-09-15":{"id":5032607040769310000,"name":"Spinnafex","score":17300,"level":3,"character":1,"platform":48,"runframes":25123,"runend":1020,"unknown1":4294966252,"unknown2":4294967150,"rank":692,"percentile":61.94933920704846}},"tenDayPercentiles":[],"tenDayDecayingPercentileScore":0,"scoresByDay":[],"rankSummary":{"mean":692,"median":692,"max":692,"min":692},"percentileSummary":{"mean":61.94933920704846,"median":61.94933920704846,"max":61.94933920704846,"min":61.94933920704846}}