{"name":"Spin! Doctor! Spin!","scoreData":{"2020-10-02":{"id":76561198133627120,"name":"Spin! Doctor! Spin!","score":10400,"level":2,"character":5,"platform":18,"runframes":13279,"runend":1021,"unknown1":1061,"unknown2":248,"rank":4525,"percentile":39.38094600026799}},"tenDayDecayingPercentileMean":null,"rankSummary":{"mean":4525,"median":4525,"max":4525,"min":4525},"percentileSummary":{"mean":39.38094600026799,"median":39.38094600026799,"max":39.38094600026799,"min":39.38094600026799}}