{"name":"SpiritKIWI","scoreData":{"2020-11-06":{"id":76561198030420270,"name":"SpiritKIWI","score":9200,"level":3,"character":3,"platform":18,"runframes":15503,"runend":1020,"unknown1":2959,"unknown2":106,"rank":3237,"percentile":28.643880926130095}},"tenDayPercentiles":[],"tenDayDecayingPercentileScore":0,"scoresByDay":[],"rankSummary":{"mean":3237,"median":3237,"max":3237,"min":3237},"percentileSummary":{"mean":28.643880926130095,"median":28.643880926130095,"max":28.643880926130095,"min":28.643880926130095}}