{"name":"spleenboy","scoreData":{"2020-09-15":{"id":3525511414048042500,"name":"spleenboy","score":11400,"level":1,"character":0,"platform":48,"runframes":4101,"runend":1022,"unknown1":4294967284,"unknown2":9,"rank":1409,"percentile":22.466960352422902}},"tenDayPercentiles":[],"tenDayDecayingPercentileScore":0,"scoresByDay":[],"rankSummary":{"mean":1409,"median":1409,"max":1409,"min":1409},"percentileSummary":{"mean":22.466960352422902,"median":22.466960352422902,"max":22.466960352422902,"min":22.466960352422902}}