{"name":"Spleen Machine","scoreData":{"2020-09-30":{"id":2584571683874615000,"name":"Spleen Machine","score":5600,"level":1,"character":2,"platform":18,"runframes":3628,"runend":1022,"unknown1":3817,"unknown2":1108,"rank":7081,"percentile":8.33764888658726}},"tenDayDecayingPercentileMean":null,"rankSummary":{"mean":7081,"median":7081,"max":7081,"min":7081},"percentileSummary":{"mean":8.33764888658726,"median":8.33764888658726,"max":8.33764888658726,"min":8.33764888658726}}