{"name":"spondulish","scoreData":{"2020-11-11":{"id":76561198057824050,"name":"spondulish","score":33400,"level":7,"character":11,"platform":48,"runframes":39088,"runend":1016,"unknown1":2817,"unknown2":1383,"rank":917,"percentile":79.40647482014388}},"tenDayPercentiles":[79.40647482014388],"tenDayDecayingPercentileScore":34.1818836717626,"scoresByDay":[34.1818836717626],"rankSummary":{"mean":917,"median":917,"max":917,"min":917},"percentileSummary":{"mean":79.40647482014388,"median":79.40647482014388,"max":79.40647482014388,"min":79.40647482014388}}