{"name":"Spongebob986","scoreData":{"2020-10-01":{"id":8318822428056957000,"name":"Spongebob986","score":3500,"level":2,"character":12,"platform":18,"runframes":1968,"runend":1021,"unknown1":2316,"unknown2":1675,"rank":5230,"percentile":32.03795165063687}},"tenDayPercentiles":[],"tenDayDecayingPercentileScore":0,"scoresByDay":[],"rankSummary":{"mean":5230,"median":5230,"max":5230,"min":5230},"percentileSummary":{"mean":32.03795165063687,"median":32.03795165063687,"max":32.03795165063687,"min":32.03795165063687}}