{"name":"Spook is Back","scoreData":{"2020-09-30":{"id":3947936540467316000,"name":"Spook is Back","score":8500,"level":1,"character":0,"platform":18,"runframes":4916,"runend":1022,"unknown1":2441,"unknown2":676,"rank":6376,"percentile":17.465044018643198}},"tenDayPercentiles":[],"tenDayDecayingPercentileScore":0,"scoresByDay":[],"rankSummary":{"mean":6376,"median":6376,"max":6376,"min":6376},"percentileSummary":{"mean":17.465044018643198,"median":17.465044018643198,"max":17.465044018643198,"min":17.465044018643198}}