{"name":"Spoon Druid","scoreData":{"2020-10-16":{"id":7636103064042002000,"name":"Spoon Druid","score":6900,"level":1,"character":0,"platform":18,"runframes":7271,"runend":1022,"unknown1":58,"unknown2":4294967250,"rank":4939,"percentile":11.9315141787052}},"tenDayPercentiles":[],"tenDayDecayingPercentileScore":0,"scoresByDay":[],"rankSummary":{"mean":4939,"median":4939,"max":4939,"min":4939},"percentileSummary":{"mean":11.9315141787052,"median":11.9315141787052,"max":11.9315141787052,"min":11.9315141787052}}