{"name":"SpoocieRiceCake","scoreData":{"2020-10-27":{"id":76561197973341660,"name":"SpoocieRiceCake","score":27200,"level":5,"character":5,"platform":18,"runframes":30325,"runend":1018,"unknown1":4294963404,"unknown2":4294963032,"rank":1289,"percentile":74.1209563994374}},"tenDayPercentiles":[],"tenDayDecayingPercentileScore":0,"scoresByDay":[],"rankSummary":{"mean":1289,"median":1289,"max":1289,"min":1289},"percentileSummary":{"mean":74.1209563994374,"median":74.1209563994374,"max":74.1209563994374,"min":74.1209563994374}}