{"name":"SpookyGhoulKid","scoreData":{"2020-09-17":{"id":5622291001677795000,"name":"SpookyGhoulKid","score":3000,"level":1,"character":0,"platform":48,"runframes":4396,"runend":1022,"unknown1":4294965230,"unknown2":4294964873,"rank":2521,"percentile":10.859568447117084}},"tenDayPercentiles":[],"tenDayDecayingPercentileScore":0,"scoresByDay":[],"rankSummary":{"mean":2521,"median":2521,"max":2521,"min":2521},"percentileSummary":{"mean":10.859568447117084,"median":10.859568447117084,"max":10.859568447117084,"min":10.859568447117084}}