{"name":"Spooky Mulder","scoreData":{"2020-10-06":{"id":2029425924130711600,"name":"Spooky Mulder","score":15200,"level":2,"character":0,"platform":18,"runframes":7439,"runend":1021,"unknown1":3548,"unknown2":2561,"rank":4586,"percentile":32.52391464311995}},"tenDayDecayingPercentileMean":null,"rankSummary":{"mean":4586,"median":4586,"max":4586,"min":4586},"percentileSummary":{"mean":32.52391464311995,"median":32.52391464311995,"max":32.52391464311995,"min":32.52391464311995}}