{"name":"spray__n__go","scoreData":{"2020-11-09":{"id":5423874365137189000,"name":"spray__n__go","score":2800,"level":2,"character":4,"platform":48,"runframes":14263,"runend":1021,"unknown1":4294966776,"unknown2":1544,"rank":3312,"percentile":24.111849644739863}},"tenDayPercentiles":[24.111849644739863],"tenDayDecayingPercentileScore":8.407282122053637,"scoresByDay":[8.407282122053637],"rankSummary":{"mean":3312,"median":3312,"max":3312,"min":3312},"percentileSummary":{"mean":24.111849644739863,"median":24.111849644739863,"max":24.111849644739863,"min":24.111849644739863}}