{"name":"sprungchain12","scoreData":{"2020-09-19":{"id":2071549057800225000,"name":"sprungchain12","score":7400,"level":1,"character":0,"platform":48,"runframes":4517,"runend":1022,"unknown1":1907,"unknown2":953,"rank":2355,"percentile":21.42857142857143}},"tenDayPercentiles":[],"tenDayDecayingPercentileScore":0,"scoresByDay":[],"rankSummary":{"mean":2355,"median":2355,"max":2355,"min":2355},"percentileSummary":{"mean":21.42857142857143,"median":21.42857142857143,"max":21.42857142857143,"min":21.42857142857143}}