{"name":"spudnic2002","scoreData":{"2020-09-20":{"id":7277098866400180000,"name":"spudnic2002","score":9100,"level":2,"character":7,"platform":48,"runframes":5091,"runend":1021,"unknown1":4294966658,"unknown2":17,"rank":1721,"percentile":42.16543375924681}},"tenDayPercentiles":[],"tenDayDecayingPercentileScore":0,"scoresByDay":[],"rankSummary":{"mean":1721,"median":1721,"max":1721,"min":1721},"percentileSummary":{"mean":42.16543375924681,"median":42.16543375924681,"max":42.16543375924681,"min":42.16543375924681}}