{"name":"SpudRuthers","scoreData":{"2020-09-15":{"id":2337516695287704000,"name":"SpudRuthers","score":21600,"level":4,"character":7,"platform":48,"runframes":12456,"runend":1019,"unknown1":312,"unknown2":4294966594,"rank":503,"percentile":72.3568281938326}},"tenDayPercentiles":[],"tenDayDecayingPercentileScore":0,"scoresByDay":[],"rankSummary":{"mean":503,"median":503,"max":503,"min":503},"percentileSummary":{"mean":72.3568281938326,"median":72.3568281938326,"max":72.3568281938326,"min":72.3568281938326}}