{"name":"Spunkelman","scoreData":{"2020-10-07":{"id":76561198004094540,"name":"Spunkelman","score":2000,"level":2,"character":2,"platform":18,"runframes":6749,"runend":1021,"unknown1":4294966259,"unknown2":4294967050,"rank":4953,"percentile":24.095646842427954}},"tenDayPercentiles":[],"tenDayDecayingPercentileScore":0,"scoresByDay":[],"rankSummary":{"mean":4953,"median":4953,"max":4953,"min":4953},"percentileSummary":{"mean":24.095646842427954,"median":24.095646842427954,"max":24.095646842427954,"min":24.095646842427954}}