{"name":"Spunk Mcunkle","scoreData":{"2020-11-18":{"id":76561197974919470,"name":"Spunk Mcunkle","score":25100,"level":8,"character":0,"platform":18,"runframes":70075,"runend":1015,"unknown1":457,"unknown2":269,"rank":665,"percentile":83.46613545816733}},"tenDayPercentiles":[83.46613545816733],"tenDayDecayingPercentileScore":54.7621314741036,"scoresByDay":[54.7621314741036],"rankSummary":{"mean":665,"median":665,"max":665,"min":665},"percentileSummary":{"mean":83.46613545816733,"median":83.46613545816733,"max":83.46613545816733,"min":83.46613545816733}}