{"name":"Spurley","scoreData":{"2020-10-01":{"id":76561198044666750,"name":"Spurley","score":16400,"level":3,"character":3,"platform":18,"runframes":12151,"runend":1020,"unknown1":1877,"unknown2":281,"rank":3713,"percentile":51.75461398492332}},"tenDayPercentiles":[],"tenDayDecayingPercentileScore":0,"scoresByDay":[],"rankSummary":{"mean":3713,"median":3713,"max":3713,"min":3713},"percentileSummary":{"mean":51.75461398492332,"median":51.75461398492332,"max":51.75461398492332,"min":51.75461398492332}}