{"name":"Sputnik","scoreData":{"2020-10-04":{"id":76561198154054980,"name":"Sputnik","score":31925,"level":5,"character":5,"platform":18,"runframes":16306,"runend":1018,"unknown1":1818,"unknown2":796,"rank":1262,"percentile":83.21352502662407}},"tenDayPercentiles":[],"tenDayDecayingPercentileScore":0,"scoresByDay":[],"rankSummary":{"mean":1262,"median":1262,"max":1262,"min":1262},"percentileSummary":{"mean":83.21352502662407,"median":83.21352502662407,"max":83.21352502662407,"min":83.21352502662407}}