{"name":"SquirrelyDan","scoreData":{"2020-10-26":{"id":76561198044332030,"name":"SquirrelyDan","score":36950,"level":5,"character":8,"platform":18,"runframes":27353,"runend":1018,"unknown1":4294966136,"unknown2":4294963794,"rank":1789,"percentile":64.66403162055336}},"tenDayPercentiles":[],"tenDayDecayingPercentileScore":0,"scoresByDay":[],"rankSummary":{"mean":1789,"median":1789,"max":1789,"min":1789},"percentileSummary":{"mean":64.66403162055336,"median":64.66403162055336,"max":64.66403162055336,"min":64.66403162055336}}