{"name":"squich","scoreData":{"2020-10-02":{"id":76561198245277820,"name":"squich","score":5200,"level":3,"character":0,"platform":18,"runframes":4999,"runend":1020,"unknown1":4294963123,"unknown2":251,"rank":3666,"percentile":50.89106257537183}},"tenDayPercentiles":[],"tenDayDecayingPercentileScore":0,"scoresByDay":[],"rankSummary":{"mean":3666,"median":3666,"max":3666,"min":3666},"percentileSummary":{"mean":50.89106257537183,"median":50.89106257537183,"max":50.89106257537183,"min":50.89106257537183}}