{"name":"squirrlyjr","scoreData":{"2020-11-08":{"id":76561198018489170,"name":"squirrlyjr","score":2000,"level":2,"character":2,"platform":18,"runframes":5489,"runend":1021,"unknown1":4294966073,"unknown2":10,"rank":3649,"percentile":22.62990455991516}},"tenDayPercentiles":[],"tenDayDecayingPercentileScore":0,"scoresByDay":[],"rankSummary":{"mean":3649,"median":3649,"max":3649,"min":3649},"percentileSummary":{"mean":22.62990455991516,"median":22.62990455991516,"max":22.62990455991516,"min":22.62990455991516}}