{"name":"squicksquick","scoreData":{"2020-10-26":{"id":1122337821151339300,"name":"squicksquick","score":32625,"level":6,"character":8,"platform":48,"runframes":36090,"runend":1017,"unknown1":4294963578,"unknown2":4294963896,"rank":1524,"percentile":69.90118577075098}},"tenDayPercentiles":[],"tenDayDecayingPercentileScore":0,"scoresByDay":[],"rankSummary":{"mean":1524,"median":1524,"max":1524,"min":1524},"percentileSummary":{"mean":69.90118577075098,"median":69.90118577075098,"max":69.90118577075098,"min":69.90118577075098}}