{"name":"Squillybadilly","scoreData":{"2020-11-02":{"id":76561199176414540,"name":"Squillybadilly","score":12400,"level":2,"character":7,"platform":48,"runframes":4460,"runend":1021,"unknown1":759,"unknown2":939,"rank":3674,"percentile":17.88508830762352}},"tenDayPercentiles":[],"tenDayDecayingPercentileScore":0,"scoresByDay":[],"rankSummary":{"mean":3674,"median":3674,"max":3674,"min":3674},"percentileSummary":{"mean":17.88508830762352,"median":17.88508830762352,"max":17.88508830762352,"min":17.88508830762352}}