{"name":"☆Srburp☆","scoreData":{"2020-10-25":{"id":76561198011698180,"name":"☆Srburp☆","score":5300,"level":5,"character":5,"platform":18,"runframes":17754,"runend":1018,"unknown1":1918,"unknown2":63,"rank":1905,"percentile":65.69369369369369}},"tenDayDecayingPercentileMean":null,"rankSummary":{"mean":1905,"median":1905,"max":1905,"min":1905},"percentileSummary":{"mean":65.69369369369369,"median":65.69369369369369,"max":65.69369369369369,"min":65.69369369369369}}