{"name":"ssquidi_sx","scoreData":{"2020-10-06":{"id":76561197985726690,"name":"ssquidi_sx","score":6700,"level":2,"character":0,"platform":18,"runframes":5532,"runend":1021,"unknown1":679,"unknown2":3485,"rank":5578,"percentile":17.92494481236203}},"tenDayPercentiles":[],"tenDayDecayingPercentileScore":0,"scoresByDay":[],"rankSummary":{"mean":5578,"median":5578,"max":5578,"min":5578},"percentileSummary":{"mean":17.92494481236203,"median":17.92494481236203,"max":17.92494481236203,"min":17.92494481236203}}