{"name":"Stan_Stansman","scoreData":{"2020-10-05":{"id":76561198146699620,"name":"Stan_Stansman","score":6400,"level":4,"character":3,"platform":48,"runframes":16105,"runend":1019,"unknown1":4294966288,"unknown2":4970,"rank":3393,"percentile":50.205519671168524}},"tenDayPercentiles":[],"tenDayDecayingPercentileScore":0,"scoresByDay":[],"rankSummary":{"mean":3393,"median":3393,"max":3393,"min":3393},"percentileSummary":{"mean":50.205519671168524,"median":50.205519671168524,"max":50.205519671168524,"min":50.205519671168524}}