{"name":"starfighterH2O","scoreData":{"2020-10-14":{"id":76561198439172910,"name":"starfighterH2O","score":3600,"level":1,"character":3,"platform":18,"runframes":3157,"runend":1022,"unknown1":2180,"unknown2":6,"rank":4361,"percentile":21.18582791033984}},"tenDayPercentiles":[],"tenDayDecayingPercentileScore":0,"scoresByDay":[],"rankSummary":{"mean":4361,"median":4361,"max":4361,"min":4361},"percentileSummary":{"mean":21.18582791033984,"median":21.18582791033984,"max":21.18582791033984,"min":21.18582791033984}}