{"name":"starBlinky01","scoreData":{"2020-09-17":{"id":4436760818219572000,"name":"starBlinky01","score":3600,"level":2,"character":2,"platform":48,"runframes":7468,"runend":1021,"unknown1":329,"unknown2":4294966798,"rank":1911,"percentile":32.43721259285462}},"tenDayPercentiles":[],"tenDayDecayingPercentileScore":0,"scoresByDay":[],"rankSummary":{"mean":1911,"median":1911,"max":1911,"min":1911},"percentileSummary":{"mean":32.43721259285462,"median":32.43721259285462,"max":32.43721259285462,"min":32.43721259285462}}