{"name":"Starney Binson","scoreData":{"2020-10-17":{"id":76561197995489890,"name":"Starney Binson","score":31650,"level":6,"character":3,"platform":18,"runframes":25643,"runend":1017,"unknown1":484,"unknown2":1140,"rank":1640,"percentile":71.9733242134063}},"tenDayDecayingPercentileMean":null,"rankSummary":{"mean":1640,"median":1640,"max":1640,"min":1640},"percentileSummary":{"mean":71.9733242134063,"median":71.9733242134063,"max":71.9733242134063,"min":71.9733242134063}}