{"name":"Staris11","scoreData":{"2020-10-10":{"id":9172070859549712000,"name":"Staris11","score":14600,"level":5,"character":3,"platform":48,"runframes":12757,"runend":1018,"unknown1":4294963310,"unknown2":1144,"rank":958,"percentile":85.49120679199515}},"tenDayPercentiles":[],"tenDayDecayingPercentileScore":0,"scoresByDay":[],"rankSummary":{"mean":958,"median":958,"max":958,"min":958},"percentileSummary":{"mean":85.49120679199515,"median":85.49120679199515,"max":85.49120679199515,"min":85.49120679199515}}