{"name":"Starth","scoreData":{"2020-11-18":{"id":76561198018462900,"name":"Starth","score":23875,"level":6,"character":7,"platform":18,"runframes":20572,"runend":1017,"unknown1":1937,"unknown2":3946,"rank":1583,"percentile":60.60756972111554}},"tenDayPercentiles":[60.60756972111554],"tenDayDecayingPercentileScore":39.764626494023915,"scoresByDay":[39.764626494023915],"rankSummary":{"mean":1583,"median":1583,"max":1583,"min":1583},"percentileSummary":{"mean":60.60756972111554,"median":60.60756972111554,"max":60.60756972111554,"min":60.60756972111554}}