{"name":"Starmehn","scoreData":{"2020-10-10":{"id":76561198013456850,"name":"Starmehn","score":1800,"level":1,"character":4,"platform":18,"runframes":3382,"runend":1022,"unknown1":280,"unknown2":225,"rank":5832,"percentile":11.597938144329902}},"tenDayPercentiles":[],"tenDayDecayingPercentileScore":0,"scoresByDay":[],"rankSummary":{"mean":5832,"median":5832,"max":5832,"min":5832},"percentileSummary":{"mean":11.597938144329902,"median":11.597938144329902,"max":11.597938144329902,"min":11.597938144329902}}