{"name":"STARVING BUDDHA","scoreData":{"2020-10-06":{"id":76561198027902270,"name":"STARVING BUDDHA","score":18750,"level":5,"character":4,"platform":18,"runframes":52859,"runend":1018,"unknown1":2218,"unknown2":4294963016,"rank":1934,"percentile":71.55261221486387}},"tenDayDecayingPercentileMean":null,"rankSummary":{"mean":1934,"median":1934,"max":1934,"min":1934},"percentileSummary":{"mean":71.55261221486387,"median":71.55261221486387,"max":71.55261221486387,"min":71.55261221486387}}