{"name":"StealthGunner85","scoreData":{"2020-10-05":{"id":5647378919227507000,"name":"StealthGunner85","score":0,"level":1,"character":3,"platform":18,"runframes":1035,"runend":1022,"unknown1":4294962758,"unknown2":1422,"rank":6790,"percentile":0.3376394597768666}},"tenDayPercentiles":[],"tenDayDecayingPercentileScore":0,"scoresByDay":[],"rankSummary":{"mean":6790,"median":6790,"max":6790,"min":6790},"percentileSummary":{"mean":0.3376394597768666,"median":0.3376394597768666,"max":0.3376394597768666,"min":0.3376394597768666}}