{"name":"Steelsoup","scoreData":{"2020-09-16":{"id":7392223110211824000,"name":"Steelsoup","score":19500,"level":2,"character":0,"platform":48,"runframes":10809,"runend":1021,"unknown1":233,"unknown2":1237,"rank":1491,"percentile":51.71743357096565}},"tenDayPercentiles":[],"tenDayDecayingPercentileScore":0,"scoresByDay":[],"rankSummary":{"mean":1491,"median":1491,"max":1491,"min":1491},"percentileSummary":{"mean":51.71743357096565,"median":51.71743357096565,"max":51.71743357096565,"min":51.71743357096565}}