{"name":"SteelyJoe","scoreData":{"2020-11-16":{"id":76561198023730610,"name":"SteelyJoe","score":43925,"level":6,"character":15,"platform":48,"runframes":44782,"runend":1017,"unknown1":4294967086,"unknown2":33,"rank":1002,"percentile":74.35963114754098}},"tenDayPercentiles":[74.35963114754098],"tenDayDecayingPercentileScore":48.78735399590165,"scoresByDay":[48.78735399590165],"rankSummary":{"mean":1002,"median":1002,"max":1002,"min":1002},"percentileSummary":{"mean":74.35963114754098,"median":74.35963114754098,"max":74.35963114754098,"min":74.35963114754098}}