{"name":"Steelcap","scoreData":{"2020-09-30":{"id":76561199432152100,"name":"Steelcap","score":900,"level":3,"character":7,"platform":18,"runframes":9709,"runend":1020,"unknown1":1140,"unknown2":4294964801,"rank":4136,"percentile":46.46556188503366}},"tenDayPercentiles":[],"tenDayDecayingPercentileScore":0,"scoresByDay":[],"rankSummary":{"mean":4136,"median":4136,"max":4136,"min":4136},"percentileSummary":{"mean":46.46556188503366,"median":46.46556188503366,"max":46.46556188503366,"min":46.46556188503366}}