{"name":"SteG-DCFC","scoreData":{"2020-10-18":{"id":76561197973914640,"name":"SteG-DCFC","score":1300,"level":1,"character":4,"platform":48,"runframes":2366,"runend":1022,"unknown1":4294961677,"unknown2":4294962414,"rank":5759,"percentile":2.8677462887989265}},"tenDayPercentiles":[],"tenDayDecayingPercentileScore":0,"scoresByDay":[],"rankSummary":{"mean":5759,"median":5759,"max":5759,"min":5759},"percentileSummary":{"mean":2.8677462887989265,"median":2.8677462887989265,"max":2.8677462887989265,"min":2.8677462887989265}}