{"name":"Stegisaur","scoreData":{"2020-10-11":{"id":76561198081794160,"name":"Stegisaur","score":78425,"level":9,"character":2,"platform":18,"runframes":52999,"runend":1014,"unknown1":4127,"unknown2":2956,"rank":495,"percentile":92.22047244094489}},"tenDayPercentiles":[],"tenDayDecayingPercentileScore":0,"scoresByDay":[],"rankSummary":{"mean":495,"median":495,"max":495,"min":495},"percentileSummary":{"mean":92.22047244094489,"median":92.22047244094489,"max":92.22047244094489,"min":92.22047244094489}}