{"name":"Stender","scoreData":{"2020-10-14":{"id":2030411958470201000,"name":"Stender","score":12000,"level":4,"character":7,"platform":18,"runframes":19723,"runend":1019,"unknown1":4294967247,"unknown2":571,"rank":2446,"percentile":55.802603036876356}},"tenDayPercentiles":[],"tenDayDecayingPercentileScore":0,"scoresByDay":[],"rankSummary":{"mean":2446,"median":2446,"max":2446,"min":2446},"percentileSummary":{"mean":55.802603036876356,"median":55.802603036876356,"max":55.802603036876356,"min":55.802603036876356}}