{"name":"Stephan-Kutscher","scoreData":{"2020-11-22":{"id":3457689899060809700,"name":"Stephan-Kutscher","score":2500,"level":2,"character":0,"platform":48,"runframes":15079,"runend":1021,"unknown1":17,"unknown2":4294963444,"rank":3404,"percentile":14.903725931482867}},"tenDayPercentiles":[],"tenDayDecayingPercentileScore":0,"scoresByDay":[],"rankSummary":{"mean":3404,"median":3404,"max":3404,"min":3404},"percentileSummary":{"mean":14.903725931482867,"median":14.903725931482867,"max":14.903725931482867,"min":14.903725931482867}}