{"name":"Stephen_-w-","scoreData":{"2020-09-20":{"id":1527092909373683700,"name":"Stephen_-w-","score":3500,"level":1,"character":0,"platform":48,"runframes":978,"runend":1022,"unknown1":175,"unknown2":4294967216,"rank":2816,"percentile":5.346334902488238}},"tenDayPercentiles":[],"tenDayDecayingPercentileScore":0,"scoresByDay":[],"rankSummary":{"mean":2816,"median":2816,"max":2816,"min":2816},"percentileSummary":{"mean":5.346334902488238,"median":5.346334902488238,"max":5.346334902488238,"min":5.346334902488238}}