{"name":"stephenpearse198","scoreData":{"2020-09-20":{"id":4865289971093337000,"name":"stephenpearse198","score":2300,"level":2,"character":3,"platform":48,"runframes":3380,"runend":1021,"unknown1":4294965532,"unknown2":4294966923,"rank":2345,"percentile":21.183591123066577}},"tenDayPercentiles":[],"tenDayDecayingPercentileScore":0,"scoresByDay":[],"rankSummary":{"mean":2345,"median":2345,"max":2345,"min":2345},"percentileSummary":{"mean":21.183591123066577,"median":21.183591123066577,"max":21.183591123066577,"min":21.183591123066577}}