{"name":"stevenkamppi68","scoreData":{"2020-09-29":{"id":76561198064205280,"name":"stevenkamppi68","score":36500,"level":5,"character":7,"platform":48,"runframes":20174,"runend":1018,"unknown1":4294961867,"unknown2":4294963205,"rank":1191,"percentile":78.71959942775393}},"tenDayPercentiles":[],"tenDayDecayingPercentileScore":0,"scoresByDay":[],"rankSummary":{"mean":1191,"median":1191,"max":1191,"min":1191},"percentileSummary":{"mean":78.71959942775393,"median":78.71959942775393,"max":78.71959942775393,"min":78.71959942775393}}