{"name":"StevoMcSteveMan","scoreData":{"2020-10-03":{"id":76561198044676270,"name":"StevoMcSteveMan","score":3400,"level":2,"character":1,"platform":18,"runframes":11118,"runend":1021,"unknown1":652,"unknown2":121,"rank":6351,"percentile":19.5998987085338}},"tenDayPercentiles":[],"tenDayDecayingPercentileScore":0,"scoresByDay":[],"rankSummary":{"mean":6351,"median":6351,"max":6351,"min":6351},"percentileSummary":{"mean":19.5998987085338,"median":19.5998987085338,"max":19.5998987085338,"min":19.5998987085338}}