{"name":"StevanRaptor","scoreData":{"2020-11-18":{"id":5194183332985377000,"name":"StevanRaptor","score":44300,"level":5,"character":7,"platform":18,"runframes":21103,"runend":1018,"unknown1":476,"unknown2":4294964896,"rank":1850,"percentile":53.95916334661355}},"tenDayPercentiles":[53.95916334661355],"tenDayDecayingPercentileScore":43.70692231075698,"scoresByDay":[43.70692231075698],"rankSummary":{"mean":1850,"median":1850,"max":1850,"min":1850},"percentileSummary":{"mean":53.95916334661355,"median":53.95916334661355,"max":53.95916334661355,"min":53.95916334661355}}