{"name":"Stewiemgs4","scoreData":{"2020-09-17":{"id":544291379032269250,"name":"Stewiemgs4","score":1000,"level":1,"character":0,"platform":48,"runframes":2738,"runend":1022,"unknown1":1249,"unknown2":150,"rank":2771,"percentile":2.0162716660771167}},"tenDayPercentiles":[],"tenDayDecayingPercentileScore":0,"scoresByDay":[],"rankSummary":{"mean":2771,"median":2771,"max":2771,"min":2771},"percentileSummary":{"mean":2.0162716660771167,"median":2.0162716660771167,"max":2.0162716660771167,"min":2.0162716660771167}}