{"name":"StGhaleon","scoreData":{"2020-09-19":{"id":8111828806939037000,"name":"StGhaleon","score":5200,"level":2,"character":0,"platform":48,"runframes":4951,"runend":1021,"unknown1":126,"unknown2":134,"rank":1825,"percentile":39.11882510013351}},"tenDayPercentiles":[],"tenDayDecayingPercentileScore":0,"scoresByDay":[],"rankSummary":{"mean":1825,"median":1825,"max":1825,"min":1825},"percentileSummary":{"mean":39.11882510013351,"median":39.11882510013351,"max":39.11882510013351,"min":39.11882510013351}}