{"name":"Sticky Ricky","scoreData":{"2020-10-23":{"id":76561197981601540,"name":"Sticky Ricky","score":51025,"level":6,"character":18,"platform":18,"runframes":33183,"runend":1017,"unknown1":4294967030,"unknown2":2232,"rank":1612,"percentile":69.14384217582838}},"tenDayDecayingPercentileMean":null,"rankSummary":{"mean":1612,"median":1612,"max":1612,"min":1612},"percentileSummary":{"mean":69.14384217582838,"median":69.14384217582838,"max":69.14384217582838,"min":69.14384217582838}}