{"name":"StigLightyear","scoreData":{"2020-09-19":{"id":2414168474172080600,"name":"StigLightyear","score":5500,"level":2,"character":1,"platform":48,"runframes":4423,"runend":1021,"unknown1":4294966125,"unknown2":916,"rank":1793,"percentile":40.186915887850475}},"tenDayPercentiles":[],"tenDayDecayingPercentileScore":0,"scoresByDay":[],"rankSummary":{"mean":1793,"median":1793,"max":1793,"min":1793},"percentileSummary":{"mean":40.186915887850475,"median":40.186915887850475,"max":40.186915887850475,"min":40.186915887850475}}