{"name":"stjoeszombie","scoreData":{"2020-09-16":{"id":4927869910361611000,"name":"stjoeszombie","score":15100,"level":3,"character":3,"platform":48,"runframes":15448,"runend":1020,"unknown1":4294966539,"unknown2":1747,"rank":973,"percentile":68.50291639662994}},"tenDayPercentiles":[],"tenDayDecayingPercentileScore":0,"scoresByDay":[],"rankSummary":{"mean":973,"median":973,"max":973,"min":973},"percentileSummary":{"mean":68.50291639662994,"median":68.50291639662994,"max":68.50291639662994,"min":68.50291639662994}}