{"name":"stonecold1","scoreData":{"2020-09-17":{"id":4533204042025745000,"name":"stonecold1","score":15200,"level":3,"character":2,"platform":48,"runframes":13777,"runend":1020,"unknown1":794,"unknown2":4294966212,"rank":1148,"percentile":59.42695436858861}},"tenDayPercentiles":[],"tenDayDecayingPercentileScore":0,"scoresByDay":[],"rankSummary":{"mean":1148,"median":1148,"max":1148,"min":1148},"percentileSummary":{"mean":59.42695436858861,"median":59.42695436858861,"max":59.42695436858861,"min":59.42695436858861}}