{"name":"stonegiantms420","scoreData":{"2020-10-15":{"id":76561198099800290,"name":"stonegiantms420","score":13700,"level":2,"character":4,"platform":18,"runframes":11189,"runend":1021,"unknown1":2466,"unknown2":2803,"rank":4281,"percentile":25.655723467083547}},"tenDayPercentiles":[],"tenDayDecayingPercentileScore":0,"scoresByDay":[],"rankSummary":{"mean":4281,"median":4281,"max":4281,"min":4281},"percentileSummary":{"mean":25.655723467083547,"median":25.655723467083547,"max":25.655723467083547,"min":25.655723467083547}}