{"name":"stonechalice","scoreData":{"2020-09-21":{"id":3442185534155849000,"name":"stonechalice","score":5600,"level":2,"character":2,"platform":48,"runframes":6734,"runend":1021,"unknown1":472,"unknown2":80,"rank":1787,"percentile":28.474169002803364}},"tenDayPercentiles":[],"tenDayDecayingPercentileScore":0,"scoresByDay":[],"rankSummary":{"mean":1787,"median":1787,"max":1787,"min":1787},"percentileSummary":{"mean":28.474169002803364,"median":28.474169002803364,"max":28.474169002803364,"min":28.474169002803364}}