{"name":"StormSpark","scoreData":{"2020-10-11":{"id":76561197964063330,"name":"StormSpark","score":30800,"level":4,"character":0,"platform":18,"runframes":27722,"runend":1019,"unknown1":4294962656,"unknown2":347,"rank":2362,"percentile":62.818897637795274}},"tenDayPercentiles":[],"tenDayDecayingPercentileScore":0,"scoresByDay":[],"rankSummary":{"mean":2362,"median":2362,"max":2362,"min":2362},"percentileSummary":{"mean":62.818897637795274,"median":62.818897637795274,"max":62.818897637795274,"min":62.818897637795274}}