{"name":"Storm Blessed","scoreData":{"2020-10-04":{"id":76561197972088860,"name":"Storm Blessed","score":11600,"level":3,"character":3,"platform":18,"runframes":16020,"runend":1020,"unknown1":4294961517,"unknown2":498,"rank":4279,"percentile":43.05111821086262}},"tenDayPercentiles":[],"tenDayDecayingPercentileScore":0,"scoresByDay":[],"rankSummary":{"mean":4279,"median":4279,"max":4279,"min":4279},"percentileSummary":{"mean":43.05111821086262,"median":43.05111821086262,"max":43.05111821086262,"min":43.05111821086262}}