{"name":"Stormzeln","scoreData":{"2020-11-17":{"id":8975447616439740000,"name":"Stormzeln","score":38400,"level":5,"character":16,"platform":48,"runframes":24322,"runend":1018,"unknown1":1669,"unknown2":3686,"rank":1051,"percentile":73.20061255742726}},"tenDayPercentiles":[73.20061255742726],"tenDayDecayingPercentileScore":59.292496171516085,"scoresByDay":[59.292496171516085],"rankSummary":{"mean":1051,"median":1051,"max":1051,"min":1051},"percentileSummary":{"mean":73.20061255742726,"median":73.20061255742726,"max":73.20061255742726,"min":73.20061255742726}}