{"name":"STPxJingles","scoreData":{"2020-10-16":{"id":76561198025382000,"name":"STPxJingles","score":16500,"level":2,"character":0,"platform":48,"runframes":13173,"runend":1021,"unknown1":1688,"unknown2":4294966722,"rank":3587,"percentile":36.0442304262529}},"tenDayPercentiles":[],"tenDayDecayingPercentileScore":0,"scoresByDay":[],"rankSummary":{"mean":3587,"median":3587,"max":3587,"min":3587},"percentileSummary":{"mean":36.0442304262529,"median":36.0442304262529,"max":36.0442304262529,"min":36.0442304262529}}