{"name":"Stray Wolf","scoreData":{"2020-10-09":{"id":76561198376698500,"name":"Stray Wolf","score":6600,"level":1,"character":6,"platform":18,"runframes":1748,"runend":1022,"unknown1":1503,"unknown2":2713,"rank":5693,"percentile":9.247448979591837}},"tenDayDecayingPercentileMean":null,"rankSummary":{"mean":5693,"median":5693,"max":5693,"min":5693},"percentileSummary":{"mean":9.247448979591837,"median":9.247448979591837,"max":9.247448979591837,"min":9.247448979591837}}