{"name":"StrangeLizard","scoreData":{"2020-10-15":{"id":76561198046735490,"name":"StrangeLizard","score":7000,"level":2,"character":7,"platform":18,"runframes":3626,"runend":1021,"unknown1":965,"unknown2":279,"rank":4854,"percentile":15.702622893868337}},"tenDayPercentiles":[],"tenDayDecayingPercentileScore":0,"scoresByDay":[],"rankSummary":{"mean":4854,"median":4854,"max":4854,"min":4854},"percentileSummary":{"mean":15.702622893868337,"median":15.702622893868337,"max":15.702622893868337,"min":15.702622893868337}}