{"name":"Stranger","scoreData":{"2020-09-29":{"id":76561197960362320,"name":"Stranger","score":4600,"level":2,"character":2,"platform":18,"runframes":7102,"runend":1021,"unknown1":4294964192,"unknown2":4294966726,"rank":4315,"percentile":22.85407725321889}},"tenDayPercentiles":[],"tenDayDecayingPercentileScore":0,"scoresByDay":[],"rankSummary":{"mean":4315,"median":4315,"max":4315,"min":4315},"percentileSummary":{"mean":22.85407725321889,"median":22.85407725321889,"max":22.85407725321889,"min":22.85407725321889}}