{"name":"Straxi","scoreData":{"2020-10-07":{"id":76561198113125180,"name":"Straxi","score":3300,"level":1,"character":0,"platform":18,"runframes":2494,"runend":1022,"unknown1":2122,"unknown2":1076,"rank":6022,"percentile":7.709993868792154}},"tenDayPercentiles":[],"tenDayDecayingPercentileScore":0,"scoresByDay":[],"rankSummary":{"mean":6022,"median":6022,"max":6022,"min":6022},"percentileSummary":{"mean":7.709993868792154,"median":7.709993868792154,"max":7.709993868792154,"min":7.709993868792154}}