{"name":"sTRANGER10","scoreData":{"2020-10-04":{"id":76561198066887520,"name":"sTRANGER10","score":5900,"level":2,"character":6,"platform":18,"runframes":7334,"runend":1021,"unknown1":6,"unknown2":6,"rank":5639,"percentile":24.946751863684767}},"tenDayPercentiles":[],"tenDayDecayingPercentileScore":0,"scoresByDay":[],"rankSummary":{"mean":5639,"median":5639,"max":5639,"min":5639},"percentileSummary":{"mean":24.946751863684767,"median":24.946751863684767,"max":24.946751863684767,"min":24.946751863684767}}