{"name":"Strange Child","scoreData":{"2020-11-18":{"id":722894566364466800,"name":"Strange Child","score":56600,"level":6,"character":7,"platform":18,"runframes":25319,"runend":1017,"unknown1":1014,"unknown2":4294967292,"rank":1077,"percentile":73.20717131474103}},"tenDayPercentiles":[73.20717131474103],"tenDayDecayingPercentileScore":53.36802788844622,"scoresByDay":[53.36802788844622],"rankSummary":{"mean":1077,"median":1077,"max":1077,"min":1077},"percentileSummary":{"mean":73.20717131474103,"median":73.20717131474103,"max":73.20717131474103,"min":73.20717131474103}}