{"name":"StrafeMcgee","scoreData":{"2020-09-18":{"id":2997448152326015500,"name":"StrafeMcgee","score":27775,"level":9,"character":0,"platform":48,"runframes":49581,"runend":1014,"unknown1":4294965882,"unknown2":4294964691,"rank":135,"percentile":95.20743919885551}},"tenDayPercentiles":[],"tenDayDecayingPercentileScore":0,"scoresByDay":[],"rankSummary":{"mean":135,"median":135,"max":135,"min":135},"percentileSummary":{"mean":95.20743919885551,"median":95.20743919885551,"max":95.20743919885551,"min":95.20743919885551}}