{"name":"Strange_Aeons","scoreData":{"2020-10-01":{"id":6978024718068594000,"name":"Strange_Aeons","score":15800,"level":3,"character":0,"platform":18,"runframes":26724,"runend":1020,"unknown1":3751,"unknown2":273,"rank":3737,"percentile":51.44268260982584}},"tenDayPercentiles":[],"tenDayDecayingPercentileScore":0,"scoresByDay":[],"rankSummary":{"mean":3737,"median":3737,"max":3737,"min":3737},"percentileSummary":{"mean":51.44268260982584,"median":51.44268260982584,"max":51.44268260982584,"min":51.44268260982584}}