{"name":"Strellsons","scoreData":{"2020-09-19":{"id":5953207848135092000,"name":"Strellsons","score":3300,"level":1,"character":0,"platform":48,"runframes":2354,"runend":1022,"unknown1":4294966417,"unknown2":233,"rank":2681,"percentile":10.547396528704951}},"tenDayPercentiles":[],"tenDayDecayingPercentileScore":0,"scoresByDay":[],"rankSummary":{"mean":2681,"median":2681,"max":2681,"min":2681},"percentileSummary":{"mean":10.547396528704951,"median":10.547396528704951,"max":10.547396528704951,"min":10.547396528704951}}