{"name":"Strobby","scoreData":{"2020-10-11":{"id":76561198057159980,"name":"Strobby","score":500,"level":3,"character":18,"platform":18,"runframes":1308,"runend":1020,"unknown1":3033,"unknown2":331,"rank":4508,"percentile":29.02362204724409}},"tenDayPercentiles":[],"tenDayDecayingPercentileScore":0,"scoresByDay":[],"rankSummary":{"mean":4508,"median":4508,"max":4508,"min":4508},"percentileSummary":{"mean":29.02362204724409,"median":29.02362204724409,"max":29.02362204724409,"min":29.02362204724409}}