{"name":"Stryk","scoreData":{"2020-10-10":{"id":76561197972342420,"name":"Stryk","score":2600,"level":1,"character":3,"platform":18,"runframes":3839,"runend":1022,"unknown1":1130,"unknown2":4294964924,"rank":5572,"percentile":15.539721043056403}},"tenDayPercentiles":[],"tenDayDecayingPercentileScore":0,"scoresByDay":[],"rankSummary":{"mean":5572,"median":5572,"max":5572,"min":5572},"percentileSummary":{"mean":15.539721043056403,"median":15.539721043056403,"max":15.539721043056403,"min":15.539721043056403}}