{"name":"StuffedInABoxEgg","scoreData":{"2020-09-19":{"id":769111542321959400,"name":"StuffedInABoxEgg","score":4800,"level":2,"character":0,"platform":48,"runframes":4487,"runend":1021,"unknown1":4294966560,"unknown2":1425,"rank":1853,"percentile":38.184245660881174}},"tenDayPercentiles":[],"tenDayDecayingPercentileScore":0,"scoresByDay":[],"rankSummary":{"mean":1853,"median":1853,"max":1853,"min":1853},"percentileSummary":{"mean":38.184245660881174,"median":38.184245660881174,"max":38.184245660881174,"min":38.184245660881174}}