{"name":"StumpyLake","scoreData":{"2020-10-06":{"id":356000408670634600,"name":"StumpyLake","score":9200,"level":2,"character":2,"platform":18,"runframes":9404,"runend":1021,"unknown1":4294964491,"unknown2":108,"rank":5262,"percentile":22.57542310522443}},"tenDayPercentiles":[],"tenDayDecayingPercentileScore":0,"scoresByDay":[],"rankSummary":{"mean":5262,"median":5262,"max":5262,"min":5262},"percentileSummary":{"mean":22.57542310522443,"median":22.57542310522443,"max":22.57542310522443,"min":22.57542310522443}}