{"name":"Stunkel","scoreData":{"2020-11-08":{"id":76561198892360600,"name":"Stunkel","score":14600,"level":3,"character":0,"platform":18,"runframes":11617,"runend":1020,"unknown1":4294966941,"unknown2":4294965888,"rank":2122,"percentile":55.01590668080594}},"tenDayPercentiles":[],"tenDayDecayingPercentileScore":0,"scoresByDay":[],"rankSummary":{"mean":2122,"median":2122,"max":2122,"min":2122},"percentileSummary":{"mean":55.01590668080594,"median":55.01590668080594,"max":55.01590668080594,"min":55.01590668080594}}