{"name":"stupidfred","scoreData":{"2020-10-13":{"id":76561197970689230,"name":"stupidfred","score":14800,"level":2,"character":9,"platform":18,"runframes":7649,"runend":1021,"unknown1":649,"unknown2":145,"rank":3825,"percentile":34.7996589940324}},"tenDayPercentiles":[],"tenDayDecayingPercentileScore":0,"scoresByDay":[],"rankSummary":{"mean":3825,"median":3825,"max":3825,"min":3825},"percentileSummary":{"mean":34.7996589940324,"median":34.7996589940324,"max":34.7996589940324,"min":34.7996589940324}}