{"name":"SubjectTwiggy","scoreData":{"2020-10-19":{"id":76561197967718900,"name":"SubjectTwiggy","score":7625,"level":6,"character":0,"platform":48,"runframes":37808,"runend":1017,"unknown1":4294964384,"unknown2":280,"rank":1307,"percentile":75.5796559461481}},"tenDayPercentiles":[],"tenDayDecayingPercentileScore":0,"scoresByDay":[],"rankSummary":{"mean":1307,"median":1307,"max":1307,"min":1307},"percentileSummary":{"mean":75.5796559461481,"median":75.5796559461481,"max":75.5796559461481,"min":75.5796559461481}}