{"name":"SuckMyBootyhole","scoreData":{"2020-10-02":{"id":76561197997417470,"name":"SuckMyBootyhole","score":9600,"level":2,"character":4,"platform":18,"runframes":11274,"runend":1021,"unknown1":4294965499,"unknown2":137,"rank":4643,"percentile":37.799812407878875}},"tenDayPercentiles":[],"tenDayDecayingPercentileScore":0,"scoresByDay":[],"rankSummary":{"mean":4643,"median":4643,"max":4643,"min":4643},"percentileSummary":{"mean":37.799812407878875,"median":37.799812407878875,"max":37.799812407878875,"min":37.799812407878875}}