{"name":"SuedeCurtis","scoreData":{"2020-09-16":{"id":4754445934344999000,"name":"SuedeCurtis","score":10000,"level":2,"character":1,"platform":48,"runframes":5765,"runend":1021,"unknown1":856,"unknown2":691,"rank":2259,"percentile":26.830848995463384}},"tenDayPercentiles":[],"tenDayDecayingPercentileScore":0,"scoresByDay":[],"rankSummary":{"mean":2259,"median":2259,"max":2259,"min":2259},"percentileSummary":{"mean":26.830848995463384,"median":26.830848995463384,"max":26.830848995463384,"min":26.830848995463384}}