{"name":"sugarierport203","scoreData":{"2020-09-21":{"id":1144269887016456300,"name":"sugarierport203","score":47125,"level":6,"character":0,"platform":48,"runframes":49397,"runend":1017,"unknown1":1535,"unknown2":367,"rank":337,"percentile":86.54385262314777}},"tenDayPercentiles":[],"tenDayDecayingPercentileScore":0,"scoresByDay":[],"rankSummary":{"mean":337,"median":337,"max":337,"min":337},"percentileSummary":{"mean":86.54385262314777,"median":86.54385262314777,"max":86.54385262314777,"min":86.54385262314777}}