{"name":"sugthethug","scoreData":{"2020-09-25":{"id":4158686294906062300,"name":"sugthethug","score":10950,"level":4,"character":2,"platform":48,"runframes":19237,"runend":1019,"unknown1":426,"unknown2":4294966305,"rank":930,"percentile":59.57354221061793}},"tenDayPercentiles":[],"tenDayDecayingPercentileScore":0,"scoresByDay":[],"rankSummary":{"mean":930,"median":930,"max":930,"min":930},"percentileSummary":{"mean":59.57354221061793,"median":59.57354221061793,"max":59.57354221061793,"min":59.57354221061793}}