{"name":"suicidekiller3","scoreData":{"2020-09-22":{"id":4170952250726992400,"name":"suicidekiller3","score":7300,"level":2,"character":3,"platform":48,"runframes":11265,"runend":1021,"unknown1":4294966642,"unknown2":4294966163,"rank":1369,"percentile":44.43541835905768}},"tenDayPercentiles":[],"tenDayDecayingPercentileScore":0,"scoresByDay":[],"rankSummary":{"mean":1369,"median":1369,"max":1369,"min":1369},"percentileSummary":{"mean":44.43541835905768,"median":44.43541835905768,"max":44.43541835905768,"min":44.43541835905768}}