{"name":"Suiseiseki","scoreData":{"2020-11-04":{"id":76561199003839300,"name":"Suiseiseki","score":5600,"level":1,"character":5,"platform":18,"runframes":6475,"runend":1022,"unknown1":4294966702,"unknown2":218,"rank":4313,"percentile":3.942971708621073}},"tenDayPercentiles":[],"tenDayDecayingPercentileScore":0,"scoresByDay":[],"rankSummary":{"mean":4313,"median":4313,"max":4313,"min":4313},"percentileSummary":{"mean":3.942971708621073,"median":3.942971708621073,"max":3.942971708621073,"min":3.942971708621073}}