{"name":"Sumostrawberry","scoreData":{"2020-10-06":{"id":76561198042008260,"name":"Sumostrawberry","score":67000,"level":6,"character":6,"platform":18,"runframes":35358,"runend":1017,"unknown1":1068,"unknown2":4294964521,"rank":979,"percentile":85.60706401766005}},"tenDayPercentiles":[],"tenDayDecayingPercentileScore":0,"scoresByDay":[],"rankSummary":{"mean":979,"median":979,"max":979,"min":979},"percentileSummary":{"mean":85.60706401766005,"median":85.60706401766005,"max":85.60706401766005,"min":85.60706401766005}}