{"name":"Sundance","scoreData":{"2020-10-30":{"id":76561198027839840,"name":"Sundance","score":14200,"level":3,"character":0,"platform":18,"runframes":10050,"runend":1020,"unknown1":4294965347,"unknown2":986,"rank":1671,"percentile":64.83470204253527}},"tenDayPercentiles":[],"tenDayDecayingPercentileScore":0,"scoresByDay":[],"rankSummary":{"mean":1671,"median":1671,"max":1671,"min":1671},"percentileSummary":{"mean":64.83470204253527,"median":64.83470204253527,"max":64.83470204253527,"min":64.83470204253527}}