{"name":"Sunny","scoreData":{"2020-09-30":{"id":1026417878717050000,"name":"Sunny","score":17900,"level":2,"character":0,"platform":18,"runframes":12054,"runend":1021,"unknown1":2730,"unknown2":4823,"rank":4411,"percentile":42.90523045054376}},"tenDayPercentiles":[],"tenDayDecayingPercentileScore":0,"scoresByDay":[],"rankSummary":{"mean":4411,"median":4411,"max":4411,"min":4411},"percentileSummary":{"mean":42.90523045054376,"median":42.90523045054376,"max":42.90523045054376,"min":42.90523045054376}}