{"name":"supertruckers173","scoreData":{"2020-10-17":{"id":76561198006942020,"name":"supertruckers173","score":26750,"level":7,"character":7,"platform":48,"runframes":17230,"runend":1016,"unknown1":4294962746,"unknown2":4294963159,"rank":1091,"percentile":81.3611491108071}},"tenDayPercentiles":[],"tenDayDecayingPercentileScore":0,"scoresByDay":[],"rankSummary":{"mean":1091,"median":1091,"max":1091,"min":1091},"percentileSummary":{"mean":81.3611491108071,"median":81.3611491108071,"max":81.3611491108071,"min":81.3611491108071}}