{"name":"SuperBrotendo","scoreData":{"2020-10-18":{"id":76561199037166900,"name":"SuperBrotendo","score":22400,"level":3,"character":0,"platform":18,"runframes":12065,"runend":1020,"unknown1":4294966557,"unknown2":4294964811,"rank":4438,"percentile":25.15182186234817}},"tenDayPercentiles":[],"tenDayDecayingPercentileScore":0,"scoresByDay":[],"rankSummary":{"mean":4438,"median":4438,"max":4438,"min":4438},"percentileSummary":{"mean":25.15182186234817,"median":25.15182186234817,"max":25.15182186234817,"min":25.15182186234817}}