{"name":"Supertiti62","scoreData":{"2020-09-19":{"id":5989660995114020000,"name":"Supertiti62","score":4600,"level":1,"character":0,"platform":48,"runframes":4220,"runend":1022,"unknown1":4294966395,"unknown2":847,"rank":2559,"percentile":14.619492656875835}},"tenDayPercentiles":[],"tenDayDecayingPercentileScore":0,"scoresByDay":[],"rankSummary":{"mean":2559,"median":2559,"max":2559,"min":2559},"percentileSummary":{"mean":14.619492656875835,"median":14.619492656875835,"max":14.619492656875835,"min":14.619492656875835}}