{"name":"supersoakerkid","scoreData":{"2020-10-22":{"id":1383549015593950500,"name":"supersoakerkid","score":6100,"level":2,"character":0,"platform":18,"runframes":6321,"runend":1021,"unknown1":2492,"unknown2":3806,"rank":4655,"percentile":12.30450348596193}},"tenDayPercentiles":[],"tenDayDecayingPercentileScore":0,"scoresByDay":[],"rankSummary":{"mean":4655,"median":4655,"max":4655,"min":4655},"percentileSummary":{"mean":12.30450348596193,"median":12.30450348596193,"max":12.30450348596193,"min":12.30450348596193}}