{"name":"SuperThomax","scoreData":{"2020-11-03":{"id":1513835320738684700,"name":"SuperThomax","score":18150,"level":6,"character":10,"platform":18,"runframes":37257,"runend":1017,"unknown1":1459,"unknown2":1143,"rank":1895,"percentile":57.89239662072032}},"tenDayPercentiles":[],"tenDayDecayingPercentileScore":0,"scoresByDay":[],"rankSummary":{"mean":1895,"median":1895,"max":1895,"min":1895},"percentileSummary":{"mean":57.89239662072032,"median":57.89239662072032,"max":57.89239662072032,"min":57.89239662072032}}