{"name":"SuperHaribo7","scoreData":{"2020-11-21":{"id":76561198892360600,"name":"SuperHaribo7","score":500,"level":2,"character":3,"platform":48,"runframes":2400,"runend":1021,"unknown1":2335,"unknown2":1097,"rank":3717,"percentile":10.479402553601545}},"tenDayPercentiles":[10.479402553601545],"tenDayDecayingPercentileScore":9.43146229824139,"scoresByDay":[9.43146229824139],"rankSummary":{"mean":3717,"median":3717,"max":3717,"min":3717},"percentileSummary":{"mean":10.479402553601545,"median":10.479402553601545,"max":10.479402553601545,"min":10.479402553601545}}