{"name":"super soaker","scoreData":{"2020-10-09":{"id":1681451427272901000,"name":"super soaker","score":5400,"level":2,"character":2,"platform":18,"runframes":6785,"runend":1021,"unknown1":4294965448,"unknown2":38,"rank":5251,"percentile":16.29464285714286}},"tenDayDecayingPercentileMean":null,"rankSummary":{"mean":5251,"median":5251,"max":5251,"min":5251},"percentileSummary":{"mean":16.29464285714286,"median":16.29464285714286,"max":16.29464285714286,"min":16.29464285714286}}