{"name":"Superbob_13","scoreData":{"2020-09-21":{"id":4221636865983524000,"name":"Superbob_13","score":6500,"level":3,"character":0,"platform":48,"runframes":16224,"runend":1020,"unknown1":2117,"unknown2":1878,"rank":1319,"percentile":47.21665999199038}},"tenDayPercentiles":[],"tenDayDecayingPercentileScore":0,"scoresByDay":[],"rankSummary":{"mean":1319,"median":1319,"max":1319,"min":1319},"percentileSummary":{"mean":47.21665999199038,"median":47.21665999199038,"max":47.21665999199038,"min":47.21665999199038}}