{"name":"SuperSoldier117","scoreData":{"2020-11-19":{"id":76561198055673200,"name":"SuperSoldier117","score":0,"level":1,"character":0,"platform":18,"runframes":1239,"runend":1022,"unknown1":4294965927,"unknown2":4294964499,"rank":3890,"percentile":0.435227854582692}},"tenDayPercentiles":[0.435227854582692],"tenDayDecayingPercentileScore":0.35253456221198054,"scoresByDay":[0.35253456221198054],"rankSummary":{"mean":3890,"median":3890,"max":3890,"min":3890},"percentileSummary":{"mean":0.435227854582692,"median":0.435227854582692,"max":0.435227854582692,"min":0.435227854582692}}