{"name":"superman124","scoreData":{"2020-09-18":{"id":8433191057306266000,"name":"superman124","score":13525,"level":5,"character":4,"platform":48,"runframes":45614,"runend":1018,"unknown1":4294965287,"unknown2":4294966438,"rank":1016,"percentile":63.698140200286126}},"tenDayPercentiles":[],"tenDayDecayingPercentileScore":0,"scoresByDay":[],"rankSummary":{"mean":1016,"median":1016,"max":1016,"min":1016},"percentileSummary":{"mean":63.698140200286126,"median":63.698140200286126,"max":63.698140200286126,"min":63.698140200286126}}