{"name":"supersoulstar","scoreData":{"2020-10-02":{"id":76561198070002910,"name":"supersoulstar","score":12700,"level":2,"character":7,"platform":48,"runframes":4798,"runend":1021,"unknown1":2933,"unknown2":1838,"rank":4366,"percentile":41.51145651882621}},"tenDayPercentiles":[],"tenDayDecayingPercentileScore":0,"scoresByDay":[],"rankSummary":{"mean":4366,"median":4366,"max":4366,"min":4366},"percentileSummary":{"mean":41.51145651882621,"median":41.51145651882621,"max":41.51145651882621,"min":41.51145651882621}}