{"name":"SuperS0ul","scoreData":{"2020-10-14":{"id":76561198014642000,"name":"SuperS0ul","score":500,"level":1,"character":12,"platform":18,"runframes":2336,"runend":1022,"unknown1":4294966943,"unknown2":28,"rank":4990,"percentile":9.815618221258134}},"tenDayPercentiles":[],"tenDayDecayingPercentileScore":0,"scoresByDay":[],"rankSummary":{"mean":4990,"median":4990,"max":4990,"min":4990},"percentileSummary":{"mean":9.815618221258134,"median":9.815618221258134,"max":9.815618221258134,"min":9.815618221258134}}