{"name":"superuserv","scoreData":{"2020-10-23":{"id":4171177688331841000,"name":"superuserv","score":10700,"level":2,"character":0,"platform":18,"runframes":7945,"runend":1021,"unknown1":1304,"unknown2":20,"rank":3967,"percentile":24.037540701015132}},"tenDayPercentiles":[],"tenDayDecayingPercentileScore":0,"scoresByDay":[],"rankSummary":{"mean":3967,"median":3967,"max":3967,"min":3967},"percentileSummary":{"mean":24.037540701015132,"median":24.037540701015132,"max":24.037540701015132,"min":24.037540701015132}}