{"name":"SuperWiiBros08","scoreData":{"2020-11-08":{"id":76561197988413950,"name":"SuperWiiBros08","score":4650,"level":3,"character":0,"platform":18,"runframes":16752,"runend":1020,"unknown1":2965,"unknown2":2179,"rank":2738,"percentile":41.951219512195124}},"tenDayPercentiles":[],"tenDayDecayingPercentileScore":0,"scoresByDay":[],"rankSummary":{"mean":2738,"median":2738,"max":2738,"min":2738},"percentileSummary":{"mean":41.951219512195124,"median":41.951219512195124,"max":41.951219512195124,"min":41.951219512195124}}