{"name":"Suppenkelle13","scoreData":{"2020-10-03":{"id":76561197988422160,"name":"Suppenkelle13","score":32200,"level":4,"character":16,"platform":48,"runframes":26249,"runend":1019,"unknown1":4294966195,"unknown2":4294960227,"rank":1713,"percentile":78.32362623448975}},"tenDayPercentiles":[],"tenDayDecayingPercentileScore":0,"scoresByDay":[],"rankSummary":{"mean":1713,"median":1713,"max":1713,"min":1713},"percentileSummary":{"mean":78.32362623448975,"median":78.32362623448975,"max":78.32362623448975,"min":78.32362623448975}}