{"name":"SupriseDemise","scoreData":{"2020-10-15":{"id":76561198038547950,"name":"SupriseDemise","score":5000,"level":1,"character":2,"platform":48,"runframes":1582,"runend":1022,"unknown1":4294966325,"unknown2":1167,"rank":5559,"percentile":3.4566614556192405}},"tenDayPercentiles":[],"tenDayDecayingPercentileScore":0,"scoresByDay":[],"rankSummary":{"mean":5559,"median":5559,"max":5559,"min":5559},"percentileSummary":{"mean":3.4566614556192405,"median":3.4566614556192405,"max":3.4566614556192405,"min":3.4566614556192405}}