{"name":"Surikato","scoreData":{"2020-11-11":{"id":5050449516653050000,"name":"Surikato","score":23200,"level":4,"character":2,"platform":18,"runframes":23214,"runend":1019,"unknown1":4294964707,"unknown2":4294963504,"rank":2448,"percentile":44.98651079136691}},"tenDayPercentiles":[44.98651079136691],"tenDayDecayingPercentileScore":17.42869600919515,"scoresByDay":[17.42869600919515],"rankSummary":{"mean":2448,"median":2448,"max":2448,"min":2448},"percentileSummary":{"mean":44.98651079136691,"median":44.98651079136691,"max":44.98651079136691,"min":44.98651079136691}}