{"name":"SUS_Riccardodd","scoreData":{"2020-10-20":{"id":76561198048878030,"name":"SUS_Riccardodd","score":4000,"level":3,"character":0,"platform":48,"runframes":12360,"runend":1020,"unknown1":4294966444,"unknown2":4294967200,"rank":4244,"percentile":21.425925925925924}},"tenDayPercentiles":[],"tenDayDecayingPercentileScore":0,"scoresByDay":[],"rankSummary":{"mean":4244,"median":4244,"max":4244,"min":4244},"percentileSummary":{"mean":21.425925925925924,"median":21.425925925925924,"max":21.425925925925924,"min":21.425925925925924}}