{"name":"svenbooo2","scoreData":{"2020-09-16":{"id":2475970792982537000,"name":"svenbooo2","score":7300,"level":1,"character":2,"platform":48,"runframes":6070,"runend":1022,"unknown1":4294966440,"unknown2":135,"rank":2640,"percentile":14.484769928710307}},"tenDayPercentiles":[],"tenDayDecayingPercentileScore":0,"scoresByDay":[],"rankSummary":{"mean":2640,"median":2640,"max":2640,"min":2640},"percentileSummary":{"mean":14.484769928710307,"median":14.484769928710307,"max":14.484769928710307,"min":14.484769928710307}}