{"name":"SwaggaMuffin24","scoreData":{"2020-09-21":{"id":6558659201116363000,"name":"SwaggaMuffin24","score":27800,"level":4,"character":8,"platform":48,"runframes":23333,"runend":1019,"unknown1":4294967163,"unknown2":4294965037,"rank":701,"percentile":71.96635963155786}},"tenDayPercentiles":[],"tenDayDecayingPercentileScore":0,"scoresByDay":[],"rankSummary":{"mean":701,"median":701,"max":701,"min":701},"percentileSummary":{"mean":71.96635963155786,"median":71.96635963155786,"max":71.96635963155786,"min":71.96635963155786}}