{"name":"SwagL0rd#OgMudWMF0LyF42oBl4ze1t","scoreData":{"2020-10-21":{"id":76561197969978780,"name":"SwagL0rd#OgMudWMF0LyF42oBl4ze1t","score":20600,"level":3,"character":7,"platform":18,"runframes":11056,"runend":1020,"unknown1":4294966175,"unknown2":123,"rank":2870,"percentile":46.55365126676602}},"tenDayPercentiles":[],"tenDayDecayingPercentileScore":0,"scoresByDay":[],"rankSummary":{"mean":2870,"median":2870,"max":2870,"min":2870},"percentileSummary":{"mean":46.55365126676602,"median":46.55365126676602,"max":46.55365126676602,"min":46.55365126676602}}