{"name":"SwagDuck29","scoreData":{"2020-09-18":{"id":3509567296678530000,"name":"SwagDuck29","score":8600,"level":5,"character":4,"platform":48,"runframes":9393,"runend":1018,"unknown1":257,"unknown2":45,"rank":1058,"percentile":62.19599427753934}},"tenDayPercentiles":[],"tenDayDecayingPercentileScore":0,"scoresByDay":[],"rankSummary":{"mean":1058,"median":1058,"max":1058,"min":1058},"percentileSummary":{"mean":62.19599427753934,"median":62.19599427753934,"max":62.19599427753934,"min":62.19599427753934}}