{"name":"swamp rat36","scoreData":{"2020-11-01":{"id":76561198044142240,"name":"swamp rat36","score":14300,"level":3,"character":14,"platform":18,"runframes":11753,"runend":1020,"unknown1":4294965736,"unknown2":4294965387,"rank":2506,"percentile":46.75876726886291}},"tenDayPercentiles":[],"tenDayDecayingPercentileScore":0,"scoresByDay":[],"rankSummary":{"mean":2506,"median":2506,"max":2506,"min":2506},"percentileSummary":{"mean":46.75876726886291,"median":46.75876726886291,"max":46.75876726886291,"min":46.75876726886291}}