{"name":"SweetNates","scoreData":{"2020-11-16":{"id":76561198124100640,"name":"SweetNates","score":7300,"level":3,"character":4,"platform":48,"runframes":9391,"runend":1020,"unknown1":729,"unknown2":25,"rank":2293,"percentile":41.290983606557376}},"tenDayPercentiles":[41.290983606557376],"tenDayDecayingPercentileScore":21.94372161885246,"scoresByDay":[21.94372161885246],"rankSummary":{"mean":2293,"median":2293,"max":2293,"min":2293},"percentileSummary":{"mean":41.290983606557376,"median":41.290983606557376,"max":41.290983606557376,"min":41.290983606557376}}