{"name":"SweetPapaD","scoreData":{"2020-11-06":{"id":76561198010868370,"name":"SweetPapaD","score":5600,"level":2,"character":0,"platform":48,"runframes":10749,"runend":1021,"unknown1":820,"unknown2":4294963779,"rank":4007,"percentile":11.664829106945973}},"tenDayPercentiles":[],"tenDayDecayingPercentileScore":0,"scoresByDay":[],"rankSummary":{"mean":4007,"median":4007,"max":4007,"min":4007},"percentileSummary":{"mean":11.664829106945973,"median":11.664829106945973,"max":11.664829106945973,"min":11.664829106945973}}