{"name":"Swell","scoreData":{"2020-10-24":{"id":76561198253898830,"name":"Swell","score":21000,"level":6,"character":0,"platform":18,"runframes":21837,"runend":1017,"unknown1":2305,"unknown2":93,"rank":1432,"percentile":73.36187639612807}},"tenDayPercentiles":[],"tenDayDecayingPercentileScore":0,"scoresByDay":[],"rankSummary":{"mean":1432,"median":1432,"max":1432,"min":1432},"percentileSummary":{"mean":73.36187639612807,"median":73.36187639612807,"max":73.36187639612807,"min":73.36187639612807}}