{"name":"swenlee98","scoreData":{"2020-09-24":{"id":7212933173059417000,"name":"swenlee98","score":9100,"level":2,"character":3,"platform":48,"runframes":2945,"runend":1021,"unknown1":4294967080,"unknown2":4294966769,"rank":1456,"percentile":36.90372940156115}},"tenDayPercentiles":[],"tenDayDecayingPercentileScore":0,"scoresByDay":[],"rankSummary":{"mean":1456,"median":1456,"max":1456,"min":1456},"percentileSummary":{"mean":36.90372940156115,"median":36.90372940156115,"max":36.90372940156115,"min":36.90372940156115}}