{"name":"SwerveTrooper","scoreData":{"2020-10-06":{"id":76561199094317180,"name":"SwerveTrooper","score":2000,"level":3,"character":3,"platform":48,"runframes":8732,"runend":1020,"unknown1":4294966137,"unknown2":66,"rank":4089,"percentile":39.838116261957325}},"tenDayPercentiles":[],"tenDayDecayingPercentileScore":0,"scoresByDay":[],"rankSummary":{"mean":4089,"median":4089,"max":4089,"min":4089},"percentileSummary":{"mean":39.838116261957325,"median":39.838116261957325,"max":39.838116261957325,"min":39.838116261957325}}