{"name":"sweyko5","scoreData":{"2020-10-01":{"id":76561198071026830,"name":"sweyko5","score":600,"level":1,"character":6,"platform":18,"runframes":1229,"runend":1022,"unknown1":4294962819,"unknown2":4294965626,"rank":7441,"percentile":3.3012737197816477}},"tenDayPercentiles":[],"tenDayDecayingPercentileScore":0,"scoresByDay":[],"rankSummary":{"mean":7441,"median":7441,"max":7441,"min":7441},"percentileSummary":{"mean":3.3012737197816477,"median":3.3012737197816477,"max":3.3012737197816477,"min":3.3012737197816477}}