{"name":"Swiftness","scoreData":{"2020-10-06":{"id":76561197986921100,"name":"Swiftness","score":18000,"level":4,"character":4,"platform":18,"runframes":23944,"runend":1019,"unknown1":4294965509,"unknown2":4294966051,"rank":2439,"percentile":64.12067696835908}},"tenDayPercentiles":[],"tenDayDecayingPercentileScore":0,"scoresByDay":[],"rankSummary":{"mean":2439,"median":2439,"max":2439,"min":2439},"percentileSummary":{"mean":64.12067696835908,"median":64.12067696835908,"max":64.12067696835908,"min":64.12067696835908}}