{"name":"SX5_1045","scoreData":{"2020-09-30":{"id":76561197974870670,"name":"SX5_1045","score":12200,"level":1,"character":7,"platform":48,"runframes":7140,"runend":1022,"unknown1":4294965093,"unknown2":15,"rank":5943,"percentile":23.070947695494553}},"tenDayPercentiles":[],"tenDayDecayingPercentileScore":0,"scoresByDay":[],"rankSummary":{"mean":5943,"median":5943,"max":5943,"min":5943},"percentileSummary":{"mean":23.070947695494553,"median":23.070947695494553,"max":23.070947695494553,"min":23.070947695494553}}