{"name":"sylvestor2","scoreData":{"2020-09-23":{"id":4202064770582842000,"name":"sylvestor2","score":4200,"level":2,"character":3,"platform":48,"runframes":3788,"runend":1021,"unknown1":38,"unknown2":4294966029,"rank":2179,"percentile":9.47630922693267}},"tenDayPercentiles":[],"tenDayDecayingPercentileScore":0,"scoresByDay":[],"rankSummary":{"mean":2179,"median":2179,"max":2179,"min":2179},"percentileSummary":{"mean":9.47630922693267,"median":9.47630922693267,"max":9.47630922693267,"min":9.47630922693267}}