{"name":"Sylwia","scoreData":{"2020-11-22":{"id":3903846882543405600,"name":"Sylwia","score":10800,"level":3,"character":14,"platform":18,"runframes":17583,"runend":1020,"unknown1":4294965757,"unknown2":4294964825,"rank":2016,"percentile":49.6124031007752}},"tenDayPercentiles":[],"tenDayDecayingPercentileScore":0,"scoresByDay":[],"rankSummary":{"mean":2016,"median":2016,"max":2016,"min":2016},"percentileSummary":{"mean":49.6124031007752,"median":49.6124031007752,"max":49.6124031007752,"min":49.6124031007752}}