{"name":"Synical","scoreData":{"2020-09-30":{"id":2551046817862686000,"name":"Synical","score":28600,"level":4,"character":7,"platform":18,"runframes":15276,"runend":1019,"unknown1":3885,"unknown2":952,"rank":1478,"percentile":80.87778353184878}},"tenDayPercentiles":[],"tenDayDecayingPercentileScore":0,"scoresByDay":[],"rankSummary":{"mean":1478,"median":1478,"max":1478,"min":1478},"percentileSummary":{"mean":80.87778353184878,"median":80.87778353184878,"max":80.87778353184878,"min":80.87778353184878}}