{"name":"Syntas","scoreData":{"2020-10-29":{"id":1706202366195162000,"name":"Syntas","score":17400,"level":2,"character":0,"platform":18,"runframes":8613,"runend":1021,"unknown1":4294964270,"unknown2":124,"rank":3107,"percentile":35.06167677190048}},"tenDayPercentiles":[],"tenDayDecayingPercentileScore":0,"scoresByDay":[],"rankSummary":{"mean":3107,"median":3107,"max":3107,"min":3107},"percentileSummary":{"mean":35.06167677190048,"median":35.06167677190048,"max":35.06167677190048,"min":35.06167677190048}}