{"name":"synyster_007x","scoreData":{"2020-11-10":{"id":76561198043068300,"name":"synyster_007x","score":198700,"level":10,"character":18,"platform":48,"runframes":97014,"runend":1013,"unknown1":4294966934,"unknown2":4294964282,"rank":355,"percentile":91.91042047531992}},"tenDayPercentiles":[],"tenDayDecayingPercentileScore":0,"scoresByDay":[],"rankSummary":{"mean":355,"median":355,"max":355,"min":355},"percentileSummary":{"mean":91.91042047531992,"median":91.91042047531992,"max":91.91042047531992,"min":91.91042047531992}}