{"name":"Syphylisse","scoreData":{"2020-10-13":{"id":3283699969524247600,"name":"Syphylisse","score":5900,"level":3,"character":5,"platform":18,"runframes":14131,"runend":1020,"unknown1":4294966062,"unknown2":4294962905,"rank":3088,"percentile":47.36572890025575}},"tenDayPercentiles":[],"tenDayDecayingPercentileScore":0,"scoresByDay":[],"rankSummary":{"mean":3088,"median":3088,"max":3088,"min":3088},"percentileSummary":{"mean":47.36572890025575,"median":47.36572890025575,"max":47.36572890025575,"min":47.36572890025575}}