{"name":"syren5588","scoreData":{"2020-11-04":{"id":76561198287005870,"name":"syren5588","score":6800,"level":1,"character":0,"platform":48,"runframes":2379,"runend":1022,"unknown1":4294965090,"unknown2":4294966288,"rank":4256,"percentile":5.212742258854973}},"tenDayPercentiles":[],"tenDayDecayingPercentileScore":0,"scoresByDay":[],"rankSummary":{"mean":4256,"median":4256,"max":4256,"min":4256},"percentileSummary":{"mean":5.212742258854973,"median":5.212742258854973,"max":5.212742258854973,"min":5.212742258854973}}