{"name":"system-ghost13","scoreData":{"2020-09-19":{"id":8451121442239566000,"name":"system-ghost13","score":5400,"level":2,"character":3,"platform":48,"runframes":5743,"runend":1021,"unknown1":4294966480,"unknown2":93,"rank":1803,"percentile":39.85313751668892}},"tenDayPercentiles":[],"tenDayDecayingPercentileScore":0,"scoresByDay":[],"rankSummary":{"mean":1803,"median":1803,"max":1803,"min":1803},"percentileSummary":{"mean":39.85313751668892,"median":39.85313751668892,"max":39.85313751668892,"min":39.85313751668892}}