{"name":"SzymionKot","scoreData":{"2020-10-13":{"id":8768960614757147000,"name":"SzymionKot","score":18000,"level":4,"character":1,"platform":48,"runframes":19611,"runend":1019,"unknown1":4294967142,"unknown2":12,"rank":2042,"percentile":65.2003410059676}},"tenDayPercentiles":[],"tenDayDecayingPercentileScore":0,"scoresByDay":[],"rankSummary":{"mean":2042,"median":2042,"max":2042,"min":2042},"percentileSummary":{"mean":65.2003410059676,"median":65.2003410059676,"max":65.2003410059676,"min":65.2003410059676}}