{"name":"G-40RC3_78","scoreData":{"2020-09-17":{"id":1221077709825103600,"name":"G-40RC3_78","score":29700,"level":4,"character":0,"platform":48,"runframes":19146,"runend":1019,"unknown1":1316,"unknown2":647,"rank":352,"percentile":87.58401131941989}},"tenDayPercentiles":[],"tenDayDecayingPercentileScore":0,"scoresByDay":[],"rankSummary":{"mean":352,"median":352,"max":352,"min":352},"percentileSummary":{"mean":87.58401131941989,"median":87.58401131941989,"max":87.58401131941989,"min":87.58401131941989}}