{"name":"G_gun","scoreData":{"2020-10-10":{"id":76561198058617440,"name":"G_gun","score":0,"level":1,"character":0,"platform":18,"runframes":545,"runend":1022,"unknown1":4294966610,"unknown2":4294964752,"rank":6451,"percentile":2.213462704669496}},"tenDayPercentiles":[],"tenDayDecayingPercentileScore":0,"scoresByDay":[],"rankSummary":{"mean":6451,"median":6451,"max":6451,"min":6451},"percentileSummary":{"mean":2.213462704669496,"median":2.213462704669496,"max":2.213462704669496,"min":2.213462704669496}}