{"name":"gaboulgab","scoreData":{"2020-10-29":{"id":76561199706841730,"name":"gaboulgab","score":12700,"level":2,"character":7,"platform":18,"runframes":8249,"runend":1021,"unknown1":3351,"unknown2":31,"rank":3468,"percentile":27.51411248170605}},"tenDayPercentiles":[],"tenDayDecayingPercentileScore":0,"scoresByDay":[],"rankSummary":{"mean":3468,"median":3468,"max":3468,"min":3468},"percentileSummary":{"mean":27.51411248170605,"median":27.51411248170605,"max":27.51411248170605,"min":27.51411248170605}}