{"name":"Gabro","scoreData":{"2020-09-30":{"id":76561197968111780,"name":"Gabro","score":78775,"level":10,"character":6,"platform":18,"runframes":55175,"runend":1013,"unknown1":99,"unknown2":4294959986,"rank":136,"percentile":98.2522009321595}},"tenDayPercentiles":[],"tenDayDecayingPercentileScore":0,"scoresByDay":[],"rankSummary":{"mean":136,"median":136,"max":136,"min":136},"percentileSummary":{"mean":98.2522009321595,"median":98.2522009321595,"max":98.2522009321595,"min":98.2522009321595}}