{"name":"Gabri","scoreData":{"2020-09-30":{"id":18861807197452228,"name":"Gabri","score":2000,"level":1,"character":0,"platform":18,"runframes":2738,"runend":1022,"unknown1":4294964506,"unknown2":4294965518,"rank":7570,"percentile":2.006732263076131}},"tenDayPercentiles":[],"tenDayDecayingPercentileScore":0,"scoresByDay":[],"rankSummary":{"mean":7570,"median":7570,"max":7570,"min":7570},"percentileSummary":{"mean":2.006732263076131,"median":2.006732263076131,"max":2.006732263076131,"min":2.006732263076131}}