{"name":"gabuzde","scoreData":{"2020-09-21":{"id":4828167323963040000,"name":"gabuzde","score":4200,"level":3,"character":0,"platform":48,"runframes":6198,"runend":1020,"unknown1":4294965103,"unknown2":274,"rank":1423,"percentile":43.05166199439328}},"tenDayPercentiles":[],"tenDayDecayingPercentileScore":0,"scoresByDay":[],"rankSummary":{"mean":1423,"median":1423,"max":1423,"min":1423},"percentileSummary":{"mean":43.05166199439328,"median":43.05166199439328,"max":43.05166199439328,"min":43.05166199439328}}