{"name":"Gagneezy","scoreData":{"2020-11-01":{"id":76561198123314190,"name":"Gagneezy","score":14500,"level":3,"character":3,"platform":18,"runframes":14125,"runend":1020,"unknown1":1622,"unknown2":481,"rank":2491,"percentile":47.077577045696074}},"tenDayPercentiles":[],"tenDayDecayingPercentileScore":0,"scoresByDay":[],"rankSummary":{"mean":2491,"median":2491,"max":2491,"min":2491},"percentileSummary":{"mean":47.077577045696074,"median":47.077577045696074,"max":47.077577045696074,"min":47.077577045696074}}