{"name":"GaigeDay","scoreData":{"2020-11-04":{"id":76561198004197980,"name":"GaigeDay","score":25900,"level":3,"character":0,"platform":48,"runframes":14237,"runend":1020,"unknown1":4294964467,"unknown2":4294963317,"rank":2643,"percentile":41.1450211628425}},"tenDayPercentiles":[],"tenDayDecayingPercentileScore":0,"scoresByDay":[],"rankSummary":{"mean":2643,"median":2643,"max":2643,"min":2643},"percentileSummary":{"mean":41.1450211628425,"median":41.1450211628425,"max":41.1450211628425,"min":41.1450211628425}}