{"name":"Gamayama","scoreData":{"2020-10-05":{"id":76561197992630320,"name":"Gamayama","score":40975,"level":7,"character":14,"platform":18,"runframes":34078,"runend":1016,"unknown1":1479,"unknown2":1476,"rank":1060,"percentile":84.45390487375221}},"tenDayPercentiles":[],"tenDayDecayingPercentileScore":0,"scoresByDay":[],"rankSummary":{"mean":1060,"median":1060,"max":1060,"min":1060},"percentileSummary":{"mean":84.45390487375221,"median":84.45390487375221,"max":84.45390487375221,"min":84.45390487375221}}