{"name":"GambetTV","scoreData":{"2020-09-16":{"id":1935178197437020000,"name":"GambetTV","score":20400,"level":2,"character":6,"platform":48,"runframes":7782,"runend":1021,"unknown1":203,"unknown2":4294967111,"rank":1435,"percentile":53.53208036292936}},"tenDayPercentiles":[],"tenDayDecayingPercentileScore":0,"scoresByDay":[],"rankSummary":{"mean":1435,"median":1435,"max":1435,"min":1435},"percentileSummary":{"mean":53.53208036292936,"median":53.53208036292936,"max":53.53208036292936,"min":53.53208036292936}}