{"name":"gamerjem11","scoreData":{"2020-10-08":{"id":9167360744554165000,"name":"gamerjem11","score":28400,"level":3,"character":6,"platform":18,"runframes":15979,"runend":1020,"unknown1":4136,"unknown2":223,"rank":2912,"percentile":54.07793027291371}},"tenDayPercentiles":[],"tenDayDecayingPercentileScore":0,"scoresByDay":[],"rankSummary":{"mean":2912,"median":2912,"max":2912,"min":2912},"percentileSummary":{"mean":54.07793027291371,"median":54.07793027291371,"max":54.07793027291371,"min":54.07793027291371}}