{"name":"GamerPerso","scoreData":{"2020-11-16":{"id":76561198280455440,"name":"GamerPerso","score":56425,"level":7,"character":18,"platform":18,"runframes":24262,"runend":1016,"unknown1":4294965323,"unknown2":617,"rank":814,"percentile":79.17520491803279}},"tenDayPercentiles":[79.17520491803279],"tenDayDecayingPercentileScore":42.07695007684427,"scoresByDay":[42.07695007684427],"rankSummary":{"mean":814,"median":814,"max":814,"min":814},"percentileSummary":{"mean":79.17520491803279,"median":79.17520491803279,"max":79.17520491803279,"min":79.17520491803279}}