{"name":"gamegotyou","scoreData":{"2020-10-17":{"id":76561198037658600,"name":"gamegotyou","score":0,"level":1,"character":3,"platform":18,"runframes":1812,"runend":1022,"unknown1":4294964544,"unknown2":1263,"rank":5590,"percentile":4.428864569083444}},"tenDayPercentiles":[],"tenDayDecayingPercentileScore":0,"scoresByDay":[],"rankSummary":{"mean":5590,"median":5590,"max":5590,"min":5590},"percentileSummary":{"mean":4.428864569083444,"median":4.428864569083444,"max":4.428864569083444,"min":4.428864569083444}}