{"name":"Gameitson86","scoreData":{"2020-09-15":{"id":6371609614304179000,"name":"Gameitson86","score":7800,"level":1,"character":4,"platform":48,"runframes":2629,"runend":1022,"unknown1":4294966988,"unknown2":354,"rank":1506,"percentile":17.125550660792953}},"tenDayPercentiles":[],"tenDayDecayingPercentileScore":0,"scoresByDay":[],"rankSummary":{"mean":1506,"median":1506,"max":1506,"min":1506},"percentileSummary":{"mean":17.125550660792953,"median":17.125550660792953,"max":17.125550660792953,"min":17.125550660792953}}