{"name":"Gamez101","scoreData":{"2020-10-05":{"id":7417907114290206000,"name":"Gamez101","score":12400,"level":3,"character":0,"platform":18,"runframes":20883,"runend":1020,"unknown1":4294965416,"unknown2":147,"rank":3916,"percentile":42.52789195537288}},"tenDayPercentiles":[],"tenDayDecayingPercentileScore":0,"scoresByDay":[],"rankSummary":{"mean":3916,"median":3916,"max":3916,"min":3916},"percentileSummary":{"mean":42.52789195537288,"median":42.52789195537288,"max":42.52789195537288,"min":42.52789195537288}}