{"name":"Gamester5001","scoreData":{"2020-10-07":{"id":76561198045761170,"name":"Gamester5001","score":1500,"level":1,"character":2,"platform":18,"runframes":2679,"runend":1022,"unknown1":616,"unknown2":427,"rank":6331,"percentile":2.9736358062538244}},"tenDayPercentiles":[],"tenDayDecayingPercentileScore":0,"scoresByDay":[],"rankSummary":{"mean":6331,"median":6331,"max":6331,"min":6331},"percentileSummary":{"mean":2.9736358062538244,"median":2.9736358062538244,"max":2.9736358062538244,"min":2.9736358062538244}}