{"name":"gamebox2217","scoreData":{"2020-09-17":{"id":3495969619819068000,"name":"gamebox2217","score":21700,"level":2,"character":0,"platform":48,"runframes":15465,"runend":1021,"unknown1":1186,"unknown2":1466,"rank":1487,"percentile":47.43544393349841}},"tenDayPercentiles":[],"tenDayDecayingPercentileScore":0,"scoresByDay":[],"rankSummary":{"mean":1487,"median":1487,"max":1487,"min":1487},"percentileSummary":{"mean":47.43544393349841,"median":47.43544393349841,"max":47.43544393349841,"min":47.43544393349841}}