{"name":"game_over_kidzYT","scoreData":{"2020-11-09":{"id":1532592748924045000,"name":"game_over_kidzYT","score":500,"level":2,"character":10,"platform":48,"runframes":3414,"runend":1021,"unknown1":4294966153,"unknown2":105,"rank":3380,"percentile":22.553289021315607}},"tenDayPercentiles":[],"tenDayDecayingPercentileScore":0,"scoresByDay":[],"rankSummary":{"mean":3380,"median":3380,"max":3380,"min":3380},"percentileSummary":{"mean":22.553289021315607,"median":22.553289021315607,"max":22.553289021315607,"min":22.553289021315607}}