{"name":"Gaming Tzar Guiness","scoreData":{"2020-10-02":{"id":76561198111359520,"name":"Gaming Tzar Guiness","score":10500,"level":2,"character":16,"platform":18,"runframes":7779,"runend":1021,"unknown1":4294966206,"unknown2":1566,"rank":4520,"percentile":39.44794318638617}},"tenDayDecayingPercentileMean":null,"rankSummary":{"mean":4520,"median":4520,"max":4520,"min":4520},"percentileSummary":{"mean":39.44794318638617,"median":39.44794318638617,"max":39.44794318638617,"min":39.44794318638617}}