{"name":"GammaStar","scoreData":{"2020-10-12":{"id":76561197969760960,"name":"GammaStar","score":22100,"level":4,"character":5,"platform":18,"runframes":9329,"runend":1019,"unknown1":3962,"unknown2":1044,"rank":1880,"percentile":68.59959893048128}},"tenDayPercentiles":[],"tenDayDecayingPercentileScore":0,"scoresByDay":[],"rankSummary":{"mean":1880,"median":1880,"max":1880,"min":1880},"percentileSummary":{"mean":68.59959893048128,"median":68.59959893048128,"max":68.59959893048128,"min":68.59959893048128}}