{"name":"Ganjalf The Green","scoreData":{"2020-10-06":{"id":76561198799286220,"name":"Ganjalf The Green","score":4700,"level":3,"character":0,"platform":18,"runframes":11224,"runend":1020,"unknown1":4294967182,"unknown2":231,"rank":3932,"percentile":42.1486387049301}},"tenDayPercentiles":[],"tenDayDecayingPercentileScore":0,"scoresByDay":[],"rankSummary":{"mean":3932,"median":3932,"max":3932,"min":3932},"percentileSummary":{"mean":42.1486387049301,"median":42.1486387049301,"max":42.1486387049301,"min":42.1486387049301}}