{"name":"garbleh","scoreData":{"2020-11-21":{"id":1031681589679242900,"name":"garbleh","score":6300,"level":4,"character":0,"platform":18,"runframes":8638,"runend":1019,"unknown1":441,"unknown2":4294966152,"rank":2612,"percentile":37.099494097807764}},"tenDayPercentiles":[],"tenDayDecayingPercentileScore":0,"scoresByDay":[],"rankSummary":{"mean":2612,"median":2612,"max":2612,"min":2612},"percentileSummary":{"mean":37.099494097807764,"median":37.099494097807764,"max":37.099494097807764,"min":37.099494097807764}}