{"name":"GargantuaDestroy","scoreData":{"2020-10-02":{"id":76561198055121760,"name":"GargantuaDestroy","score":8500,"level":2,"character":0,"platform":18,"runframes":7762,"runend":1021,"unknown1":2593,"unknown2":2358,"rank":4908,"percentile":34.24896154361517}},"tenDayPercentiles":[],"tenDayDecayingPercentileScore":0,"scoresByDay":[],"rankSummary":{"mean":4908,"median":4908,"max":4908,"min":4908},"percentileSummary":{"mean":34.24896154361517,"median":34.24896154361517,"max":34.24896154361517,"min":34.24896154361517}}