{"name":"garrity","scoreData":{"2020-09-30":{"id":76561198005959120,"name":"garrity","score":6200,"level":1,"character":0,"platform":18,"runframes":3740,"runend":1022,"unknown1":865,"unknown2":67,"rank":6872,"percentile":11.04350077679959}},"tenDayPercentiles":[],"tenDayDecayingPercentileScore":0,"scoresByDay":[],"rankSummary":{"mean":6872,"median":6872,"max":6872,"min":6872},"percentileSummary":{"mean":11.04350077679959,"median":11.04350077679959,"max":11.04350077679959,"min":11.04350077679959}}