{"name":"Gary","scoreData":{"2020-10-14":{"id":76561198045702100,"name":"Gary","score":9000,"level":2,"character":0,"platform":18,"runframes":7879,"runend":1021,"unknown1":1741,"unknown2":1820,"rank":3574,"percentile":35.41214750542299}},"tenDayPercentiles":[],"tenDayDecayingPercentileScore":0,"scoresByDay":[],"rankSummary":{"mean":3574,"median":3574,"max":3574,"min":3574},"percentileSummary":{"mean":35.41214750542299,"median":35.41214750542299,"max":35.41214750542299,"min":35.41214750542299}}