{"name":"gastihastibasti","scoreData":{"2020-11-20":{"id":76561198280232580,"name":"gastihastibasti","score":38500,"level":6,"character":10,"platform":48,"runframes":18848,"runend":1017,"unknown1":4294965862,"unknown2":191,"rank":1505,"percentile":62.772277227722775}},"tenDayPercentiles":[],"tenDayDecayingPercentileScore":0,"scoresByDay":[],"rankSummary":{"mean":1505,"median":1505,"max":1505,"min":1505},"percentileSummary":{"mean":62.772277227722775,"median":62.772277227722775,"max":62.772277227722775,"min":62.772277227722775}}