{"name":"GastonGladius","scoreData":{"2020-11-16":{"id":76561197960267360,"name":"GastonGladius","score":2600,"level":1,"character":0,"platform":48,"runframes":2927,"runend":1022,"unknown1":965,"unknown2":192,"rank":3503,"percentile":10.29713114754098}},"tenDayPercentiles":[10.29713114754098],"tenDayDecayingPercentileScore":6.080352971311474,"scoresByDay":[6.080352971311474],"rankSummary":{"mean":3503,"median":3503,"max":3503,"min":3503},"percentileSummary":{"mean":10.29713114754098,"median":10.29713114754098,"max":10.29713114754098,"min":10.29713114754098}}