{"name":"Gaybian","scoreData":{"2020-09-29":{"id":76561197997402020,"name":"Gaybian","score":47925,"level":5,"character":3,"platform":18,"runframes":33890,"runend":1018,"unknown1":1659,"unknown2":2506,"rank":1001,"percentile":82.11731044349071}},"tenDayPercentiles":[],"tenDayDecayingPercentileScore":0,"scoresByDay":[],"rankSummary":{"mean":1001,"median":1001,"max":1001,"min":1001},"percentileSummary":{"mean":82.11731044349071,"median":82.11731044349071,"max":82.11731044349071,"min":82.11731044349071}}