{"name":"gbr0","scoreData":{"2020-10-02":{"id":76561198002970900,"name":"gbr0","score":9600,"level":2,"character":0,"platform":18,"runframes":3977,"runend":1021,"unknown1":4294963495,"unknown2":4294963755,"rank":4634,"percentile":37.92040734289159}},"tenDayPercentiles":[],"tenDayDecayingPercentileScore":0,"scoresByDay":[],"rankSummary":{"mean":4634,"median":4634,"max":4634,"min":4634},"percentileSummary":{"mean":37.92040734289159,"median":37.92040734289159,"max":37.92040734289159,"min":37.92040734289159}}