{"name":"GBWebby","scoreData":{"2020-11-14":{"id":8065589087689465000,"name":"GBWebby","score":4500,"level":2,"character":10,"platform":48,"runframes":10693,"runend":1021,"unknown1":4294966465,"unknown2":326,"rank":3527,"percentile":18.285052143684823}},"tenDayPercentiles":[18.285052143684823],"tenDayDecayingPercentileScore":10.797140440324451,"scoresByDay":[10.797140440324451],"rankSummary":{"mean":3527,"median":3527,"max":3527,"min":3527},"percentileSummary":{"mean":18.285052143684823,"median":18.285052143684823,"max":18.285052143684823,"min":18.285052143684823}}