{"name":"Gearwheel","scoreData":{"2020-10-29":{"id":804412314112784100,"name":"Gearwheel","score":8400,"level":2,"character":7,"platform":18,"runframes":11281,"runend":1021,"unknown1":1694,"unknown2":4294965635,"rank":3781,"percentile":20.970102446163494}},"tenDayPercentiles":[],"tenDayDecayingPercentileScore":0,"scoresByDay":[],"rankSummary":{"mean":3781,"median":3781,"max":3781,"min":3781},"percentileSummary":{"mean":20.970102446163494,"median":20.970102446163494,"max":20.970102446163494,"min":20.970102446163494}}