{"name":"Gearsmith","scoreData":{"2020-11-06":{"id":6129037605533838000,"name":"Gearsmith","score":11800,"level":2,"character":7,"platform":18,"runframes":10799,"runend":1021,"unknown1":4294964852,"unknown2":4294964498,"rank":3628,"percentile":20.022050716648295}},"tenDayPercentiles":[],"tenDayDecayingPercentileScore":0,"scoresByDay":[],"rankSummary":{"mean":3628,"median":3628,"max":3628,"min":3628},"percentileSummary":{"mean":20.022050716648295,"median":20.022050716648295,"max":20.022050716648295,"min":20.022050716648295}}