{"name":"Geb Is A Mess","scoreData":{"2020-10-02":{"id":76561198119150700,"name":"Geb Is A Mess","score":13000,"level":2,"character":0,"platform":18,"runframes":8828,"runend":1021,"unknown1":971,"unknown2":208,"rank":4331,"percentile":41.98043682165349}},"tenDayDecayingPercentileMean":null,"rankSummary":{"mean":4331,"median":4331,"max":4331,"min":4331},"percentileSummary":{"mean":41.98043682165349,"median":41.98043682165349,"max":41.98043682165349,"min":41.98043682165349}}