{"name":"Gebeorscipe","scoreData":{"2020-10-09":{"id":76561198026537550,"name":"Gebeorscipe","score":56500,"level":8,"character":0,"platform":18,"runframes":28725,"runend":1015,"unknown1":4294964842,"unknown2":4294963531,"rank":815,"percentile":87.02168367346938}},"tenDayPercentiles":[],"tenDayDecayingPercentileScore":0,"scoresByDay":[],"rankSummary":{"mean":815,"median":815,"max":815,"min":815},"percentileSummary":{"mean":87.02168367346938,"median":87.02168367346938,"max":87.02168367346938,"min":87.02168367346938}}