{"name":"geegoflex1","scoreData":{"2020-09-23":{"id":7358700056589904000,"name":"geegoflex1","score":23400,"level":2,"character":3,"platform":48,"runframes":10749,"runend":1021,"unknown1":4294966149,"unknown2":545,"rank":1700,"percentile":29.384871155444728}},"tenDayPercentiles":[],"tenDayDecayingPercentileScore":0,"scoresByDay":[],"rankSummary":{"mean":1700,"median":1700,"max":1700,"min":1700},"percentileSummary":{"mean":29.384871155444728,"median":29.384871155444728,"max":29.384871155444728,"min":29.384871155444728}}