{"name":"geeknik","scoreData":{"2020-10-30":{"id":4458784200956461000,"name":"geeknik","score":1000,"level":1,"character":3,"platform":18,"runframes":2496,"runend":1022,"unknown1":703,"unknown2":40,"rank":4590,"percentile":3.369130343230154}},"tenDayPercentiles":[],"tenDayDecayingPercentileScore":0,"scoresByDay":[],"rankSummary":{"mean":4590,"median":4590,"max":4590,"min":4590},"percentileSummary":{"mean":3.369130343230154,"median":3.369130343230154,"max":3.369130343230154,"min":3.369130343230154}}