{"name":"gegethhathcometh","scoreData":{"2020-11-05":{"id":8947532223477474000,"name":"gegethhathcometh","score":0,"level":1,"character":0,"platform":18,"runframes":465,"runend":1022,"unknown1":4294965952,"unknown2":4294964889,"rank":4383,"percentile":2.578923966207199}},"tenDayPercentiles":[],"tenDayDecayingPercentileScore":0,"scoresByDay":[],"rankSummary":{"mean":4383,"median":4383,"max":4383,"min":4383},"percentileSummary":{"mean":2.578923966207199,"median":2.578923966207199,"max":2.578923966207199,"min":2.578923966207199}}