{"name":"Generale_Taddeo","scoreData":{"2020-11-16":{"id":76561199085753490,"name":"Generale_Taddeo","score":23350,"level":5,"character":0,"platform":18,"runframes":45153,"runend":1018,"unknown1":4294964787,"unknown2":633,"rank":1583,"percentile":59.47745901639344}},"tenDayPercentiles":[59.47745901639344],"tenDayDecayingPercentileScore":39.02316086065574,"scoresByDay":[39.02316086065574],"rankSummary":{"mean":1583,"median":1583,"max":1583,"min":1583},"percentileSummary":{"mean":59.47745901639344,"median":59.47745901639344,"max":59.47745901639344,"min":59.47745901639344}}