{"name":"GenericlyBadName","scoreData":{"2020-11-06":{"id":76561198029023630,"name":"GenericlyBadName","score":17900,"level":3,"character":0,"platform":48,"runframes":19091,"runend":1020,"unknown1":4294964183,"unknown2":4294966834,"rank":2844,"percentile":37.309812568908484}},"tenDayPercentiles":[],"tenDayDecayingPercentileScore":0,"scoresByDay":[],"rankSummary":{"mean":2844,"median":2844,"max":2844,"min":2844},"percentileSummary":{"mean":37.309812568908484,"median":37.309812568908484,"max":37.309812568908484,"min":37.309812568908484}}