{"name":"Genoxe","scoreData":{"2020-10-07":{"id":4014331948482582000,"name":"Genoxe","score":0,"level":1,"character":0,"platform":18,"runframes":1397,"runend":1022,"unknown1":4294963067,"unknown2":385,"rank":6495,"percentile":0.4598405885959522}},"tenDayPercentiles":[],"tenDayDecayingPercentileScore":0,"scoresByDay":[],"rankSummary":{"mean":6495,"median":6495,"max":6495,"min":6495},"percentileSummary":{"mean":0.4598405885959522,"median":0.4598405885959522,"max":0.4598405885959522,"min":0.4598405885959522}}