{"name":"gent","scoreData":{"2020-10-31":{"id":76561198104212140,"name":"gent","score":232975,"level":16,"character":18,"platform":18,"runframes":121323,"runend":1007,"unknown1":636,"unknown2":3315,"rank":85,"percentile":98.23269513991164}},"tenDayPercentiles":[],"tenDayDecayingPercentileScore":0,"scoresByDay":[],"rankSummary":{"mean":85,"median":85,"max":85,"min":85},"percentileSummary":{"mean":98.23269513991164,"median":98.23269513991164,"max":98.23269513991164,"min":98.23269513991164}}