{"name":"george13579geo","scoreData":{"2020-10-13":{"id":8547890541525921000,"name":"george13579geo","score":2500,"level":2,"character":4,"platform":48,"runframes":9051,"runend":1021,"unknown1":649,"unknown2":501,"rank":5174,"percentile":11.798806479113395}},"tenDayPercentiles":[],"tenDayDecayingPercentileScore":0,"scoresByDay":[],"rankSummary":{"mean":5174,"median":5174,"max":5174,"min":5174},"percentileSummary":{"mean":11.798806479113395,"median":11.798806479113395,"max":11.798806479113395,"min":11.798806479113395}}