{"name":"GeorgeSuicideBoss","scoreData":{"2020-10-01":{"id":76561198076251140,"name":"GeorgeSuicideBoss","score":23500,"level":4,"character":6,"platform":18,"runframes":14030,"runend":1019,"unknown1":4294964024,"unknown2":42,"rank":2560,"percentile":66.74031713023135}},"tenDayPercentiles":[],"tenDayDecayingPercentileScore":0,"scoresByDay":[],"rankSummary":{"mean":2560,"median":2560,"max":2560,"min":2560},"percentileSummary":{"mean":66.74031713023135,"median":66.74031713023135,"max":66.74031713023135,"min":66.74031713023135}}