{"name":"GeorgePiggy","scoreData":{"2020-10-02":{"id":76561198026092210,"name":"GeorgePiggy","score":1500,"level":1,"character":4,"platform":18,"runframes":709,"runend":1022,"unknown1":4294966176,"unknown2":4294961372,"rank":7015,"percentile":6.016347313412837}},"tenDayPercentiles":[],"tenDayDecayingPercentileScore":0,"scoresByDay":[],"rankSummary":{"mean":7015,"median":7015,"max":7015,"min":7015},"percentileSummary":{"mean":6.016347313412837,"median":6.016347313412837,"max":6.016347313412837,"min":6.016347313412837}}