{"name":"Geralt of Trivia","scoreData":{"2020-09-29":{"id":6824769332653124000,"name":"Geralt of Trivia","score":163750,"level":18,"character":3,"platform":18,"runframes":57231,"runend":749,"unknown1":2149,"unknown2":48,"rank":37,"percentile":99.35622317596567}},"tenDayPercentiles":[],"tenDayDecayingPercentileScore":0,"scoresByDay":[],"rankSummary":{"mean":37,"median":37,"max":37,"min":37},"percentileSummary":{"mean":99.35622317596567,"median":99.35622317596567,"max":99.35622317596567,"min":99.35622317596567}}