{"name":"gereffjeff","scoreData":{"2020-10-12":{"id":806268963944081800,"name":"gereffjeff","score":3500,"level":2,"character":7,"platform":18,"runframes":4497,"runend":1021,"unknown1":4294964577,"unknown2":551,"rank":4896,"percentile":18.19852941176471}},"tenDayPercentiles":[],"tenDayDecayingPercentileScore":0,"scoresByDay":[],"rankSummary":{"mean":4896,"median":4896,"max":4896,"min":4896},"percentileSummary":{"mean":18.19852941176471,"median":18.19852941176471,"max":18.19852941176471,"min":18.19852941176471}}