{"name":"Gerld","scoreData":{"2020-10-16":{"id":1083654346283654000,"name":"Gerld","score":6500,"level":3,"character":3,"platform":18,"runframes":15443,"runend":1020,"unknown1":2090,"unknown2":84,"rank":2553,"percentile":54.48546459782415}},"tenDayPercentiles":[],"tenDayDecayingPercentileScore":0,"scoresByDay":[],"rankSummary":{"mean":2553,"median":2553,"max":2553,"min":2553},"percentileSummary":{"mean":54.48546459782415,"median":54.48546459782415,"max":54.48546459782415,"min":54.48546459782415}}