{"name":"getimoliver","scoreData":{"2020-10-26":{"id":76561197970574270,"name":"getimoliver","score":54325,"level":19,"character":12,"platform":18,"runframes":149168,"runend":1004,"unknown1":1760,"unknown2":3937,"rank":38,"percentile":99.26877470355731}},"tenDayPercentiles":[],"tenDayDecayingPercentileScore":0,"scoresByDay":[],"rankSummary":{"mean":38,"median":38,"max":38,"min":38},"percentileSummary":{"mean":99.26877470355731,"median":99.26877470355731,"max":99.26877470355731,"min":99.26877470355731}}