{"name":"getwild99","scoreData":{"2020-09-29":{"id":76561198037274580,"name":"getwild99","score":3800,"level":1,"character":0,"platform":18,"runframes":6733,"runend":1022,"unknown1":3456,"unknown2":745,"rank":5376,"percentile":3.880543633762528}},"tenDayPercentiles":[],"tenDayDecayingPercentileScore":0,"scoresByDay":[],"rankSummary":{"mean":5376,"median":5376,"max":5376,"min":5376},"percentileSummary":{"mean":3.880543633762528,"median":3.880543633762528,"max":3.880543633762528,"min":3.880543633762528}}