{"name":"GFAAEBH","scoreData":{"2020-10-18":{"id":76561198328749700,"name":"GFAAEBH","score":60350,"level":7,"character":3,"platform":48,"runframes":41400,"runend":1016,"unknown1":4294966072,"unknown2":7,"rank":1640,"percentile":72.35155195681511}},"tenDayPercentiles":[],"tenDayDecayingPercentileScore":0,"scoresByDay":[],"rankSummary":{"mean":1640,"median":1640,"max":1640,"min":1640},"percentileSummary":{"mean":72.35155195681511,"median":72.35155195681511,"max":72.35155195681511,"min":72.35155195681511}}