{"name":"GhostWand","scoreData":{"2020-11-19":{"id":14457585865755802000,"name":"GhostWand","score":20600,"level":5,"character":8,"platform":18,"runframes":31200,"runend":1018,"unknown1":1948,"unknown2":303,"rank":1621,"percentile":58.525345622119815}},"tenDayPercentiles":[58.525345622119815],"tenDayDecayingPercentileScore":47.40552995391705,"scoresByDay":[47.40552995391705],"rankSummary":{"mean":1621,"median":1621,"max":1621,"min":1621},"percentileSummary":{"mean":58.525345622119815,"median":58.525345622119815,"max":58.525345622119815,"min":58.525345622119815}}