{"name":"Ghost ride the whip!","scoreData":{"2020-10-17":{"id":3465193909729160000,"name":"Ghost ride the whip!","score":24500,"level":4,"character":7,"platform":18,"runframes":22396,"runend":1019,"unknown1":336,"unknown2":800,"rank":2559,"percentile":56.25854993160055}},"tenDayDecayingPercentileMean":null,"rankSummary":{"mean":2559,"median":2559,"max":2559,"min":2559},"percentileSummary":{"mean":56.25854993160055,"median":56.25854993160055,"max":56.25854993160055,"min":56.25854993160055}}