{"name":"Ghost_GoodVibes","scoreData":{"2020-09-23":{"id":5653968298258030000,"name":"Ghost_GoodVibes","score":1500,"level":2,"character":3,"platform":48,"runframes":2753,"runend":1021,"unknown1":145,"unknown2":4294966225,"rank":2321,"percentile":3.5743973399833635}},"tenDayPercentiles":[],"tenDayDecayingPercentileScore":0,"scoresByDay":[],"rankSummary":{"mean":2321,"median":2321,"max":2321,"min":2321},"percentileSummary":{"mean":3.5743973399833635,"median":3.5743973399833635,"max":3.5743973399833635,"min":3.5743973399833635}}