{"name":"Giant_Dad3169","scoreData":{"2020-11-08":{"id":76561197970569780,"name":"Giant_Dad3169","score":2300,"level":1,"character":2,"platform":48,"runframes":3851,"runend":1022,"unknown1":4294967269,"unknown2":1006,"rank":4010,"percentile":14.973488865323432}},"tenDayPercentiles":[],"tenDayDecayingPercentileScore":0,"scoresByDay":[],"rankSummary":{"mean":4010,"median":4010,"max":4010,"min":4010},"percentileSummary":{"mean":14.973488865323432,"median":14.973488865323432,"max":14.973488865323432,"min":14.973488865323432}}