{"name":"GiannisAntetogoku","scoreData":{"2020-10-09":{"id":3353141601910738000,"name":"GiannisAntetogoku","score":10725,"level":7,"character":7,"platform":18,"runframes":44601,"runend":1016,"unknown1":4294965734,"unknown2":4294962621,"rank":1572,"percentile":74.95216836734694}},"tenDayPercentiles":[],"tenDayDecayingPercentileScore":0,"scoresByDay":[],"rankSummary":{"mean":1572,"median":1572,"max":1572,"min":1572},"percentileSummary":{"mean":74.95216836734694,"median":74.95216836734694,"max":74.95216836734694,"min":74.95216836734694}}