{"name":"ginandsonic1207","scoreData":{"2020-10-04":{"id":76561198011124290,"name":"ginandsonic1207","score":1300,"level":2,"character":7,"platform":48,"runframes":12079,"runend":1021,"unknown1":229,"unknown2":2537,"rank":6579,"percentile":12.433439829605959}},"tenDayPercentiles":[],"tenDayDecayingPercentileScore":0,"scoresByDay":[],"rankSummary":{"mean":6579,"median":6579,"max":6579,"min":6579},"percentileSummary":{"mean":12.433439829605959,"median":12.433439829605959,"max":12.433439829605959,"min":12.433439829605959}}