{"name":"gingerowska","scoreData":{"2020-11-22":{"id":76561198025184240,"name":"gingerowska","score":14100,"level":2,"character":0,"platform":48,"runframes":9858,"runend":1021,"unknown1":4294965235,"unknown2":4294966119,"rank":2677,"percentile":33.08327081770443}},"tenDayPercentiles":[],"tenDayDecayingPercentileScore":0,"scoresByDay":[],"rankSummary":{"mean":2677,"median":2677,"max":2677,"min":2677},"percentileSummary":{"mean":33.08327081770443,"median":33.08327081770443,"max":33.08327081770443,"min":33.08327081770443}}