{"name":"Giogi","scoreData":{"2020-10-18":{"id":76561198084804780,"name":"Giogi","score":41900,"level":4,"character":7,"platform":18,"runframes":24369,"runend":1019,"unknown1":1706,"unknown2":2967,"rank":3225,"percentile":45.614035087719294}},"tenDayPercentiles":[],"tenDayDecayingPercentileScore":0,"scoresByDay":[],"rankSummary":{"mean":3225,"median":3225,"max":3225,"min":3225},"percentileSummary":{"mean":45.614035087719294,"median":45.614035087719294,"max":45.614035087719294,"min":45.614035087719294}}