{"name":"giogio1800","scoreData":{"2020-09-16":{"id":2165599935469993700,"name":"giogio1800","score":2000,"level":1,"character":7,"platform":48,"runframes":777,"runend":1022,"unknown1":931,"unknown2":1,"rank":3018,"percentile":2.2359040829552868}},"tenDayPercentiles":[],"tenDayDecayingPercentileScore":0,"scoresByDay":[],"rankSummary":{"mean":3018,"median":3018,"max":3018,"min":3018},"percentileSummary":{"mean":2.2359040829552868,"median":2.2359040829552868,"max":2.2359040829552868,"min":2.2359040829552868}}