{"name":"GirlTheGreat","scoreData":{"2020-10-27":{"id":1147635714759657300,"name":"GirlTheGreat","score":8400,"level":2,"character":0,"platform":48,"runframes":4010,"runend":1021,"unknown1":4294962935,"unknown2":4294964576,"rank":4174,"percentile":16.154309825195895}},"tenDayPercentiles":[],"tenDayDecayingPercentileScore":0,"scoresByDay":[],"rankSummary":{"mean":4174,"median":4174,"max":4174,"min":4174},"percentileSummary":{"mean":16.154309825195895,"median":16.154309825195895,"max":16.154309825195895,"min":16.154309825195895}}