{"name":"Girth Quake","scoreData":{"2020-10-20":{"id":3033550238920120000,"name":"Girth Quake","score":8300,"level":1,"character":0,"platform":18,"runframes":7570,"runend":1022,"unknown1":4294966499,"unknown2":614,"rank":5108,"percentile":5.425925925925924}},"tenDayDecayingPercentileMean":null,"rankSummary":{"mean":5108,"median":5108,"max":5108,"min":5108},"percentileSummary":{"mean":5.425925925925924,"median":5.425925925925924,"max":5.425925925925924,"min":5.425925925925924}}