{"name":"GlacierCA__","scoreData":{"2020-10-30":{"id":9071732300933659000,"name":"GlacierCA__","score":10400,"level":2,"character":18,"platform":48,"runframes":8985,"runend":1021,"unknown1":4294963891,"unknown2":4294963611,"rank":3010,"percentile":36.639292482627916}},"tenDayPercentiles":[],"tenDayDecayingPercentileScore":0,"scoresByDay":[],"rankSummary":{"mean":3010,"median":3010,"max":3010,"min":3010},"percentileSummary":{"mean":36.639292482627916,"median":36.639292482627916,"max":36.639292482627916,"min":36.639292482627916}}