{"name":"gladglide","scoreData":{"2020-11-20":{"id":76561198117649180,"name":"gladglide","score":3500,"level":2,"character":3,"platform":18,"runframes":2695,"runend":1021,"unknown1":4294963883,"unknown2":4294964942,"rank":3794,"percentile":6.113861386138623}},"tenDayPercentiles":[6.113861386138623],"tenDayDecayingPercentileScore":4.952227722772285,"scoresByDay":[4.952227722772285],"rankSummary":{"mean":3794,"median":3794,"max":3794,"min":3794},"percentileSummary":{"mean":6.113861386138623,"median":6.113861386138623,"max":6.113861386138623,"min":6.113861386138623}}