{"name":"glareon81","scoreData":{"2020-11-21":{"id":3389535180920410000,"name":"glareon81","score":7800,"level":3,"character":5,"platform":48,"runframes":13562,"runend":1020,"unknown1":4294966160,"unknown2":4294965425,"rank":3152,"percentile":24.090580582992047}},"tenDayPercentiles":[24.090580582992047],"tenDayDecayingPercentileScore":21.68152252469284,"scoresByDay":[21.68152252469284],"rankSummary":{"mean":3152,"median":3152,"max":3152,"min":3152},"percentileSummary":{"mean":24.090580582992047,"median":24.090580582992047,"max":24.090580582992047,"min":24.090580582992047}}