{"name":"glengri","scoreData":{"2020-09-18":{"id":2257284799815745800,"name":"glengri","score":3000,"level":2,"character":3,"platform":48,"runframes":7147,"runend":1021,"unknown1":4294966640,"unknown2":4294964705,"rank":2291,"percentile":18.097281831187402}},"tenDayPercentiles":[],"tenDayDecayingPercentileScore":0,"scoresByDay":[],"rankSummary":{"mean":2291,"median":2291,"max":2291,"min":2291},"percentileSummary":{"mean":18.097281831187402,"median":18.097281831187402,"max":18.097281831187402,"min":18.097281831187402}}