{"name":"Gliblord","scoreData":{"2020-10-10":{"id":76561198044435090,"name":"Gliblord","score":3600,"level":2,"character":0,"platform":48,"runframes":4161,"runend":1021,"unknown1":4294964329,"unknown2":4294961557,"rank":4492,"percentile":31.91328077622802}},"tenDayPercentiles":[],"tenDayDecayingPercentileScore":0,"scoresByDay":[],"rankSummary":{"mean":4492,"median":4492,"max":4492,"min":4492},"percentileSummary":{"mean":31.91328077622802,"median":31.91328077622802,"max":31.91328077622802,"min":31.91328077622802}}