{"name":"Glooper","scoreData":{"2020-11-20":{"id":5210740444549047000,"name":"Glooper","score":6500,"level":2,"character":10,"platform":18,"runframes":5645,"runend":1021,"unknown1":1130,"unknown2":915,"rank":3676,"percentile":9.034653465346537}},"tenDayPercentiles":[],"tenDayDecayingPercentileScore":0,"scoresByDay":[],"rankSummary":{"mean":3676,"median":3676,"max":3676,"min":3676},"percentileSummary":{"mean":9.034653465346537,"median":9.034653465346537,"max":9.034653465346537,"min":9.034653465346537}}