{"name":"glosa28","scoreData":{"2020-10-07":{"id":8834413198365190000,"name":"glosa28","score":8400,"level":2,"character":4,"platform":48,"runframes":8597,"runend":1021,"unknown1":2903,"unknown2":113,"rank":3676,"percentile":43.66952789699571}},"tenDayPercentiles":[],"tenDayDecayingPercentileScore":0,"scoresByDay":[],"rankSummary":{"mean":3676,"median":3676,"max":3676,"min":3676},"percentileSummary":{"mean":43.66952789699571,"median":43.66952789699571,"max":43.66952789699571,"min":43.66952789699571}}