{"name":"GMAN9177","scoreData":{"2020-09-18":{"id":6917829968023934000,"name":"GMAN9177","score":18825,"level":5,"character":0,"platform":48,"runframes":22545,"runend":1018,"unknown1":4294965453,"unknown2":4294965350,"rank":948,"percentile":66.13018597997139}},"tenDayPercentiles":[],"tenDayDecayingPercentileScore":0,"scoresByDay":[],"rankSummary":{"mean":948,"median":948,"max":948,"min":948},"percentileSummary":{"mean":66.13018597997139,"median":66.13018597997139,"max":66.13018597997139,"min":66.13018597997139}}