{"name":"Gmork","scoreData":{"2020-09-29":{"id":8718174948355735000,"name":"Gmork","score":5900,"level":4,"character":0,"platform":18,"runframes":9724,"runend":1019,"unknown1":4294966130,"unknown2":1229,"rank":2526,"percentile":54.84620886981402}},"tenDayPercentiles":[],"tenDayDecayingPercentileScore":0,"scoresByDay":[],"rankSummary":{"mean":2526,"median":2526,"max":2526,"min":2526},"percentileSummary":{"mean":54.84620886981402,"median":54.84620886981402,"max":54.84620886981402,"min":54.84620886981402}}