{"name":"GnaGamer","scoreData":{"2020-10-03":{"id":76561198963206180,"name":"GnaGamer","score":9700,"level":2,"character":7,"platform":18,"runframes":5403,"runend":1021,"unknown1":4294964696,"unknown2":219,"rank":5154,"percentile":34.75563433780704}},"tenDayPercentiles":[],"tenDayDecayingPercentileScore":0,"scoresByDay":[],"rankSummary":{"mean":5154,"median":5154,"max":5154,"min":5154},"percentileSummary":{"mean":34.75563433780704,"median":34.75563433780704,"max":34.75563433780704,"min":34.75563433780704}}