{"name":"gniady","scoreData":{"2020-09-30":{"id":76561198026749180,"name":"gniady","score":3000,"level":2,"character":3,"platform":18,"runframes":3940,"runend":1021,"unknown1":4294963221,"unknown2":2060,"rank":5725,"percentile":25.893319523562923}},"tenDayPercentiles":[],"tenDayDecayingPercentileScore":0,"scoresByDay":[],"rankSummary":{"mean":5725,"median":5725,"max":5725,"min":5725},"percentileSummary":{"mean":25.893319523562923,"median":25.893319523562923,"max":25.893319523562923,"min":25.893319523562923}}