{"name":"Go D. Usopp","scoreData":{"2020-11-17":{"id":76561198303310420,"name":"Go D. Usopp","score":5200,"level":2,"character":5,"platform":18,"runframes":4045,"runend":1021,"unknown1":2724,"unknown2":683,"rank":3288,"percentile":16.10515569167943}},"tenDayPercentiles":[16.10515569167943],"tenDayDecayingPercentileScore":10.566592649310875,"scoresByDay":[10.566592649310875],"rankSummary":{"mean":3288,"median":3288,"max":3288,"min":3288},"percentileSummary":{"mean":16.10515569167943,"median":16.10515569167943,"max":16.10515569167943,"min":16.10515569167943}}