{"name":"Go Yankees!","scoreData":{"2020-10-06":{"id":6306563769661849000,"name":"Go Yankees!","score":15050,"level":5,"character":0,"platform":18,"runframes":29426,"runend":1018,"unknown1":4294961478,"unknown2":4294964029,"rank":1992,"percentile":70.6990434142752}},"tenDayPercentiles":[],"tenDayDecayingPercentileScore":0,"scoresByDay":[],"rankSummary":{"mean":1992,"median":1992,"max":1992,"min":1992},"percentileSummary":{"mean":70.6990434142752,"median":70.6990434142752,"max":70.6990434142752,"min":70.6990434142752}}