{"name":"Goblin1234","scoreData":{"2020-09-30":{"id":76561198082689220,"name":"Goblin1234","score":6000,"level":1,"character":0,"platform":18,"runframes":2417,"runend":1022,"unknown1":2036,"unknown2":2039,"rank":7037,"percentile":8.907301916105652}},"tenDayPercentiles":[],"tenDayDecayingPercentileScore":0,"scoresByDay":[],"rankSummary":{"mean":7037,"median":7037,"max":7037,"min":7037},"percentileSummary":{"mean":8.907301916105652,"median":8.907301916105652,"max":8.907301916105652,"min":8.907301916105652}}