{"name":"godzhammer123","scoreData":{"2020-10-31":{"id":3973103855769104400,"name":"godzhammer123","score":1900,"level":1,"character":2,"platform":48,"runframes":5021,"runend":1022,"unknown1":4294965717,"unknown2":340,"rank":4602,"percentile":3.1979802230170407}},"tenDayPercentiles":[],"tenDayDecayingPercentileScore":0,"scoresByDay":[],"rankSummary":{"mean":4602,"median":4602,"max":4602,"min":4602},"percentileSummary":{"mean":3.1979802230170407,"median":3.1979802230170407,"max":3.1979802230170407,"min":3.1979802230170407}}