{"name":"gofer (2)","scoreData":{"2020-10-06":{"id":76561197975428580,"name":"gofer (2)","score":500,"level":1,"character":3,"platform":18,"runframes":4677,"runend":1022,"unknown1":6099,"unknown2":1524,"rank":6600,"percentile":2.884473877851363}},"tenDayDecayingPercentileMean":null,"rankSummary":{"mean":6600,"median":6600,"max":6600,"min":6600},"percentileSummary":{"mean":2.884473877851363,"median":2.884473877851363,"max":2.884473877851363,"min":2.884473877851363}}