{"name":"GoldenMillz","scoreData":{"2020-10-13":{"id":76561197970322160,"name":"GoldenMillz","score":4000,"level":2,"character":3,"platform":18,"runframes":6704,"runend":1021,"unknown1":2185,"unknown2":85,"rank":5012,"percentile":14.560954816709298}},"tenDayPercentiles":[],"tenDayDecayingPercentileScore":0,"scoresByDay":[],"rankSummary":{"mean":5012,"median":5012,"max":5012,"min":5012},"percentileSummary":{"mean":14.560954816709298,"median":14.560954816709298,"max":14.560954816709298,"min":14.560954816709298}}