{"name":"goldenpigzilly","scoreData":{"2020-10-03":{"id":76561198068862770,"name":"goldenpigzilly","score":5900,"level":2,"character":0,"platform":18,"runframes":5543,"runend":1021,"unknown1":4294965886,"unknown2":84,"rank":5972,"percentile":24.398581919473287}},"tenDayPercentiles":[],"tenDayDecayingPercentileScore":0,"scoresByDay":[],"rankSummary":{"mean":5972,"median":5972,"max":5972,"min":5972},"percentileSummary":{"mean":24.398581919473287,"median":24.398581919473287,"max":24.398581919473287,"min":24.398581919473287}}