{"name":"goldenhippo1987","scoreData":{"2020-11-02":{"id":9087208059038533000,"name":"goldenhippo1987","score":16500,"level":4,"character":0,"platform":48,"runframes":26695,"runend":1019,"unknown1":4294966598,"unknown2":4294965082,"rank":2339,"percentile":47.73082942097027}},"tenDayPercentiles":[],"tenDayDecayingPercentileScore":0,"scoresByDay":[],"rankSummary":{"mean":2339,"median":2339,"max":2339,"min":2339},"percentileSummary":{"mean":47.73082942097027,"median":47.73082942097027,"max":47.73082942097027,"min":47.73082942097027}}