{"name":"GoldfishBros","scoreData":{"2020-09-29":{"id":76561198813561250,"name":"GoldfishBros","score":17100,"level":4,"character":0,"platform":18,"runframes":12216,"runend":1019,"unknown1":1642,"unknown2":674,"rank":2257,"percentile":59.656652360515025}},"tenDayPercentiles":[],"tenDayDecayingPercentileScore":0,"scoresByDay":[],"rankSummary":{"mean":2257,"median":2257,"max":2257,"min":2257},"percentileSummary":{"mean":59.656652360515025,"median":59.656652360515025,"max":59.656652360515025,"min":59.656652360515025}}