{"name":"Goldensilk87","scoreData":{"2020-10-08":{"id":297506048066720640,"name":"Goldensilk87","score":13700,"level":4,"character":0,"platform":48,"runframes":22147,"runend":1019,"unknown1":4294967225,"unknown2":2066,"rank":2641,"percentile":58.3530525319451}},"tenDayPercentiles":[],"tenDayDecayingPercentileScore":0,"scoresByDay":[],"rankSummary":{"mean":2641,"median":2641,"max":2641,"min":2641},"percentileSummary":{"mean":58.3530525319451,"median":58.3530525319451,"max":58.3530525319451,"min":58.3530525319451}}