{"name":"Golden","scoreData":{"2020-10-02":{"id":76561198799666800,"name":"Golden","score":6500,"level":1,"character":3,"platform":18,"runframes":6939,"runend":1022,"unknown1":4294963133,"unknown2":9,"rank":6217,"percentile":16.709098217874853}},"tenDayPercentiles":[],"tenDayDecayingPercentileScore":0,"scoresByDay":[],"rankSummary":{"mean":6217,"median":6217,"max":6217,"min":6217},"percentileSummary":{"mean":16.709098217874853,"median":16.709098217874853,"max":16.709098217874853,"min":16.709098217874853}}