{"name":"Goli","scoreData":{"2020-10-02":{"id":2107691443770361600,"name":"Goli","score":5800,"level":1,"character":0,"platform":18,"runframes":3602,"runend":1022,"unknown1":4294963832,"unknown2":3066,"rank":6308,"percentile":15.489749430523915}},"tenDayPercentiles":[],"tenDayDecayingPercentileScore":0,"scoresByDay":[],"rankSummary":{"mean":6308,"median":6308,"max":6308,"min":6308},"percentileSummary":{"mean":15.489749430523915,"median":15.489749430523915,"max":15.489749430523915,"min":15.489749430523915}}