{"name":"Gone2Lake","scoreData":{"2020-10-03":{"id":76561198042370130,"name":"Gone2Lake","score":4400,"level":1,"character":2,"platform":18,"runframes":5794,"runend":1022,"unknown1":795,"unknown2":1606,"rank":7487,"percentile":5.216510508989614}},"tenDayPercentiles":[],"tenDayDecayingPercentileScore":0,"scoresByDay":[],"rankSummary":{"mean":7487,"median":7487,"max":7487,"min":7487},"percentileSummary":{"mean":5.216510508989614,"median":5.216510508989614,"max":5.216510508989614,"min":5.216510508989614}}