{"name":"GONKODONKO","scoreData":{"2020-10-25":{"id":76561198405499520,"name":"GONKODONKO","score":16600,"level":3,"character":10,"platform":18,"runframes":17627,"runend":1020,"unknown1":4294967153,"unknown2":1237,"rank":3387,"percentile":38.990990990990994}},"tenDayPercentiles":[],"tenDayDecayingPercentileScore":0,"scoresByDay":[],"rankSummary":{"mean":3387,"median":3387,"max":3387,"min":3387},"percentileSummary":{"mean":38.990990990990994,"median":38.990990990990994,"max":38.990990990990994,"min":38.990990990990994}}