{"name":"Goofygoober","scoreData":{"2020-11-16":{"id":76561198035694700,"name":"Goofygoober","score":1500,"level":1,"character":0,"platform":18,"runframes":2250,"runend":1022,"unknown1":1752,"unknown2":620,"rank":3736,"percentile":4.328893442622956}},"tenDayPercentiles":[4.328893442622956],"tenDayDecayingPercentileScore":2.840186987704922,"scoresByDay":[2.840186987704922],"rankSummary":{"mean":3736,"median":3736,"max":3736,"min":3736},"percentileSummary":{"mean":4.328893442622956,"median":4.328893442622956,"max":4.328893442622956,"min":4.328893442622956}}