{"name":"GOONRASH69","scoreData":{"2020-09-17":{"id":188737714912452830,"name":"GOONRASH69","score":3000,"level":2,"character":0,"platform":48,"runframes":4892,"runend":1021,"unknown1":244,"unknown2":308,"rank":1921,"percentile":32.08348072161303}},"tenDayPercentiles":[],"tenDayDecayingPercentileScore":0,"scoresByDay":[],"rankSummary":{"mean":1921,"median":1921,"max":1921,"min":1921},"percentileSummary":{"mean":32.08348072161303,"median":32.08348072161303,"max":32.08348072161303,"min":32.08348072161303}}