{"name":"goon_magee","scoreData":{"2020-09-15":{"id":6058921225006439000,"name":"goon_magee","score":3600,"level":1,"character":3,"platform":48,"runframes":1818,"runend":1022,"unknown1":4294967046,"unknown2":24,"rank":1675,"percentile":7.819383259911888}},"tenDayPercentiles":[],"tenDayDecayingPercentileScore":0,"scoresByDay":[],"rankSummary":{"mean":1675,"median":1675,"max":1675,"min":1675},"percentileSummary":{"mean":7.819383259911888,"median":7.819383259911888,"max":7.819383259911888,"min":7.819383259911888}}