{"name":"gordn","scoreData":{"2020-10-01":{"id":76561197990459280,"name":"gordn","score":4100,"level":3,"character":3,"platform":17,"runframes":20381,"runend":1020,"unknown1":4294964619,"unknown2":4294961904,"rank":4495,"percentile":41.59085001299714}},"tenDayPercentiles":[],"tenDayDecayingPercentileScore":0,"scoresByDay":[],"rankSummary":{"mean":4495,"median":4495,"max":4495,"min":4495},"percentileSummary":{"mean":41.59085001299714,"median":41.59085001299714,"max":41.59085001299714,"min":41.59085001299714}}