{"name":"Gork's Bisque","scoreData":{"2020-10-07":{"id":2523598298760554000,"name":"Gork's Bisque","score":19400,"level":4,"character":7,"platform":18,"runframes":13065,"runend":1019,"unknown1":4294961186,"unknown2":4294960989,"rank":1466,"percentile":77.54445125689762}},"tenDayDecayingPercentileMean":null,"rankSummary":{"mean":1466,"median":1466,"max":1466,"min":1466},"percentileSummary":{"mean":77.54445125689762,"median":77.54445125689762,"max":77.54445125689762,"min":77.54445125689762}}