{"name":"Got_Leibnutz","scoreData":{"2020-11-11":{"id":3103056884799297500,"name":"Got_Leibnutz","score":46850,"level":9,"character":7,"platform":48,"runframes":62223,"runend":1014,"unknown1":639,"unknown2":2279,"rank":518,"percentile":88.37679856115108}},"tenDayPercentiles":[],"tenDayDecayingPercentileScore":0,"scoresByDay":[],"rankSummary":{"mean":518,"median":518,"max":518,"min":518},"percentileSummary":{"mean":88.37679856115108,"median":88.37679856115108,"max":88.37679856115108,"min":88.37679856115108}}