{"name":"gothspider","scoreData":{"2020-10-04":{"id":76561198074433840,"name":"gothspider","score":55725,"level":8,"character":6,"platform":48,"runframes":37865,"runend":1015,"unknown1":2749,"unknown2":1374,"rank":452,"percentile":93.99627263045794}},"tenDayPercentiles":[],"tenDayDecayingPercentileScore":0,"scoresByDay":[],"rankSummary":{"mean":452,"median":452,"max":452,"min":452},"percentileSummary":{"mean":93.99627263045794,"median":93.99627263045794,"max":93.99627263045794,"min":93.99627263045794}}