{"name":"gothbob49","scoreData":{"2020-09-20":{"id":7736389509735538000,"name":"gothbob49","score":8600,"level":2,"character":2,"platform":48,"runframes":6356,"runend":1021,"unknown1":53,"unknown2":4294965244,"rank":1769,"percentile":40.55144586415602}},"tenDayPercentiles":[],"tenDayDecayingPercentileScore":0,"scoresByDay":[],"rankSummary":{"mean":1769,"median":1769,"max":1769,"min":1769},"percentileSummary":{"mean":40.55144586415602,"median":40.55144586415602,"max":40.55144586415602,"min":40.55144586415602}}