{"name":"gouliard","scoreData":{"2020-11-11":{"id":3595143993099818000,"name":"gouliard","score":800,"level":2,"character":4,"platform":48,"runframes":8118,"runend":1021,"unknown1":2124,"unknown2":3018,"rank":4113,"percentile":7.5539568345323715}},"tenDayPercentiles":[7.5539568345323715],"tenDayDecayingPercentileScore":3.2517307230215824,"scoresByDay":[3.2517307230215824],"rankSummary":{"mean":4113,"median":4113,"max":4113,"min":4113},"percentileSummary":{"mean":7.5539568345323715,"median":7.5539568345323715,"max":7.5539568345323715,"min":7.5539568345323715}}