{"name":"gpwiggins","scoreData":{"2020-11-11":{"id":76561198136232400,"name":"gpwiggins","score":35025,"level":7,"character":6,"platform":18,"runframes":30118,"runend":1016,"unknown1":1845,"unknown2":427,"rank":904,"percentile":79.69874100719424}},"tenDayPercentiles":[79.69874100719424],"tenDayDecayingPercentileScore":34.307694681879504,"scoresByDay":[34.307694681879504],"rankSummary":{"mean":904,"median":904,"max":904,"min":904},"percentileSummary":{"mean":79.69874100719424,"median":79.69874100719424,"max":79.69874100719424,"min":79.69874100719424}}