{"name":"Graf von Strahlungsgrad","scoreData":{"2020-10-05":{"id":76561198101892590,"name":"Graf von Strahlungsgrad","score":0,"level":1,"character":2,"platform":18,"runframes":1474,"runend":1022,"unknown1":4294966013,"unknown2":4294965457,"rank":6765,"percentile":0.704638872577803}},"tenDayDecayingPercentileMean":null,"rankSummary":{"mean":6765,"median":6765,"max":6765,"min":6765},"percentileSummary":{"mean":0.704638872577803,"median":0.704638872577803,"max":0.704638872577803,"min":0.704638872577803}}