{"name":"GRAMPA4LYFE","scoreData":{"2020-09-18":{"id":8079176179272655000,"name":"GRAMPA4LYFE","score":23575,"level":6,"character":7,"platform":48,"runframes":27658,"runend":1017,"unknown1":4294965513,"unknown2":37,"rank":575,"percentile":79.47067238912733}},"tenDayPercentiles":[],"tenDayDecayingPercentileScore":0,"scoresByDay":[],"rankSummary":{"mean":575,"median":575,"max":575,"min":575},"percentileSummary":{"mean":79.47067238912733,"median":79.47067238912733,"max":79.47067238912733,"min":79.47067238912733}}