{"name":"GrandeFTW","scoreData":{"2020-10-09":{"id":76561197996349700,"name":"GrandeFTW","score":9700,"level":1,"character":3,"platform":18,"runframes":2828,"runend":1022,"unknown1":4294964296,"unknown2":4294966501,"rank":5559,"percentile":11.38392857142857}},"tenDayPercentiles":[],"tenDayDecayingPercentileScore":0,"scoresByDay":[],"rankSummary":{"mean":5559,"median":5559,"max":5559,"min":5559},"percentileSummary":{"mean":11.38392857142857,"median":11.38392857142857,"max":11.38392857142857,"min":11.38392857142857}}