{"name":"grantcriteser","scoreData":{"2020-10-06":{"id":76561197991917000,"name":"grantcriteser","score":4200,"level":2,"character":0,"platform":18,"runframes":3941,"runend":1021,"unknown1":2004,"unknown2":1092,"rank":5800,"percentile":14.657836644591612}},"tenDayPercentiles":[],"tenDayDecayingPercentileScore":0,"scoresByDay":[],"rankSummary":{"mean":5800,"median":5800,"max":5800,"min":5800},"percentileSummary":{"mean":14.657836644591612,"median":14.657836644591612,"max":14.657836644591612,"min":14.657836644591612}}