{"name":"GraphicClone","scoreData":{"2020-10-14":{"id":76561198120708350,"name":"GraphicClone","score":1700,"level":1,"character":10,"platform":18,"runframes":2070,"runend":1022,"unknown1":1462,"unknown2":8,"rank":4629,"percentile":16.3412870571222}},"tenDayPercentiles":[],"tenDayDecayingPercentileScore":0,"scoresByDay":[],"rankSummary":{"mean":4629,"median":4629,"max":4629,"min":4629},"percentileSummary":{"mean":16.3412870571222,"median":16.3412870571222,"max":16.3412870571222,"min":16.3412870571222}}