{"name":"GravePrelude","scoreData":{"2020-09-27":{"id":220764138739838500,"name":"GravePrelude","score":9500,"level":1,"character":7,"platform":48,"runframes":3964,"runend":1022,"unknown1":333,"unknown2":4294967207,"rank":1520,"percentile":39.239999999999995}},"tenDayPercentiles":[],"tenDayDecayingPercentileScore":0,"scoresByDay":[],"rankSummary":{"mean":1520,"median":1520,"max":1520,"min":1520},"percentileSummary":{"mean":39.239999999999995,"median":39.239999999999995,"max":39.239999999999995,"min":39.239999999999995}}