{"name":"GreatNate85","scoreData":{"2020-10-16":{"id":76561198076547500,"name":"GreatNate85","score":32225,"level":8,"character":0,"platform":18,"runframes":32054,"runend":1015,"unknown1":4256,"unknown2":886,"rank":355,"percentile":93.6864633493847}},"tenDayPercentiles":[],"tenDayDecayingPercentileScore":0,"scoresByDay":[],"rankSummary":{"mean":355,"median":355,"max":355,"min":355},"percentileSummary":{"mean":93.6864633493847,"median":93.6864633493847,"max":93.6864633493847,"min":93.6864633493847}}