{"name":"GreatMeat47","scoreData":{"2020-10-12":{"id":76561197967712980,"name":"GreatMeat47","score":9200,"level":2,"character":7,"platform":18,"runframes":4056,"runend":1021,"unknown1":1592,"unknown2":324,"rank":4122,"percentile":31.133021390374324}},"tenDayPercentiles":[],"tenDayDecayingPercentileScore":0,"scoresByDay":[],"rankSummary":{"mean":4122,"median":4122,"max":4122,"min":4122},"percentileSummary":{"mean":31.133021390374324,"median":31.133021390374324,"max":31.133021390374324,"min":31.133021390374324}}