{"name":"greenfrog820","scoreData":{"2020-09-17":{"id":3491301691875199000,"name":"greenfrog820","score":3800,"level":1,"character":3,"platform":48,"runframes":1928,"runend":1022,"unknown1":4294967284,"unknown2":4294966082,"rank":2405,"percentile":14.962858153519633}},"tenDayPercentiles":[],"tenDayDecayingPercentileScore":0,"scoresByDay":[],"rankSummary":{"mean":2405,"median":2405,"max":2405,"min":2405},"percentileSummary":{"mean":14.962858153519633,"median":14.962858153519633,"max":14.962858153519633,"min":14.962858153519633}}