{"name":"greenspacefrog","scoreData":{"2020-10-11":{"id":76561197998717360,"name":"greenspacefrog","score":8900,"level":2,"character":3,"platform":48,"runframes":4729,"runend":1021,"unknown1":4294966294,"unknown2":198,"rank":4959,"percentile":21.921259842519675}},"tenDayPercentiles":[],"tenDayDecayingPercentileScore":0,"scoresByDay":[],"rankSummary":{"mean":4959,"median":4959,"max":4959,"min":4959},"percentileSummary":{"mean":21.921259842519675,"median":21.921259842519675,"max":21.921259842519675,"min":21.921259842519675}}