{"name":"GreenKirby500","scoreData":{"2020-10-01":{"id":76561198030793220,"name":"GreenKirby500","score":24700,"level":3,"character":4,"platform":18,"runframes":13969,"runend":1020,"unknown1":3459,"unknown2":250,"rank":3504,"percentile":54.47101637639719}},"tenDayPercentiles":[],"tenDayDecayingPercentileScore":0,"scoresByDay":[],"rankSummary":{"mean":3504,"median":3504,"max":3504,"min":3504},"percentileSummary":{"mean":54.47101637639719,"median":54.47101637639719,"max":54.47101637639719,"min":54.47101637639719}}