{"name":"Grey_Cypher","scoreData":{"2020-10-04":{"id":76561198023426960,"name":"Grey_Cypher","score":10100,"level":3,"character":18,"platform":48,"runframes":15236,"runend":1020,"unknown1":4643,"unknown2":1493,"rank":4411,"percentile":41.29392971246006}},"tenDayPercentiles":[],"tenDayDecayingPercentileScore":0,"scoresByDay":[],"rankSummary":{"mean":4411,"median":4411,"max":4411,"min":4411},"percentileSummary":{"mean":41.29392971246006,"median":41.29392971246006,"max":41.29392971246006,"min":41.29392971246006}}