{"name":"Griffon","scoreData":{"2020-09-30":{"id":76561198292492370,"name":"Griffon","score":10000,"level":1,"character":1,"platform":18,"runframes":5527,"runend":1022,"unknown1":4294966356,"unknown2":128,"rank":6177,"percentile":20.041429311237707}},"tenDayPercentiles":[],"tenDayDecayingPercentileScore":0,"scoresByDay":[],"rankSummary":{"mean":6177,"median":6177,"max":6177,"min":6177},"percentileSummary":{"mean":20.041429311237707,"median":20.041429311237707,"max":20.041429311237707,"min":20.041429311237707}}