{"name":"griffindorkulus","scoreData":{"2020-10-12":{"id":76561198025143470,"name":"griffindorkulus","score":5400,"level":2,"character":3,"platform":18,"runframes":5297,"runend":1021,"unknown1":4294966730,"unknown2":282,"rank":4548,"percentile":24.01403743315508}},"tenDayPercentiles":[],"tenDayDecayingPercentileScore":0,"scoresByDay":[],"rankSummary":{"mean":4548,"median":4548,"max":4548,"min":4548},"percentileSummary":{"mean":24.01403743315508,"median":24.01403743315508,"max":24.01403743315508,"min":24.01403743315508}}