{"name":"grimmparadoxx","scoreData":{"2020-11-03":{"id":76561198047929940,"name":"grimmparadoxx","score":8600,"level":2,"character":7,"platform":18,"runframes":3231,"runend":1021,"unknown1":4294965325,"unknown2":4294964786,"rank":3784,"percentile":15.895953757225428}},"tenDayPercentiles":[],"tenDayDecayingPercentileScore":0,"scoresByDay":[],"rankSummary":{"mean":3784,"median":3784,"max":3784,"min":3784},"percentileSummary":{"mean":15.895953757225428,"median":15.895953757225428,"max":15.895953757225428,"min":15.895953757225428}}