{"name":"Grizzally","scoreData":{"2020-09-19":{"id":5017473327796231000,"name":"Grizzally","score":9800,"level":1,"character":7,"platform":48,"runframes":3150,"runend":1022,"unknown1":1218,"unknown2":374,"rank":2259,"percentile":24.632843791722294}},"tenDayPercentiles":[],"tenDayDecayingPercentileScore":0,"scoresByDay":[],"rankSummary":{"mean":2259,"median":2259,"max":2259,"min":2259},"percentileSummary":{"mean":24.632843791722294,"median":24.632843791722294,"max":24.632843791722294,"min":24.632843791722294}}