{"name":"Ground_Destroyer","scoreData":{"2020-09-30":{"id":76561198079360200,"name":"Ground_Destroyer","score":51300,"level":8,"character":8,"platform":48,"runframes":33653,"runend":1015,"unknown1":4294961564,"unknown2":4294960523,"rank":312,"percentile":95.97358881408597}},"tenDayPercentiles":[],"tenDayDecayingPercentileScore":0,"scoresByDay":[],"rankSummary":{"mean":312,"median":312,"max":312,"min":312},"percentileSummary":{"mean":95.97358881408597,"median":95.97358881408597,"max":95.97358881408597,"min":95.97358881408597}}