{"name":"Grumbledown","scoreData":{"2020-09-20":{"id":7027781473152124000,"name":"Grumbledown","score":50350,"level":7,"character":7,"platform":48,"runframes":42426,"runend":1016,"unknown1":4294965694,"unknown2":4294965600,"rank":281,"percentile":90.58507061197041}},"tenDayPercentiles":[],"tenDayDecayingPercentileScore":0,"scoresByDay":[],"rankSummary":{"mean":281,"median":281,"max":281,"min":281},"percentileSummary":{"mean":90.58507061197041,"median":90.58507061197041,"max":90.58507061197041,"min":90.58507061197041}}