{"name":"gryouti","scoreData":{"2020-11-08":{"id":4474287663005685000,"name":"gryouti","score":1500,"level":1,"character":3,"platform":48,"runframes":704,"runend":1022,"unknown1":354,"unknown2":1,"rank":4437,"percentile":5.91728525980912}},"tenDayPercentiles":[],"tenDayDecayingPercentileScore":0,"scoresByDay":[],"rankSummary":{"mean":4437,"median":4437,"max":4437,"min":4437},"percentileSummary":{"mean":5.91728525980912,"median":5.91728525980912,"max":5.91728525980912,"min":5.91728525980912}}