{"name":"GSanchez","scoreData":{"2020-10-01":{"id":76561197992296100,"name":"GSanchez","score":16800,"level":4,"character":0,"platform":18,"runframes":15526,"runend":1019,"unknown1":4294965998,"unknown2":4294966816,"rank":2902,"percentile":62.29529503509228}},"tenDayPercentiles":[],"tenDayDecayingPercentileScore":0,"scoresByDay":[],"rankSummary":{"mean":2902,"median":2902,"max":2902,"min":2902},"percentileSummary":{"mean":62.29529503509228,"median":62.29529503509228,"max":62.29529503509228,"min":62.29529503509228}}