{"name":"GubbeO","scoreData":{"2020-10-17":{"id":76561197998409260,"name":"GubbeO","score":0,"level":1,"character":3,"platform":18,"runframes":1160,"runend":1022,"unknown1":4294966028,"unknown2":4294962672,"rank":5741,"percentile":1.8467852257181931}},"tenDayPercentiles":[],"tenDayDecayingPercentileScore":0,"scoresByDay":[],"rankSummary":{"mean":5741,"median":5741,"max":5741,"min":5741},"percentileSummary":{"mean":1.8467852257181931,"median":1.8467852257181931,"max":1.8467852257181931,"min":1.8467852257181931}}