{"name":"GucciMeme","scoreData":{"2020-10-02":{"id":3976820600653699600,"name":"GucciMeme","score":17400,"level":4,"character":2,"platform":18,"runframes":14453,"runend":1019,"unknown1":1700,"unknown2":13,"rank":2075,"percentile":72.20956719817768}},"tenDayPercentiles":[],"tenDayDecayingPercentileScore":0,"scoresByDay":[],"rankSummary":{"mean":2075,"median":2075,"max":2075,"min":2075},"percentileSummary":{"mean":72.20956719817768,"median":72.20956719817768,"max":72.20956719817768,"min":72.20956719817768}}