{"name":"GUCCI-KIDNEY","scoreData":{"2020-10-05":{"id":5750161549054056000,"name":"GUCCI-KIDNEY","score":40225,"level":7,"character":18,"platform":48,"runframes":26411,"runend":1016,"unknown1":4294966915,"unknown2":358,"rank":1070,"percentile":84.30710510863183}},"tenDayPercentiles":[],"tenDayDecayingPercentileScore":0,"scoresByDay":[],"rankSummary":{"mean":1070,"median":1070,"max":1070,"min":1070},"percentileSummary":{"mean":84.30710510863183,"median":84.30710510863183,"max":84.30710510863183,"min":84.30710510863183}}