{"name":"GufDotCom","scoreData":{"2020-10-17":{"id":5192216578623780000,"name":"GufDotCom","score":37225,"level":8,"character":18,"platform":48,"runframes":17656,"runend":1015,"unknown1":4294963746,"unknown2":257,"rank":515,"percentile":91.21067031463748}},"tenDayPercentiles":[],"tenDayDecayingPercentileScore":0,"scoresByDay":[],"rankSummary":{"mean":515,"median":515,"max":515,"min":515},"percentileSummary":{"mean":91.21067031463748,"median":91.21067031463748,"max":91.21067031463748,"min":91.21067031463748}}