{"name":"guillaume.raffort","scoreData":{"2020-10-23":{"id":3007975493122858500,"name":"guillaume.raffort","score":8500,"level":2,"character":2,"platform":18,"runframes":16221,"runend":1021,"unknown1":4294964532,"unknown2":1130,"rank":4097,"percentile":21.547596245929896}},"tenDayPercentiles":[],"tenDayDecayingPercentileScore":0,"scoresByDay":[],"rankSummary":{"mean":4097,"median":4097,"max":4097,"min":4097},"percentileSummary":{"mean":21.547596245929896,"median":21.547596245929896,"max":21.547596245929896,"min":21.547596245929896}}