{"name":"GuilX971","scoreData":{"2020-11-13":{"id":76561198073401310,"name":"GuilX971","score":3000,"level":2,"character":2,"platform":48,"runframes":16473,"runend":1021,"unknown1":162,"unknown2":123,"rank":3747,"percentile":10.80952380952381}},"tenDayPercentiles":[10.80952380952381],"tenDayDecayingPercentileScore":4.653145555714287,"scoresByDay":[4.653145555714287],"rankSummary":{"mean":3747,"median":3747,"max":3747,"min":3747},"percentileSummary":{"mean":10.80952380952381,"median":10.80952380952381,"max":10.80952380952381,"min":10.80952380952381}}