{"name":"Gummihamster","scoreData":{"2020-11-11":{"id":442977203554216400,"name":"Gummihamster","score":6600,"level":1,"character":3,"platform":18,"runframes":5386,"runend":1022,"unknown1":4294967058,"unknown2":4294965795,"rank":4306,"percentile":3.214928057553962}},"tenDayPercentiles":[],"tenDayDecayingPercentileScore":0,"scoresByDay":[],"rankSummary":{"mean":4306,"median":4306,"max":4306,"min":4306},"percentileSummary":{"mean":3.214928057553962,"median":3.214928057553962,"max":3.214928057553962,"min":3.214928057553962}}