{"name":"gunnarwj","scoreData":{"2020-09-30":{"id":76561197961827170,"name":"gunnarwj","score":7500,"level":2,"character":0,"platform":18,"runframes":3587,"runend":1021,"unknown1":4294966470,"unknown2":4294966340,"rank":5321,"percentile":31.123770067322624}},"tenDayPercentiles":[],"tenDayDecayingPercentileScore":0,"scoresByDay":[],"rankSummary":{"mean":5321,"median":5321,"max":5321,"min":5321},"percentileSummary":{"mean":31.123770067322624,"median":31.123770067322624,"max":31.123770067322624,"min":31.123770067322624}}