{"name":"Gunner_229","scoreData":{"2020-10-04":{"id":76561198068311420,"name":"Gunner_229","score":0,"level":1,"character":2,"platform":48,"runframes":1853,"runend":1022,"unknown1":4294961668,"unknown2":4294962849,"rank":7473,"percentile":0.5324813631523}},"tenDayPercentiles":[],"tenDayDecayingPercentileScore":0,"scoresByDay":[],"rankSummary":{"mean":7473,"median":7473,"max":7473,"min":7473},"percentileSummary":{"mean":0.5324813631523,"median":0.5324813631523,"max":0.5324813631523,"min":0.5324813631523}}