{"name":"Guntsman","scoreData":{"2020-09-29":{"id":76561198037501300,"name":"Guntsman","score":8500,"level":1,"character":3,"platform":18,"runframes":1693,"runend":1022,"unknown1":4294964836,"unknown2":4294964057,"rank":4829,"percentile":13.662374821173103}},"tenDayPercentiles":[],"tenDayDecayingPercentileScore":0,"scoresByDay":[],"rankSummary":{"mean":4829,"median":4829,"max":4829,"min":4829},"percentileSummary":{"mean":13.662374821173103,"median":13.662374821173103,"max":13.662374821173103,"min":13.662374821173103}}