{"name":"GuntherGamer7","scoreData":{"2020-11-15":{"id":9067443397413253000,"name":"GuntherGamer7","score":2800,"level":1,"character":2,"platform":18,"runframes":631,"runend":1022,"unknown1":4294967056,"unknown2":4294964295,"rank":4056,"percentile":5.7634208691610525}},"tenDayPercentiles":[5.7634208691610525],"tenDayDecayingPercentileScore":3.0629181501278193,"scoresByDay":[3.0629181501278193],"rankSummary":{"mean":4056,"median":4056,"max":4056,"min":4056},"percentileSummary":{"mean":5.7634208691610525,"median":5.7634208691610525,"max":5.7634208691610525,"min":5.7634208691610525}}