{"name":"Gunter","scoreData":{"2020-10-01":{"id":76561198025867070,"name":"Gunter","score":8800,"level":3,"character":4,"platform":18,"runframes":17199,"runend":1020,"unknown1":4294966251,"unknown2":549,"rank":4188,"percentile":45.58097218611905}},"tenDayPercentiles":[],"tenDayDecayingPercentileScore":0,"scoresByDay":[],"rankSummary":{"mean":4188,"median":4188,"max":4188,"min":4188},"percentileSummary":{"mean":45.58097218611905,"median":45.58097218611905,"max":45.58097218611905,"min":45.58097218611905}}