{"name":"GutsyOctopus","scoreData":{"2020-09-16":{"id":5051216636869619000,"name":"GutsyOctopus","score":14600,"level":1,"character":0,"platform":48,"runframes":3899,"runend":1022,"unknown1":4294965469,"unknown2":206,"rank":2543,"percentile":17.62799740764744}},"tenDayPercentiles":[],"tenDayDecayingPercentileScore":0,"scoresByDay":[],"rankSummary":{"mean":2543,"median":2543,"max":2543,"min":2543},"percentileSummary":{"mean":17.62799740764744,"median":17.62799740764744,"max":17.62799740764744,"min":17.62799740764744}}