{"name":"gwlabarre","scoreData":{"2020-10-19":{"id":76561197983693860,"name":"gwlabarre","score":32700,"level":4,"character":0,"platform":18,"runframes":31926,"runend":1019,"unknown1":2764,"unknown2":475,"rank":1957,"percentile":63.425579655946144}},"tenDayPercentiles":[],"tenDayDecayingPercentileScore":0,"scoresByDay":[],"rankSummary":{"mean":1957,"median":1957,"max":1957,"min":1957},"percentileSummary":{"mean":63.425579655946144,"median":63.425579655946144,"max":63.425579655946144,"min":63.425579655946144}}