{"name":"gyqmail126","scoreData":{"2020-10-14":{"id":76561198043002640,"name":"gyqmail126","score":6300,"level":2,"character":3,"platform":18,"runframes":5123,"runend":1021,"unknown1":4294965110,"unknown2":1266,"rank":3698,"percentile":33.1706435285611}},"tenDayPercentiles":[],"tenDayDecayingPercentileScore":0,"scoresByDay":[],"rankSummary":{"mean":3698,"median":3698,"max":3698,"min":3698},"percentileSummary":{"mean":33.1706435285611,"median":33.1706435285611,"max":33.1706435285611,"min":33.1706435285611}}