{"name":"GyroVII","scoreData":{"2020-09-16":{"id":6015542193955168000,"name":"GyroVII","score":11100,"level":2,"character":3,"platform":48,"runframes":9766,"runend":1021,"unknown1":121,"unknown2":146,"rank":2154,"percentile":30.23331173039533}},"tenDayPercentiles":[],"tenDayDecayingPercentileScore":0,"scoresByDay":[],"rankSummary":{"mean":2154,"median":2154,"max":2154,"min":2154},"percentileSummary":{"mean":30.23331173039533,"median":30.23331173039533,"max":30.23331173039533,"min":30.23331173039533}}